AbsMyPosX,AbsMyPosZ,AbsBallPosX,AbsBallPosZ,RelPorteriaRivalX,RelPorteriaRivalZ,RelPorteriaPropiaX,RelPorteriaPropiaZ,RelPelotaX,RelPelotaZ,DistPelota,TienePelota,TienePelotaEquipo,InputX,InputZ,Disparo,Pase,RoboK,RoboL
44.000,-93.000,59.000,80.600,635.300,230.900,-572.000,123.900,15.000,173.600,174.400,0,0,1.000,1.000,0,0,0,0
44.553,-84.838,59.000,80.600,634.747,222.738,-572.553,115.738,14.447,165.438,166.202,0,0,1.000,1.000,0,0,0,0
45.261,-74.529,59.000,80.600,634.039,212.429,-573.261,105.429,13.739,155.129,155.878,0,0,1.000,1.000,0,0,0,0
45.979,-64.222,59.000,80.600,633.321,202.122,-573.979,95.122,13.021,144.822,145.558,0,0,1.000,1.000,0,0,0,0
46.708,-53.917,59.000,80.600,632.592,191.817,-574.708,84.817,12.292,134.517,135.240,0,0,1.000,1.000,0,0,0,0
47.300,-45.673,59.000,80.600,632.000,183.573,-575.300,76.573,11.700,126.273,126.987,0,0,1.000,1.000,0,0,0,0
48.205,-33.311,59.000,80.600,631.095,171.211,-576.205,64.210,10.795,113.911,114.613,0,0,1.000,1.000,0,0,0,0
48.975,-23.011,59.000,80.600,630.325,160.911,-576.975,53.911,10.025,103.611,104.306,0,0,1.000,1.000,0,0,0,0
49.761,-12.713,59.000,80.600,629.539,150.613,-577.761,43.613,9.239,93.313,94.004,0,0,1.000,1.000,0,0,0,0
50.567,-2.419,59.000,80.600,628.733,140.319,-578.567,33.319,8.433,83.019,83.709,0,0,1.000,1.000,0,0,0,0
51.395,7.873,59.000,80.600,627.905,130.027,-579.395,23.027,7.605,72.727,73.424,0,0,1.000,1.000,0,0,0,0
52.076,16.103,59.000,80.600,627.224,121.797,-580.076,14.797,6.924,64.497,65.206,0,0,1.000,1.000,0,0,0,0
52.954,26.386,59.000,80.600,626.346,111.514,-580.954,4.514,6.046,54.214,54.952,0,0,1.000,1.000,0,0,0,0
54.057,38.718,59.000,80.600,625.243,99.182,-582.057,-7.818,4.943,41.882,42.692,0,0,1.000,1.000,0,0,0,0
55.031,48.984,59.000,80.600,624.269,88.916,-583.031,-18.084,3.969,31.616,32.547,0,0,1.000,1.000,0,0,0,0
56.499,59.066,58.627,74.048,622.801,78.834,-584.499,-28.166,2.128,14.983,15.133,1,1,1.000,1.000,0,0,0,0
58.893,68.719,63.002,65.438,620.407,69.181,-586.893,-37.819,4.109,-3.281,5.258,0,2,1.000,-1.000,0,0,0,0
61.616,71.255,61.061,72.860,617.684,66.645,-589.616,-40.355,-0.555,1.605,1.698,0,2,-1.000,1.000,0,0,0,0
60.884,82.837,62.221,97.911,618.416,55.063,-588.884,-51.937,1.336,15.074,15.133,1,1,1.000,1.000,0,0,0,1
61.979,93.123,63.492,108.181,617.321,44.777,-589.979,-62.223,1.513,15.057,15.133,1,1,1.000,1.000,0,0,0,0
62.868,103.435,64.199,118.509,616.432,34.465,-590.868,-72.535,1.331,15.075,15.133,1,1,1.000,1.000,0,0,0,0
70.314,105.716,29.558,81.192,608.986,32.184,-598.314,-74.816,-40.756,-24.524,47.566,0,1,1.000,1.000,0,0,0,0
77.708,105.993,40.500,82.305,601.592,31.907,-605.709,-75.093,-37.209,-23.688,44.109,0,1,1.000,1.000,0,0,0,0
89.102,106.491,51.504,87.015,590.198,31.409,-617.102,-75.591,-37.598,-19.476,42.343,0,1,1.000,1.000,0,0,0,0
98.671,106.897,59.686,92.048,580.629,31.003,-626.671,-75.997,-38.985,-14.849,41.717,0,1,1.000,1.000,0,0,0,0
107.755,107.049,67.692,97.327,571.545,30.851,-635.755,-76.149,-40.063,-9.722,41.226,0,1,1.000,-1.000,0,0,0,0
114.817,106.861,74.064,101.599,564.483,31.039,-642.817,-75.961,-40.754,-5.262,41.092,0,1,1.000,-1.000,0,0,0,0
123.634,106.553,138.761,106.117,555.666,31.347,-651.634,-75.653,15.127,-0.435,15.133,1,1,1.000,1.000,0,0,0,0
133.423,105.959,148.522,104.937,545.877,31.941,-661.423,-75.059,15.099,-1.022,15.133,1,1,1.000,-1.000,0,0,0,0
145.084,104.616,160.135,103.037,534.216,33.284,-673.084,-73.716,15.051,-1.579,15.133,1,1,1.000,-1.000,0,0,0,0
153.168,103.895,168.237,102.502,526.132,34.005,-681.168,-72.995,15.069,-1.393,15.133,1,1,1.000,-1.000,0,0,0,0
163.479,103.317,178.582,102.361,515.821,34.583,-691.479,-72.417,15.103,-0.956,15.133,1,1,1.000,-1.000,0,0,0,0
175.838,102.675,190.944,101.768,503.462,35.225,-703.838,-71.775,15.106,-0.906,15.133,1,1,1.000,-1.000,0,0,0,0
186.137,102.072,201.246,101.217,493.163,35.828,-714.137,-71.172,15.109,-0.855,15.133,1,1,1.000,-1.000,0,0,0,0
196.484,101.670,211.604,101.027,482.816,36.230,-724.484,-70.770,15.120,-0.643,15.133,1,1,1.000,-1.000,0,0,0,0
204.690,101.205,219.799,100.346,474.610,36.695,-732.690,-70.305,15.109,-0.859,15.133,1,1,1.000,-1.000,0,0,0,0
214.528,100.160,235.658,99.877,464.772,37.740,-742.528,-69.260,21.130,-0.283,21.131,0,0,1.000,-1.000,0,0,0,0
226.150,98.877,258.876,99.084,453.151,39.023,-754.150,-67.977,32.726,0.207,32.727,0,0,1.000,-1.000,0,0,0,0
235.795,97.822,277.698,98.442,443.505,40.078,-763.795,-66.922,41.902,0.620,41.909,0,0,1.000,-1.000,0,0,0,0
245.431,96.784,296.054,97.815,433.869,41.116,-773.431,-65.884,50.622,1.031,50.638,0,0,1.000,-1.000,0,0,0,0
253.137,95.967,310.411,97.325,426.163,41.933,-781.137,-65.067,57.274,1.358,57.299,0,0,1.000,-1.000,0,0,0,0
264.709,95.135,331.414,96.608,414.591,42.765,-792.709,-64.235,66.705,1.473,66.741,0,0,1.000,-1.000,0,0,0,0
272.658,94.758,345.069,96.142,406.642,43.142,-800.658,-63.858,72.411,1.384,72.454,0,0,1.000,-1.000,0,0,0,0
282.885,94.509,361.758,95.572,396.415,43.391,-810.885,-63.609,78.873,1.063,78.927,0,0,1.000,-1.000,0,0,0,0
295.290,94.434,381.240,94.907,384.010,43.466,-823.290,-63.534,85.950,0.473,86.026,0,0,1.000,0.000,0,0,0,0
305.645,94.411,397.033,94.368,373.655,43.489,-833.645,-63.511,91.388,-0.043,91.495,0,0,1.000,0.000,0,0,0,0
316.001,94.373,412.435,93.842,363.299,43.527,-844.001,-63.473,96.434,-0.531,96.582,0,0,1.000,0.000,0,0,0,0
326.358,94.309,427.457,93.329,352.942,43.591,-854.358,-63.409,101.099,-0.980,101.299,0,0,1.000,0.000,0,0,0,0
336.714,94.217,441.688,92.843,342.586,43.683,-864.714,-63.317,104.975,-1.374,105.193,0,0,1.000,-1.000,0,0,0,0
344.998,94.127,452.615,92.470,334.302,43.773,-872.998,-63.227,107.617,-1.656,107.834,0,0,1.000,-1.000,0,0,0,0
357.360,93.775,468.531,91.927,321.940,44.125,-885.360,-62.875,111.170,-1.849,111.383,0,0,1.000,-1.000,0,0,0,0
367.147,92.904,481.369,91.488,312.153,44.996,-895.147,-62.004,114.223,-1.416,114.424,0,0,1.000,-1.000,0,0,0,0
376.516,92.069,493.832,91.063,302.784,45.831,-904.516,-61.169,117.316,-1.006,117.508,0,0,1.000,-1.000,0,0,0,0
385.966,91.249,505.929,90.650,293.334,46.651,-913.966,-60.349,119.963,-0.599,120.148,0,0,1.000,-1.000,0,0,0,0
393.621,90.605,515.348,90.329,285.679,47.295,-921.621,-59.705,121.727,-0.277,121.908,0,0,1.000,-1.000,0,0,0,0
405.154,89.677,529.059,89.860,274.147,48.223,-933.154,-58.777,123.905,0.183,124.083,0,0,1.000,-1.000,0,0,0,0
414.779,88.936,540.109,89.483,264.521,48.964,-942.779,-58.036,125.330,0.547,125.507,0,0,1.000,-1.000,0,0,0,0
424.409,88.223,550.829,89.117,254.891,49.677,-952.409,-57.323,126.420,0.894,126.597,0,0,1.000,-1.000,0,0,0,0
434.139,87.553,561.225,88.762,245.161,50.347,-962.139,-56.653,127.086,1.209,127.264,0,0,1.000,-1.000,0,0,0,0
444.222,87.071,571.305,88.418,235.079,50.829,-972.222,-56.171,127.084,1.348,127.264,0,0,1.000,-1.000,0,0,0,0
452.098,86.581,579.148,88.150,227.202,51.319,-980.098,-55.681,127.050,1.569,127.233,0,0,1.000,-1.000,0,0,0,0
463.956,85.903,590.552,87.761,215.344,51.997,-991.956,-55.003,126.596,1.858,126.783,0,0,1.000,-1.000,0,0,0,0
474.192,85.645,599.733,87.448,205.108,52.255,-1002.192,-54.745,125.541,1.802,125.729,0,0,1.000,-1.000,0,0,0,0
484.526,85.602,608.629,87.144,194.774,52.298,-1012.526,-54.702,124.103,1.542,124.290,0,0,1.000,0.000,0,0,0,0
492.802,85.599,615.545,86.908,186.498,52.301,-1020.802,-54.699,122.743,1.309,122.929,0,0,1.000,-1.000,0,0,0,0
502.735,85.037,623.945,86.621,176.565,52.863,-1030.735,-54.137,121.211,1.585,121.402,0,0,1.000,-1.000,0,0,0,0
512.447,84.417,632.080,86.344,166.853,53.483,-1040.447,-53.517,119.633,1.927,119.832,0,0,1.000,-1.000,0,0,0,0
522.103,83.819,639.955,86.075,157.197,54.081,-1050.103,-52.919,117.851,2.256,118.059,0,0,1.000,-1.000,0,0,0,0
531.742,83.249,647.577,85.814,147.558,54.651,-1059.742,-52.349,115.835,2.566,116.053,0,0,1.000,-1.000,0,0,0,0
53.583,-90.683,58.671,78.711,625.717,228.583,-581.583,121.583,5.088,169.393,169.589,0,2,1.000,1.000,0,0,0,0
60.816,-87.918,58.671,78.711,618.484,225.818,-588.816,118.818,-2.145,166.629,166.763,0,2,1.000,1.000,0,0,0,0
71.350,-83.890,58.671,78.711,607.950,221.790,-599.350,114.790,-12.679,162.600,163.217,0,2,1.000,1.000,0,0,0,0
78.343,-81.235,58.671,78.711,600.957,219.135,-606.343,112.135,-19.671,159.945,161.276,0,2,1.000,1.000,0,0,0,0
87.077,-77.934,58.671,78.711,592.223,215.834,-615.077,108.834,-28.405,156.645,159.326,0,2,1.000,1.000,0,0,0,0
95.810,-74.647,58.671,78.711,583.490,212.547,-623.810,105.547,-37.138,153.358,157.918,0,2,1.000,1.000,0,0,0,0
106.293,-70.719,58.671,78.711,573.007,208.619,-634.293,101.619,-47.621,149.430,156.963,0,2,1.000,1.000,0,0,0,0
115.032,-67.459,58.671,78.711,564.268,205.359,-643.032,98.359,-56.361,146.170,156.788,0,2,1.000,1.000,0,0,0,0
123.775,-64.211,59.220,82.505,555.525,202.111,-651.775,95.111,-64.555,146.716,160.416,0,2,1.000,1.000,0,0,0,0
132.521,-60.974,59.220,82.505,546.779,198.874,-660.521,91.874,-73.301,143.479,161.244,0,2,1.000,1.000,0,0,0,0
139.577,-58.360,59.220,82.505,539.723,196.260,-667.577,89.260,-80.357,140.865,162.297,0,2,1.000,1.000,0,0,0,0
148.682,-54.994,59.220,82.505,530.618,192.894,-676.682,85.894,-89.462,137.499,164.164,0,2,1.000,1.000,0,0,0,0
159.790,-50.960,59.220,82.505,519.510,188.860,-687.790,81.860,-100.570,133.465,167.235,0,2,1.000,1.000,0,0,0,0
168.895,-47.630,59.220,82.505,510.406,185.530,-696.895,78.530,-109.674,130.135,170.306,0,2,1.000,1.000,0,0,0,0
177.773,-44.387,59.220,82.505,501.527,182.287,-705.773,75.287,-118.553,126.892,173.772,0,2,1.000,1.000,0,0,0,0
186.581,-41.202,59.220,82.505,492.719,179.102,-714.581,72.102,-127.361,123.707,177.664,0,2,1.000,1.000,0,0,0,0
195.368,-38.049,59.220,82.505,483.932,175.949,-723.368,68.949,-136.148,120.554,181.961,0,2,1.000,1.000,0,0,0,0
204.151,-34.915,59.220,82.505,475.149,172.815,-732.151,65.815,-144.931,117.420,186.636,0,2,1.000,1.000,0,0,0,0
211.172,-32.425,59.220,82.505,468.128,170.325,-739.172,63.325,-151.952,114.931,190.627,0,2,1.000,1.000,0,0,0,0
221.517,-28.919,59.220,82.505,457.783,166.819,-749.517,59.819,-162.297,111.424,196.967,0,2,1.000,1.000,0,0,0,0
228.350,-26.720,59.220,82.505,450.950,164.620,-756.350,57.620,-169.130,109.225,201.433,0,2,1.000,1.000,0,0,0,0
236.858,-24.097,59.220,82.505,442.442,161.997,-764.858,54.997,-177.638,106.602,207.267,0,2,1.000,1.000,0,0,0,0
247.102,-20.841,42.479,76.463,432.198,158.741,-775.102,51.741,-204.622,97.304,226.646,0,0,1.000,1.000,0,0,0,0
255.651,-18.109,15.132,66.592,423.649,156.009,-783.651,49.009,-240.519,84.701,255.031,0,0,1.000,1.000,0,0,0,0
264.206,-15.380,-11.539,56.965,415.094,153.280,-792.206,46.280,-275.745,72.345,285.092,0,0,1.000,1.000,0,0,0,0
271.049,-13.211,-70.392,49.461,408.251,151.111,-799.049,44.111,-341.441,62.672,347.145,0,2,-1.000,1.000,0,0,1,0
236.944,-7.708,-70.392,49.461,442.356,145.608,-764.944,38.608,-307.336,57.169,312.608,0,2,-1.000,1.000,0,0,0,0
214.207,-4.039,-70.392,49.461,465.093,141.939,-742.207,34.939,-284.599,53.500,289.584,0,2,-1.000,1.000,0,0,0,0
180.102,1.464,-70.392,49.461,499.198,136.436,-708.102,29.436,-250.494,47.997,255.051,0,2,-1.000,1.000,0,0,0,0
157.365,5.132,-70.392,49.461,521.935,132.768,-685.365,25.768,-227.757,44.329,232.031,0,2,-1.000,1.000,0,0,0,0
138.120,9.431,-67.581,40.040,541.180,128.470,-666.120,21.469,-205.701,30.609,207.966,0,1,1.000,1.000,0,0,0,0
145.095,10.619,-77.060,44.927,534.205,127.281,-673.095,20.281,-222.155,34.308,224.789,0,1,1.000,1.000,0,0,0,0
155.554,12.314,-88.802,47.031,523.746,125.586,-683.554,18.586,-244.356,34.717,246.809,0,1,1.000,1.000,0,0,0,0
162.527,13.421,-95.735,51.398,516.773,124.479,-690.527,17.479,-258.262,37.977,261.039,0,1,1.000,1.000,0,0,0,0
172.987,15.069,-84.942,72.825,506.313,122.831,-700.987,15.831,-257.929,57.756,264.316,0,1,1.000,1.000,0,0,0,0
181.705,16.437,-62.033,72.885,497.595,121.463,-709.705,14.463,-243.738,56.449,250.189,0,1,1.000,1.000,0,0,0,0
190.423,17.802,-48.562,65.781,488.877,120.098,-718.423,13.098,-238.984,47.979,243.753,0,1,1.000,1.000,0,0,0,0
199.141,19.166,-38.609,63.327,480.159,118.734,-727.141,11.734,-237.749,44.161,241.816,0,1,1.000,1.000,0,0,0,0
207.859,20.554,-28.990,62.613,471.441,117.346,-735.859,10.346,-236.850,42.060,240.555,0,1,1.000,1.000,0,0,0,0
215.091,22.139,-21.317,62.437,464.209,115.761,-743.091,8.761,-236.408,40.298,239.818,0,1,1.000,1.000,0,0,0,0
226.411,24.719,-9.810,62.363,452.889,113.181,-754.411,6.181,-236.221,37.644,239.202,0,1,1.000,1.000,0,0,0,0
235.931,26.853,-0.222,62.347,443.369,111.047,-763.931,4.047,-236.153,35.493,238.805,0,1,1.000,1.000,0,0,0,0
245.473,28.970,9.367,62.342,433.827,108.930,-773.473,1.930,-236.106,33.372,238.453,0,1,1.000,1.000,0,0,0,0
255.002,31.069,18.956,62.341,424.298,106.832,-783.002,-0.169,-236.046,31.272,238.109,0,1,1.000,1.000,0,0,0,0
262.228,32.570,26.627,62.340,417.072,105.330,-790.228,-1.670,-235.602,29.771,237.475,0,1,1.000,1.000,0,0,0,0
272.716,34.246,38.133,62.340,406.585,103.654,-800.716,-3.346,-234.582,28.094,236.259,0,1,1.000,1.000,0,0,0,0
281.447,35.538,47.722,62.340,397.853,102.362,-809.447,-4.638,-233.726,26.803,235.257,0,1,1.000,1.000,0,0,0,0
288.433,36.554,55.393,62.340,390.867,101.346,-816.433,-5.654,-233.041,25.786,234.463,0,1,1.000,1.000,0,0,0,0
297.166,37.817,73.112,62.340,382.134,100.083,-825.166,-6.917,-224.055,24.523,225.393,0,0,1.000,1.000,0,0,0,0
305.900,39.075,92.422,62.340,373.400,98.825,-833.900,-8.175,-213.477,23.265,214.741,0,0,1.000,1.000,0,0,0,0
316.380,40.582,114.966,62.340,362.920,97.318,-844.380,-9.682,-201.415,21.758,202.587,0,0,1.000,1.000,0,0,0,0
325.114,41.835,133.241,62.340,354.186,96.065,-853.114,-10.935,-191.874,20.505,192.968,0,0,1.000,1.000,0,0,0,0
333.849,43.086,151.063,62.340,345.451,94.814,-861.849,-12.186,-182.785,19.254,183.801,0,0,1.000,1.000,0,0,0,0
340.836,44.086,165.003,62.340,338.464,93.814,-868.836,-13.186,-175.833,18.254,176.785,0,0,1.000,1.000,0,0,0,0
351.318,45.584,185.396,62.340,327.982,92.316,-879.318,-14.684,-165.922,16.756,166.782,0,0,1.000,1.000,0,0,0,0
360.053,46.830,201.928,62.340,319.247,91.070,-888.053,-15.930,-158.125,15.511,158.912,0,0,1.000,1.000,0,0,0,0
368.788,48.073,218.050,62.340,310.512,89.827,-896.788,-17.173,-150.738,14.267,151.458,0,0,1.000,1.000,0,0,0,0
377.524,49.315,233.774,62.340,301.776,88.585,-905.524,-18.415,-143.750,13.025,144.412,0,0,1.000,1.000,0,0,0,0
386.260,50.555,249.108,62.340,293.040,87.345,-914.260,-19.655,-137.152,11.785,137.767,0,0,1.000,1.000,0,0,0,0
393.249,51.545,261.102,62.340,286.052,86.355,-921.249,-20.645,-132.147,10.795,132.736,0,0,1.000,1.000,0,0,0,0
403.825,52.811,278.099,62.340,275.475,85.089,-931.825,-21.911,-125.726,9.530,126.261,0,0,1.000,1.000,0,0,0,0
413.182,53.357,291.646,62.340,266.118,84.543,-941.182,-22.457,-121.536,8.983,122.048,0,0,1.000,1.000,0,0,0,0
422.678,53.915,304.800,62.340,256.622,83.985,-950.678,-23.015,-117.879,8.426,118.365,0,0,1.000,1.000,0,0,0,0
432.201,54.505,317.570,62.340,247.099,83.395,-960.201,-23.605,-114.631,7.836,115.090,0,0,1.000,1.000,0,0,0,0
439.823,55.001,327.516,62.340,239.477,82.899,-967.823,-24.101,-112.307,7.339,112.742,0,0,1.000,1.000,0,0,0,0
451.828,56.462,341.997,62.340,227.473,81.438,-979.828,-25.562,-109.830,5.879,110.187,0,0,1.000,1.000,0,0,0,0
459.666,58.146,351.366,62.340,219.634,79.754,-987.666,-27.246,-108.300,4.195,108.584,0,0,1.000,1.000,0,0,0,0
469.296,60.278,362.763,62.340,210.004,77.622,-997.296,-29.378,-106.533,2.063,106.760,0,0,1.000,1.000,0,0,0,0
478.876,62.380,373.820,62.340,200.424,75.520,-1006.876,-31.480,-105.056,-0.040,105.265,0,0,1.000,1.000,0,0,0,0
490.357,64.850,386.652,62.340,188.943,73.050,-1018.357,-33.950,-103.705,-2.509,103.947,0,0,1.000,1.000,0,0,0,0
498.010,66.461,394.948,62.340,181.290,71.439,-1026.010,-35.561,-103.063,-4.121,103.358,0,0,1.000,1.000,0,0,0,0
507.580,68.433,405.034,62.340,171.720,69.467,-1035.580,-37.533,-102.546,-6.093,102.941,0,0,1.000,1.000,0,0,0,0
519.070,70.732,416.733,62.340,160.230,67.168,-1047.070,-39.832,-102.337,-8.392,102.895,0,0,1.000,1.000,0,0,0,0
528.652,72.587,426.153,62.340,150.649,65.313,-1056.651,-41.687,-102.499,-10.247,103.223,0,0,1.000,1.000,0,0,0,0
538.238,74.383,435.282,62.340,141.062,63.517,-1066.238,-43.483,-102.957,-12.043,103.871,0,0,1.000,1.000,0,0,0,0
547.831,76.113,444.126,62.340,131.469,61.787,-1075.831,-45.213,-103.705,-13.773,104.825,0,0,1.000,1.000,0,0,0,0
557.430,77.772,452.694,62.340,121.871,60.128,-1085.429,-46.872,-104.735,-15.431,106.074,0,0,1.000,1.000,0,0,0,0
565.113,79.042,459.354,62.340,114.187,58.858,-1093.113,-48.142,-105.759,-16.701,107.275,0,0,1.000,1.000,0,0,0,0
576.581,80.838,469.027,62.340,102.719,57.062,-1104.581,-49.938,-107.554,-18.498,109.335,0,0,1.000,1.000,0,0,0,0
585.721,82.065,476.804,62.340,93.579,55.835,-1113.721,-51.165,-108.917,-19.725,110.887,0,0,1.000,1.000,0,0,0,0
592.778,82.628,482.846,62.340,86.523,55.272,-1120.777,-51.728,-109.932,-20.288,111.985,0,0,1.000,1.000,0,0,0,0
597.891,82.524,490.177,62.340,81.409,55.376,-1125.891,-51.624,-107.714,-20.184,109.789,0,0,-1.000,-1.000,0,0,0,0
589.649,77.822,497.269,62.340,89.651,60.078,-1117.649,-46.922,-92.381,-15.482,93.904,0,0,-1.000,-1.000,0,0,0,0
580.209,76.835,504.127,62.340,99.091,61.065,-1108.209,-45.935,-76.083,-14.494,77.734,0,0,-1.000,-1.000,0,0,0,0
569.637,75.128,512.057,62.340,109.663,62.772,-1097.637,-44.228,-57.580,-12.787,59.355,0,0,-1.000,-1.000,0,0,0,0
561.041,73.141,518.421,62.340,118.259,64.759,-1089.041,-42.241,-42.620,-10.801,44.465,0,0,-1.000,-1.000,0,0,0,0
552.022,71.035,537.268,67.668,127.278,66.865,-1080.021,-40.135,-14.754,-3.367,15.133,1,1,-1.000,-1.000,0,0,0,0
549.005,66.973,538.239,56.337,130.295,70.927,-1077.005,-36.073,-10.766,-10.635,15.133,1,1,-1.000,-1.000,0,0,0,0
542.516,61.050,530.738,51.548,136.784,76.850,-1070.516,-30.150,-11.778,-9.502,15.133,1,1,-1.000,-1.000,0,0,0,1
534.761,53.265,523.967,42.659,144.539,84.635,-1062.761,-22.365,-10.794,-10.607,15.133,1,1,-1.000,-1.000,0,0,0,0
528.906,46.175,519.045,34.696,150.394,91.725,-1056.906,-15.275,-9.861,-11.479,15.133,1,1,-1.000,-1.000,0,0,0,0
523.673,38.575,514.841,26.286,155.627,99.325,-1051.673,-7.675,-8.832,-12.288,15.133,1,1,-1.000,-1.000,0,0,0,0
521.810,32.896,528.312,60.167,157.490,105.004,-1049.810,-1.996,6.502,27.272,28.036,0,2,1.000,1.000,0,0,0,0
531.156,36.052,519.955,64.690,148.145,101.848,-1059.156,-5.152,-11.200,28.639,30.751,0,2,1.000,1.000,0,0,0,0
538.679,38.675,511.874,65.526,140.621,99.225,-1066.679,-7.775,-26.805,26.851,37.940,0,2,1.000,1.000,0,0,0,0
549.662,43.565,500.731,68.603,129.638,94.335,-1077.662,-12.665,-48.931,25.038,54.965,0,2,1.000,1.000,0,0,0,0
557.712,47.305,491.631,71.631,121.588,90.595,-1085.712,-16.405,-66.081,24.326,70.416,0,2,1.000,1.000,0,0,0,0
564.162,50.225,484.378,74.128,115.138,87.675,-1092.162,-19.325,-79.784,23.903,83.288,0,2,1.000,1.000,0,0,0,0
573.848,54.568,473.508,77.904,105.452,83.332,-1101.848,-23.668,-100.340,23.336,103.018,0,2,1.000,1.000,0,0,0,0
581.930,58.161,464.453,81.058,97.370,79.739,-1109.930,-27.261,-117.477,22.897,119.688,0,2,1.000,1.000,0,0,0,0
590.022,61.732,455.399,84.214,89.278,76.168,-1118.022,-30.832,-134.623,22.482,136.487,0,2,1.000,1.000,0,0,0,0
598.128,65.255,446.345,87.371,81.172,72.645,-1126.128,-34.355,-151.784,22.116,153.386,0,2,1.000,1.000,0,0,0,0
597.975,67.478,433.316,91.913,81.325,70.422,-1125.975,-36.578,-164.659,24.435,166.462,0,0,-1.000,1.000,0,0,0,0
587.803,68.450,414.989,98.302,91.497,69.450,-1115.803,-37.550,-172.814,29.852,175.373,0,0,-1.000,1.000,0,0,0,0
577.653,69.425,397.117,104.533,101.647,68.475,-1105.653,-38.525,-180.537,35.108,183.919,0,0,-1.000,1.000,0,0,0,0
565.968,70.211,376.253,111.807,113.332,67.689,-1093.968,-39.311,-189.715,41.596,194.223,0,0,-1.000,1.000,0,0,0,0
556.396,70.852,359.339,117.703,122.904,67.048,-1084.396,-39.952,-197.057,46.851,202.553,0,0,-1.000,1.000,0,0,0,0
548.762,71.385,346.110,122.315,130.538,66.515,-1076.762,-40.485,-202.652,50.931,208.960,0,0,-1.000,1.000,0,0,0,0
539.219,72.079,329.942,127.952,140.081,65.821,-1067.219,-41.179,-209.277,55.873,216.617,0,0,-1.000,1.000,0,0,0,0
529.395,72.896,314.175,133.449,149.905,65.004,-1057.396,-41.996,-215.221,60.553,223.594,0,0,-1.000,1.000,0,0,0,0
517.302,74.171,295.768,139.866,161.998,63.729,-1045.302,-43.271,-221.534,65.695,231.098,0,0,-1.000,1.000,0,0,0,0
507.139,75.403,280.846,145.068,172.161,62.497,-1035.139,-44.503,-226.293,69.665,236.815,0,0,-1.000,1.000,0,0,0,0
498.995,76.441,269.175,149.137,180.305,61.459,-1026.995,-45.541,-229.820,72.696,241.098,0,0,-1.000,1.000,0,0,0,0
489.191,78.966,254.912,154.110,190.109,58.934,-1017.191,-48.066,-234.280,75.144,246.111,0,0,-1.000,1.000,0,0,0,0
479.548,81.376,241.273,158.864,199.752,56.524,-1007.548,-50.476,-238.275,77.489,250.646,0,0,-1.000,1.000,0,0,0,0
468.378,83.956,227.837,158.927,210.922,53.944,-996.378,-53.056,-240.541,74.971,251.954,0,1,-1.000,1.000,0,0,0,0
458.829,86.294,238.896,159.283,220.471,51.606,-986.829,-55.394,-219.933,72.988,231.728,0,1,-1.000,1.000,0,0,0,0
449.139,88.788,250.469,153.868,230.161,49.112,-977.139,-57.888,-198.670,65.080,209.058,0,1,-1.000,1.000,0,0,0,0
439.399,91.375,259.571,148.235,239.901,46.525,-967.399,-60.475,-179.828,56.860,188.603,0,1,-1.000,1.000,0,0,0,0
429.506,93.637,263.897,134.891,249.794,44.263,-957.506,-62.737,-165.609,41.254,170.670,0,1,-1.000,1.000,0,0,0,0
419.461,95.484,269.388,126.452,259.839,42.416,-947.461,-64.584,-150.074,30.967,153.235,0,1,-1.000,1.000,0,0,0,0
395.452,102.668,289.622,130.135,283.848,35.232,-923.452,-71.768,-105.830,27.467,109.337,0,2,-1.000,1.000,0,0,1,0
367.771,110.573,280.118,128.720,311.529,27.327,-895.771,-79.673,-87.653,18.148,89.512,0,2,-1.000,1.000,0,0,0,0
339.714,116.995,271.249,123.435,339.586,20.905,-867.714,-86.095,-68.465,6.440,68.767,0,2,-1.000,1.000,0,0,0,0
316.958,120.510,264.019,120.734,362.342,17.390,-844.958,-89.610,-52.939,0.224,52.940,0,2,-1.000,1.000,0,0,0,0
288.239,122.281,254.861,117.873,391.061,15.619,-816.239,-91.381,-33.378,-4.408,33.668,0,2,-1.000,-1.000,0,0,0,0
289.505,121.493,250.825,110.143,389.795,16.407,-817.505,-90.593,-38.680,-11.349,40.311,0,2,1.000,-1.000,0,0,0,0
300.035,120.411,239.039,108.016,379.265,17.489,-828.035,-89.511,-60.996,-12.395,62.243,0,2,1.000,-1.000,0,0,0,0
307.055,119.681,231.745,105.585,372.245,18.219,-835.055,-88.781,-75.309,-14.096,76.617,0,2,1.000,-1.000,0,0,0,0
317.584,118.583,220.959,101.572,361.716,19.317,-845.584,-87.683,-96.625,-17.011,98.111,0,2,1.000,-1.000,0,0,0,0
326.359,117.668,212.006,98.139,352.942,20.232,-854.359,-86.768,-114.353,-19.529,116.008,0,2,1.000,-1.000,0,0,0,0
311.019,115.009,204.849,95.378,368.281,22.891,-839.019,-84.109,-106.170,-19.630,107.969,0,2,-1.000,-1.000,0,0,1,0
282.609,110.361,195.905,91.923,396.692,27.539,-810.609,-79.461,-86.704,-18.438,88.643,0,2,-1.000,-1.000,0,0,0,0
248.689,103.816,185.172,87.774,430.611,34.084,-776.689,-72.916,-63.517,-16.042,65.512,0,0,0.000,0.000,0,0,0,0
255.738,103.482,146.868,54.415,423.562,34.418,-783.738,-72.582,-108.870,-49.067,119.416,0,1,1.000,-1.000,0,0,0,0
264.549,103.064,153.393,36.263,414.751,34.836,-792.549,-72.164,-111.156,-66.801,129.685,0,1,1.000,-1.000,0,0,0,0
273.360,102.647,158.013,25.301,405.940,35.253,-801.360,-71.747,-115.347,-77.346,138.879,0,1,1.000,-1.000,0,0,0,0
283.934,102.147,166.938,15.407,395.366,35.753,-811.934,-71.247,-116.996,-86.740,145.643,0,1,1.000,-1.000,0,0,0,0
290.983,101.814,176.658,12.025,388.317,36.086,-818.983,-70.914,-114.325,-89.789,145.369,0,1,1.000,-1.000,0,0,0,0
301.556,101.315,186.493,5.244,377.744,36.585,-829.556,-70.415,-115.063,-96.071,149.897,0,1,1.000,-1.000,0,0,0,0
310.371,100.853,193.589,-1.237,368.930,37.047,-838.371,-69.953,-116.782,-102.090,155.114,0,1,1.000,-1.000,0,0,0,0
319.221,100.191,192.152,-12.580,360.079,37.709,-847.221,-69.291,-127.069,-112.771,169.894,0,1,1.000,-1.000,0,0,0,0
328.063,99.569,165.900,-10.841,351.237,38.331,-856.063,-68.669,-162.163,-110.410,196.181,0,1,1.000,-1.000,0,0,0,0
335.116,99.175,155.027,3.082,344.184,38.725,-863.116,-68.275,-180.089,-96.094,204.123,0,1,1.000,-1.000,0,0,0,0
345.691,98.659,170.498,27.807,333.609,39.241,-873.691,-67.759,-175.193,-70.852,188.977,0,1,1.000,-1.000,0,0,0,0
352.741,98.334,185.031,31.829,326.560,39.566,-880.741,-67.434,-167.709,-66.504,180.414,0,1,1.000,-1.000,0,0,0,0
363.315,97.856,196.311,37.874,315.985,40.044,-891.315,-66.956,-167.004,-59.983,177.449,0,1,1.000,-1.000,0,0,0,0
370.365,97.541,202.253,42.830,308.935,40.359,-898.365,-66.641,-168.112,-54.711,176.791,0,1,1.000,-1.000,0,0,0,0
380.940,97.070,210.620,50.743,298.360,40.830,-908.940,-66.170,-170.320,-46.328,176.508,0,1,1.000,-1.000,0,0,0,0
389.752,96.679,217.444,57.479,289.548,41.221,-917.752,-65.779,-172.308,-39.200,176.711,0,1,1.000,-1.000,0,0,0,0
396.802,96.367,222.880,62.892,282.498,41.533,-924.802,-65.467,-173.922,-33.475,177.114,0,1,1.000,-1.000,0,0,0,0
407.377,95.899,235.757,62.572,271.924,42.001,-935.377,-64.999,-171.619,-33.327,174.825,0,1,1.000,-1.000,0,0,0,0
414.426,95.588,244.605,58.742,264.874,42.312,-942.426,-64.688,-169.821,-36.846,173.773,0,1,1.000,-1.000,0,0,0,0
425.001,95.122,256.308,56.795,254.299,42.778,-953.001,-64.222,-168.694,-38.327,172.993,0,1,1.000,-1.000,0,0,0,0
432.051,94.812,263.987,56.445,247.249,43.088,-960.051,-63.912,-168.064,-38.368,172.388,0,1,1.000,-1.000,0,0,0,0
442.629,94.385,276.736,67.099,236.671,43.515,-970.629,-63.485,-165.893,-27.286,168.122,0,0,1.000,-1.000,0,0,0,0
451.479,94.216,289.207,93.566,227.821,43.684,-979.479,-63.316,-162.273,-0.650,162.274,0,0,1.000,-1.000,0,0,0,0
460.295,93.773,301.369,119.379,219.005,44.127,-988.295,-62.873,-158.926,25.606,160.976,0,0,1.000,-1.000,0,0,0,0
469.108,93.339,313.230,144.552,210.192,44.561,-997.108,-62.439,-155.878,51.213,164.076,0,0,1.000,-1.000,0,0,0,0
477.920,92.934,307.352,150.766,201.380,44.966,-1005.920,-62.034,-170.568,57.832,180.105,0,1,1.000,-1.000,0,0,0,0
486.732,92.541,319.840,142.686,192.568,45.359,-1014.732,-61.641,-166.893,50.145,174.263,0,1,1.000,-1.000,0,0,0,0
495.545,92.152,325.354,134.601,183.755,45.748,-1023.545,-61.252,-170.191,42.449,175.404,0,1,1.000,-1.000,0,0,0,0
502.595,91.842,329.034,127.856,176.705,46.058,-1030.595,-60.942,-173.561,36.013,177.258,0,1,1.000,-1.000,0,0,0,0
513.170,91.380,334.247,117.596,166.130,46.520,-1041.170,-60.480,-178.923,26.216,180.834,0,1,1.000,-1.000,0,0,0,0
521.983,90.997,338.517,109.011,157.317,46.903,-1049.983,-60.097,-183.465,18.014,184.348,0,1,1.000,-1.000,0,0,0,0
530.795,90.615,342.773,100.418,148.505,47.285,-1058.795,-59.715,-188.022,9.803,188.278,0,1,1.000,-1.000,0,0,0,0
539.608,90.235,347.025,91.824,139.692,47.665,-1067.608,-59.335,-192.583,1.589,192.590,0,1,1.000,-1.000,0,0,0,0
548.421,89.856,351.276,83.229,130.879,48.044,-1076.421,-58.956,-197.145,-6.627,197.257,0,1,1.000,-1.000,0,0,0,0
555.480,89.617,354.676,76.353,123.820,48.283,-1083.480,-58.717,-200.804,-13.264,201.241,0,1,1.000,0.000,0,0,0,0
560.935,90.136,393.870,53.021,118.365,47.764,-1088.935,-59.236,-167.065,-37.114,171.138,0,1,-1.000,1.000,0,0,0,0
560.462,90.490,393.118,62.962,118.838,47.410,-1088.462,-59.590,-167.344,-27.528,169.593,0,1,-1.000,1.000,0,0,0,0
559.569,90.640,386.520,77.086,119.731,47.260,-1087.569,-59.740,-173.049,-13.554,173.579,0,1,-1.000,0.000,0,0,0,0
558.964,90.669,385.153,84.887,120.336,47.231,-1086.964,-59.769,-173.812,-5.781,173.908,0,1,-1.000,0.000,0,0,0,0
558.056,90.684,384.569,96.412,121.244,47.216,-1086.056,-59.784,-173.488,5.728,173.582,0,1,-1.000,0.000,0,0,0,0
557.451,90.688,394.213,101.264,121.849,47.212,-1085.451,-59.788,-163.238,10.576,163.580,0,1,-1.000,1.000,0,0,0,0
558.690,91.136,414.556,91.301,120.610,46.764,-1086.690,-60.236,-144.135,0.165,144.135,0,1,1.000,0.000,0,0,0,0
567.768,91.128,421.272,75.999,111.533,46.772,-1095.768,-60.228,-146.495,-15.129,147.274,0,1,1.000,0.000,0,0,0,0
575.038,91.079,424.807,67.288,104.262,46.821,-1103.038,-60.179,-150.231,-23.791,152.104,0,1,1.000,-1.000,0,0,0,0
585.683,90.599,411.336,51.463,93.617,47.301,-1113.683,-59.699,-174.346,-39.137,178.685,0,1,1.000,-1.000,0,0,0,0
594.481,89.957,396.554,46.999,84.819,47.943,-1122.481,-59.057,-197.927,-42.958,202.535,0,1,1.000,-1.000,0,0,0,0
595.823,90.569,397.320,36.923,83.477,47.331,-1123.823,-59.669,-198.503,-53.646,205.624,0,1,-1.000,1.000,0,0,0,0
586.002,93.129,400.610,26.682,93.299,44.771,-1114.001,-62.229,-185.391,-66.446,196.939,0,1,-1.000,1.000,0,0,0,0
578.155,95.178,399.084,19.588,101.145,42.722,-1106.155,-64.278,-179.071,-75.590,194.371,0,1,-1.000,1.000,0,0,0,0
566.457,98.982,383.489,14.282,112.843,38.918,-1094.457,-68.082,-182.968,-84.700,201.622,0,1,-1.000,1.000,0,0,0,0
556.754,102.374,368.312,22.170,122.546,35.527,-1084.754,-71.474,-188.443,-80.204,204.801,0,1,-1.000,1.000,0,0,0,0
549.557,105.287,360.084,24.955,129.744,32.613,-1077.557,-74.387,-189.473,-80.332,205.799,0,1,-1.000,1.000,0,0,0,0
539.000,109.417,356.232,44.270,140.300,28.483,-1067.000,-78.517,-182.768,-65.147,194.032,0,1,-1.000,1.000,0,0,0,0
532.234,111.969,363.531,57.228,147.066,25.931,-1060.234,-81.069,-168.703,-54.741,177.362,0,1,-1.000,1.000,0,0,0,0
522.097,115.724,367.226,69.482,157.203,22.176,-1050.097,-84.824,-154.871,-46.242,161.627,0,1,-1.000,1.000,0,0,0,0
513.647,118.818,389.314,76.205,165.653,19.082,-1041.647,-87.918,-124.333,-42.612,131.432,0,0,-1.000,1.000,0,0,0,0
506.883,121.275,411.637,83.438,172.417,16.625,-1034.883,-90.375,-95.246,-37.837,102.486,0,0,-1.000,1.000,0,0,0,0
498.421,124.325,438.918,92.277,180.879,13.575,-1026.421,-93.425,-59.503,-32.048,67.586,0,0,-1.000,1.000,0,0,0,0
488.281,127.870,470.766,102.595,191.019,10.030,-1016.281,-96.970,-17.516,-25.275,30.757,0,0,-1.000,1.000,0,0,0,0
480.265,126.777,465.144,127.392,199.035,11.123,-1008.265,-95.877,-15.121,0.615,15.133,1,1,-1.000,1.000,0,0,0,0
473.215,127.131,458.099,127.844,206.085,10.769,-1001.215,-96.231,-15.116,0.713,15.133,1,1,-1.000,1.000,0,0,0,0
462.645,127.704,447.533,128.510,216.655,10.196,-990.645,-96.804,-15.112,0.806,15.133,1,1,-1.000,1.000,0,0,0,0
453.838,128.218,438.730,129.086,225.462,9.682,-981.838,-97.318,-15.108,0.868,15.133,1,1,-1.000,1.000,0,0,0,0
446.795,128.654,431.689,129.570,232.505,9.246,-974.795,-97.754,-15.106,0.915,15.133,1,1,-1.000,1.000,0,0,0,0
436.232,129.351,421.131,130.338,243.068,8.549,-964.232,-98.451,-15.101,0.988,15.133,1,1,-1.000,1.000,0,0,0,0
427.433,129.972,412.336,131.023,251.867,7.928,-955.433,-99.072,-15.097,1.051,15.133,1,1,-1.000,1.000,0,0,0,0
418.636,130.633,403.544,131.752,260.664,7.267,-946.636,-99.733,-15.092,1.119,15.133,1,1,-1.000,1.000,0,0,0,0
411.601,131.193,396.514,132.368,267.699,6.707,-939.601,-100.293,-15.087,1.176,15.133,1,1,-1.000,1.000,0,0,0,0
401.053,132.085,385.973,133.352,278.247,5.815,-929.053,-101.185,-15.080,1.267,15.133,1,1,-1.000,1.000,0,0,0,0
401.712,132.377,405.857,146.931,277.588,5.523,-929.712,-101.477,4.145,14.555,15.133,1,1,1.000,1.000,0,0,0,0
402.100,133.015,398.971,125.684,277.200,4.885,-930.100,-102.115,-3.129,-7.330,7.970,0,2,1.000,1.000,0,0,0,0
402.803,133.279,386.990,109.034,276.498,4.621,-930.803,-102.379,-15.813,-24.246,28.946,0,2,1.000,1.000,0,0,0,0
403.405,133.275,380.747,103.264,275.895,4.625,-931.405,-102.375,-22.658,-30.012,37.605,0,2,1.000,0.000,0,0,0,0
404.313,133.253,370.743,97.377,274.987,4.647,-932.313,-102.353,-33.569,-35.876,49.132,0,2,1.000,0.000,0,0,0,0
405.069,133.247,362.153,93.108,274.231,4.653,-933.069,-102.347,-42.916,-40.139,58.762,0,2,1.000,0.000,0,0,0,0
405.826,133.246,353.505,88.966,273.474,4.655,-933.826,-102.346,-52.321,-44.280,68.543,0,2,1.000,0.000,0,0,0,0
406.583,133.245,344.842,84.855,272.717,4.655,-934.583,-102.345,-61.741,-48.389,78.444,0,2,1.000,0.000,0,0,0,0
407.188,133.245,337.909,81.573,272.112,4.655,-935.188,-102.345,-69.279,-51.671,86.426,0,2,1.000,0.000,0,0,0,0
408.086,133.319,327.508,76.653,271.214,4.581,-936.086,-102.419,-80.578,-56.666,98.509,0,2,1.000,1.000,0,0,0,0
408.682,133.762,318.840,72.553,270.618,4.138,-936.682,-102.862,-89.842,-61.209,108.711,0,2,1.000,1.000,0,0,0,0
408.946,134.293,311.905,69.273,270.354,3.607,-936.946,-103.393,-97.040,-65.020,116.809,0,2,1.000,1.000,0,0,0,0
408.988,134.944,303.237,65.174,270.312,2.956,-936.988,-104.044,-105.750,-69.771,126.693,0,2,-1.000,1.000,0,0,0,0
408.272,135.167,294.569,61.074,271.028,2.733,-936.272,-104.267,-113.703,-74.094,135.713,0,2,-1.000,0.000,0,0,0,0
407.517,135.223,285.901,56.974,271.783,2.677,-935.517,-104.323,-121.616,-78.249,144.614,0,2,-1.000,0.000,0,0,0,0
387.961,122.595,275.500,52.055,291.339,15.305,-915.961,-91.695,-112.461,-70.540,132.753,0,2,-1.000,-1.000,0,0,1,0
380.203,122.272,244.296,36.065,299.097,15.628,-908.203,-91.372,-135.907,-86.206,160.942,0,1,-1.000,1.000,0,0,0,0
374.087,129.483,250.996,43.996,305.213,8.417,-902.087,-98.583,-123.091,-85.487,149.865,0,1,-1.000,1.000,0,0,0,0
366.785,137.792,267.588,44.866,312.515,0.108,-894.785,-106.892,-99.197,-92.926,135.924,0,1,-1.000,1.000,0,0,0,0
361.926,140.532,274.038,48.386,317.374,-2.632,-889.926,-109.632,-87.888,-92.146,127.339,0,1,-1.000,-1.000,0,0,0,0
356.049,133.895,286.711,41.718,323.251,4.005,-884.049,-102.995,-69.338,-92.177,115.345,0,1,-1.000,-1.000,0,0,0,0
348.959,125.978,298.469,39.558,330.341,11.922,-876.959,-95.078,-50.490,-86.419,100.088,0,1,-1.000,-1.000,0,0,0,0
343.141,119.043,308.071,39.077,336.159,18.857,-871.141,-88.143,-35.070,-79.966,87.319,0,1,-1.000,-1.000,0,0,0,0
337.276,112.022,317.661,38.943,342.024,25.878,-865.276,-81.122,-19.616,-73.080,75.666,0,1,-1.000,-1.000,0,0,0,0
332.543,106.413,325.332,38.909,346.757,31.487,-860.543,-75.513,-7.211,-67.505,67.889,0,1,-1.000,-1.000,0,0,0,0
326.575,99.499,329.005,52.916,352.725,38.401,-854.575,-68.599,2.430,-46.583,46.647,0,0,1.000,-1.000,0,0,0,0
327.299,99.434,321.773,61.869,352.001,38.466,-855.299,-68.534,-5.527,-37.565,37.969,0,2,1.000,0.000,0,0,0,0
328.017,99.224,299.580,63.270,351.283,38.676,-856.017,-68.324,-28.436,-35.954,45.840,0,2,1.000,-1.000,0,0,0,0
328.832,98.847,284.897,62.926,350.469,39.053,-856.832,-67.947,-43.935,-35.921,56.750,0,2,1.000,-1.000,0,0,0,0
329.412,98.362,276.008,66.567,349.888,39.538,-857.412,-67.462,-53.405,-31.795,62.153,0,2,1.000,-1.000,0,0,0,0
329.553,97.659,267.251,70.476,349.747,40.241,-857.553,-66.759,-62.302,-27.183,67.974,0,2,-1.000,-1.000,0,0,0,0
329.164,97.016,272.973,101.580,350.136,40.884,-857.164,-66.116,-56.191,4.564,56.377,0,1,-1.000,-1.000,0,0,0,0
329.356,96.954,287.040,114.428,349.944,40.946,-857.356,-66.054,-42.316,17.473,45.782,0,1,1.000,1.000,0,0,0,0
329.793,97.373,299.390,117.812,349.507,40.527,-857.793,-66.473,-30.403,20.439,36.635,0,1,1.000,1.000,0,0,0,0
330.439,98.012,309.928,124.215,348.861,39.888,-858.439,-67.112,-20.511,26.203,33.276,0,1,1.000,1.000,0,0,0,0
330.974,98.546,323.145,119.441,348.326,39.354,-858.974,-67.646,-7.829,20.896,22.314,0,1,1.000,1.000,0,0,0,0
331.510,99.081,333.587,115.718,347.790,38.819,-859.510,-68.181,2.077,16.638,16.767,0,1,1.000,1.000,0,0,0,0
331.972,99.467,341.322,114.753,347.328,38.433,-859.972,-68.567,9.350,15.286,17.919,0,1,1.000,1.000,0,0,0,0
332.832,99.745,352.837,114.349,346.468,38.155,-860.832,-68.845,20.005,14.604,24.769,0,1,1.000,1.000,0,0,0,0
333.585,99.823,362.426,114.262,345.716,38.077,-861.585,-68.923,28.842,14.439,32.254,0,1,1.000,0.000,0,0,0,0
334.189,99.847,370.097,114.239,345.111,38.053,-862.189,-68.947,35.908,14.392,38.685,0,1,1.000,0.000,0,0,0,0
335.097,99.860,381.604,114.230,344.203,38.040,-863.097,-68.960,46.506,14.369,48.676,0,1,1.000,0.000,0,0,0,0
335.787,99.566,386.404,99.963,343.513,38.334,-863.787,-68.666,50.618,0.397,50.619,0,1,1.000,-1.000,0,0,0,0
336.264,99.194,388.138,88.949,343.036,38.706,-864.264,-68.294,51.874,-10.245,52.883,0,0,1.000,-1.000,0,0,0,0
336.822,98.683,389.081,74.571,342.478,39.217,-864.822,-67.783,52.259,-24.113,57.591,0,0,1.000,-1.000,0,0,0,0
337.473,98.051,390.183,57.786,341.827,39.849,-865.473,-67.151,52.709,-40.265,66.428,0,0,1.000,-1.000,0,0,0,0
332.026,93.187,390.899,46.873,347.274,44.713,-860.026,-62.287,58.873,-46.313,75.054,0,0,-1.000,-1.000,0,0,0,0
323.787,85.973,391.947,30.909,355.513,51.927,-851.787,-55.073,68.160,-55.063,87.857,0,0,-1.000,-1.000,0,0,0,0
326.797,82.900,393.316,18.766,352.503,55.000,-854.797,-52.000,66.519,-64.134,92.639,0,0,1.000,-1.000,0,0,0,0
336.425,81.777,394.819,7.125,342.875,56.123,-864.425,-50.877,58.394,-74.652,95.010,0,0,1.000,-1.000,0,0,0,0
346.054,80.695,396.335,-4.163,333.246,57.205,-874.054,-49.795,50.281,-84.858,98.859,0,0,1.000,-1.000,0,0,0,0
353.758,79.862,397.557,-12.945,325.542,58.038,-881.758,-48.962,43.799,-92.806,102.837,0,0,1.000,-1.000,0,0,0,0
363.389,78.861,399.082,-23.620,315.911,59.039,-891.389,-47.961,35.693,-102.481,108.721,0,0,1.000,-1.000,0,0,0,0
374.947,77.725,400.856,-36.006,304.353,60.175,-902.947,-46.825,25.908,-113.731,116.834,0,0,1.000,-1.000,0,0,0,0
384.580,76.837,402.285,-45.984,294.720,61.063,-912.580,-45.937,17.705,-122.821,124.268,0,0,1.000,-1.000,0,0,0,0
394.212,76.007,403.670,-55.657,285.088,61.893,-922.212,-45.107,9.458,-131.664,132.170,0,0,1.000,-1.000,0,0,0,0
401.890,75.386,429.244,-99.612,277.410,62.514,-929.890,-44.486,27.355,-174.998,177.123,0,1,1.000,-1.000,0,0,0,0
411.495,74.670,448.071,-94.995,267.805,63.230,-939.495,-43.770,36.576,-169.665,173.563,0,1,1.000,-1.000,0,0,0,0
420.895,74.053,458.008,-96.144,258.405,63.847,-948.895,-43.153,37.112,-170.197,174.196,0,1,1.000,-1.000,0,0,0,0
430.141,73.563,467.297,-98.627,249.159,64.337,-958.141,-42.663,37.156,-172.190,176.154,0,1,1.000,-1.000,0,0,0,0
439.339,73.176,476.459,-101.463,239.961,64.724,-967.339,-42.276,37.120,-174.639,178.540,0,1,1.000,-1.000,0,0,0,0
450.733,72.801,487.415,-104.978,228.567,65.099,-978.733,-41.901,36.682,-177.780,181.525,0,1,1.000,-1.000,0,0,0,0
458.291,72.590,494.714,-107.339,221.009,65.310,-986.291,-41.690,36.423,-179.929,183.579,0,1,1.000,-1.000,0,0,0,0
463.431,77.791,505.660,-110.885,215.869,60.109,-991.431,-46.891,42.230,-188.677,193.345,0,1,-1.000,1.000,0,0,0,0
462.734,86.585,514.782,-113.842,216.566,51.315,-990.734,-55.685,52.048,-200.427,207.075,0,1,-1.000,1.000,0,0,0,0
462.027,95.378,523.903,-116.799,217.273,42.522,-990.027,-64.478,61.876,-212.177,221.015,0,1,-1.000,1.000,0,0,0,0
461.318,104.171,533.025,-119.756,217.983,33.729,-989.318,-73.271,71.707,-223.927,235.128,0,1,-1.000,1.000,0,0,0,0
460.608,112.964,542.146,-122.713,218.692,24.936,-988.608,-82.064,81.538,-235.677,249.383,0,1,-1.000,1.000,0,0,0,0
460.041,119.998,549.443,-125.079,219.259,17.902,-988.041,-89.098,89.402,-245.077,260.874,0,1,-1.000,1.000,0,0,0,0
459.191,130.550,560.389,-128.627,220.109,7.350,-987.191,-99.650,101.198,-259.177,278.233,0,1,-1.000,1.000,0,0,0,0
458.484,139.343,551.220,-147.831,220.816,-1.443,-986.484,-108.443,92.735,-287.173,301.775,0,1,-1.000,1.000,0,0,0,0
457.920,146.378,548.339,-156.224,221.380,-8.478,-985.920,-115.478,90.419,-302.602,315.822,0,1,-1.000,1.000,0,0,0,0
457.075,156.930,547.344,-167.837,222.225,-19.030,-985.075,-126.030,90.269,-324.767,337.078,0,1,-1.000,1.000,0,0,0,0
456.372,165.723,547.345,-177.431,222.928,-27.823,-984.372,-134.823,90.973,-343.154,355.008,0,1,-1.000,1.000,0,0,0,0
455.811,172.758,547.476,-185.101,223.489,-34.858,-983.811,-141.858,91.666,-357.859,369.413,0,1,-1.000,1.000,0,0,0,0
455.111,181.552,547.686,-194.688,224.190,-43.652,-983.111,-150.652,92.575,-376.239,387.461,0,1,-1.000,1.000,0,0,0,0
454.412,190.346,547.909,-204.274,224.888,-52.446,-982.412,-159.446,93.497,-394.619,405.544,0,1,-1.000,1.000,0,0,0,0
453.715,199.140,548.136,-213.860,225.585,-61.240,-981.715,-168.240,94.422,-412.999,423.655,0,1,-1.000,1.000,0,0,0,0
453.511,208.229,548.364,-223.446,225.789,-70.329,-981.511,-177.329,94.853,-431.675,441.973,0,1,0.000,1.000,0,0,0,0
453.436,219.322,548.638,-234.949,225.864,-81.422,-981.436,-188.423,95.202,-454.271,464.140,0,1,-1.000,1.000,0,0,0,0
453.300,228.493,557.226,-230.499,226.000,-90.593,-981.300,-197.593,103.926,-458.992,470.610,0,1,-1.000,1.000,0,0,0,0
453.119,237.645,564.680,-208.949,226.181,-99.745,-981.119,-206.745,111.561,-446.594,460.317,0,1,-1.000,1.000,0,0,0,0
452.898,246.789,559.667,-186.912,226.402,-108.889,-980.898,-215.889,106.769,-433.701,446.650,0,1,-1.000,1.000,0,0,0,0
452.693,254.101,552.500,-176.103,226.607,-116.201,-980.693,-223.201,99.807,-430.204,441.630,0,1,-1.000,1.000,0,0,0,0
452.337,265.065,553.044,-164.598,226.964,-127.165,-980.337,-234.165,100.707,-429.662,441.307,0,1,-1.000,1.000,0,0,0,0
452.064,272.370,553.583,-156.946,227.236,-134.470,-980.064,-241.470,101.519,-429.316,441.156,0,1,-1.000,1.000,0,0,0,0
451.600,283.324,554.452,-145.472,227.701,-145.424,-979.600,-252.424,102.853,-428.796,440.959,0,1,-1.000,1.000,0,0,0,0
451.157,292.448,555.191,-135.912,228.143,-154.548,-979.157,-261.548,104.034,-428.360,440.812,0,1,-1.000,1.000,0,0,0,0
450.685,301.616,555.933,-126.352,228.615,-163.716,-978.685,-270.716,105.248,-427.968,440.720,0,1,-1.000,1.000,0,0,0,0
449.969,310.573,556.676,-116.792,229.331,-172.673,-977.969,-279.673,106.707,-427.365,440.485,0,1,-1.000,1.000,0,0,0,0
448.936,317.574,557.270,-109.144,230.364,-179.674,-976.936,-286.674,108.334,-426.718,440.255,0,1,-1.000,1.000,0,0,0,0
447.458,328.102,558.162,-97.672,231.842,-190.202,-975.458,-297.202,110.704,-425.774,439.931,0,1,-1.000,1.000,0,0,0,0
446.771,337.071,558.905,-88.112,232.529,-199.171,-974.771,-306.171,112.134,-425.183,439.721,0,1,-1.000,1.000,0,0,0,0
446.094,346.135,559.648,-78.552,233.206,-208.235,-974.094,-315.235,113.555,-424.688,439.607,0,1,-1.000,1.000,0,0,0,0
442.873,354.448,560.391,-68.993,236.427,-216.548,-970.873,-323.548,117.519,-423.440,439.445,0,1,-1.000,1.000,0,0,0,0
439.001,362.560,561.135,-59.433,240.299,-224.660,-967.001,-331.660,122.134,-421.993,439.311,0,1,-1.000,1.000,0,0,0,0
435.094,370.656,561.878,-49.873,244.206,-232.756,-963.094,-339.756,126.784,-420.529,439.225,0,1,-1.000,1.000,0,0,0,0
431.940,377.119,562.472,-42.225,247.360,-239.219,-959.940,-346.219,130.532,-419.344,439.190,0,1,-1.000,1.000,0,0,0,0
426.989,386.558,563.364,-30.753,252.311,-248.658,-954.989,-355.658,136.375,-417.311,439.029,0,1,-1.000,1.000,0,0,0,0
423.462,392.678,563.958,-23.105,255.838,-254.778,-951.462,-361.778,140.496,-415.783,438.879,0,1,-1.000,1.000,0,0,0,0
418.089,401.835,564.850,-11.633,261.211,-263.935,-946.089,-370.935,146.761,-413.468,438.742,0,1,-1.000,1.000,0,0,0,0
413.613,409.475,565.593,-2.074,265.687,-271.575,-941.613,-378.575,151.980,-411.549,438.715,0,1,-1.000,1.000,0,0,0,0
410.434,406.608,566.336,7.486,268.867,-268.708,-938.434,-375.708,155.903,-399.122,428.490,0,1,-1.000,-1.000,0,0,0,0
408.564,398.704,566.931,15.134,270.736,-260.804,-936.564,-367.804,158.367,-383.570,414.977,0,1,-1.000,-1.000,0,0,0,0
406.216,388.825,567.674,24.694,273.084,-250.925,-934.216,-357.925,161.458,-364.131,398.322,0,1,-1.000,-1.000,0,0,0,0
403.857,378.949,568.417,34.254,275.443,-241.049,-931.857,-348.049,164.560,-344.695,381.962,0,1,-1.000,-1.000,0,0,0,0
401.013,367.102,569.309,45.726,278.287,-229.202,-929.013,-336.202,168.296,-321.376,362.776,0,1,-1.000,-1.000,0,0,0,0
398.632,357.233,570.052,55.286,280.668,-219.333,-926.632,-326.333,171.420,-301.948,347.213,0,1,-1.000,-1.000,0,0,0,0
396.721,349.341,570.646,62.933,282.579,-211.441,-924.721,-318.441,173.926,-286.408,335.082,0,1,-1.000,-1.000,0,0,0,0
393.841,337.508,571.538,74.405,285.459,-199.608,-921.841,-306.608,177.697,-263.102,317.489,0,1,-1.000,-1.000,0,0,0,0
391.430,327.651,572.281,83.965,287.871,-189.751,-919.430,-296.751,180.852,-243.686,303.463,0,1,-1.000,-1.000,0,0,0,0
389.007,317.798,573.024,93.525,290.293,-179.898,-917.007,-286.898,184.017,-224.273,290.104,0,1,-1.000,-1.000,0,0,0,0
387.062,309.918,573.619,101.173,292.238,-172.018,-915.062,-279.018,186.557,-208.746,279.961,0,1,-1.000,-1.000,0,0,0,0
384.329,298.345,574.510,112.645,294.971,-160.445,-912.329,-267.445,190.181,-185.701,265.807,0,1,-1.000,-1.000,0,0,0,0
382.671,291.129,575.105,120.293,296.629,-153.229,-910.671,-260.229,192.434,-170.836,257.325,0,1,-1.000,-1.000,0,0,0,0
379.999,280.672,575.997,131.764,299.301,-142.772,-907.999,-249.772,195.997,-148.908,246.147,0,1,-1.000,-1.000,0,0,0,0
377.626,272.120,576.740,141.324,301.674,-134.220,-905.626,-241.220,199.114,-130.796,238.231,0,1,-1.000,-1.000,0,0,0,0
375.261,263.556,577.483,150.884,304.040,-125.656,-903.261,-232.656,202.222,-112.672,231.493,0,1,-1.000,-1.000,0,0,0,0
373.452,256.617,578.077,158.532,305.848,-118.717,-901.452,-225.717,204.626,-98.085,226.919,0,1,-1.000,-1.000,0,0,0,0
371.227,247.880,578.821,168.092,308.073,-109.980,-899.227,-216.980,207.594,-79.788,222.399,0,1,-1.000,-1.000,0,0,0,0
368.564,237.359,579.712,179.564,310.736,-99.459,-896.564,-206.459,211.148,-57.796,218.915,0,1,-1.000,-1.000,0,0,0,0
366.336,228.585,580.456,189.124,312.964,-90.685,-894.336,-197.685,214.120,-39.462,217.726,0,1,-1.000,-1.000,0,0,0,0
364.094,219.813,565.692,206.782,315.206,-81.912,-892.094,-188.913,201.598,-13.031,202.019,0,0,-1.000,-1.000,0,0,0,0
361.838,211.043,581.050,196.771,317.462,-73.143,-889.838,-180.143,219.212,-14.271,219.676,0,1,-1.000,-1.000,0,0,0,0
359.566,202.278,581.050,196.771,319.734,-64.378,-887.566,-171.378,221.484,-5.506,221.553,0,1,-1.000,-1.000,0,0,0,0
357.236,193.583,581.050,196.771,322.064,-55.683,-885.236,-162.683,223.815,3.188,223.837,0,1,-1.000,-1.000,0,0,0,0
354.897,184.889,581.050,196.771,324.403,-46.989,-882.897,-153.989,226.154,11.883,226.466,0,1,-1.000,-1.000,0,0,0,0
352.548,176.186,581.050,196.771,326.752,-38.286,-880.548,-145.286,228.502,20.585,229.428,0,1,-1.000,-1.000,0,0,0,0
350.561,169.349,581.050,196.771,328.739,-31.449,-878.561,-138.449,230.489,27.423,232.115,0,1,-1.000,-1.000,0,0,0,0
347.511,159.146,581.050,196.771,331.789,-21.246,-875.511,-128.246,233.539,37.626,236.551,0,1,-1.000,-1.000,0,0,0,0
345.093,150.501,581.050,196.771,334.208,-12.601,-873.093,-119.601,235.958,46.270,240.452,0,1,-1.000,-1.000,0,0,0,0
342.693,141.790,581.050,196.771,336.607,-3.890,-870.693,-110.890,238.358,54.981,244.617,0,1,-1.000,-1.000,0,0,0,0
340.379,132.788,581.050,196.771,338.921,5.112,-868.379,-101.888,240.671,63.984,249.031,0,1,-1.000,-1.000,0,0,0,0
338.511,125.518,581.050,196.771,340.789,12.382,-866.511,-94.618,242.539,71.254,252.789,0,1,-1.000,-1.000,0,0,0,0
336.147,116.410,581.050,196.771,343.153,21.490,-864.147,-85.510,244.903,80.362,257.751,0,1,-1.000,-1.000,0,0,0,0
333.240,105.355,581.050,196.771,346.060,32.545,-861.240,-74.455,247.810,91.416,264.134,0,1,-1.000,-1.000,0,0,0,0
330.768,96.098,581.050,196.771,348.533,41.802,-858.768,-65.198,250.283,100.673,269.771,0,1,-1.000,-1.000,0,0,0,0
328.276,86.925,581.050,196.771,351.024,50.975,-856.276,-56.025,252.774,109.846,275.610,0,1,-1.000,-1.000,0,0,0,0
325.648,77.522,581.050,196.771,353.652,60.378,-853.648,-46.622,255.402,119.249,281.870,0,1,-1.000,-1.000,0,0,0,0
322.854,67.971,581.050,196.771,356.446,69.929,-850.854,-37.071,258.196,128.800,288.539,0,1,-1.000,-1.000,0,0,0,0
319.949,58.373,581.050,196.771,359.351,79.527,-847.949,-27.473,261.101,138.398,295.513,0,1,-1.000,-1.000,0,0,0,0
316.975,48.769,581.050,196.771,362.325,89.131,-844.975,-17.869,264.075,148.002,302.721,0,1,-1.000,-1.000,0,0,0,0
313.951,39.175,581.199,198.683,365.349,98.725,-841.951,-8.275,267.248,159.508,311.230,0,1,-1.000,-1.000,0,0,0,0
311.499,31.511,581.793,206.331,367.801,106.389,-839.499,-0.611,270.295,174.820,321.903,0,1,-1.000,-1.000,0,0,0,0
307.598,19.995,582.685,217.803,371.702,117.905,-835.598,10.905,275.087,197.808,338.823,0,1,-1.000,-1.000,0,0,0,0
303.636,10.450,561.527,208.045,375.664,127.450,-831.636,20.450,257.891,197.596,324.888,0,1,-1.000,-1.000,0,0,0,0
299.460,1.140,549.854,190.202,379.840,136.760,-827.460,29.760,250.393,189.062,313.753,0,1,-1.000,-1.000,0,0,0,0
296.134,-6.281,551.129,175.509,383.166,144.181,-824.134,37.181,254.994,181.790,313.161,0,1,-1.000,-1.000,0,0,0,0
291.151,-17.254,548.423,163.470,388.149,155.154,-819.151,48.154,257.272,180.724,314.404,0,1,-1.000,-1.000,0,0,0,0
287.097,-26.421,544.570,154.655,392.204,164.321,-815.096,57.321,257.473,181.075,314.771,0,1,-1.000,-1.000,0,0,0,0
286.382,-33.894,541.214,147.755,392.918,171.794,-814.382,64.794,254.832,181.649,312.947,0,1,1.000,-1.000,0,0,0,0
288.689,-43.418,536.923,139.179,390.611,181.318,-816.689,74.318,248.234,182.598,308.159,0,1,1.000,-1.000,0,0,0,0
291.581,-54.758,531.735,128.909,387.719,192.658,-819.581,85.658,240.154,183.666,302.337,0,1,1.000,-1.000,0,0,0,0
299.912,-58.556,538.756,118.041,379.388,196.457,-827.912,89.456,238.844,176.597,297.041,0,1,1.000,-1.000,0,0,0,0
306.572,-61.532,542.448,110.614,372.728,199.432,-834.572,92.432,235.875,172.145,292.012,0,1,1.000,-1.000,0,0,0,0
316.533,-65.836,545.543,99.454,362.767,203.736,-844.533,96.736,229.009,165.290,282.429,0,1,1.000,-1.000,0,0,0,0
324.842,-69.343,547.538,90.072,354.458,207.243,-852.842,100.243,222.696,159.415,273.873,0,1,1.000,-1.000,0,0,0,0
333.167,-72.792,549.415,80.669,346.133,210.692,-861.167,103.692,216.248,153.461,265.167,0,1,1.000,-1.000,0,0,0,0
339.854,-75.540,550.894,73.142,339.446,213.440,-867.854,106.440,211.040,148.682,258.155,0,1,1.000,-1.000,0,0,0,0
349.950,-79.647,553.103,61.849,329.350,217.547,-877.950,110.547,203.153,141.497,247.573,0,1,1.000,-1.000,0,0,0,0
358.411,-83.002,554.941,52.438,320.889,220.902,-886.411,113.902,196.530,135.441,238.680,0,1,1.000,-1.000,0,0,0,0
357.617,-74.184,556.778,43.027,321.683,212.084,-885.617,105.084,199.161,117.212,231.093,0,1,-1.000,1.000,0,0,0,0
356.987,-67.130,558.248,35.499,322.313,205.030,-884.987,98.030,201.261,102.629,225.918,0,1,-1.000,1.000,0,0,0,0
355.978,-56.530,546.023,16.158,323.322,194.430,-883.978,87.430,190.045,72.688,203.471,0,2,-1.000,1.000,0,0,0,0
355.249,-49.441,535.641,14.975,324.051,187.341,-883.249,80.341,180.392,64.417,191.548,0,2,-1.000,1.000,0,0,0,0
354.323,-40.569,526.028,17.096,324.978,178.469,-882.323,71.469,171.706,57.665,181.130,0,2,-1.000,1.000,0,0,0,0
353.396,-31.693,516.953,20.242,325.904,169.593,-881.396,62.593,163.556,51.934,171.604,0,2,-1.000,1.000,0,0,0,0
352.215,-20.980,506.204,24.352,327.085,158.880,-880.215,51.880,153.989,45.332,160.523,0,2,-1.000,1.000,0,0,0,0
351.099,-11.933,497.273,27.842,328.201,149.834,-879.099,42.833,146.174,39.776,151.489,0,2,-1.000,1.000,0,0,0,0
350.335,-4.800,490.133,30.645,328.965,142.700,-878.335,35.700,139.798,35.445,144.221,0,2,-1.000,1.000,0,0,0,0
349.253,5.873,479.423,34.853,330.047,132.027,-877.253,25.027,130.170,28.980,133.357,0,2,-1.000,1.000,0,0,0,0
348.553,12.983,472.284,37.660,330.748,124.918,-876.553,17.917,123.732,24.677,126.169,0,2,-1.000,1.000,0,0,0,0
347.520,23.645,461.576,41.870,331.780,114.255,-875.520,7.255,114.055,18.224,115.502,0,2,-1.000,1.000,0,0,0,0
346.843,30.754,454.437,44.676,332.457,107.146,-874.843,0.146,107.594,13.922,108.491,0,2,-1.000,1.000,0,0,0,0
346.015,41.374,443.728,48.886,333.285,96.526,-874.015,-10.474,97.713,7.513,98.002,0,2,-1.000,1.000,0,0,0,0
345.967,48.539,436.589,51.693,333.333,89.361,-873.967,-17.639,90.622,3.154,90.677,0,2,0.000,1.000,0,0,0,0
346.056,57.639,427.665,55.201,333.244,80.261,-874.056,-26.739,81.609,-2.437,81.646,0,2,1.000,1.000,0,0,0,0
346.174,68.609,416.957,59.411,333.127,69.291,-874.174,-37.709,70.783,-9.198,71.378,0,2,0.000,1.000,0,0,0,0
346.240,75.931,409.818,62.218,333.060,61.969,-874.240,-45.031,63.577,-13.713,65.040,0,2,0.000,1.000,0,0,0,0
346.305,85.086,400.894,65.726,332.996,52.814,-874.304,-54.186,54.589,-19.360,57.920,0,2,0.000,1.000,0,0,0,0
346.395,96.165,390.185,69.936,332.905,41.735,-874.395,-65.265,43.791,-26.229,51.045,0,2,1.000,1.000,0,0,0,0
346.484,103.688,383.046,72.743,332.816,34.213,-874.484,-72.787,36.562,-30.944,47.900,0,2,0.000,1.000,0,0,0,0
346.522,112.947,374.122,76.251,332.778,24.953,-874.522,-82.047,27.601,-36.695,45.917,0,2,0.000,1.000,0,0,0,0
346.497,122.135,365.199,79.760,332.803,15.765,-874.497,-91.235,18.702,-42.375,46.319,0,2,0.000,1.000,0,0,0,0
346.492,133.332,354.490,83.970,332.808,4.568,-874.492,-102.432,7.998,-49.362,50.006,0,2,0.000,1.000,0,0,0,0
346.489,142.857,345.566,87.478,332.811,-4.957,-874.489,-111.957,-0.923,-55.379,55.387,0,2,0.000,1.000,0,0,0,0
346.448,152.428,336.642,90.986,332.852,-14.528,-874.448,-121.528,-9.805,-61.442,62.219,0,2,0.000,1.000,0,0,0,0
346.384,160.096,329.503,93.793,332.916,-22.196,-874.384,-129.196,-16.880,-66.302,68.418,0,2,-1.000,1.000,0,0,0,0
346.248,169.757,320.580,97.302,333.052,-31.857,-874.248,-138.857,-25.669,-72.455,76.867,0,2,-1.000,1.000,0,0,0,0
344.565,181.390,309.871,101.512,334.735,-43.490,-872.565,-150.490,-34.694,-79.879,87.088,0,2,-1.000,1.000,0,0,0,0
343.041,190.563,300.947,105.020,336.259,-52.663,-871.041,-159.663,-42.094,-85.543,95.339,0,0,-1.000,1.000,0,0,1,0
341.593,199.694,313.995,131.536,337.707,-61.794,-869.593,-168.794,-27.598,-68.158,73.533,0,0,-1.000,1.000,0,0,0,0
340.203,208.818,326.720,157.397,339.097,-70.918,-868.203,-177.918,-13.483,-51.422,53.160,0,0,-1.000,1.000,0,0,0,0
339.144,216.103,336.673,177.623,340.156,-78.203,-867.144,-185.203,-2.471,-38.480,38.562,0,0,-1.000,1.000,0,0,0,0
343.301,219.018,363.207,210.631,335.999,-81.118,-871.301,-188.118,19.906,-8.388,21.601,0,0,1.000,-1.000,0,0,0,0
351.466,214.741,380.982,202.839,327.834,-76.841,-879.466,-183.841,29.516,-11.902,31.826,0,0,1.000,-1.000,0,0,0,0
358.000,211.343,394.885,196.745,321.300,-73.443,-886.000,-180.443,36.885,-14.598,39.670,0,0,1.000,-1.000,0,0,0,0
367.649,206.695,415.224,187.830,311.652,-68.795,-895.649,-175.795,47.575,-18.865,51.183,0,0,1.000,-1.000,0,0,0,0
374.092,203.542,428.447,182.034,305.209,-65.642,-902.092,-172.643,54.356,-21.508,58.464,0,0,1.000,-1.000,0,0,0,0
383.791,198.728,447.792,173.555,295.510,-60.828,-911.791,-167.828,64.001,-25.173,68.790,0,0,1.000,-1.000,0,0,0,0
390.475,195.246,460.368,168.043,288.825,-57.346,-918.475,-164.346,69.894,-27.203,75.026,0,0,1.000,-1.000,0,0,0,0
400.963,189.851,477.707,173.038,278.337,-51.951,-928.963,-158.951,76.744,-16.813,78.564,0,2,1.000,-1.000,0,0,0,0
409.884,185.375,471.632,180.458,269.416,-47.475,-937.884,-154.475,61.748,-4.918,61.944,0,2,1.000,-1.000,0,0,0,0
417.486,182.226,461.211,185.323,261.815,-44.326,-945.486,-151.326,43.725,3.097,43.835,0,1,1.000,-1.000,0,0,0,0
428.572,177.017,470.612,178.682,250.728,-39.117,-956.572,-146.117,42.039,1.665,42.072,0,1,1.000,-1.000,0,0,0,0
437.637,172.607,478.368,173.045,241.663,-34.707,-965.637,-141.707,40.731,0.438,40.733,0,1,1.000,-1.000,0,0,0,0
446.702,168.220,488.366,177.264,232.598,-30.320,-974.702,-137.320,41.664,9.045,42.635,0,1,1.000,-1.000,0,0,0,0
454.300,164.995,493.190,192.639,225.000,-27.095,-982.300,-134.095,38.890,27.644,47.714,0,1,1.000,-1.000,0,0,0,0
464.714,160.214,500.285,202.792,214.586,-22.314,-992.714,-129.314,35.571,42.578,55.481,0,1,1.000,-1.000,0,0,0,0
471.212,157.340,505.804,208.167,208.088,-19.440,-999.212,-126.440,34.592,50.827,61.482,0,1,1.000,-1.000,0,0,0,0
481.221,153.623,514.422,215.797,198.079,-15.723,-1009.221,-122.723,33.201,62.173,70.483,0,1,1.000,-1.000,0,0,0,0
490.561,149.744,521.689,222.053,188.739,-11.844,-1018.561,-118.844,31.128,72.309,78.725,0,1,1.000,-1.000,0,0,0,0
499.854,146.283,528.973,228.289,179.446,-8.383,-1027.854,-115.383,29.119,82.006,87.022,0,1,1.000,-1.000,0,0,0,0
506.796,143.965,532.714,230.154,172.504,-6.065,-1034.796,-113.065,25.918,86.189,90.005,0,0,1.000,-1.000,0,0,0,0
516.561,139.549,528.322,218.241,162.739,-1.649,-1044.561,-108.649,11.761,78.692,79.676,0,0,1.000,-1.000,0,0,0,0
524.709,135.702,524.707,208.540,154.591,2.198,-1052.709,-104.802,-0.003,72.838,73.186,0,0,1.000,-1.000,0,0,0,0
532.875,131.874,521.359,201.236,146.425,6.026,-1060.875,-100.974,-11.516,69.363,70.625,0,0,1.000,-1.000,0,0,0,0
539.420,128.833,518.669,195.347,139.880,9.067,-1067.420,-97.933,-20.751,66.514,69.991,0,0,1.000,-1.000,0,0,0,0
549.255,124.319,514.701,186.823,130.045,13.581,-1077.255,-93.419,-34.554,62.504,71.727,0,0,1.000,-1.000,0,0,0,0
555.799,121.446,512.118,181.334,123.501,16.454,-1083.799,-90.546,-43.680,59.887,74.421,0,0,1.000,-1.000,0,0,0,0
565.617,117.346,508.370,173.366,113.683,20.554,-1093.617,-86.446,-57.247,56.020,80.370,0,0,1.000,-1.000,0,0,0,0
572.172,114.674,505.953,168.227,107.128,23.226,-1100.172,-83.774,-66.219,53.554,85.422,0,0,1.000,-1.000,0,0,0,0
582.016,110.714,505.804,127.062,97.284,27.186,-1110.016,-79.814,-76.212,16.348,77.946,0,2,1.000,-1.000,0,0,0,0
590.230,107.444,496.643,130.061,89.070,30.456,-1118.230,-76.544,-93.587,22.617,96.281,0,2,1.000,-1.000,0,0,0,0
598.466,104.266,487.326,132.324,80.834,33.634,-1126.466,-73.366,-111.141,28.058,114.628,0,2,1.000,-1.000,0,0,0,0
594.117,102.310,478.008,134.588,85.183,35.590,-1122.117,-71.410,-116.109,32.279,120.512,0,2,-1.000,-1.000,0,0,0,0
586.324,101.367,477.031,146.427,92.976,36.533,-1114.324,-70.467,-109.293,45.060,118.218,0,1,-1.000,-1.000,0,0,0,0
574.464,99.806,494.042,155.686,104.836,38.094,-1102.464,-68.906,-80.422,55.880,97.929,0,1,-1.000,-1.000,0,0,0,0
566.459,98.645,501.893,157.211,112.842,39.255,-1094.458,-67.745,-64.566,58.566,87.171,0,1,-1.000,-1.000,0,0,0,0
555.105,97.194,513.424,157.768,124.195,40.706,-1083.105,-66.294,-41.681,60.573,73.528,0,1,-1.000,-1.000,0,0,0,0
547.724,96.219,521.096,157.812,131.576,41.681,-1075.724,-65.319,-26.627,61.593,67.102,0,1,-1.000,-1.000,0,0,0,0
538.679,94.915,528.768,157.791,140.621,42.985,-1066.679,-64.015,-9.912,62.876,63.653,0,1,-1.000,-1.000,0,0,0,0
528.321,92.482,528.768,157.802,150.979,45.418,-1056.321,-61.582,0.446,65.320,65.322,0,1,-1.000,-1.000,0,0,0,0
523.366,90.632,540.520,90.096,155.934,47.268,-1051.366,-59.732,17.154,-0.536,17.162,0,0,1.000,-1.000,0,0,0,0
533.030,89.522,560.108,89.313,146.270,48.378,-1061.030,-58.622,27.078,-0.209,27.079,0,0,1.000,-1.000,0,0,0,0
540.741,88.677,575.428,88.701,138.559,49.223,-1068.741,-57.777,34.687,0.023,34.688,0,0,1.000,-1.000,0,0,0,0
552.302,87.493,597.841,87.805,126.998,50.407,-1080.302,-56.593,45.539,0.312,45.543,0,0,1.000,-1.000,0,0,0,0
561.936,86.589,616.010,87.079,117.364,51.311,-1089.936,-55.689,54.074,0.489,54.084,0,0,1.000,-1.000,0,0,0,0
571.569,85.771,633.729,86.370,107.731,52.129,-1099.569,-54.871,62.161,0.599,62.178,0,0,1.000,-1.000,0,0,0,0
579.149,85.194,647.589,85.816,100.151,52.706,-1107.149,-54.294,68.439,0.622,68.464,0,0,1.000,-1.000,0,0,0,0
45.344,-83.957,59.000,80.600,633.956,221.857,-573.344,114.857,13.656,164.557,165.256,0,0,1.000,1.000,0,0,0,0
46.674,-73.943,59.000,80.600,632.627,211.843,-574.674,104.843,12.326,154.543,155.176,0,0,1.000,1.000,0,0,0,0
47.532,-63.626,59.000,80.600,631.768,201.526,-575.532,94.526,11.468,144.226,144.833,0,0,1.000,1.000,0,0,0,0
48.243,-53.302,59.000,80.600,631.057,191.202,-576.243,84.202,10.757,133.902,134.497,0,0,1.000,1.000,0,0,0,0
48.917,-42.983,59.000,80.600,630.383,180.883,-576.917,73.883,10.083,123.583,124.171,0,0,1.000,1.000,0,0,0,0
49.587,-32.667,59.000,80.600,629.713,170.567,-577.587,63.567,9.413,113.267,113.851,0,0,1.000,1.000,0,0,0,0
50.128,-24.416,59.000,80.600,629.172,162.316,-578.128,55.316,8.872,105.016,105.599,0,0,1.000,1.000,0,0,0,0
50.956,-12.043,59.000,80.600,628.344,149.943,-578.956,42.943,8.044,92.643,93.227,0,0,1.000,1.000,0,0,0,0
51.520,-3.795,59.000,80.600,627.780,141.695,-579.520,34.695,7.480,84.395,84.985,0,0,1.000,1.000,0,0,0,0
52.390,8.572,59.000,80.600,626.910,129.328,-580.390,22.328,6.610,72.028,72.634,0,0,1.000,1.000,0,0,0,0
52.987,16.815,59.000,80.600,626.313,121.085,-580.987,14.085,6.013,63.785,64.410,0,0,1.000,1.000,0,0,0,0
53.916,29.174,59.000,80.600,625.384,108.726,-581.916,1.726,5.084,51.426,52.101,0,0,1.000,1.000,0,0,0,0
54.563,37.409,59.000,80.600,624.737,100.491,-582.563,-6.509,4.437,43.191,43.922,0,0,1.000,1.000,0,0,0,0
55.586,49.754,56.829,64.836,623.714,88.146,-583.586,-18.854,1.244,15.082,15.133,1,1,1.000,1.000,0,0,0,0
56.184,60.076,57.134,75.180,623.116,77.824,-584.184,-29.176,0.950,15.103,15.133,1,1,1.000,1.000,0,0,0,0
56.640,70.413,57.364,85.529,622.660,67.487,-584.640,-39.513,0.724,15.116,15.133,1,1,1.000,1.000,0,0,0,0
56.925,78.688,57.508,93.810,622.375,59.212,-584.925,-47.788,0.583,15.122,15.133,1,1,1.000,1.000,0,0,0,0
57.673,90.960,58.724,106.056,621.627,46.940,-585.673,-60.060,1.052,15.097,15.133,1,1,1.000,1.000,0,0,0,0
59.387,100.727,61.717,115.680,619.913,37.173,-587.387,-69.827,2.330,14.953,15.133,1,1,1.000,1.000,0,0,0,0
61.371,108.377,64.742,123.130,617.929,29.523,-589.371,-77.477,3.370,14.753,15.133,1,1,1.000,1.000,0,0,0,0
65.321,119.609,70.172,133.944,613.979,18.291,-593.321,-88.709,4.851,14.335,15.133,1,1,1.000,1.000,0,0,0,0
74.604,119.703,30.489,99.041,604.696,18.197,-602.604,-88.803,-44.115,-20.662,48.714,0,0,1.000,-1.000,0,0,0,0
83.431,119.306,11.185,98.549,595.869,18.594,-611.431,-88.406,-72.247,-20.757,75.170,0,0,1.000,-1.000,0,0,0,0
92.237,118.791,-7.642,98.069,587.063,19.109,-620.237,-87.891,-99.879,-20.722,102.007,0,0,1.000,-1.000,0,0,0,0
99.281,118.361,-22.368,97.694,580.019,19.539,-627.281,-87.461,-121.648,-20.667,123.393,0,0,1.000,-1.000,0,0,0,0
109.846,117.706,-43.909,97.144,569.454,20.194,-637.846,-86.806,-153.755,-20.562,155.128,0,0,1.000,-1.000,0,0,0,0
118.650,117.159,-61.373,96.699,560.650,20.742,-646.650,-86.258,-180.022,-20.459,181.189,0,0,1.000,-1.000,0,0,0,0
125.693,116.720,-75.031,96.351,553.607,21.180,-653.693,-85.820,-200.725,-20.369,201.766,0,0,1.000,-1.000,0,0,0,0
136.258,116.062,-95.013,95.842,543.042,21.838,-664.258,-85.162,-231.271,-20.220,232.171,0,0,1.000,-1.000,0,0,0,0
143.302,115.624,-108.004,95.511,535.999,22.276,-671.302,-84.724,-251.305,-20.113,252.133,0,0,1.000,-1.000,0,0,0,0
143.845,106.511,-123.881,95.106,535.455,31.389,-671.845,-75.611,-267.726,-11.405,268.002,0,0,1.000,-1.000,0,0,0,0
144.362,97.307,-139.365,94.711,534.938,40.593,-672.362,-66.407,-283.727,-2.596,283.785,0,0,1.000,-1.000,0,0,0,0
144.926,85.975,-157.440,94.251,534.374,51.925,-672.926,-55.075,-302.366,8.276,302.545,0,0,1.000,-1.000,0,0,0,0
145.315,78.363,-168.904,93.959,533.985,59.537,-673.315,-47.463,-314.218,15.596,314.675,0,0,1.000,-1.000,0,0,0,0
145.819,68.828,-182.605,93.609,533.481,69.072,-673.819,-37.928,-328.424,24.781,329.424,0,0,1.000,-1.000,0,0,0,0
146.453,57.378,-198.525,93.204,532.848,80.522,-674.453,-26.478,-344.977,35.825,346.896,0,0,1.000,-1.000,0,0,0,0
147.004,47.837,-211.367,92.876,532.296,90.063,-675.004,-16.937,-358.371,45.039,361.251,0,0,1.000,-1.000,0,0,0,0
147.578,38.298,-223.833,92.559,531.722,99.602,-675.578,-7.398,-371.411,54.260,375.412,0,0,1.000,-1.000,0,0,0,0
148.175,28.762,-235.932,92.250,531.125,109.138,-676.175,2.138,-384.107,63.488,389.375,0,0,1.000,-1.000,0,0,0,0
148.796,19.285,-247.674,91.951,530.505,118.615,-676.796,11.615,-396.470,72.666,403.129,0,0,1.000,-1.000,0,0,0,0
149.308,11.706,-256.817,91.718,529.992,126.194,-677.308,19.194,-406.125,80.012,413.985,0,0,1.000,-1.000,0,0,0,0
149.971,2.201,-267.938,91.434,529.329,135.699,-677.971,28.699,-417.909,89.233,427.381,0,0,1.000,-1.000,0,0,0,0
150.801,-9.218,-280.844,91.105,528.499,147.118,-678.801,40.118,-431.645,100.324,443.200,0,0,1.000,-1.000,0,0,0,0
151.376,-16.831,-289.188,90.893,527.924,154.731,-679.377,47.731,-440.565,107.724,453.592,0,0,1.000,-1.000,0,0,0,0
152.272,-28.248,-301.326,90.583,527.028,166.148,-680.272,59.148,-453.598,118.831,468.952,0,0,1.000,-1.000,0,0,0,0
153.053,-37.681,-326.943,96.833,526.247,175.581,-681.053,68.581,-479.996,134.514,498.488,0,1,1.000,-1.000,0,0,0,0
153.725,-45.059,-319.432,95.276,525.575,182.959,-681.725,75.959,-473.157,140.335,493.530,0,1,1.000,-1.000,0,0,0,0
154.812,-56.003,-308.165,92.939,524.488,193.903,-682.812,86.903,-462.977,148.943,486.345,0,1,1.000,-1.000,0,0,0,0
155.572,-63.266,-300.654,91.382,523.728,201.166,-683.572,94.166,-456.226,154.648,481.724,0,1,1.000,-1.000,0,0,0,0
139.833,-60.707,-292.722,94.077,539.467,198.607,-667.833,91.607,-432.555,154.784,459.415,0,2,-1.000,1.000,0,0,1,0
112.858,-50.651,-302.091,92.034,566.442,188.551,-640.858,81.551,-414.949,142.685,438.796,0,2,-1.000,1.000,0,0,0,0
109.586,-55.590,-281.576,81.419,569.714,193.490,-637.586,86.490,-391.162,137.009,414.462,0,0,1.000,-1.000,0,0,0,0
111.687,-62.643,-271.117,79.638,567.613,200.543,-639.687,93.543,-382.805,142.282,408.391,0,0,1.000,-1.000,0,0,0,0
114.327,-71.518,-267.025,92.452,564.973,209.418,-642.327,102.418,-381.351,163.970,415.108,0,0,1.000,-1.000,0,0,0,0
117.026,-80.228,-267.009,99.020,562.274,218.128,-645.026,111.128,-384.035,179.248,423.808,0,0,1.000,-1.000,0,0,0,0
120.328,-90.588,-272.138,106.668,558.973,228.488,-648.328,121.488,-392.466,197.256,439.249,0,0,1.000,-1.000,0,0,0,0
123.078,-99.292,-276.296,112.869,556.223,237.192,-651.078,130.192,-399.373,212.160,452.230,0,0,1.000,-1.000,0,0,0,0
125.870,-107.938,-280.351,118.915,553.430,245.838,-653.870,138.838,-406.221,226.853,465.273,0,0,1.000,-1.000,0,0,0,0
128.706,-116.532,-284.305,124.813,550.594,254.432,-656.706,147.432,-413.011,241.344,478.361,0,0,1.000,-1.000,0,0,0,0
131.577,-125.101,-288.162,130.564,547.724,263.001,-659.577,156.001,-419.738,255.665,491.478,0,0,1.000,-1.000,0,0,0,0
134.477,-133.655,-291.923,136.173,544.823,271.555,-662.477,164.555,-426.400,269.827,504.612,0,0,1.000,-1.000,0,0,0,0
136.819,-140.488,-294.865,140.560,542.481,278.388,-664.819,171.388,-431.683,281.048,515.124,0,0,1.000,-1.000,0,0,0,0
140.369,-150.723,-299.168,146.977,538.931,288.623,-668.369,181.623,-439.537,297.700,530.887,0,0,1.000,-1.000,0,0,0,0
142.762,-157.536,-301.966,151.150,536.539,295.436,-670.762,188.436,-444.727,308.686,541.387,0,0,1.000,-1.000,0,0,0,0
146.392,-167.739,-306.059,157.254,532.908,305.639,-674.392,198.639,-452.451,324.993,557.115,0,0,1.000,-1.000,0,0,0,0
149.458,-176.225,-304.812,150.886,529.842,314.125,-677.458,207.125,-454.270,327.111,559.788,0,2,1.000,-1.000,0,0,0,0
152.565,-184.695,-303.599,160.397,526.735,322.595,-680.565,215.595,-456.163,345.093,571.991,0,2,1.000,-1.000,0,0,0,0
155.714,-193.147,-302.386,169.909,523.586,331.047,-683.714,224.047,-458.100,363.056,584.522,0,2,1.000,-1.000,0,0,0,0
158.268,-199.895,-301.416,177.518,521.032,337.795,-686.268,230.795,-459.684,377.413,594.769,0,2,1.000,-1.000,0,0,0,0
162.161,-209.989,-299.960,188.933,517.139,347.889,-690.161,240.889,-462.122,398.922,610.488,0,2,1.000,-1.000,0,0,0,0
165.470,-218.374,-298.748,198.444,513.830,356.274,-693.470,249.274,-464.217,416.818,623.887,0,2,1.000,-1.000,0,0,0,0
168.163,-225.061,-306.841,199.038,511.137,362.961,-696.163,255.961,-475.005,424.099,636.780,0,2,1.000,-1.000,0,0,0,0
171.610,-230.070,-315.278,188.206,507.690,367.970,-699.610,260.970,-486.888,418.276,641.883,0,2,1.000,1.000,0,0,0,0
175.852,-220.131,-329.536,167.153,503.448,358.031,-703.852,251.031,-505.388,387.284,636.715,0,1,1.000,1.000,0,0,0,0
178.687,-213.509,-313.911,178.481,500.613,351.409,-706.687,244.409,-492.599,391.990,629.531,0,2,1.000,1.000,0,0,0,0
182.951,-203.581,-313.824,178.311,496.349,341.481,-710.951,234.481,-496.775,381.892,626.599,0,2,1.000,1.000,0,0,0,0
185.800,-196.965,-313.810,178.285,493.500,334.865,-713.800,227.865,-499.610,375.250,624.838,0,2,1.000,1.000,0,0,0,0
189.370,-188.700,-313.804,178.274,489.930,326.600,-717.370,219.600,-503.174,366.974,622.779,0,2,1.000,1.000,0,0,0,0
193.666,-178.787,-313.803,178.272,485.634,316.687,-721.666,209.687,-507.469,357.059,620.496,0,2,1.000,1.000,0,0,0,0
196.537,-172.182,-313.803,178.271,482.763,310.082,-724.537,203.082,-510.340,350.453,619.083,0,2,1.000,1.000,0,0,0,0
200.135,-163.930,-313.803,178.271,479.165,301.830,-728.135,194.830,-513.938,342.201,617.441,0,2,1.000,1.000,0,0,0,0
204.466,-154.033,-313.803,178.271,474.834,291.933,-732.466,184.933,-518.269,332.304,615.653,0,2,1.000,1.000,0,0,0,0
208.086,-145.792,-313.803,178.271,471.214,283.692,-736.086,176.692,-521.889,324.063,614.316,0,2,1.000,1.000,0,0,0,0
210.989,-139.202,-313.803,178.271,468.311,277.102,-738.989,170.102,-524.792,317.473,613.348,0,2,1.000,1.000,0,0,0,0
215.357,-129.324,-313.803,178.271,463.943,267.224,-743.357,160.224,-529.160,307.595,612.066,0,2,1.000,1.000,0,0,0,0
219.008,-121.097,-313.803,178.271,460.292,258.997,-747.008,151.997,-532.811,299.368,611.154,0,2,1.000,1.000,0,0,0,0
222.671,-112.876,-313.803,178.271,456.629,250.776,-750.671,143.776,-536.474,291.147,610.386,0,2,1.000,1.000,0,0,0,0
226.345,-104.661,-313.803,178.271,452.956,242.561,-754.345,135.561,-540.147,282.932,609.762,0,2,1.000,1.000,0,0,0,0
230.030,-96.451,-324.309,172.725,449.270,234.351,-758.030,127.351,-554.339,269.176,616.237,0,0,1.000,1.000,0,0,0,0
233.727,-88.246,-339.777,175.301,445.574,226.147,-761.727,119.147,-573.503,263.548,631.160,0,1,1.000,1.000,0,0,0,0
236.693,-81.687,-336.278,182.138,442.607,219.587,-764.693,112.587,-572.971,263.825,630.793,0,1,1.000,1.000,0,0,0,0
241.157,-71.856,-331.036,192.382,438.143,209.756,-769.157,102.756,-572.193,264.238,630.259,0,1,1.000,1.000,0,0,0,0
244.891,-63.671,-331.756,190.598,434.409,201.571,-772.891,94.571,-576.647,254.269,630.217,0,1,1.000,1.000,0,0,0,0
248.638,-55.491,-335.873,181.939,430.662,193.391,-776.638,86.391,-584.511,237.430,630.893,0,1,1.000,1.000,0,0,0,0
251.645,-48.953,-339.167,175.011,427.655,186.853,-779.645,79.853,-590.812,223.964,631.838,0,1,1.000,1.000,0,0,0,0
255.417,-40.786,-343.284,166.351,423.883,178.686,-783.417,71.686,-598.701,207.137,633.521,0,1,1.000,1.000,0,0,0,0
259.901,-30.784,-348.225,155.959,419.400,168.684,-787.901,61.684,-608.125,186.743,636.152,0,1,1.000,1.000,0,0,0,0
262.916,-24.179,-351.519,149.032,416.384,162.079,-790.916,55.079,-614.435,173.211,638.382,0,1,1.000,1.000,0,0,0,0
266.722,-15.997,-355.636,140.372,412.578,153.897,-794.722,46.897,-622.358,156.369,641.701,0,1,1.000,1.000,0,0,0,0
271.324,-6.222,-360.577,129.980,407.976,144.123,-799.324,37.122,-631.900,136.203,646.413,0,1,1.000,1.000,0,0,0,0
275.181,1.904,-364.694,121.320,404.119,135.996,-803.181,28.996,-639.875,119.416,650.922,0,1,1.000,1.000,0,0,0,0
278.279,8.397,-367.988,114.393,401.021,129.503,-806.279,22.503,-646.267,105.996,654.902,0,1,1.000,1.000,0,0,0,0
282.169,16.504,-372.105,105.733,397.131,121.396,-810.169,14.396,-654.274,89.229,660.330,0,1,1.000,1.000,0,0,0,0
286.860,26.220,-377.046,95.341,392.440,111.680,-814.860,4.680,-663.906,69.122,667.494,0,1,1.000,1.000,0,0,0,0
290.790,34.305,-381.163,86.682,388.510,103.595,-818.790,-3.405,-671.953,52.377,673.991,0,1,1.000,1.000,0,0,0,0
294.740,42.379,-385.280,78.022,384.560,95.521,-822.740,-11.479,-680.020,35.642,680.954,0,1,1.000,1.000,0,0,0,0
297.914,48.831,-388.574,71.094,381.386,89.069,-825.914,-17.931,-686.489,22.263,686.849,0,1,1.000,1.000,0,0,0,0
301.902,56.886,-392.691,62.434,377.398,81.014,-829.902,-25.986,-694.593,5.548,694.615,0,1,1.000,1.000,0,0,0,0
306.716,66.536,-397.632,52.043,372.584,71.364,-834.716,-35.636,-704.348,-14.493,704.498,0,1,1.000,1.000,0,0,0,0
310.754,74.563,-401.749,43.383,368.546,63.337,-838.754,-43.663,-712.504,-31.180,713.185,0,1,1.000,1.000,0,0,0,0
314.817,82.576,-405.867,34.723,364.483,55.324,-842.817,-51.676,-720.684,-47.853,722.271,0,1,1.000,1.000,0,0,0,0
318.907,90.575,-409.984,26.064,360.393,47.325,-846.907,-59.675,-728.891,-64.512,731.740,0,1,1.000,1.000,0,0,0,0
323.024,98.559,-414.101,17.404,356.276,39.341,-851.024,-67.659,-737.126,-81.155,741.580,0,1,1.000,1.000,0,0,0,0
327.172,106.525,-418.219,8.744,352.128,31.375,-855.172,-75.625,-745.390,-97.781,751.777,0,1,1.000,1.000,0,0,0,0
330.513,112.885,-421.512,1.816,348.787,25.015,-858.513,-81.985,-752.025,-111.069,760.183,0,1,1.000,1.000,0,0,0,0
335.566,122.402,-426.453,-8.575,343.734,15.498,-863.566,-91.502,-762.019,-130.977,773.194,0,1,1.000,1.000,0,0,0,0
339.818,130.309,-430.570,-17.235,339.482,7.591,-867.818,-99.409,-770.389,-147.544,784.390,0,1,1.000,1.000,0,0,0,0
343.249,136.617,-433.864,-24.163,336.051,1.283,-871.249,-105.717,-777.114,-160.780,793.572,0,1,1.000,1.000,0,0,0,0
348.471,146.007,-438.805,-34.554,330.829,-8.107,-876.471,-115.107,-787.276,-180.561,807.716,0,1,1.000,1.000,0,0,0,0
352.986,153.622,-437.250,-25.093,326.314,-15.722,-880.986,-122.722,-790.236,-178.714,810.193,0,1,1.000,1.000,0,0,0,0
356.586,159.740,-436.006,-17.523,322.714,-21.840,-884.586,-128.840,-792.592,-177.263,812.173,0,1,1.000,1.000,0,0,0,0
362.049,159.737,-434.141,-6.169,317.251,-21.837,-890.049,-128.837,-796.189,-165.907,813.291,0,1,1.000,-1.000,0,0,0,0
366.695,152.055,-432.586,3.293,312.605,-14.155,-894.695,-121.155,-799.280,-148.762,813.006,0,1,1.000,-1.000,0,0,0,0
371.354,144.392,-428.706,8.691,307.947,-6.492,-899.354,-113.492,-800.059,-135.702,811.486,0,0,1.000,-1.000,0,0,0,0
375.087,138.269,-425.538,11.944,304.213,-0.369,-903.087,-107.369,-800.625,-126.326,810.530,0,0,1.000,-1.000,0,0,0,0
379.762,130.622,-421.667,15.920,299.538,7.278,-907.762,-99.722,-801.428,-114.703,809.595,0,0,1.000,-1.000,0,0,0,0
385.381,121.453,-417.147,20.561,293.919,16.447,-913.381,-90.553,-802.528,-100.892,808.846,0,0,1.000,-1.000,0,0,0,0
389.134,115.344,-414.209,23.579,290.166,22.556,-917.134,-84.444,-803.342,-91.766,808.567,0,0,1.000,-1.000,0,0,0,0
394.772,106.187,-409.910,27.993,284.529,31.713,-922.772,-75.287,-804.682,-78.194,808.473,0,0,1.000,-1.000,0,0,0,0
399.478,98.562,-406.426,31.572,279.822,39.338,-927.478,-67.662,-805.904,-66.991,808.686,0,0,1.000,-1.000,0,0,0,0
404.193,90.942,-403.027,35.062,275.107,46.958,-932.193,-60.042,-807.220,-55.881,809.156,0,0,1.000,-1.000,0,0,0,0
407.971,84.850,-400.369,37.792,271.330,53.050,-935.971,-53.950,-808.340,-47.059,809.714,0,0,1.000,-1.000,0,0,0,0
413.647,75.719,-396.481,41.785,265.653,62.181,-941.647,-44.819,-810.127,-33.934,810.848,0,0,1.000,-1.000,0,0,0,0
417.438,69.636,-393.953,44.381,261.862,68.264,-945.438,-38.736,-811.390,-25.255,811.797,0,0,1.000,-1.000,0,0,0,0
422.184,62.037,-390.863,47.554,257.116,75.863,-950.184,-31.137,-813.047,-14.483,813.195,0,0,1.000,-1.000,0,0,0,0
426.939,54.444,-387.850,50.649,252.361,83.456,-954.939,-23.544,-814.789,-3.796,814.825,0,0,1.000,-1.000,0,0,0,0
432.657,45.341,-384.857,53.700,246.643,92.559,-960.657,-14.441,-817.514,8.360,817.584,0,0,1.000,-1.000,0,0,0,0
437.432,37.761,-382.478,56.127,241.868,100.139,-965.432,-6.861,-819.910,18.366,820.142,0,0,1.000,-1.000,0,0,0,0
442.217,30.188,-380.197,58.452,237.083,107.712,-970.217,0.712,-822.414,28.264,822.926,0,0,1.000,-1.000,0,0,0,0
446.051,24.134,-378.443,60.240,233.249,113.766,-974.051,6.766,-824.495,36.106,825.311,0,0,1.000,-1.000,0,0,0,0
450.894,16.651,-369.764,63.467,228.406,121.249,-978.894,14.249,-820.658,46.815,821.992,0,2,1.000,-1.000,0,0,0,0
456.814,7.834,-387.835,70.988,222.486,130.066,-984.814,23.066,-844.648,63.154,847.006,0,0,1.000,-1.000,0,0,0,0
460.706,1.875,-403.235,73.243,218.594,136.025,-988.706,29.025,-863.941,71.368,866.884,0,0,1.000,-1.000,0,0,0,0
465.546,-5.630,-422.058,75.999,213.754,143.530,-993.546,36.530,-887.604,81.629,891.350,0,0,1.000,-1.000,0,0,0,0
471.354,-14.660,-444.030,79.216,207.946,152.560,-999.354,45.560,-915.384,93.876,920.185,0,0,1.000,-1.000,0,0,0,0
476.201,-22.187,-461.842,81.824,203.099,160.087,-1004.201,53.087,-938.044,104.011,943.793,0,0,1.000,-1.000,0,0,0,0
480.087,-28.205,-475.774,83.864,199.213,166.105,-1008.087,59.105,-955.861,112.069,962.409,0,0,1.000,-1.000,0,0,0,0
485.929,-37.223,-496.155,86.848,193.371,175.123,-1013.929,68.123,-982.084,124.071,989.893,0,0,1.000,-1.000,0,0,0,0
44.079,-85.474,59.000,80.600,635.221,223.374,-572.079,116.374,14.921,166.074,166.874,0,0,1.000,1.000,0,0,0,0
44.336,-75.497,59.000,80.600,634.964,213.397,-572.336,106.397,14.664,156.097,156.925,0,0,1.000,1.000,0,0,0,0
44.892,-65.273,59.000,80.600,634.408,203.173,-572.892,96.173,14.108,145.873,146.704,0,0,1.000,1.000,0,0,0,0
45.455,-57.051,59.000,80.600,633.845,194.951,-573.455,87.951,13.545,137.651,138.475,0,0,1.000,1.000,0,0,0,0
46.222,-46.762,59.000,80.600,633.078,184.662,-574.222,77.662,12.778,127.362,128.174,0,0,1.000,1.000,0,0,0,0
47.025,-36.471,59.000,80.600,632.275,174.371,-575.026,67.371,11.975,117.071,117.869,0,0,1.000,1.000,0,0,0,0
48.020,-24.124,59.000,80.600,631.280,162.024,-576.020,55.024,10.980,104.724,105.506,0,0,1.000,1.000,0,0,0,0
48.872,-13.837,59.000,80.600,630.428,151.737,-576.872,44.737,10.128,94.437,95.210,0,0,1.000,1.000,0,0,0,0
49.744,-3.553,59.000,80.600,629.556,141.453,-577.744,34.453,9.256,84.153,84.920,0,0,1.000,1.000,0,0,0,0
50.459,4.672,59.000,80.600,628.841,133.228,-578.459,26.228,8.541,75.928,76.694,0,0,1.000,1.000,0,0,0,0
51.377,14.948,59.000,80.600,627.923,122.952,-579.377,15.952,7.623,65.652,66.425,0,0,1.000,1.000,0,0,0,0
52.520,27.273,59.000,80.600,626.780,110.627,-580.520,3.627,6.480,53.327,54.127,0,0,1.000,1.000,0,0,0,0
54.156,37.309,59.000,80.600,625.144,100.591,-582.156,-6.409,4.844,43.291,44.064,0,0,1.000,1.000,0,0,0,0
55.899,47.018,59.000,80.600,623.401,90.882,-583.899,-16.118,3.101,33.582,34.371,0,0,1.000,1.000,0,0,0,0
57.527,54.693,65.409,54.304,621.773,83.207,-585.527,-23.793,7.882,-0.389,7.892,0,0,1.000,1.000,0,0,0,1
64.984,63.324,73.301,75.967,614.316,74.576,-592.984,-32.424,8.317,12.643,15.133,1,1,1.000,1.000,0,0,0,0
69.857,69.930,78.643,82.252,609.443,67.970,-597.857,-39.030,8.786,12.322,15.133,1,1,1.000,1.000,0,0,0,0
77.619,79.380,87.201,91.093,601.681,58.520,-605.619,-48.480,9.582,11.713,15.133,1,1,1.000,1.000,0,0,0,0
83.193,84.958,93.576,95.967,596.107,52.942,-611.193,-54.058,10.384,11.009,15.133,1,1,1.000,1.000,0,0,0,0
90.657,91.257,102.011,101.263,588.643,46.643,-618.657,-60.357,11.354,10.005,15.133,1,1,1.000,1.000,0,0,0,0
98.682,96.853,110.905,105.776,580.618,41.047,-626.682,-65.953,12.223,8.922,15.133,1,1,1.000,1.000,0,0,0,0
107.222,101.744,120.193,109.541,572.078,36.156,-635.222,-70.844,12.970,7.797,15.133,1,1,1.000,1.000,0,0,0,0
118.060,106.688,131.752,113.132,561.240,31.212,-646.060,-75.788,13.692,6.445,15.133,1,1,1.000,1.000,0,0,0,0
125.751,108.722,97.935,104.468,553.549,29.178,-653.751,-77.822,-27.815,-4.254,28.139,0,0,1.000,-1.000,0,0,0,0
135.481,108.353,78.243,103.842,543.819,29.547,-663.481,-77.453,-57.238,-4.511,57.415,0,0,1.000,-1.000,0,0,0,0
146.055,107.864,55.255,103.111,533.245,30.036,-674.055,-76.964,-90.800,-4.753,90.925,0,0,1.000,-1.000,0,0,0,0
154.867,107.456,36.620,102.518,524.433,30.444,-682.867,-76.556,-118.247,-4.938,118.351,0,0,1.000,-1.000,0,0,0,0
162.223,107.141,22.044,102.054,517.077,30.759,-690.223,-76.241,-140.179,-5.087,140.273,0,0,1.000,-1.000,0,0,0,0
172.567,106.787,4.230,101.488,506.733,31.113,-700.567,-75.887,-168.337,-5.299,168.425,0,0,1.000,-1.000,0,0,0,0
184.334,105.846,-16.565,100.826,494.966,32.054,-712.334,-74.946,-200.899,-5.020,200.970,0,0,1.000,-1.000,0,0,0,0
193.270,105.020,-33.423,100.290,486.030,32.880,-721.270,-74.120,-226.693,-4.730,226.755,0,0,1.000,-1.000,0,0,0,0
200.391,104.410,-46.609,99.871,478.909,33.490,-728.392,-73.510,-247.000,-4.539,247.060,0,0,1.000,-1.000,0,0,0,0
211.066,103.520,-65.898,99.257,468.234,34.380,-739.066,-72.620,-276.964,-4.263,277.025,0,0,1.000,-1.000,0,0,0,0
219.960,102.793,-81.535,98.760,459.340,35.107,-747.960,-71.893,-301.495,-4.033,301.560,0,0,1.000,-1.000,0,0,0,0
227.075,102.217,-93.765,98.371,452.225,35.683,-755.075,-71.317,-320.840,-3.846,320.911,0,0,1.000,-1.000,0,0,0,0
235.954,101.542,-108.712,97.895,443.346,36.358,-763.954,-70.642,-344.666,-3.647,344.746,0,0,1.000,-1.000,0,0,0,0
244.780,101.046,-122.741,97.449,434.520,36.854,-772.780,-70.146,-367.521,-3.597,367.598,0,0,1.000,-1.000,0,0,0,0
255.358,100.567,-138.942,96.934,423.942,37.333,-783.358,-69.667,-394.300,-3.633,394.372,0,0,1.000,-1.000,0,0,0,0
264.251,100.421,-152.012,96.518,415.049,37.479,-792.251,-69.521,-416.262,-3.903,416.333,0,0,1.000,1.000,0,0,0,0
273.681,100.795,-164.700,96.115,405.619,37.105,-801.681,-69.895,-438.381,-4.680,438.456,0,0,1.000,1.000,0,0,0,0
282.912,100.780,-168.093,77.890,396.388,37.120,-810.912,-69.880,-451.005,-22.890,451.586,0,1,1.000,-1.000,0,0,0,0
291.798,100.065,-159.639,71.697,387.502,37.835,-819.798,-69.165,-451.436,-28.368,452.327,0,1,1.000,-1.000,0,0,0,0
298.911,99.491,-152.638,68.421,380.389,38.409,-826.911,-68.591,-451.549,-31.069,452.616,0,1,1.000,-1.000,0,0,0,0
307.804,98.780,-143.717,64.887,371.497,39.120,-835.804,-67.880,-451.521,-33.893,452.791,0,1,1.000,-1.000,0,0,0,0
318.766,98.380,-132.937,60.863,360.534,39.520,-846.766,-67.480,-451.703,-37.517,453.258,0,1,1.000,1.000,0,0,0,0
326.465,98.695,-125.738,58.214,352.835,39.205,-854.465,-67.795,-452.203,-40.481,454.011,0,1,1.000,1.000,0,0,0,0
336.377,98.772,-116.736,54.911,342.923,39.128,-864.377,-67.872,-453.113,-43.861,455.231,0,1,1.000,-1.000,0,0,0,0
347.626,97.441,-105.933,50.950,331.674,40.459,-875.626,-66.541,-453.559,-46.491,455.935,0,1,1.000,-1.000,0,0,0,0
354.975,96.623,-98.730,48.311,324.325,41.277,-882.975,-65.723,-453.705,-48.312,456.270,0,1,1.000,-1.000,0,0,0,0
365.969,95.442,-87.926,44.352,313.331,42.458,-893.969,-64.542,-453.896,-51.090,456.762,0,1,1.000,-1.000,0,0,0,0
373.308,94.666,-74.971,39.604,305.992,43.234,-901.308,-63.766,-448.279,-55.062,451.648,0,0,1.000,-1.000,0,0,0,0
385.065,94.198,-53.158,31.610,294.236,43.702,-913.065,-63.298,-438.222,-62.587,442.669,0,0,1.000,1.000,0,0,0,0
394.800,94.631,-35.475,25.130,284.500,43.269,-922.800,-63.731,-430.275,-69.500,435.852,0,0,1.000,1.000,0,0,0,0
404.455,95.048,-18.230,18.811,274.845,42.852,-932.455,-64.148,-422.684,-76.238,429.505,0,0,1.000,1.000,0,0,0,0
414.088,95.438,-1.411,12.647,265.212,42.462,-942.088,-64.538,-415.499,-82.790,423.669,0,0,1.000,1.000,0,0,0,0
423.714,95.796,14.991,6.637,255.586,42.104,-951.714,-64.896,-408.723,-89.159,418.338,0,0,1.000,1.000,0,0,0,0
433.337,96.121,30.987,0.775,245.963,41.779,-961.337,-65.221,-402.349,-95.346,413.498,0,0,1.000,1.000,0,0,0,0
441.033,96.357,43.499,-3.810,238.267,41.543,-969.033,-65.457,-397.534,-100.167,409.969,0,0,1.000,1.000,0,0,0,0
452.575,96.668,61.802,-10.517,226.725,41.232,-980.575,-65.768,-390.773,-107.186,405.222,0,0,1.000,1.000,0,0,0,0
460.268,96.846,73.702,-14.878,219.032,41.054,-988.268,-65.946,-386.566,-111.724,402.410,0,0,1.000,1.000,0,0,0,0
469.882,97.033,88.245,-20.207,209.419,40.867,-997.882,-66.133,-381.637,-117.240,399.272,0,0,1.000,1.000,0,0,0,0
481.415,97.202,105.222,-26.429,197.885,40.698,-1009.415,-66.302,-376.193,-123.631,396.037,0,0,1.000,1.000,0,0,0,0
491.023,97.296,118.592,-31.328,188.277,40.604,-1019.023,-66.396,-372.430,-128.624,394.072,0,0,1.000,0.000,0,0,0,0
500.627,97.342,131.387,-36.017,178.673,40.558,-1028.627,-66.442,-369.240,-133.359,392.641,0,0,1.000,0.000,0,0,0,0
510.228,97.339,143.810,-40.570,169.072,40.561,-1038.228,-66.439,-366.417,-137.909,391.567,0,0,1.000,0.000,0,0,0,0
518.035,97.252,153.488,-44.116,161.265,40.648,-1046.035,-66.352,-364.547,-141.368,391.054,0,0,1.000,-1.000,0,0,0,0
530.007,96.924,167.581,-49.281,149.293,40.976,-1058.007,-66.024,-362.426,-146.204,390.861,0,0,1.000,-1.000,0,0,0,0
539.677,96.755,178.946,-53.445,139.623,41.145,-1067.677,-65.855,-360.731,-150.200,390.808,0,0,1.000,-1.000,0,0,0,0
549.284,96.526,189.974,-57.487,130.016,41.374,-1077.284,-65.626,-359.310,-154.013,390.983,0,0,1.000,-1.000,0,0,0,0
558.866,96.225,200.676,-61.408,120.434,41.675,-1086.866,-65.325,-358.190,-157.633,391.398,0,0,1.000,-1.000,0,0,0,0
568.433,95.843,211.058,-65.213,110.867,42.057,-1096.433,-64.943,-357.375,-161.056,392.046,0,0,1.000,-1.000,0,0,0,0
577.905,95.367,221.128,-68.903,101.395,42.533,-1105.905,-64.467,-356.776,-164.270,392.833,0,0,1.000,-1.000,0,0,0,0
585.282,94.877,228.966,-71.775,94.018,43.023,-1113.282,-63.977,-356.317,-166.653,393.419,0,0,1.000,-1.000,0,0,0,0
596.107,93.906,232.282,-58.607,83.193,43.994,-1124.107,-63.006,-363.825,-152.513,394.498,0,1,1.000,-1.000,0,0,0,0
596.983,95.853,240.489,-55.937,82.317,42.047,-1124.983,-64.953,-356.494,-151.790,387.464,0,1,-1.000,1.000,0,0,0,0
590.107,101.453,247.632,-45.243,89.193,36.447,-1118.107,-70.553,-342.475,-146.696,372.571,0,1,-1.000,1.000,0,0,0,0
583.287,107.055,252.035,-34.121,96.013,30.845,-1111.287,-76.155,-331.252,-141.175,360.081,0,1,-1.000,1.000,0,0,0,0
576.571,112.818,257.971,-26.354,102.729,25.082,-1104.571,-81.918,-318.600,-139.172,347.670,0,1,-1.000,1.000,0,0,0,0
568.543,119.822,265.830,-17.928,110.757,18.078,-1096.543,-88.922,-302.713,-137.750,332.581,0,1,-1.000,1.000,0,0,0,0
563.193,124.507,271.200,-12.449,116.107,13.393,-1091.193,-93.607,-291.993,-136.956,322.517,0,1,-1.000,1.000,0,0,0,0
556.502,130.360,277.958,-5.647,122.798,7.540,-1084.502,-99.460,-278.544,-136.007,309.976,0,1,-1.000,1.000,0,0,0,0
548.467,137.378,286.088,2.496,130.833,0.522,-1076.467,-106.478,-262.380,-134.882,295.019,0,1,-1.000,1.000,0,0,0,0
543.106,142.052,291.510,7.922,136.194,-4.152,-1071.106,-111.152,-251.596,-134.130,285.116,0,1,-1.000,1.000,0,0,0,0
535.058,149.055,299.646,16.059,144.242,-11.155,-1063.058,-118.155,-235.412,-132.996,270.383,0,1,-1.000,1.000,0,0,0,0
529.689,153.718,291.308,27.136,149.611,-15.818,-1057.689,-122.818,-238.380,-126.582,269.904,0,1,-1.000,1.000,0,0,0,0
522.183,159.365,273.375,32.429,157.117,-21.465,-1050.183,-128.465,-248.808,-126.936,279.317,0,1,-1.000,1.000,0,0,0,0
514.161,164.907,264.199,37.534,165.139,-27.007,-1042.161,-134.007,-249.963,-127.373,280.545,0,1,-1.000,1.000,0,0,0,0
506.156,170.467,256.793,43.749,173.144,-32.567,-1034.156,-139.567,-249.363,-126.718,279.713,0,1,-1.000,1.000,0,0,0,0
496.570,177.164,248.470,51.703,182.730,-39.264,-1024.570,-146.264,-248.100,-125.461,278.018,0,1,-1.000,1.000,0,0,0,0
488.600,182.767,241.647,58.441,190.701,-44.867,-1016.599,-151.867,-246.953,-124.326,276.482,0,1,-1.000,1.000,0,0,0,0
482.236,187.263,236.213,63.855,197.064,-49.363,-1010.236,-156.363,-246.023,-123.408,275.240,0,1,-1.000,1.000,0,0,0,0
474.297,192.903,238.222,75.518,205.003,-55.003,-1002.297,-162.003,-236.075,-117.385,263.649,0,1,-1.000,1.000,0,0,0,0
466.377,198.564,242.438,86.234,212.923,-60.664,-994.377,-167.664,-223.939,-112.331,250.533,0,1,-1.000,1.000,0,0,0,0
456.899,205.387,243.791,97.837,222.401,-67.487,-984.899,-174.487,-213.108,-107.550,238.709,0,1,-1.000,1.000,0,0,0,0
449.023,211.099,244.080,107.431,230.277,-73.199,-977.023,-180.199,-204.943,-103.668,229.671,0,1,-1.000,1.000,0,0,0,0
441.168,216.835,244.163,117.020,238.132,-78.935,-969.168,-185.935,-197.006,-99.816,220.849,0,1,-1.000,1.000,0,0,0,0
434.900,221.443,244.184,124.691,244.400,-83.543,-962.900,-190.543,-190.717,-96.752,213.855,0,1,-1.000,1.000,0,0,0,0
427.087,227.226,244.192,134.279,252.213,-89.325,-955.087,-196.326,-182.895,-92.946,205.157,0,1,-1.000,1.000,0,0,0,0
418.376,233.922,256.408,141.931,260.924,-96.022,-946.376,-203.022,-161.968,-91.990,186.268,0,1,-1.000,1.000,0,0,0,0
412.778,238.399,264.480,145.661,266.522,-100.499,-940.778,-207.499,-148.298,-92.738,174.907,0,1,-1.000,1.000,0,0,0,0
405.829,244.020,272.175,151.650,273.471,-106.120,-933.829,-213.120,-133.653,-92.371,162.467,0,1,-1.000,1.000,0,0,0,0
397.524,250.793,280.583,159.525,281.776,-112.893,-925.524,-219.893,-116.941,-91.267,148.340,0,1,-1.000,1.000,0,0,0,0
392.002,255.322,286.057,164.900,287.298,-117.422,-920.002,-224.422,-105.944,-90.422,139.285,0,1,-1.000,1.000,0,0,0,0
383.738,262.137,283.295,178.766,295.562,-124.237,-911.738,-231.237,-100.444,-83.371,130.536,0,1,-1.000,1.000,0,0,0,0
378.243,266.696,279.943,187.245,301.057,-128.796,-906.243,-235.796,-98.299,-79.451,126.393,0,1,-1.000,1.000,0,0,0,0
371.389,272.412,278.652,196.937,307.911,-134.512,-899.389,-241.512,-92.737,-75.475,119.568,0,1,-1.000,1.000,0,0,0,0
367.286,275.549,287.549,210.264,312.015,-137.649,-895.286,-244.649,-79.736,-65.285,103.053,0,0,0.000,-1.000,0,0,0,0
367.286,274.641,314.597,232.512,312.015,-136.741,-895.286,-243.741,-52.688,-42.129,67.460,0,0,0.000,-1.000,0,0,0,0
367.286,273.884,336.524,250.548,312.015,-135.984,-895.286,-242.984,-30.762,-23.336,38.613,0,0,0.000,-1.000,0,0,0,0
367.429,273.154,377.402,253.953,311.871,-135.254,-895.429,-242.254,9.973,-19.201,21.637,0,2,1.000,-1.000,0,0,0,0
367.880,272.550,368.096,242.434,311.420,-134.650,-895.880,-241.650,0.216,-30.116,30.117,0,2,1.000,-1.000,0,0,0,0
368.458,272.466,361.384,238.097,310.842,-134.566,-896.458,-241.566,-7.074,-34.369,35.090,0,2,1.000,1.000,0,0,0,0
369.164,272.731,352.664,234.020,310.136,-134.831,-897.164,-241.831,-16.500,-38.711,42.081,0,2,1.000,1.000,0,0,0,0
370.063,272.858,342.019,229.644,309.237,-134.958,-898.063,-241.958,-28.043,-43.213,51.515,0,2,1.000,1.000,0,0,0,0
369.831,273.082,333.111,226.097,309.469,-135.182,-897.831,-242.182,-36.720,-46.985,59.632,0,2,-1.000,0.000,0,0,0,0
369.091,273.013,324.195,222.569,310.209,-135.113,-897.091,-242.113,-44.897,-50.444,67.530,0,2,-1.000,-1.000,0,0,0,0
369.305,272.336,315.276,219.047,309.995,-134.436,-897.305,-241.436,-54.029,-53.289,75.887,0,2,1.000,-1.000,0,0,0,0
369.696,271.874,308.141,216.230,309.604,-133.974,-897.696,-240.974,-61.555,-55.644,82.978,0,2,1.000,-1.000,0,0,0,0
370.136,271.116,297.439,212.005,309.164,-133.216,-898.136,-240.216,-72.697,-59.111,93.696,0,2,0.000,-1.000,0,0,0,0
370.134,270.511,290.304,209.189,309.166,-132.611,-898.134,-239.611,-79.830,-61.322,100.664,0,2,0.000,-1.000,0,0,0,0
370.133,269.603,279.601,204.964,309.167,-131.703,-898.133,-238.703,-90.532,-64.639,111.240,0,2,0.000,-1.000,0,0,0,0
370.133,268.846,270.682,201.443,309.167,-130.946,-898.133,-237.946,-99.451,-67.403,120.140,0,2,0.000,-1.000,0,0,0,0
369.950,268.142,248.047,194.228,309.350,-130.242,-897.950,-237.242,-121.903,-73.915,142.561,0,1,-1.000,-1.000,0,0,0,0
369.285,267.802,237.073,182.225,310.016,-129.902,-897.284,-236.902,-132.211,-85.577,157.491,0,1,-1.000,-1.000,0,0,0,0
368.687,267.707,238.863,165.786,310.613,-129.807,-896.687,-236.807,-129.824,-101.922,165.053,0,1,-1.000,-1.000,0,0,0,0
368.013,267.375,246.131,152.233,311.287,-129.475,-896.013,-236.475,-121.882,-115.143,167.670,0,1,-1.000,-1.000,0,0,0,0
369.004,265.919,248.507,142.302,310.296,-128.019,-897.004,-235.019,-120.497,-123.617,172.629,0,1,1.000,-1.000,0,0,0,0
377.784,259.461,251.674,131.351,301.516,-121.561,-905.784,-228.561,-126.110,-128.110,179.766,0,1,1.000,-1.000,0,0,0,0
385.112,254.085,265.897,127.021,294.188,-116.185,-913.112,-223.185,-119.215,-127.063,174.234,0,1,1.000,-1.000,0,0,0,0
390.980,249.802,272.936,122.817,288.320,-111.902,-918.980,-218.902,-118.045,-126.985,173.377,0,1,1.000,-1.000,0,0,0,0
398.310,244.524,280.286,116.556,280.990,-106.624,-926.310,-213.624,-118.024,-127.968,174.085,0,1,1.000,-1.000,0,0,0,0
407.109,238.269,288.594,108.588,272.191,-100.369,-935.109,-207.369,-118.515,-129.681,175.679,0,1,1.000,-1.000,0,0,0,0
412.980,234.130,294.051,103.196,266.320,-96.230,-940.980,-203.230,-118.930,-130.935,176.884,0,1,1.000,-1.000,0,0,0,0
421.798,227.955,309.709,110.920,257.502,-90.055,-949.798,-197.055,-112.089,-117.035,162.053,0,1,1.000,-1.000,0,0,0,0
429.405,222.367,319.573,113.071,249.895,-84.467,-957.405,-191.467,-109.832,-109.297,154.948,0,1,1.000,-1.000,0,0,0,0
435.900,217.698,327.264,113.598,243.400,-79.798,-963.900,-186.798,-108.636,-104.100,150.461,0,1,1.000,-1.000,0,0,0,0
445.906,210.741,338.774,113.846,233.395,-72.841,-973.906,-179.841,-107.132,-96.895,144.450,0,1,1.000,-1.000,0,0,0,0
452.632,206.130,346.445,113.890,226.668,-68.230,-980.632,-175.230,-106.188,-92.240,140.656,0,1,1.000,-1.000,0,0,0,0
462.757,199.243,357.951,113.909,216.543,-61.343,-990.757,-168.343,-104.806,-85.334,135.152,0,1,1.000,-1.000,0,0,0,0
471.211,193.525,367.540,113.913,208.089,-55.625,-999.211,-162.625,-103.672,-79.612,130.713,0,1,1.000,-1.000,0,0,0,0
479.677,187.825,378.771,86.577,199.623,-49.925,-1007.677,-156.925,-100.906,-101.248,142.945,0,0,1.000,-1.000,0,0,0,0
488.153,182.145,389.724,59.918,191.147,-44.245,-1016.153,-151.245,-98.429,-122.227,156.932,0,0,1.000,-1.000,0,0,0,0
496.639,176.485,400.406,33.919,182.661,-38.584,-1024.639,-145.585,-96.233,-142.566,172.006,0,0,1.000,-1.000,0,0,0,0
505.136,170.846,410.824,8.563,174.164,-32.946,-1033.136,-139.946,-94.313,-162.282,187.700,0,0,1.000,-1.000,0,0,0,0
513.708,165.261,420.983,-16.165,165.592,-27.361,-1041.708,-134.361,-92.725,-181.426,203.752,0,0,1.000,-1.000,0,0,0,0
522.305,159.699,430.891,-40.281,156.995,-21.799,-1050.305,-128.799,-91.414,-199.980,219.890,0,0,1.000,-1.000,0,0,0,0
530.862,154.137,440.554,-63.800,148.438,-16.237,-1058.862,-123.237,-90.308,-217.937,235.919,0,0,1.000,-1.000,0,0,0,0
539.416,148.597,449.978,-86.737,139.884,-10.697,-1067.416,-117.697,-89.437,-235.334,251.774,0,0,1.000,-1.000,0,0,0,0
546.265,144.186,457.349,-104.678,133.035,-6.285,-1074.265,-113.286,-88.916,-248.863,264.295,0,0,1.000,-1.000,0,0,0,0
556.663,137.676,468.132,-130.923,122.637,0.224,-1084.663,-106.776,-88.531,-268.599,282.850,0,0,1.000,-1.000,0,0,0,0
565.742,132.909,476.873,-152.198,113.558,4.991,-1093.742,-102.009,-88.868,-285.107,298.687,0,0,1.000,-1.000,0,0,0,0
572.964,129.293,483.710,-168.839,106.336,8.607,-1100.964,-98.393,-89.253,-298.132,311.269,0,0,1.000,-1.000,0,0,0,0
581.509,123.897,491.907,-188.790,97.791,14.003,-1109.509,-92.997,-89.602,-312.686,325.338,0,0,1.000,-1.000,0,0,0,0
589.211,119.194,499.802,-208.005,90.089,18.706,-1117.211,-88.294,-89.409,-327.200,339.260,0,0,1.000,-1.000,0,0,0,0
598.438,114.004,508.989,-230.367,80.862,23.896,-1126.438,-83.104,-89.448,-344.370,355.859,0,0,1.000,-1.000,0,0,0,0
600.000,109.703,516.413,-248.435,79.300,28.197,-1128.000,-78.803,-83.587,-358.138,367.823,0,0,1.000,-1.000,0,0,0,0
600.000,105.491,523.631,-266.003,79.300,32.409,-1128.000,-74.591,-76.369,-371.494,379.321,0,0,1.000,-1.000,0,0,0,0
595.205,106.422,530.648,-283.083,84.095,31.478,-1123.205,-75.522,-64.557,-389.504,394.874,0,0,-1.000,1.000,0,0,0,0
588.882,109.773,536.121,-296.403,90.418,28.127,-1116.882,-78.873,-52.762,-406.176,409.642,0,0,-1.000,1.000,0,0,0,0
579.590,114.947,544.100,-315.824,99.710,22.953,-1107.590,-84.047,-35.490,-430.771,432.282,0,0,-1.000,1.000,0,0,0,0
576.552,116.355,549.270,-328.408,102.748,21.546,-1104.552,-85.454,-27.282,-444.763,445.648,0,0,1.000,-1.000,0,0,0,0
577.349,115.944,556.813,-346.766,101.951,21.956,-1105.349,-85.044,-20.537,-462.710,463.213,0,0,1.000,-1.000,0,0,0,0
577.744,115.499,561.715,-358.697,101.556,22.401,-1105.744,-84.599,-16.029,-474.196,474.515,0,0,1.000,-1.000,0,0,0,0
577.829,114.753,567.706,-373.278,101.471,23.147,-1105.829,-83.853,-10.123,-488.031,488.186,0,0,0.000,-1.000,0,0,0,0
577.727,114.004,573.548,-387.499,101.573,23.896,-1105.727,-83.104,-4.179,-501.503,501.572,0,0,-1.000,-1.000,0,0,0,0
577.569,113.264,579.196,-401.244,101.731,24.636,-1105.569,-82.364,1.626,-514.508,514.563,0,0,-1.000,-1.000,0,0,0,0
577.264,112.412,585.912,-377.258,102.036,25.488,-1105.264,-81.512,8.648,-489.670,489.746,0,1,-1.000,-1.000,0,0,0,0
577.045,111.688,573.533,-353.519,102.255,26.212,-1105.045,-80.788,-3.512,-465.207,465.220,0,1,-1.000,-1.000,0,0,0,0
576.702,111.034,549.054,-346.779,102.599,26.866,-1104.701,-80.134,-27.647,-457.813,458.648,0,1,-1.000,-1.000,0,0,0,0
576.142,110.814,554.648,-336.620,103.158,27.086,-1104.142,-79.914,-21.494,-447.434,447.951,0,1,-1.000,-1.000,0,0,0,0
575.475,110.509,556.995,-326.700,103.825,27.391,-1103.475,-79.609,-18.480,-437.209,437.600,0,1,-1.000,-1.000,0,0,0,0
575.273,109.667,538.602,-309.156,104.027,28.233,-1103.273,-78.767,-36.671,-418.824,420.426,0,0,1.000,-1.000,0,0,0,0
575.592,108.983,515.681,-291.445,103.708,28.917,-1103.592,-78.083,-59.910,-400.428,404.885,0,0,1.000,-1.000,0,0,0,0
575.998,108.345,493.328,-274.172,103.302,29.555,-1103.998,-77.445,-82.670,-382.517,391.348,0,0,1.000,-1.000,0,0,0,0
576.423,107.718,471.528,-257.326,102.877,30.182,-1104.423,-76.818,-104.895,-365.045,379.817,0,0,1.000,-1.000,0,0,0,0
576.847,107.092,450.268,-240.898,102.453,30.808,-1104.847,-76.192,-126.580,-347.990,370.298,0,0,1.000,-1.000,0,0,0,0
577.157,106.420,429.534,-224.876,102.143,31.480,-1105.157,-75.520,-147.623,-331.296,362.702,0,0,0.000,-1.000,0,0,0,0
576.750,105.821,409.313,-209.250,102.550,32.079,-1104.750,-74.921,-167.438,-315.071,356.806,0,0,-1.000,-1.000,0,0,0,0
576.026,105.617,389.592,-194.012,103.275,32.283,-1104.025,-74.717,-186.433,-299.629,352.907,0,0,-1.000,-1.000,0,0,0,0
575.282,105.649,360.327,-194.872,104.018,32.251,-1103.282,-74.749,-214.955,-300.521,369.484,0,2,-1.000,1.000,0,0,0,0
567.969,96.760,393.659,-288.000,111.332,41.140,-1095.969,-65.860,-174.310,-384.760,422.403,0,2,-1.000,-1.000,0,0,1,0
549.842,74.395,446.804,-200.125,129.458,63.505,-1077.842,-43.495,-103.038,-274.520,293.221,0,2,-1.000,-1.000,0,0,0,0
531.083,52.559,408.001,-96.836,148.217,85.341,-1059.083,-21.659,-123.082,-149.394,193.566,0,2,-1.000,-1.000,0,0,0,0
507.685,27.145,331.801,-57.438,171.615,110.755,-1035.685,3.755,-175.885,-84.583,195.166,0,2,-1.000,-1.000,0,0,0,0
491.517,10.745,323.856,-52.968,187.783,127.155,-1019.517,20.155,-167.660,-63.714,179.358,0,2,-1.000,-1.000,0,0,0,0
470.624,-9.058,315.310,-47.551,208.676,146.958,-998.624,39.958,-155.314,-38.492,160.013,0,2,-1.000,-1.000,0,0,0,0
444.488,-31.644,305.601,-41.109,234.812,169.544,-972.488,62.544,-138.887,-9.464,139.209,0,2,-1.000,-1.000,0,0,0,0
426.378,-45.871,299.212,-36.823,252.922,183.771,-954.378,76.771,-127.167,9.048,127.488,0,2,-1.000,-1.000,0,0,0,0
402.920,-62.553,291.247,-31.468,276.380,200.453,-930.920,93.453,-111.673,31.085,115.919,0,2,-1.000,-1.000,0,0,0,0
378.499,-77.789,283.290,-26.113,300.801,215.689,-906.499,108.689,-95.209,51.675,108.329,0,2,-1.000,-1.000,0,0,0,0
347.855,-93.710,273.744,-19.689,331.446,231.610,-875.855,124.610,-74.111,74.021,104.745,0,2,-1.000,-1.000,0,0,0,0
326.588,-102.537,267.380,-285.858,352.712,240.437,-854.588,133.437,-59.208,-183.322,192.646,0,2,-1.000,-1.000,0,0,0,0
299.079,-110.970,259.425,-280.504,380.221,248.870,-827.079,141.870,-39.654,-169.534,174.110,0,2,-1.000,-1.000,0,0,0,0
270.685,-115.536,251.471,-275.150,408.615,253.436,-798.685,146.436,-19.215,-159.614,160.767,0,2,-1.000,-1.000,0,0,0,0
247.624,-113.181,243.516,-269.796,431.676,251.081,-775.624,144.081,-4.108,-156.615,156.669,0,2,1.000,1.000,0,0,0,0
248.507,-102.192,233.970,-263.372,430.793,240.092,-776.507,133.092,-14.537,-161.179,161.833,0,2,1.000,1.000,0,0,0,0
249.233,-93.296,226.015,-258.018,430.067,231.196,-777.233,124.196,-23.218,-164.722,166.350,0,2,1.000,1.000,0,0,0,0
249.946,-84.401,218.061,-252.664,429.354,222.301,-777.946,115.301,-31.886,-168.262,171.257,0,2,1.000,1.000,0,0,0,0
250.509,-77.286,211.697,-248.380,428.791,215.186,-778.509,108.186,-38.813,-171.095,175.442,0,2,1.000,1.000,0,0,0,0
251.205,-68.391,203.742,-243.026,428.095,206.291,-779.205,99.291,-47.462,-174.635,180.970,0,2,1.000,1.000,0,0,0,0
252.027,-57.717,194.197,-236.602,427.274,195.617,-780.027,88.617,-57.830,-178.884,188.000,0,2,1.000,1.000,0,0,0,0
252.701,-48.822,186.242,-231.248,426.599,186.722,-780.701,79.722,-66.459,-182.426,194.155,0,2,1.000,1.000,0,0,0,0
253.281,-39.959,178.287,-225.894,426.019,177.859,-781.281,70.859,-74.994,-185.934,200.489,0,2,1.000,1.000,0,0,0,0
231.186,-46.440,171.923,-221.610,448.114,184.340,-759.186,77.340,-59.263,-175.170,184.924,0,2,-1.000,-1.000,0,0,1,0
197.240,-52.711,162.378,-215.186,482.060,190.611,-725.240,83.611,-34.863,-162.475,166.173,0,2,-1.000,-1.000,0,0,0,0
168.499,-53.707,154.423,-209.832,510.801,191.607,-696.499,84.607,-14.076,-156.124,156.758,0,2,-1.000,1.000,0,0,0,0
152.570,-48.336,146.468,-204.478,526.730,186.236,-680.570,79.236,-6.101,-156.142,156.261,0,2,1.000,1.000,0,0,0,0
155.689,-39.946,138.514,-199.124,523.611,177.846,-683.689,70.846,-17.175,-159.178,160.101,0,2,1.000,1.000,0,0,0,0
158.215,-33.220,132.150,-194.840,521.085,171.120,-686.215,64.120,-26.065,-161.620,163.708,0,2,1.000,1.000,0,0,0,0
161.335,-24.816,124.195,-189.486,517.965,162.716,-689.335,55.716,-37.140,-164.670,168.807,0,2,1.000,1.000,0,0,0,0
164.529,-14.716,137.112,-184.122,514.771,152.616,-692.529,45.616,-27.417,-169.405,171.610,0,0,1.000,1.000,0,0,0,0
167.341,-6.339,166.011,-180.606,511.959,144.239,-695.341,37.239,-1.330,-174.267,174.272,0,0,1.000,1.000,0,0,0,0
169.583,0.365,188.614,-177.856,509.717,137.535,-697.583,30.535,19.031,-178.221,179.234,0,0,1.000,1.000,0,0,0,0
172.379,8.746,216.238,-174.495,506.921,129.154,-700.379,22.154,43.860,-183.241,188.418,0,0,1.000,1.000,0,0,0,0
175.403,17.145,243.179,-171.217,503.897,120.755,-703.403,13.755,67.775,-188.362,200.187,0,0,1.000,1.000,0,0,0,0
179.306,27.331,274.628,-167.391,499.994,110.569,-707.306,3.569,95.323,-194.722,216.807,0,0,1.000,1.000,0,0,0,0
182.460,35.784,300.124,-164.289,496.840,102.116,-710.460,-4.884,117.664,-200.073,232.117,0,0,1.000,1.000,0,0,0,0
185.574,44.232,324.988,-161.264,493.726,93.668,-713.574,-13.332,139.414,-205.496,248.339,0,0,1.000,1.000,0,0,0,0
188.048,50.992,344.435,-158.898,491.252,86.908,-716.048,-20.092,156.387,-209.890,261.766,0,0,1.000,1.000,0,0,0,0
191.123,59.446,368.202,-156.006,488.177,78.454,-719.123,-28.546,177.079,-215.452,278.915,0,0,1.000,1.000,0,0,0,0
194.790,69.597,395.948,-152.630,484.510,68.303,-722.790,-38.697,201.158,-222.228,299.793,0,0,1.000,1.000,0,0,0,0
197.827,78.062,418.440,-149.894,481.473,59.838,-725.827,-47.162,220.613,-227.956,317.287,0,0,1.000,1.000,0,0,0,0
200.243,84.839,435.878,-147.772,479.057,53.061,-728.243,-53.939,235.635,-232.611,331.174,0,0,1.000,1.000,0,0,0,0
203.247,93.314,456.724,-145.236,476.053,44.586,-731.247,-62.414,253.478,-238.550,348.140,0,0,1.000,1.000,0,0,0,0
206.825,103.493,489.433,-127.528,472.475,34.407,-734.825,-72.593,282.608,-231.020,365.017,0,1,1.000,1.000,0,0,0,0
209.195,110.284,489.433,-127.528,470.105,27.616,-737.195,-79.384,280.238,-237.811,367.543,0,1,1.000,1.000,0,0,0,0
212.224,118.822,489.433,-127.528,467.076,19.078,-740.224,-87.922,277.209,-246.349,370.854,0,1,1.000,1.000,0,0,0,0
215.374,127.471,489.433,-127.528,463.926,10.429,-743.374,-96.571,274.059,-254.999,374.343,0,1,1.000,1.000,0,0,0,0
219.182,137.936,489.433,-127.528,460.118,-0.036,-747.182,-107.036,270.252,-265.464,378.823,0,1,1.000,1.000,0,0,0,0
222.334,146.693,489.433,-127.528,456.966,-8.793,-750.334,-115.793,267.099,-274.220,382.804,0,1,1.000,1.000,0,0,0,0
224.832,153.713,489.433,-127.528,454.468,-15.813,-752.832,-122.813,264.602,-281.240,386.148,0,1,1.000,1.000,0,0,0,0
228.530,164.261,489.433,-127.528,450.770,-26.361,-756.530,-133.361,260.903,-291.788,391.422,0,1,1.000,1.000,0,0,0,0
231.563,173.066,472.979,-126.886,447.737,-35.166,-759.563,-142.166,241.416,-299.952,385.036,0,2,1.000,1.000,0,0,0,0
233.954,180.120,457.981,-118.489,445.346,-42.220,-761.954,-149.220,224.027,-298.610,373.304,0,2,1.000,1.000,0,0,0,0
247.423,162.791,434.652,-118.418,431.877,-24.891,-775.423,-131.891,187.229,-281.208,337.835,0,2,1.000,-1.000,0,0,1,0
266.073,133.712,414.826,-131.368,413.227,4.188,-794.073,-102.812,148.753,-265.080,303.965,0,2,1.000,-1.000,0,0,0,0
280.918,109.047,405.227,-131.783,398.382,28.853,-808.918,-78.147,124.310,-240.830,271.020,0,2,1.000,-1.000,0,0,0,0
292.266,89.006,397.556,-131.875,387.034,48.894,-820.266,-58.106,105.290,-220.882,244.693,0,2,1.000,-1.000,0,0,0,0
305.683,63.537,387.967,-131.908,373.617,74.363,-833.683,-32.637,82.284,-195.445,212.060,0,2,1.000,-1.000,0,0,0,0
320.429,32.301,376.461,-131.914,358.871,105.599,-848.429,-1.401,56.031,-164.215,173.511,0,2,1.000,-1.000,0,0,0,0
331.309,5.650,366.872,-131.913,347.991,132.250,-859.309,25.250,35.563,-137.564,142.086,0,2,1.000,-1.000,0,0,0,0
340.527,-21.617,357.284,-131.911,338.773,159.517,-868.527,52.517,16.757,-110.294,111.560,0,2,1.000,-1.000,0,0,0,0
347.510,-49.535,347.695,-131.908,331.790,187.435,-875.510,80.435,0.184,-82.373,82.373,0,2,1.000,-1.000,0,0,0,0
351.257,-78.056,338.106,-131.905,328.043,215.956,-879.257,108.956,-13.151,-53.849,55.432,0,2,1.000,-1.000,0,0,0,0
349.670,-106.730,328.518,-131.902,329.630,244.630,-877.670,137.630,-21.153,-25.172,32.880,0,2,-1.000,-1.000,0,0,0,0
353.542,-109.161,321.669,-126.339,325.758,247.061,-881.542,140.061,-31.874,-17.178,36.208,0,2,1.000,1.000,0,0,0,0
361.416,-103.144,313.468,-120.540,317.884,241.044,-889.416,134.044,-47.949,-17.396,51.007,0,2,1.000,1.000,0,0,0,0
370.504,-96.067,303.118,-115.443,308.796,233.967,-898.504,126.967,-67.386,-19.376,70.116,0,2,1.000,1.000,0,0,0,0
377.959,-90.317,294.357,-111.544,301.341,228.217,-905.959,121.217,-83.602,-21.226,86.255,0,2,1.000,1.000,0,0,0,0
383.822,-85.891,287.325,-108.478,295.478,223.792,-911.822,116.792,-96.497,-22.587,99.105,0,2,1.000,1.000,0,0,0,0
392.599,-79.351,276.767,-103.904,286.701,217.251,-920.599,110.251,-115.832,-24.553,118.405,0,2,1.000,1.000,0,0,0,0
398.442,-75.067,269.727,-100.858,280.858,212.967,-926.442,105.967,-128.716,-25.791,131.274,0,2,1.000,1.000,0,0,0,0
407.260,-68.636,259.165,-96.291,272.040,206.536,-935.260,99.536,-148.095,-27.655,150.655,0,2,1.000,1.000,0,0,0,0
415.193,-62.729,250.364,-92.486,264.107,200.629,-943.193,93.629,-164.829,-29.757,167.493,0,2,1.000,1.000,0,0,0,0
421.782,-58.006,243.323,-89.442,257.518,195.906,-949.782,88.906,-178.459,-31.436,181.207,0,2,1.000,1.000,0,0,0,0
422.822,-54.543,234.522,-85.636,256.478,192.443,-950.822,85.443,-188.300,-31.093,190.850,0,2,-1.000,-1.000,0,0,1,0
394.589,-60.167,225.721,-81.831,284.711,198.067,-922.589,91.067,-168.868,-21.664,170.252,0,2,-1.000,-1.000,0,0,0,0
366.182,-64.828,216.919,-78.026,313.119,202.728,-894.182,95.728,-149.262,-13.198,149.845,0,2,-1.000,-1.000,0,0,0,0
331.893,-69.016,206.358,-73.460,347.407,206.916,-859.893,99.916,-125.536,-4.443,125.614,0,2,-1.000,-1.000,0,0,0,0
303.189,-71.198,197.556,-69.654,376.111,209.098,-831.189,102.098,-105.633,1.543,105.644,0,2,-1.000,-1.000,0,0,0,0
280.173,-71.978,190.515,-66.610,399.127,209.878,-808.173,102.878,-89.658,5.368,89.818,0,2,-1.000,-1.000,0,0,0,0
245.640,-71.291,179.954,-62.044,433.660,209.191,-773.640,102.191,-65.687,9.247,66.334,0,2,-1.000,1.000,0,0,0,0
216.977,-68.675,171.152,-58.239,462.323,206.575,-744.977,99.575,-45.825,10.437,46.998,0,2,-1.000,1.000,0,0,0,0
194.270,-64.857,208.632,-60.088,485.030,202.757,-722.270,95.757,14.362,4.769,15.133,0,0,1.000,1.000,0,0,0,0
205.282,-60.323,219.641,-91.887,474.018,198.223,-733.282,91.223,14.359,-31.564,34.677,0,2,1.000,1.000,0,0,0,0
214.491,-56.563,203.451,-91.109,464.809,194.463,-742.491,87.463,-11.040,-34.547,36.269,0,0,1.000,1.000,0,0,0,1
223.711,-52.817,198.660,-89.080,455.589,190.717,-751.711,83.717,-25.050,-36.263,44.085,0,0,1.000,1.000,0,0,0,0
231.091,-49.830,194.920,-87.333,448.209,187.730,-759.091,80.730,-36.172,-37.503,52.131,0,0,1.000,1.000,0,0,0,0
242.169,-45.368,189.448,-84.778,437.131,183.268,-770.169,76.268,-52.721,-39.409,65.880,0,0,1.000,1.000,0,0,0,0
249.867,-42.756,185.890,-83.116,429.434,180.656,-777.867,73.656,-63.977,-40.360,75.726,0,0,1.000,1.000,0,0,0,0
261.190,-40.030,180.685,-80.685,418.110,177.930,-789.190,70.930,-80.505,-40.655,90.316,0,0,1.000,1.000,0,0,0,0
269.932,-37.692,176.466,-78.715,409.368,175.592,-797.932,68.592,-93.466,-41.023,102.245,0,0,1.000,1.000,0,0,0,0
278.442,-35.186,172.597,-76.994,400.858,173.086,-806.442,66.086,-105.846,-41.808,113.997,0,0,1.000,1.000,0,0,0,0
286.929,-32.646,169.191,-75.623,392.371,170.546,-814.929,63.546,-117.738,-42.977,125.512,0,0,1.000,1.000,0,0,0,0
295.408,-30.092,165.923,-74.307,383.892,167.992,-823.408,60.992,-129.484,-44.215,136.986,0,0,1.000,1.000,0,0,0,0
302.188,-28.043,132.801,-68.536,377.112,165.943,-830.188,58.943,-169.387,-40.493,174.160,0,0,1.000,1.000,0,0,0,0
310.662,-25.476,107.960,-62.979,368.638,163.376,-838.662,56.376,-202.702,-37.503,206.142,0,0,1.000,1.000,0,0,0,0
320.827,-22.388,78.977,-56.225,358.473,160.288,-848.827,53.288,-241.850,-33.837,244.206,0,0,1.000,1.000,0,0,0,0
329.296,-19.809,55.282,-21.165,350.004,157.709,-857.296,50.709,-274.014,-1.356,274.018,0,2,1.000,1.000,0,0,0,0
307.963,-19.718,55.018,-23.235,371.337,157.618,-835.963,50.618,-252.945,-3.518,252.969,0,2,-1.000,-1.000,0,0,1,0
284.936,-20.143,54.998,-23.708,394.364,158.043,-812.936,51.043,-229.938,-3.565,229.966,0,2,-1.000,-1.000,0,0,0,0
250.395,-20.781,54.994,-23.899,428.905,158.681,-778.395,51.681,-195.401,-3.118,195.426,0,2,-1.000,-1.000,0,0,0,0
221.612,-21.313,54.994,-23.933,457.688,159.213,-749.612,52.213,-166.618,-2.620,166.639,0,2,-1.000,-1.000,0,0,0,0
192.828,-21.844,67.151,-24.229,486.472,159.744,-720.828,52.744,-125.677,-2.385,125.699,0,1,0.000,0.000,0,0,0,0
201.750,-19.542,81.395,-6.463,477.550,157.442,-729.750,50.442,-120.354,13.078,121.063,0,1,1.000,1.000,0,0,0,0
211.147,-16.580,102.725,1.057,468.153,154.480,-739.147,47.480,-108.422,17.637,109.847,0,1,1.000,1.000,0,0,0,0
218.677,-14.223,115.602,0.922,460.623,152.123,-746.677,45.123,-103.075,15.145,104.182,0,1,1.000,1.000,0,0,0,0
229.979,-10.705,125.273,7.229,449.321,148.605,-757.979,41.605,-104.707,17.934,106.231,0,1,1.000,1.000,0,0,0,0
237.886,-8.568,131.514,11.691,441.415,146.468,-765.886,39.468,-106.372,20.259,108.284,0,1,1.000,1.000,0,0,0,0
247.988,-6.366,139.261,17.342,431.312,144.266,-775.988,37.266,-108.728,23.708,111.282,0,1,1.000,1.000,0,0,0,0
260.090,-4.011,148.535,24.152,419.210,141.912,-788.090,34.911,-111.554,28.163,115.054,0,1,1.000,1.000,0,0,0,0
268.138,-2.493,154.716,28.696,411.162,140.393,-796.138,33.393,-113.422,31.189,117.633,0,1,1.000,1.000,0,0,0,0
280.196,-0.231,163.985,35.514,399.104,138.131,-808.196,31.131,-116.212,35.745,121.585,0,1,1.000,1.000,0,0,0,0
288.230,1.278,170.164,40.060,391.070,136.622,-816.230,29.622,-118.067,38.782,124.273,0,1,1.000,1.000,0,0,0,0
298.268,3.171,192.417,29.666,381.032,134.729,-826.268,27.729,-105.852,26.495,109.117,0,0,1.000,1.000,0,0,0,0
310.073,6.418,222.710,12.799,369.227,131.482,-838.073,24.482,-87.363,6.380,87.596,0,0,1.000,1.000,0,0,0,0
317.699,8.761,242.406,1.833,361.601,129.139,-845.699,22.139,-75.293,-6.928,75.612,0,0,1.000,1.000,0,0,0,0
329.208,12.213,271.219,-14.210,350.092,125.687,-857.208,18.687,-57.990,-26.423,63.731,0,0,1.000,1.000,0,0,0,0
337.212,14.237,289.951,-24.640,342.089,123.664,-865.212,16.663,-47.260,-38.877,61.206,0,0,1.000,1.000,0,0,0,0
348.791,17.644,317.355,-39.898,330.509,120.256,-876.791,13.256,-31.435,-57.542,65.592,0,0,1.000,1.000,0,0,0,0
358.549,20.385,339.571,-52.268,320.751,117.515,-886.549,10.515,-18.978,-72.653,75.126,0,0,1.000,1.000,0,0,0,0
366.626,22.202,356.947,-61.942,312.675,115.698,-894.626,8.698,-9.679,-84.144,84.748,0,0,1.000,1.000,0,0,0,0
378.750,24.572,382.366,-76.095,300.550,113.328,-906.750,6.328,3.616,-100.667,100.803,0,0,1.000,1.000,0,0,0,0
388.824,26.451,402.972,-87.569,290.476,111.449,-916.824,4.449,14.148,-114.020,114.986,0,0,1.000,1.000,0,0,0,0
394.232,21.830,423.069,-98.758,285.068,116.070,-922.232,9.070,28.836,-120.588,124.110,0,0,1.000,-1.000,0,0,0,0
397.319,13.283,442.668,-109.671,281.981,124.617,-925.319,17.617,45.349,-122.954,131.211,0,0,1.000,-1.000,0,0,0,0
401.275,5.139,461.302,-120.046,278.025,132.762,-929.275,25.761,60.027,-125.185,138.991,0,0,1.000,-1.000,0,0,0,0
406.205,-2.467,489.433,-127.528,273.095,140.367,-934.205,33.367,83.228,-125.061,150.224,0,1,1.000,-1.000,0,0,0,0
411.708,-9.718,489.433,-127.528,267.592,147.618,-939.708,40.618,77.725,-117.810,141.140,0,1,1.000,-1.000,0,0,0,0
417.176,-16.989,489.433,-127.528,262.124,154.890,-945.176,47.889,72.257,-110.538,132.060,0,1,1.000,-1.000,0,0,0,0
421.526,-22.823,489.433,-127.528,257.774,160.723,-949.526,53.723,67.907,-104.704,124.797,0,1,1.000,-1.000,0,0,0,0
428.006,-31.603,489.433,-127.528,251.294,169.503,-956.006,62.503,61.427,-95.924,113.907,0,1,1.000,-1.000,0,0,0,0
433.559,-38.812,493.770,-117.953,245.742,176.712,-961.559,69.712,60.211,-79.141,99.442,0,1,1.000,-1.000,0,0,0,0
439.809,-45.477,496.501,-107.910,239.491,183.378,-967.809,76.377,56.692,-62.432,84.331,0,1,1.000,-1.000,0,0,0,0
446.389,-51.852,476.634,-86.031,232.912,189.752,-974.389,82.752,30.245,-34.179,45.640,0,0,1.000,-1.000,0,0,0,0
451.660,-56.941,464.932,-70.907,227.641,194.841,-979.659,87.841,13.272,-13.966,19.267,0,0,1.000,-1.000,0,1,0,0
458.570,-62.940,497.516,-90.609,220.731,200.840,-986.570,93.840,38.946,-27.670,47.775,0,1,1.000,-1.000,0,0,0,0
468.035,-68.767,497.516,-90.609,211.266,206.667,-996.035,99.667,29.481,-21.842,36.691,0,1,1.000,-1.000,0,0,0,0
475.811,-73.781,497.516,-90.609,203.489,211.681,-1003.811,104.681,21.705,-16.829,27.465,0,1,1.000,-1.000,0,0,0,0
481.933,-77.925,497.516,-90.609,197.367,215.825,-1009.933,108.825,15.583,-12.684,20.093,0,1,1.000,-1.000,0,0,0,0
492.364,-77.673,499.176,-79.963,186.936,215.573,-1020.364,108.573,6.812,-2.290,7.187,0,2,1.000,-1.000,0,0,0,0
497.367,-82.354,497.926,-87.532,181.933,220.254,-1025.367,113.254,0.559,-5.178,5.208,0,2,1.000,-1.000,0,0,0,0
497.065,-92.979,496.050,-98.884,182.235,230.879,-1025.065,123.879,-1.015,-5.905,5.991,0,2,-1.000,-1.000,0,0,0,0
495.744,-101.756,494.487,-108.345,183.556,239.656,-1023.744,132.656,-1.257,-6.589,6.708,0,2,-1.000,-1.000,0,0,0,0
496.223,-105.429,489.112,-112.379,183.077,243.329,-1024.223,136.329,-7.111,-6.950,9.943,0,2,1.000,1.000,0,0,0,0
502.831,-97.506,512.226,-85.642,176.470,235.406,-1030.831,128.406,9.395,11.863,15.133,0,0,1.000,1.000,0,0,0,1
510.287,-87.703,538.076,-54.549,169.013,225.603,-1038.287,118.603,27.788,33.154,43.259,0,1,1.000,1.000,0,0,0,0
515.937,-79.506,538.076,-54.549,163.363,217.406,-1043.937,110.406,22.138,24.957,33.361,0,1,1.000,1.000,0,0,0,0
521.483,-71.402,538.076,-54.549,157.817,209.302,-1049.483,102.302,16.592,16.853,23.650,0,1,1.000,1.000,0,0,0,0
527.021,-63.347,538.076,-54.549,152.279,201.247,-1055.021,94.247,11.055,8.798,14.128,0,1,1.000,1.000,0,0,0,0
531.463,-56.928,538.076,-54.549,147.837,194.828,-1059.463,87.828,6.613,2.379,7.027,0,1,1.000,1.000,0,0,0,0
537.345,-48.807,533.260,-44.962,141.955,186.707,-1065.345,79.707,-4.086,3.845,5.611,0,1,1.000,1.000,0,0,0,0
545.164,-39.163,530.877,-33.151,134.137,177.063,-1073.164,70.063,-14.287,6.012,15.500,0,1,1.000,1.000,0,0,0,0
550.588,-33.010,530.410,-25.465,128.712,170.910,-1078.588,63.910,-20.177,7.545,21.542,0,1,1.000,1.000,0,0,0,0
558.714,-23.733,544.938,-19.054,120.586,161.633,-1086.714,54.633,-13.776,4.679,14.549,0,1,1.000,1.000,0,0,0,0
565.428,-15.905,553.686,-13.733,113.872,153.806,-1093.427,46.805,-11.742,2.172,11.941,0,1,1.000,1.000,0,0,0,0
570.779,-9.619,559.585,-8.744,108.521,147.520,-1098.779,40.519,-11.194,0.876,11.228,0,1,1.000,1.000,0,0,0,0
577.309,-1.599,566.549,-2.142,101.991,139.499,-1105.309,32.499,-10.760,-0.543,10.774,0,1,1.000,1.000,0,0,0,0
584.339,8.176,581.500,-7.711,94.961,129.724,-1112.339,22.724,-2.839,-15.887,16.139,0,1,1.000,1.000,0,0,0,0
589.857,15.785,590.113,-17.498,89.443,122.115,-1117.857,15.115,0.257,-33.283,33.284,0,1,1.000,1.000,0,0,0,0
594.598,21.097,593.427,-27.963,84.702,116.803,-1122.598,9.803,-1.171,-49.060,49.074,0,1,1.000,1.000,0,0,0,0
600.000,27.803,588.174,-41.461,79.300,110.097,-1128.000,3.097,-11.826,-69.265,70.267,0,1,1.000,1.000,0,0,0,0
600.000,34.397,566.829,-40.678,79.300,103.503,-1128.000,-3.497,-33.171,-75.075,82.077,0,1,1.000,1.000,0,0,0,0
600.000,40.593,590.082,-38.207,79.300,97.307,-1128.000,-9.693,-9.918,-78.800,79.421,0,1,1.000,1.000,0,0,0,0
600.000,47.437,592.492,-9.668,79.300,90.463,-1128.000,-16.537,-7.508,-57.105,57.596,0,1,1.000,1.000,0,0,0,0
600.000,52.598,570.307,5.625,79.300,85.302,-1128.000,-21.698,-29.693,-46.972,55.570,0,1,1.000,1.000,0,0,0,0
600.000,57.232,555.369,8.814,79.300,80.668,-1128.000,-26.332,-44.631,-48.418,65.850,0,1,1.000,1.000,0,0,0,0
600.000,60.555,549.419,13.761,79.300,77.345,-1128.000,-29.655,-50.581,-46.795,68.907,0,1,1.000,1.000,0,0,0,0
600.000,64.919,555.028,28.473,79.300,72.981,-1128.000,-34.019,-44.972,-36.446,57.886,0,1,1.000,1.000,0,0,0,0
600.000,67.415,557.253,36.496,79.300,70.485,-1128.000,-36.515,-42.747,-30.919,52.757,0,1,-1.000,-1.000,0,0,0,0
596.591,58.228,568.006,43.438,82.709,79.672,-1124.591,-27.328,-28.586,-14.790,32.185,0,1,-1.000,-1.000,0,0,0,0
592.494,47.388,581.610,47.139,86.806,90.512,-1120.494,-16.488,-10.884,-0.249,10.887,0,1,-1.000,-1.000,0,0,0,0
589.037,38.505,595.583,39.553,90.263,99.395,-1117.037,-7.605,6.546,1.048,6.629,0,1,-1.000,-1.000,0,0,0,0
585.504,29.728,605.539,37.091,93.796,108.172,-1113.504,1.172,20.034,7.363,21.344,0,1,-1.000,-1.000,0,0,0,0
586.786,28.575,599.389,40.823,92.514,109.325,-1114.786,2.325,12.603,12.247,17.607,0,0,1.000,1.000,0,0,0,0
594.261,36.180,608.437,53.307,85.039,101.720,-1122.261,-5.280,14.176,17.128,22.960,0,0,1.000,1.000,0,0,0,0
597.565,41.983,595.671,74.042,81.735,95.917,-1125.565,-11.083,-1.894,32.058,32.114,0,0,-1.000,1.000,0,0,1,0
600.000,51.586,606.911,65.049,79.300,86.314,-1128.000,-20.686,6.911,13.463,15.133,1,1,1.000,1.000,0,0,0,0
600.000,59.412,606.971,72.844,79.300,78.488,-1128.000,-28.512,6.971,13.432,15.133,1,1,1.000,1.000,0,0,0,0
600.000,67.218,607.036,80.616,79.300,70.682,-1128.000,-36.318,7.036,13.398,15.133,1,1,1.000,1.000,0,0,0,0
600.000,75.002,607.105,88.364,79.300,62.898,-1128.000,-44.102,7.104,13.362,15.133,1,1,1.000,1.000,0,0,0,0
600.000,81.213,607.162,94.544,79.300,56.687,-1128.000,-50.313,7.162,13.331,15.133,1,1,1.000,1.000,0,0,0,0
600.000,90.504,607.241,103.793,79.300,47.396,-1128.000,-59.604,7.241,13.289,15.133,1,1,1.000,1.000,0,0,0,0
600.000,96.682,607.296,109.940,79.300,41.218,-1128.000,-65.782,7.296,13.258,15.133,1,1,1.000,1.000,0,0,0,0
598.318,102.873,604.582,116.649,80.982,35.027,-1126.318,-71.973,6.264,13.776,15.133,1,1,-1.000,1.000,0,0,0,0
591.495,105.869,582.390,117.957,87.805,32.031,-1119.495,-74.969,-9.105,12.088,15.133,1,1,-1.000,1.000,0,0,0,0
581.146,110.406,567.954,117.822,98.154,27.494,-1109.146,-79.506,-13.192,7.416,15.133,1,1,-1.000,1.000,0,0,0,0
574.256,113.448,560.617,120.004,105.044,24.452,-1102.256,-82.548,-13.640,6.556,15.133,1,1,-1.000,1.000,0,0,0,0
563.737,118.114,549.943,124.338,115.563,19.786,-1091.737,-87.214,-13.794,6.224,15.133,1,1,-1.000,1.000,0,0,0,0
565.119,117.515,585.379,109.980,114.182,20.385,-1093.119,-86.615,20.260,-7.535,21.616,0,0,1.000,-1.000,0,0,0,0
572.065,114.234,599.899,104.373,107.236,23.666,-1100.064,-83.334,27.835,-9.861,29.530,0,0,1.000,-1.000,0,0,0,0
580.816,110.183,617.645,97.521,98.484,27.717,-1108.816,-79.283,36.829,-12.662,38.946,0,0,1.000,-1.000,0,0,0,0
591.052,105.626,638.361,89.522,88.248,32.274,-1119.052,-74.726,47.308,-16.104,49.978,0,0,1.000,-1.000,0,0,0,0
44.000,-93.000,59.000,80.600,635.300,230.900,-572.000,123.900,15.000,173.600,174.373,0,0,1.000,1.000,0,0,0,0
45.722,-81.904,59.000,80.600,633.578,219.804,-573.722,112.804,13.278,162.504,163.181,0,0,1.000,1.000,0,0,0,0
46.905,-71.728,59.000,80.600,632.395,209.628,-574.905,102.628,12.095,152.328,152.952,0,0,1.000,1.000,0,0,0,0
47.561,-63.470,59.000,80.600,631.739,201.370,-575.561,94.370,11.439,144.070,144.676,0,0,1.000,1.000,0,0,0,0
48.270,-53.146,59.000,80.600,631.030,191.046,-576.270,84.046,10.730,133.746,134.340,0,0,1.000,1.000,0,0,0,0
49.076,-40.763,59.000,80.600,630.224,178.663,-577.076,71.663,9.924,121.363,121.949,0,0,1.000,1.000,0,0,0,0
49.611,-32.511,59.000,80.600,629.689,170.411,-577.611,63.411,9.389,113.111,113.694,0,0,1.000,1.000,0,0,0,0
50.288,-22.197,59.000,80.600,629.012,160.098,-578.288,53.097,8.712,102.798,103.379,0,0,1.000,1.000,0,0,0,0
