TotalTime,MyPosX,MyPosZ,BallPosX,BallPosZ,DistToBall,HasBallTeam,DistToRivalGoal,ScoreTeam1,ScoreTeam2,DistBallToMyGoal,DistClosestAlly,DistClosestEnemy,InputX,InputZ,ActionShoot,ActionPass
0.15,39.00,287.00,59.00,80.60,207.47,0,0.00,0,0,0.00,0.00,101.32,0.00,0.00,0,0
0.29,39.00,287.00,59.00,80.60,207.47,0,0.00,0,0,0.00,0.00,101.32,0.00,0.00,0,0
0.31,39.00,287.00,59.00,80.60,207.47,0,0.00,0,0,0.00,0.00,101.32,0.00,0.00,0,0
0.41,39.00,287.00,59.00,80.60,207.47,0,0.00,0,0,0.00,0.00,101.32,0.00,0.00,0,0
0.50,39.00,287.00,59.00,80.60,207.47,0,0.00,0,0,0.00,0.00,101.32,0.00,0.00,0,0
0.60,39.00,287.00,59.00,80.60,207.47,0,0.00,0,0,0.00,0.00,101.32,0.00,0.00,0,0
0.70,39.00,287.00,59.00,80.60,207.47,0,0.00,0,0,0.00,0.00,101.32,0.00,0.00,0,0
0.80,39.00,287.00,59.00,80.60,207.47,0,0.00,0,0,0.00,0.00,101.32,0.00,0.00,0,0
0.90,39.00,287.00,59.00,80.60,207.47,0,0.00,0,0,0.00,0.00,101.32,0.00,-1.00,0,0
1.00,39.00,272.61,59.00,80.60,193.16,0,0.00,0,0,0.00,0.00,101.20,0.00,-1.00,0,0
1.10,39.00,258.22,59.00,80.60,178.87,0,0.00,0,0,0.00,0.00,103.12,0.00,-1.00,0,0
1.21,41.03,244.68,59.00,80.60,165.19,0,0.00,0,0,0.00,0.00,104.75,1.00,-1.00,0,0
1.30,51.21,234.50,59.00,80.60,154.24,0,0.00,0,0,0.00,0.00,99.32,1.00,-1.00,0,0
1.41,57.31,222.64,59.00,80.60,142.21,0,0.00,0,0,0.00,0.00,100.07,0.00,-1.00,0,0
1.50,57.31,208.25,59.00,80.60,127.84,0,0.00,0,0,0.00,0.00,108.82,0.00,-1.00,0,0
1.60,57.31,193.87,59.00,80.60,113.47,0,0.00,0,0,0.00,0.00,118.68,0.00,-1.00,0,0
1.71,57.31,179.48,59.00,80.60,99.11,0,0.00,0,0,0.00,0.00,129.39,0.00,-1.00,0,0
1.81,57.31,165.09,59.00,80.60,84.76,0,0.00,0,0,0.00,0.00,140.76,0.00,-1.00,0,0
1.91,57.31,150.70,59.00,80.60,70.43,0,0.00,0,0,0.00,0.00,152.64,0.00,-1.00,0,0
2.01,57.31,136.31,59.00,80.60,56.13,0,0.00,0,0,0.00,0.00,164.92,0.00,-1.00,0,0
2.11,57.31,121.92,59.00,80.60,41.88,0,0.00,0,0,0.00,0.00,177.51,0.00,-1.00,0,0
2.21,57.31,107.53,57.31,92.40,15.13,1,0.00,0,0,0.00,0.00,190.36,0.00,-1.00,0,0
2.31,63.42,95.67,69.32,81.74,15.13,1,0.00,0,0,0.00,0.00,195.61,1.00,-1.00,0,0
2.40,75.28,89.57,87.68,80.90,15.13,1,0.00,0,0,0.00,0.00,187.19,1.00,0.00,0,0
2.50,89.67,89.57,104.59,87.07,15.13,1,0.00,0,0,0.00,0.00,185.16,1.00,0.00,0,0
2.61,104.06,89.57,119.17,88.87,15.13,1,0.00,0,0,0.00,0.00,184.23,1.00,0.00,0,0
2.71,118.44,89.57,133.58,89.37,15.13,1,0.00,0,0,0.00,0.00,184.42,1.00,0.00,0,0
2.80,132.83,89.57,147.97,89.51,15.13,1,0.00,0,0,0.00,0.00,185.73,1.00,0.00,0,0
2.90,147.22,89.57,162.36,89.55,15.13,1,0.00,0,0,0.00,0.00,188.13,1.00,0.00,0,0
3.01,161.61,89.57,176.74,89.56,15.13,1,0.00,0,0,0.00,0.00,190.66,1.00,0.00,0,0
3.11,176.00,89.57,191.13,89.57,15.13,1,0.00,0,0,0.00,0.00,192.82,1.00,0.00,0,0
3.20,190.39,89.57,205.52,89.57,15.13,1,0.00,0,0,0.00,0.00,196.02,1.00,0.00,0,0
3.31,204.78,89.57,219.91,89.57,15.13,1,0.00,0,0,0.00,0.00,200.20,1.00,0.00,0,0
3.40,219.17,89.57,234.30,89.57,15.13,1,0.00,0,0,0.00,0.00,205.31,1.00,0.00,0,0
3.50,233.55,89.57,248.69,89.57,15.13,1,0.00,0,0,0.00,0.00,211.27,1.00,0.00,0,0
3.61,247.94,89.57,263.08,89.57,15.13,1,0.00,0,0,0.00,0.00,218.03,1.00,0.00,0,0
3.71,262.33,89.57,277.46,89.57,15.13,1,0.00,0,0,0.00,0.00,225.50,1.00,0.00,0,0
3.81,276.72,89.57,291.85,89.57,15.13,1,0.00,0,0,0.00,0.00,233.62,1.00,0.00,0,0
3.90,291.11,89.57,306.24,89.57,15.13,1,0.00,0,0,0.00,0.00,233.13,1.00,0.00,0,0
4.00,305.50,89.57,320.63,89.57,15.13,1,0.00,0,0,0.00,0.00,225.05,1.00,0.00,0,0
4.10,319.89,89.57,335.02,89.57,15.13,1,0.00,0,0,0.00,0.00,217.62,1.00,0.00,0,0
4.21,334.27,89.57,349.41,89.57,15.13,1,0.00,0,0,0.00,0.00,210.91,1.00,0.00,0,0
4.31,348.66,89.57,363.80,89.57,15.13,1,0.00,0,0,0.00,0.00,204.99,1.00,0.00,0,0
4.41,363.05,89.57,378.19,89.57,15.13,1,0.00,0,0,0.00,0.00,199.93,1.00,0.00,0,0
4.50,377.44,89.57,392.57,89.57,15.13,1,0.00,0,0,0.00,0.00,195.81,1.00,0.00,0,0
4.60,391.83,89.57,406.96,89.57,15.13,1,0.00,0,0,0.00,0.00,192.67,1.00,0.00,0,0
4.70,406.22,89.57,421.35,89.57,15.13,1,0.00,0,0,0.00,0.00,190.57,1.00,0.00,0,0
4.81,420.61,89.57,435.74,89.57,15.13,1,0.00,0,0,0.00,0.00,189.54,1.00,0.00,0,0
4.91,434.15,87.53,448.99,84.53,15.13,1,0.00,0,0,0.00,0.00,191.60,1.00,-1.00,0,0
5.01,444.33,77.36,456.65,68.58,15.13,1,0.00,0,0,0.00,0.00,184.89,1.00,-1.00,0,0
5.11,454.50,67.18,465.70,57.00,15.13,1,0.00,0,0,0.00,0.00,176.21,1.00,-1.00,0,0
5.20,460.61,55.32,469.00,42.73,15.13,1,0.00,0,0,0.00,0.00,165.74,0.00,-1.00,0,0
5.31,452.47,44.31,447.31,30.08,15.13,1,0.00,0,0,0.00,0.00,153.32,-1.00,-1.00,0,0
5.40,442.29,34.13,433.10,22.11,15.13,1,0.00,0,0,0.00,0.00,141.72,-1.00,0.00,0,0
5.50,427.90,34.13,413.26,30.32,15.13,1,0.00,0,0,0.00,0.00,140.67,-1.00,0.00,0,0
5.60,413.52,34.13,398.42,33.05,15.13,1,0.00,0,0,0.00,0.00,141.09,-1.00,0.00,0,0
5.70,399.13,34.13,384.00,33.81,15.13,1,0.00,0,0,0.00,0.00,142.96,-1.00,0.00,0,0
5.81,384.74,34.13,369.60,34.05,15.13,1,0.00,0,0,0.00,0.00,146.23,-1.00,0.00,0,0
5.90,370.35,34.13,355.22,34.11,15.13,1,0.00,0,0,0.00,0.00,150.81,-1.00,0.00,0,0
6.00,355.96,34.13,340.83,34.13,15.13,1,0.00,0,0,0.00,0.00,156.58,-1.00,0.00,0,0
6.10,341.57,34.13,326.44,34.13,15.13,1,0.00,0,0,0.00,0.00,163.42,-1.00,0.00,0,0
6.20,327.18,34.13,312.05,34.13,15.13,1,0.00,0,0,0.00,0.00,171.19,-1.00,0.00,0,0
6.31,312.79,34.13,297.66,34.13,15.13,1,0.00,0,0,0.00,0.00,179.79,-1.00,0.00,0,0
6.40,298.41,34.13,283.27,34.13,15.13,1,0.00,0,0,0.00,0.00,189.09,-1.00,0.00,0,0
6.50,284.02,34.13,268.88,34.13,15.13,1,0.00,0,0,0.00,0.00,198.99,-1.00,0.00,0,0
6.60,269.63,34.13,254.49,34.13,15.13,1,0.00,0,0,0.00,0.00,206.00,-1.00,0.00,0,0
6.70,256.08,36.17,241.13,38.51,15.13,1,0.00,0,0,0.00,0.00,195.65,-1.00,1.00,0,0
6.80,245.91,46.34,233.50,55.01,15.13,1,0.00,0,0,0.00,0.00,174.95,-1.00,1.00,0,0
6.91,245.91,60.73,241.28,75.14,15.13,1,0.00,0,0,0.00,0.00,154.77,1.00,1.00,0,0
7.00,256.08,70.91,262.78,84.48,15.13,1,0.00,0,0,0.00,0.00,143.66,1.00,1.00,0,0
7.10,269.63,72.94,283.56,78.85,15.13,1,0.00,0,0,0.00,0.00,142.42,1.00,0.00,0,0
7.21,284.02,72.94,299.05,74.64,15.13,1,0.00,0,0,0.00,0.00,144.23,1.00,0.00,0,0
7.31,298.41,72.94,313.53,73.42,15.13,1,0.00,0,0,0.00,0.00,146.82,1.00,0.00,0,0
7.40,312.79,72.94,330.11,73.29,17.32,0,0.00,0,0,0.00,0.00,150.08,0.00,0.00,0,0
7.50,312.79,72.94,349.61,73.59,36.82,0,0.00,0,0,0.00,0.00,142.94,0.00,0.00,0,0
7.61,312.79,72.94,368.63,73.88,55.85,0,0.00,0,0,0.00,0.00,135.86,0.00,0.00,0,0
7.71,312.79,72.94,387.18,74.16,74.40,0,0.00,0,0,0.00,0.00,128.88,0.00,0.00,0,0
7.81,312.79,72.94,405.27,74.44,92.50,0,0.00,0,0,0.00,0.00,122.02,0.00,0.00,0,0
7.90,312.79,72.94,422.92,74.71,110.15,0,0.00,0,0,0.00,0.00,115.30,0.00,0.00,0,0
8.00,312.79,72.94,440.12,74.97,127.36,0,0.00,0,0,0.00,0.00,108.73,0.00,0.00,0,0
8.10,312.79,72.94,456.90,75.22,144.15,0,0.00,0,0,0.00,0.00,102.36,0.00,0.00,0,0
8.20,312.79,72.94,473.27,75.47,160.53,0,0.00,0,0,0.00,0.00,96.19,0.00,0.00,0,0
8.31,312.79,72.94,489.23,75.72,176.50,0,0.00,0,0,0.00,0.00,90.27,0.00,0.00,0,0
8.41,312.79,72.94,504.79,75.95,192.09,0,0.00,0,0,0.00,0.00,84.64,0.00,0.00,0,0
8.51,312.79,72.94,519.97,76.19,207.29,0,0.00,0,0,0.00,0.00,79.35,0.00,0.00,0,0
8.60,312.79,72.94,534.62,76.41,221.95,0,0.00,0,0,0.00,0.00,74.47,0.00,0.00,0,0
8.70,312.79,72.94,548.40,76.62,235.73,0,0.00,0,0,0.00,0.00,70.07,0.00,0.00,0,0
8.81,312.79,72.94,561.79,76.82,249.11,0,0.00,0,0,0.00,0.00,66.23,0.00,0.00,0,0
8.91,312.79,72.94,574.78,77.02,262.10,0,0.00,0,0,0.00,0.00,63.06,0.00,0.00,0,0
9.01,312.79,72.94,587.40,77.21,274.72,0,0.00,0,0,0.00,0.00,60.65,0.00,0.00,0,0
9.11,312.79,72.94,594.44,86.89,281.99,2,0.00,0,0,0.00,0.00,58.88,0.00,0.00,0,0
9.21,312.79,72.94,593.95,79.72,281.24,2,0.00,0,0,0.00,0.00,58.03,0.00,0.00,0,0
9.30,312.79,61.43,593.46,72.55,280.89,2,0.00,0,0,0.00,0.00,69.12,0.00,-1.00,0,0
9.40,312.79,47.04,592.97,65.38,280.78,2,0.00,0,0,0.00,0.00,83.18,0.00,-1.00,0,0
9.50,312.79,32.65,592.48,58.20,280.85,2,0.00,0,0,0.00,0.00,97.21,0.00,-1.00,0,0
9.61,312.79,18.26,591.99,51.03,281.12,2,0.00,0,0,0.00,0.00,111.15,0.00,-1.00,0,0
9.71,312.79,3.87,591.50,43.86,281.56,2,0.00,0,0,0.00,0.00,124.96,0.00,-1.00,0,0
9.81,314.83,-9.67,591.02,36.69,280.05,2,0.00,0,0,0.00,0.00,137.14,1.00,-1.00,0,0
9.91,328.37,-11.71,590.53,29.52,265.37,2,0.00,0,0,0.00,0.00,134.55,1.00,0.00,0,0
10.01,342.76,-11.71,590.04,22.34,249.61,2,0.00,0,0,0.00,0.00,125.36,1.00,0.00,0,0
10.11,357.15,-11.71,589.55,15.17,233.94,2,0.00,0,0,0.00,0.00,116.46,1.00,0.00,0,0
10.21,368.17,-3.57,589.06,8.00,221.19,2,0.00,0,0,0.00,0.00,113.52,1.00,1.00,0,0
10.31,378.34,6.61,588.57,0.83,210.31,2,0.00,0,0,0.00,0.00,99.64,1.00,1.00,0,0
10.40,388.52,16.78,588.08,-6.34,200.90,2,0.00,0,0,0.00,0.00,85.58,1.00,1.00,0,0
10.50,400.38,22.89,587.97,-5.37,189.71,2,0.00,0,0,0.00,0.00,75.32,1.00,0.00,0,0
10.61,414.77,22.89,590.40,1.39,176.95,2,0.00,0,0,0.00,0.00,71.66,1.00,0.00,0,0
10.71,429.16,22.89,588.48,8.31,159.98,2,0.00,0,0,0.00,0.00,69.13,1.00,-1.00,0,0
10.80,437.30,11.87,586.55,15.24,149.29,2,0.00,0,0,0.00,0.00,77.22,0.00,-1.00,0,0
10.90,437.30,-2.52,584.62,22.17,149.38,2,0.00,0,0,0.00,0.00,87.97,0.00,-1.00,0,0
11.01,437.30,-2.52,583.19,29.14,149.29,2,0.00,0,0,0.00,0.00,85.16,0.00,0.00,0,0
11.10,437.30,-2.52,583.79,36.30,151.55,2,0.00,0,0,0.00,0.00,83.18,0.00,0.00,0,0
11.20,437.30,-2.52,584.38,43.47,154.11,2,0.00,0,0,0.00,0.00,82.13,0.00,1.00,0,0
11.31,437.30,11.87,584.97,50.63,152.68,2,0.00,0,0,0.00,0.00,68.32,0.00,1.00,0,0
11.40,437.30,26.26,585.57,57.79,151.59,2,0.00,0,0,0.00,0.00,56.98,0.00,1.00,0,0
11.50,437.30,40.65,586.16,64.96,150.84,2,0.00,0,0,0.00,0.00,49.50,0.00,1.00,0,0
11.61,437.30,55.04,586.75,72.12,150.43,2,0.00,0,0,0.00,0.00,47.35,0.00,1.00,0,0
11.71,437.30,69.42,587.35,79.29,150.38,2,0.00,0,0,0.00,0.00,50.80,0.00,1.00,0,0
11.81,433.23,82.13,587.94,86.45,154.78,2,0.00,0,0,0.00,0.00,62.27,-1.00,1.00,0,0
11.91,423.05,92.30,588.54,93.62,165.49,2,0.00,0,0,0.00,0.00,80.80,-1.00,1.00,0,0
12.00,411.19,98.41,589.13,100.78,177.95,2,0.00,0,0,0.00,0.00,100.16,-1.00,0.00,0,0
12.10,396.80,98.41,589.72,107.94,193.16,0,0.00,0,0,0.00,0.00,120.62,-1.00,0.00,0,0
12.20,382.41,98.41,588.58,109.04,206.44,0,0.00,0,0,0.00,0.00,141.16,-1.00,0.00,0,0
12.30,368.03,98.41,587.72,109.88,220.00,0,0.00,0,0,0.00,0.00,161.82,-1.00,0.00,0,0
12.40,354.48,100.44,586.88,110.70,232.63,0,0.00,0,0,0.00,0.00,181.84,-1.00,1.00,0,0
12.50,344.30,110.62,586.07,111.49,241.77,0,0.00,0,0,0.00,0.00,187.60,-1.00,1.00,0,0
12.60,344.30,125.00,585.27,112.27,241.31,0,0.00,0,0,0.00,0.00,174.80,1.00,1.00,0,0
12.70,354.48,135.18,568.82,104.09,216.59,2,0.00,0,0,0.00,0.00,161.07,1.00,0.00,0,0
12.80,368.87,135.18,561.68,103.26,195.44,2,0.00,0,0,0.00,0.00,155.13,1.00,0.00,0,0
12.90,383.26,135.18,554.54,102.43,174.39,2,0.00,0,0,0.00,0.00,150.33,1.00,0.00,0,0
13.00,397.65,135.18,547.40,101.60,153.47,2,0.00,0,0,0.00,0.00,142.07,1.00,0.00,0,0
13.10,412.03,135.18,540.26,100.77,132.76,2,0.00,0,0,0.00,0.00,121.86,1.00,0.00,0,0
13.20,423.89,129.07,530.69,105.14,109.45,0,0.00,0,0,0.00,0.00,102.18,1.00,-1.00,0,0
13.30,430.00,117.21,519.45,112.67,89.57,0,0.00,0,0,0.00,0.00,86.10,0.00,-1.00,0,0
13.41,430.00,102.82,508.48,120.01,80.34,0,0.00,0,0,0.00,0.00,76.13,0.00,-1.00,0,0
13.50,430.00,88.44,497.79,127.17,78.08,0,0.00,0,0,0.00,0.00,68.18,0.00,-1.00,0,0
13.60,430.00,76.93,487.36,134.16,81.03,0,0.00,0,0,0.00,0.00,62.35,0.00,0.00,0,0
13.71,430.00,76.93,496.97,138.05,90.67,1,0.00,0,0,0.00,0.00,55.20,0.00,0.00,0,0
13.80,430.00,82.68,491.96,132.88,79.75,1,0.00,0,0,0.00,0.00,47.04,0.00,1.00,0,0
13.90,430.00,97.07,486.97,127.72,64.69,1,0.00,0,0,0.00,0.00,40.75,0.00,1.00,0,0
14.00,425.93,109.77,481.97,122.55,57.48,1,0.00,0,0,0.00,0.00,43.28,-1.00,1.00,0,0
14.11,413.23,113.84,476.97,117.38,63.84,1,0.00,0,0,0.00,0.00,50.62,-1.00,0.00,0,0
14.21,398.84,113.84,471.97,112.22,73.15,1,0.00,0,0,0.00,0.00,57.20,-1.00,0.00,0,0
14.30,384.45,113.84,466.98,107.05,82.81,1,0.00,0,0,0.00,0.00,63.94,-1.00,0.00,0,0
14.41,370.06,113.84,447.41,89.98,80.95,2,0.00,0,0,0.00,0.00,70.79,-1.00,0.00,0,0
14.51,355.67,113.84,440.27,89.15,88.13,2,0.00,0,0,0.00,0.00,77.72,-1.00,0.00,0,0
14.60,341.28,113.84,433.13,88.32,95.32,2,0.00,0,0,0.00,0.00,84.71,-1.00,-1.00,0,0
14.70,331.11,103.67,425.99,87.49,96.25,2,0.00,0,0,0.00,0.00,84.52,-1.00,-1.00,0,0
14.81,320.93,93.49,418.85,86.66,98.15,2,0.00,0,0,0.00,0.00,85.47,-1.00,-1.00,0,0
14.91,310.76,83.32,411.70,85.83,100.98,2,0.00,0,0,0.00,0.00,87.52,-1.00,-1.00,0,0
15.00,299.74,75.18,404.56,85.00,105.28,2,0.00,0,0,0.00,0.00,91.34,-1.00,0.00,0,0
15.10,285.35,75.18,397.42,84.17,112.43,2,0.00,0,0,0.00,0.00,98.56,-1.00,0.00,0,0
15.20,270.96,75.18,390.28,83.34,119.60,2,0.00,0,0,0.00,0.00,105.79,-1.00,0.00,0,0
15.31,261.98,84.16,383.14,82.51,121.17,2,0.00,0,0,0.00,0.00,107.96,0.00,1.00,0,0
15.40,261.98,98.55,376.00,81.68,115.26,2,0.00,0,0,0.00,0.00,103.23,0.00,1.00,0,0
15.50,261.98,112.94,368.86,80.85,111.59,2,0.00,0,0,0.00,0.00,101.11,1.00,1.00,0,0
15.60,273.84,119.04,361.72,80.02,96.15,2,0.00,0,0,0.00,0.00,87.32,1.00,0.00,0,0
15.70,288.23,119.04,354.58,79.19,77.40,2,0.00,0,0,0.00,0.00,70.45,1.00,0.00,0,0
15.81,302.62,119.04,347.44,78.36,60.53,2,0.00,0,0,0.00,0.00,56.84,1.00,0.00,0,0
15.90,317.01,119.04,340.30,77.53,47.60,2,0.00,0,0,0.00,0.00,49.26,1.00,0.00,0,0
16.00,331.40,119.04,333.16,76.70,42.38,2,0.00,0,0,0.00,0.00,50.51,1.00,-1.00,0,0
16.11,341.57,108.87,326.02,75.87,36.48,2,0.00,0,0,0.00,0.00,49.28,0.00,-1.00,0,0
16.20,337.50,96.17,337.16,81.04,15.13,1,0.00,0,0,0.00,0.00,42.58,-1.00,-1.00,0,0
16.30,327.33,85.99,311.74,74.21,19.54,2,0.00,0,0,0.00,0.00,34.53,-1.00,-1.00,0,0
16.40,317.15,75.82,304.59,73.38,12.79,2,0.00,0,0,0.00,0.00,27.67,0.00,-1.00,0,0
16.51,325.29,64.80,297.45,72.55,28.90,2,0.00,0,0,0.00,0.00,41.38,1.00,-1.00,0,0
16.60,335.47,54.63,290.31,71.72,48.28,2,0.00,0,0,0.00,0.00,59.59,1.00,-1.00,0,0
16.70,335.47,43.61,283.17,70.89,58.98,2,0.00,0,0,0.00,0.00,68.95,-1.00,-1.00,0,0
16.80,322.76,39.54,276.03,70.06,55.81,2,0.00,0,0,0.00,0.00,64.77,-1.00,0.00,0,0
16.91,308.38,39.54,268.89,69.23,49.40,2,0.00,0,0,0.00,0.00,57.76,-1.00,0.00,0,0
17.01,293.99,39.54,261.75,68.40,43.27,2,0.00,0,0,0.00,0.00,50.82,-1.00,0.00,0,0
17.10,279.60,39.54,254.61,67.57,37.55,2,0.00,0,0,0.00,0.00,44.00,-1.00,1.00,0,0
17.21,269.42,49.71,256.76,57.99,15.13,1,0.00,0,0,0.00,0.00,36.94,-1.00,1.00,0,0
17.30,259.25,59.89,247.89,69.89,15.13,1,0.00,0,0,0.00,0.00,32.46,-1.00,1.00,0,0
17.40,249.07,70.06,238.18,80.57,15.13,1,0.00,0,0,0.00,0.00,31.68,-1.00,1.00,0,0
17.50,247.04,81.92,241.94,96.17,15.13,1,0.00,0,0,0.00,0.00,42.30,1.00,1.00,0,0
17.60,257.21,92.10,263.83,105.71,15.13,1,0.00,0,0,0.00,0.00,62.80,1.00,1.00,0,0
17.70,267.39,102.27,277.04,113.93,15.13,1,0.00,0,0,0.00,0.00,83.31,1.00,1.00,0,0
17.81,277.56,112.45,287.98,123.42,15.13,1,0.00,0,0,0.00,0.00,103.82,1.00,0.00,0,0
17.90,291.95,112.45,306.65,116.05,15.13,1,0.00,0,0,0.00,0.00,122.73,1.00,0.00,0,0
18.00,306.34,112.45,321.44,113.47,15.13,1,0.00,0,0,0.00,0.00,142.38,1.00,0.00,0,0
18.10,320.73,112.45,335.86,112.75,15.13,1,0.00,0,0,0.00,0.00,162.52,1.00,0.00,0,0
18.20,335.12,112.45,350.25,112.53,15.13,1,0.00,0,0,0.00,0.00,182.98,1.00,0.00,0,0
18.30,349.51,112.45,364.64,112.47,15.13,1,0.00,0,0,0.00,0.00,183.70,1.00,0.00,0,0
18.41,363.90,112.45,380.13,112.46,16.24,0,0.00,0,0,0.00,0.00,178.11,1.00,0.00,0,0
18.51,378.28,112.45,399.73,112.47,21.45,0,0.00,0,0,0.00,0.00,173.53,1.00,0.00,0,0
18.61,384.04,112.45,418.85,112.48,34.81,0,0.00,0,0,0.00,0.00,172.01,0.00,0.00,0,0
18.71,384.04,112.45,437.50,112.49,53.46,0,0.00,0,0,0.00,0.00,172.01,0.00,0.00,0,0
18.81,384.04,112.45,455.68,112.50,71.65,0,0.00,0,0,0.00,0.00,172.01,0.00,0.00,0,0
18.90,384.04,112.45,473.41,112.51,89.38,0,0.00,0,0,0.00,0.00,172.01,0.00,0.00,0,0
19.01,384.04,112.45,490.71,112.52,106.69,0,0.00,0,0,0.00,0.00,172.01,0.00,0.00,0,0
19.10,384.04,112.45,507.58,112.53,123.56,0,0.00,0,0,0.00,0.00,172.01,0.00,0.00,0,0
19.21,384.04,112.45,524.02,112.54,140.02,0,0.00,0,0,0.00,0.00,172.01,0.00,0.00,0,0
19.31,384.04,112.45,540.07,112.55,156.08,0,0.00,0,0,0.00,0.00,172.01,0.00,0.00,0,0
19.41,384.04,112.45,555.71,112.55,171.74,0,0.00,0,0,0.00,0.00,172.01,0.00,0.00,0,0
19.50,384.04,112.45,570.97,112.56,187.02,0,0.00,0,0,0.00,0.00,172.01,0.00,0.00,0,0
19.60,384.04,112.45,585.85,112.57,201.92,0,0.00,0,0,0.00,0.00,172.01,0.00,0.00,0,0
19.70,384.04,112.45,599.68,112.58,215.74,0,0.00,0,0,0.00,0.00,172.01,0.00,0.00,0,0
19.80,384.04,112.45,613.15,112.59,229.20,0,0.00,0,0,0.00,0.00,172.01,0.00,0.00,0,0
19.91,384.04,112.45,626.22,112.59,242.28,0,0.00,0,0,0.00,0.00,172.01,0.00,0.00,0,0
20.00,384.04,112.45,638.92,112.60,254.97,0,0.00,0,0,0.00,0.00,172.01,0.00,0.00,0,0
20.10,39.00,287.00,651.24,112.61,636.62,0,0.00,0,0,0.00,0.00,101.32,0.00,0.00,0,0
20.20,39.00,287.00,663.20,112.62,648.14,0,0.00,0,0,0.00,0.00,101.32,0.00,0.00,0,0
20.31,39.00,287.00,669.85,112.62,654.53,0,0.00,0,0,0.00,0.00,101.32,0.00,0.00,0,0
20.40,39.00,287.00,669.81,112.63,654.49,0,0.00,0,0,0.00,0.00,101.32,0.00,0.00,0,0
20.50,39.00,287.00,669.81,112.63,654.48,0,0.00,0,0,0.00,0.00,101.32,0.00,0.00,0,0
20.60,39.00,287.00,669.81,112.63,654.48,0,0.00,0,0,0.00,0.00,101.32,0.00,0.00,0,0
20.71,39.00,278.37,669.81,112.64,652.23,0,0.00,0,0,0.00,0.00,101.00,0.00,-1.00,0,0
20.80,39.00,263.98,669.81,112.64,648.72,0,0.00,0,0,0.00,0.00,102.11,0.00,-1.00,0,0
20.90,39.00,249.59,669.81,112.65,645.51,0,0.00,0,0,0.00,0.00,105.20,0.00,-1.00,0,0
21.01,39.00,235.20,669.81,112.65,642.61,0,0.00,0,0,0.00,0.00,110.09,0.00,-1.00,0,0
21.11,39.00,220.81,59.00,80.60,141.77,0,0.00,0,0,0.00,0.00,116.56,0.00,-1.00,0,0
21.20,39.00,206.42,59.00,80.60,127.56,0,0.00,0,0,0.00,0.00,124.37,0.00,-1.00,0,0
21.30,39.00,192.03,59.00,80.60,113.41,0,0.00,0,0,0.00,0.00,133.28,0.00,-1.00,0,0
21.40,39.00,177.65,59.00,80.60,99.31,0,0.00,0,0,0.00,0.00,143.09,0.00,-1.00,0,0
21.51,47.14,166.63,59.00,80.60,87.10,0,0.00,0,0,0.00,0.00,145.78,1.00,-1.00,0,0
21.61,57.31,156.45,59.00,80.60,76.16,0,0.00,0,0,0.00,0.00,147.83,1.00,-1.00,0,0
21.71,59.35,142.91,59.00,80.60,62.66,0,0.00,0,0,0.00,0.00,158.19,0.00,-1.00,0,0
21.80,59.35,128.52,59.00,80.60,48.38,0,0.00,0,0,0.00,0.00,170.73,0.00,-1.00,0,0
21.90,59.35,114.13,59.00,80.60,34.18,0,0.00,0,0,0.00,0.00,183.54,0.00,-1.00,0,0
22.00,59.35,99.74,59.45,84.61,15.13,1,0.00,0,0,0.00,0.00,196.57,0.00,-1.00,0,0
22.11,53.24,87.88,46.90,74.14,15.13,1,0.00,0,0,0.00,0.00,190.75,-1.00,-1.00,0,0
22.20,42.23,79.74,31.74,68.83,15.13,1,0.00,0,0,0.00,0.00,186.62,-1.00,0.00,0,0
22.31,27.84,79.74,13.05,76.51,15.13,1,0.00,0,0,0.00,0.00,192.22,-1.00,0.00,0,0
22.40,13.45,79.74,-1.66,78.82,15.13,1,0.00,0,0,0.00,0.00,198.71,-1.00,0.00,0,0
22.50,-0.94,79.74,-16.07,79.47,15.13,1,0.00,0,0,0.00,0.00,206.01,-1.00,0.00,0,0
22.61,-15.33,79.74,-30.46,79.67,15.13,1,0.00,0,0,0.00,0.00,214.02,-1.00,0.00,0,0
22.71,-29.72,79.74,-44.85,79.72,15.13,1,0.00,0,0,0.00,0.00,222.67,-1.00,0.00,0,0
22.80,-44.11,79.74,-59.24,79.74,15.13,1,0.00,0,0,0.00,0.00,231.90,-1.00,0.00,0,0
22.90,-58.49,79.74,-73.63,79.74,15.13,1,0.00,0,0,0.00,0.00,241.63,-1.00,0.00,0,0
23.00,-72.04,81.78,-86.81,85.06,15.13,1,0.00,0,0,0.00,0.00,252.61,-1.00,1.00,0,0
23.10,-80.18,92.80,-90.94,103.44,15.13,1,0.00,0,0,0.00,0.00,266.14,0.00,1.00,0,0
23.20,-80.18,107.18,-83.55,121.94,15.13,1,0.00,0,0,0.00,0.00,276.46,0.00,1.00,0,0
23.31,-80.18,121.57,-81.09,136.68,15.13,1,0.00,0,0,0.00,0.00,270.67,0.00,1.00,0,0
23.41,-74.07,133.43,-68.41,147.47,15.13,1,0.00,0,0,0.00,0.00,258.88,1.00,1.00,0,0
23.51,-63.90,143.61,-54.47,155.44,15.13,1,0.00,0,0,0.00,0.00,244.76,1.00,1.00,0,0
23.61,-50.35,145.64,-36.20,150.98,15.13,1,0.00,0,0,0.00,0.00,232.42,1.00,0.00,0,0
23.70,-35.97,145.64,-20.92,147.27,15.13,1,0.00,0,0,0.00,0.00,220.79,1.00,0.00,0,0
23.80,-21.58,145.64,-6.45,146.10,15.13,1,0.00,0,0,0.00,0.00,209.50,1.00,0.00,0,0
23.91,-7.19,145.64,7.94,145.77,15.13,1,0.00,0,0,0.00,0.00,198.62,1.00,0.00,0,0
24.00,7.20,145.64,22.33,145.68,15.13,1,0.00,0,0,0.00,0.00,188.20,1.00,0.00,0,0
24.10,21.59,145.64,36.72,145.65,15.13,1,0.00,0,0,0.00,0.00,178.34,1.00,0.00,0,0
24.20,35.98,145.64,51.11,145.64,15.13,1,0.00,0,0,0.00,0.00,169.13,1.00,0.00,0,0
24.31,50.37,145.64,65.50,145.64,15.13,1,0.00,0,0,0.00,0.00,160.68,1.00,0.00,0,0
24.40,64.76,145.64,79.89,145.64,15.13,1,0.00,0,0,0.00,0.00,153.12,1.00,0.00,0,0
24.50,79.14,145.64,94.28,145.64,15.13,1,0.00,0,0,0.00,0.00,146.59,1.00,0.00,0,0
24.60,93.53,145.64,108.67,145.64,15.13,1,0.00,0,0,0.00,0.00,141.22,1.00,0.00,0,0
24.70,105.39,139.54,119.23,133.40,15.13,1,0.00,0,0,0.00,0.00,143.69,1.00,-1.00,0,0
24.81,103.36,127.68,105.35,112.68,15.13,1,0.00,0,0,0.00,0.00,155.70,-1.00,-1.00,0,0
24.90,93.18,117.50,85.21,104.64,15.13,1,0.00,0,0,0.00,0.00,163.34,-1.00,-1.00,0,0
25.00,83.01,107.33,73.09,95.90,15.13,1,0.00,0,0,0.00,0.00,155.43,-1.00,-1.00,0,0
25.10,83.01,92.94,79.29,78.27,15.13,1,0.00,0,0,0.00,0.00,138.28,0.00,-1.00,0,0
25.20,93.18,82.77,99.66,69.09,15.13,1,0.00,0,0,0.00,0.00,116.73,1.00,-1.00,0,0
25.30,103.36,72.59,112.98,60.91,15.13,1,0.00,0,0,0.00,0.00,95.18,1.00,-1.00,0,0
25.41,115.22,66.49,128.08,58.52,15.13,1,0.00,0,0,0.00,0.00,75.13,1.00,0.00,0,0
25.51,129.61,66.49,144.56,64.15,15.13,1,0.00,0,0,0.00,0.00,58.56,1.00,0.00,0,0
25.60,140.62,74.63,154.59,80.45,15.13,1,0.00,0,0,0.00,0.00,54.04,1.00,1.00,0,0
25.70,150.80,84.80,162.61,94.26,15.13,1,0.00,0,0,0.00,0.00,56.69,1.00,1.00,0,0
25.80,161.82,92.94,174.26,101.55,15.13,1,0.00,0,0,0.00,0.00,61.95,1.00,0.00,0,0
25.91,176.20,92.94,191.11,95.53,15.13,1,0.00,0,0,0.00,0.00,65.45,1.00,0.00,0,0
26.00,188.91,88.87,203.86,86.54,15.13,1,0.00,0,0,0.00,0.00,70.60,1.00,-1.00,0,0
26.11,199.08,78.70,211.45,69.98,15.13,1,0.00,0,0,0.00,0.00,75.63,0.00,-1.00,0,0
26.20,199.08,64.31,203.58,49.86,15.13,1,0.00,0,0,0.00,0.00,75.14,0.00,-1.00,0,0
26.31,188.91,54.13,182.39,40.48,15.13,1,0.00,0,0,0.00,0.00,69.34,-1.00,-1.00,0,0
26.40,178.73,43.96,169.09,32.29,15.13,1,0.00,0,0,0.00,0.00,66.71,-1.00,-1.00,0,0
26.50,176.70,30.41,171.90,16.06,15.13,1,0.00,0,0,0.00,0.00,76.41,1.00,-1.00,0,0
26.60,186.87,20.24,193.69,6.73,15.13,1,0.00,0,0,0.00,0.00,97.28,1.00,-1.00,0,0
26.71,199.57,16.17,213.32,9.84,15.13,1,0.00,0,0,0.00,0.00,117.40,1.00,0.00,0,0
26.81,213.96,16.17,228.98,14.29,15.13,1,0.00,0,0,0.00,0.00,137.11,1.00,0.00,0,0
26.91,225.82,22.27,239.88,27.88,15.13,1,0.00,0,0,0.00,0.00,152.18,1.00,1.00,0,0
27.01,236.00,32.45,247.83,41.88,15.13,1,0.00,0,0,0.00,0.00,164.72,1.00,1.00,0,0
27.10,246.17,42.62,257.23,52.96,15.13,1,0.00,0,0,0.00,0.00,177.93,1.00,1.00,0,0
27.20,256.35,52.80,267.15,63.40,15.13,1,0.00,0,0,0.00,0.00,191.69,1.00,1.00,0,0
27.30,266.52,62.97,277.25,73.64,15.13,1,0.00,0,0,0.00,0.00,205.87,1.00,1.00,0,0
27.41,274.66,73.99,284.56,85.44,15.13,1,0.00,0,0,0.00,0.00,218.27,0.00,1.00,0,0
27.50,270.59,86.69,269.81,101.80,15.13,1,0.00,0,0,0.00,0.00,218.66,-1.00,1.00,0,0
27.60,264.49,98.55,260.77,113.22,15.13,1,0.00,0,0,0.00,0.00,217.40,0.00,1.00,0,0
27.70,270.59,110.41,275.09,124.86,15.13,1,0.00,0,0,0.00,0.00,213.25,1.00,1.00,0,0
27.80,284.14,112.45,297.54,119.47,15.13,1,0.00,0,0,0.00,0.00,219.43,1.00,0.00,0,0
27.90,298.53,112.45,313.51,114.53,15.13,1,0.00,0,0,0.00,0.00,210.35,1.00,0.00,0,0
28.01,309.54,104.31,322.90,97.19,15.13,1,0.00,0,0,0.00,0.00,210.51,1.00,-1.00,0,0
28.11,319.72,94.13,331.28,84.37,15.13,1,0.00,0,0,0.00,0.00,213.74,1.00,-1.00,0,0
28.20,329.89,83.96,340.85,73.52,15.13,1,0.00,0,0,0.00,0.00,212.79,0.00,-1.00,0,0
28.30,319.72,73.78,315.59,59.22,15.13,1,0.00,0,0,0.00,0.00,208.67,-1.00,-1.00,0,0
28.40,322.59,63.96,326.36,49.30,15.13,1,0.00,0,0,0.00,0.00,198.75,1.00,0.00,0,0
28.50,336.98,63.96,350.95,58.14,15.13,1,0.00,0,0,0.00,0.00,191.75,1.00,0.00,0,0
28.60,351.37,63.96,366.42,62.33,15.13,1,0.00,0,0,0.00,0.00,185.60,1.00,0.00,0,0
28.71,365.76,63.96,381.98,63.21,16.24,0,0.00,0,0,0.00,0.00,180.39,1.00,0.00,0,0
28.81,371.52,63.96,401.57,62.43,30.09,0,0.00,0,0,0.00,0.00,178.59,0.00,0.00,0,0
28.90,371.52,63.96,420.67,61.68,49.21,0,0.00,0,0,0.00,0.00,178.59,-1.00,0.00,0,0
29.01,357.13,63.96,439.30,60.95,82.23,0,0.00,0,0,0.00,0.00,183.40,-1.00,0.00,0,0
29.11,342.74,63.96,457.47,60.23,114.80,0,0.00,0,0,0.00,0.00,189.18,-1.00,0.00,0,0
29.21,331.23,63.96,475.19,59.53,144.04,0,0.00,0,0,0.00,0.00,194.45,0.00,0.00,0,0
29.30,331.23,63.96,492.47,58.85,161.34,0,0.00,0,0,0.00,0.00,194.45,0.00,0.00,0,0
29.40,331.23,63.96,509.33,58.19,178.21,0,0.00,0,0,0.00,0.00,194.45,0.00,0.00,0,0
29.51,331.23,63.96,525.76,57.54,194.67,0,0.00,0,0,0.00,0.00,194.45,0.00,0.00,0,0
29.60,331.23,63.96,541.79,56.91,210.72,0,0.00,0,0,0.00,0.00,194.45,0.00,0.00,0,0
29.70,331.23,63.96,557.43,56.29,226.38,0,0.00,0,0,0.00,0.00,194.45,0.00,0.00,0,0
29.81,331.23,63.96,572.67,55.69,241.65,0,0.00,0,0,0.00,0.00,194.45,0.00,0.00,0,0
29.90,331.23,63.96,587.54,55.11,256.55,0,0.00,0,0,0.00,0.00,194.45,0.00,0.00,0,0
30.01,331.23,63.96,601.36,54.56,270.38,0,0.00,0,0,0.00,0.00,194.45,0.00,0.00,0,0
30.10,331.23,63.96,614.82,54.03,283.84,0,0.00,0,0,0.00,0.00,194.45,0.00,0.00,0,0
30.20,331.23,63.96,627.88,53.52,296.91,0,0.00,0,0,0.00,0.00,194.45,0.00,0.00,0,0
30.30,331.23,63.96,640.57,53.02,309.61,0,0.00,0,0,0.00,0.00,194.45,0.00,0.00,0,0
30.40,39.00,287.00,652.88,52.53,657.16,0,0.00,0,0,0.00,0.00,101.32,0.00,0.00,0,0
30.50,39.00,287.00,664.83,52.06,668.51,0,0.00,0,0,0.00,0.00,101.32,0.00,0.00,0,0
30.61,44.76,287.00,671.43,51.67,669.44,0,0.00,0,0,0.00,0.00,95.58,1.00,0.00,0,0
30.71,59.14,287.00,670.43,51.35,655.16,0,0.00,0,0,0.00,0.00,81.25,0.00,0.00,0,0
30.81,59.14,287.00,669.81,51.04,654.69,0,0.00,0,0,0.00,0.00,81.25,0.00,0.00,0,0
30.90,59.14,287.00,669.81,50.75,654.78,0,0.00,0,0,0.00,0.00,81.25,0.00,0.00,0,0
31.00,59.14,287.00,669.81,50.48,654.88,0,0.00,0,0,0.00,0.00,81.25,0.00,-1.00,0,0
31.10,59.14,272.61,669.81,50.20,649.92,0,0.00,0,0,0.00,0.00,81.11,0.00,-1.00,0,0
31.21,59.14,258.22,669.81,49.94,645.22,0,0.00,0,0,0.00,0.00,83.48,0.00,-1.00,0,0
31.31,59.14,243.83,669.81,49.68,640.80,0,0.00,0,0,0.00,0.00,88.17,0.00,-1.00,0,0
31.41,59.14,229.45,59.00,80.60,148.98,0,0.00,0,0,0.00,0.00,94.83,0.00,-1.00,0,0
31.50,59.14,215.06,59.00,80.60,134.61,0,0.00,0,0,0.00,0.00,103.08,0.00,-1.00,0,0
31.62,59.14,197.79,59.00,80.60,117.38,0,0.00,0,0,0.00,0.00,114.60,0.00,-1.00,0,0
31.70,63.21,187.97,59.00,80.60,107.65,0,0.00,0,0,0.00,0.00,119.09,1.00,-1.00,0,0
31.80,73.39,177.79,59.00,80.60,98.47,0,0.00,0,0,0.00,0.00,121.16,1.00,-1.00,0,0
31.90,69.32,166.77,59.00,80.60,87.04,0,0.00,0,0,0.00,0.00,132.63,-1.00,-1.00,0,0
32.01,59.14,156.60,59.00,80.60,76.29,0,0.00,0,0,0.00,0.00,146.70,-1.00,-1.00,0,0
32.10,55.07,143.90,59.00,80.60,63.76,0,0.00,0,0,0.00,0.00,159.58,0.00,-1.00,0,0
32.20,55.07,129.51,59.00,80.60,49.51,0,0.00,0,0,0.00,0.00,171.93,0.00,-1.00,0,0
32.30,55.07,115.12,59.00,80.60,35.37,0,0.00,0,0,0.00,0.00,184.58,0.00,-1.00,0,0
32.40,59.14,102.42,62.28,87.61,15.13,1,0.00,0,0,0.00,0.00,194.22,1.00,-1.00,0,0
32.51,71.00,96.31,83.43,87.68,15.13,1,0.00,0,0,0.00,0.00,194.62,1.00,0.00,0,0
32.60,85.39,96.31,100.28,93.58,15.13,1,0.00,0,0,0.00,0.00,190.68,1.00,0.00,0,0
32.70,97.25,102.42,111.45,107.67,15.13,1,0.00,0,0,0.00,0.00,181.68,1.00,1.00,0,0
32.80,103.36,114.28,111.42,127.08,15.13,1,0.00,0,0,0.00,0.00,168.75,0.00,1.00,0,0
32.91,99.29,126.98,97.24,141.97,15.13,1,0.00,0,0,0.00,0.00,157.38,-1.00,1.00,0,0
33.01,87.43,133.08,76.07,143.09,15.13,1,0.00,0,0,0.00,0.00,155.10,-1.00,0.00,0,0
33.11,73.04,133.08,58.23,136.21,15.13,1,0.00,0,0,0.00,0.00,160.55,-1.00,0.00,0,0
33.21,58.65,133.08,43.54,133.97,15.13,1,0.00,0,0,0.00,0.00,167.06,-1.00,0.00,0,0
33.30,44.26,133.08,29.13,133.34,15.13,1,0.00,0,0,0.00,0.00,174.52,-1.00,0.00,0,0
33.40,29.87,133.08,14.74,133.16,15.13,1,0.00,0,0,0.00,0.00,182.81,-1.00,0.00,0,0
33.51,15.48,133.08,0.35,133.10,15.13,1,0.00,0,0,0.00,0.00,191.82,-1.00,0.00,0,0
33.61,1.10,133.08,-14.04,133.09,15.13,1,0.00,0,0,0.00,0.00,201.46,-1.00,0.00,0,0
33.70,-13.29,133.08,-28.43,133.09,15.13,1,0.00,0,0,0.00,0.00,211.64,-1.00,0.00,0,0
33.80,-27.68,133.08,-42.81,133.08,15.13,1,0.00,0,0,0.00,0.00,222.28,-1.00,0.00,0,0
33.91,-42.07,133.08,-57.20,133.08,15.13,1,0.00,0,0,0.00,0.00,233.33,-1.00,0.00,0,0
34.00,-56.46,133.08,-71.59,133.08,15.13,1,0.00,0,0,0.00,0.00,244.72,-1.00,0.00,0,0
34.10,-70.85,133.08,-85.98,133.08,15.13,1,0.00,0,0,0.00,0.00,256.41,-1.00,0.00,0,0
34.20,-85.24,133.08,-100.37,133.08,15.13,1,0.00,0,0,0.00,0.00,268.37,-1.00,0.00,0,0
34.31,-99.63,133.08,-114.76,133.08,15.13,1,0.00,0,0,0.00,0.00,280.56,-1.00,0.00,0,0
34.40,-110.64,141.22,-123.88,148.56,15.13,1,0.00,0,0,0.00,0.00,286.01,-1.00,1.00,0,0
34.50,-116.75,153.08,-126.00,165.06,15.13,1,0.00,0,0,0.00,0.00,285.96,0.00,1.00,0,0
34.60,-106.92,160.03,-99.71,173.34,15.13,1,0.00,0,0,0.00,0.00,274.09,1.00,0.00,0,0
34.71,-92.53,160.03,-77.97,164.15,15.13,1,0.00,0,0,0.00,0.00,261.20,1.00,0.00,0,0
34.81,-78.14,160.03,-63.06,161.23,15.13,1,0.00,0,0,0.00,0.00,248.48,1.00,0.00,0,0
34.90,-81.02,160.03,-68.04,167.81,15.13,1,0.00,0,0,0.00,0.00,251.01,-1.00,0.00,0,0
35.00,-95.41,160.03,-98.81,174.78,15.13,1,0.00,0,0,0.00,0.00,263.77,-1.00,0.00,0,0
35.10,-104.04,160.03,-117.09,167.71,15.13,1,0.00,0,0,0.00,0.00,271.50,0.00,0.00,0,0
35.21,-104.04,160.03,-117.09,167.71,15.13,1,0.00,0,0,0.00,0.00,271.50,0.00,0.00,0,0
35.31,-104.04,160.03,-117.09,167.71,15.13,1,0.00,0,0,0.00,0.00,271.50,0.00,0.00,0,0
35.40,-104.04,160.03,-117.09,167.71,15.13,1,0.00,0,0,0.00,0.00,271.50,0.00,0.00,0,0
35.51,-104.04,160.03,-117.09,167.71,15.13,1,0.00,0,0,0.00,0.00,265.38,0.00,0.00,0,0
35.61,-103.98,160.00,-116.41,169.41,15.59,0,0.00,0,0,0.00,0.00,258.84,0.00,0.00,0,0
35.71,-103.98,160.00,-114.14,173.25,16.73,0,0.00,0,0,0.00,0.00,252.39,0.00,0.00,0,0
35.81,-103.98,160.00,-111.75,176.85,18.64,0,0.00,0,0,0.00,0.00,245.99,0.00,0.00,0,0
35.90,-103.98,160.00,-109.41,180.35,21.24,0,0.00,0,0,0.00,0.00,239.63,0.00,0.00,0,0
36.00,-103.98,160.00,-107.13,183.77,24.26,0,0.00,0,0,0.00,0.00,233.32,0.00,0.00,0,0
36.10,-103.98,160.00,-104.91,187.11,27.53,0,0.00,0,0,0.00,0.00,227.06,0.00,0.00,0,0
36.21,-103.98,160.00,-102.75,190.36,30.94,0,0.00,0,0,0.00,0.00,220.86,0.00,0.00,0,0
36.31,-103.98,160.00,-100.77,193.39,34.20,0,0.00,0,0,0.00,0.00,214.72,0.00,0.00,0,0
36.40,-103.98,160.00,-99.30,195.97,36.88,0,0.00,0,0,0.00,0.00,208.64,0.00,-1.00,0,0
36.50,-103.98,145.61,-97.89,198.45,53.60,0,0.00,0,0,0.00,0.00,203.27,0.00,-1.00,0,0
36.60,-103.98,131.23,-96.55,200.82,70.31,0,0.00,0,0,0.00,0.00,198.47,0.00,-1.00,0,0
36.70,-103.98,116.84,-95.27,203.09,86.94,0,0.00,0,0,0.00,0.00,194.28,1.00,-1.00,0,0
36.80,-91.28,112.77,-94.05,205.24,92.75,0,0.00,0,0,0.00,0.00,176.03,1.00,0.00,0,0
36.90,-76.89,112.77,-92.89,207.29,96.10,0,0.00,0,0,0.00,0.00,155.31,1.00,0.00,0,0
37.00,-65.88,120.91,-91.79,209.24,92.30,0,0.00,0,0,0.00,0.00,136.43,0.00,1.00,0,0
37.10,-65.88,135.29,-90.74,211.09,80.05,0,0.00,0,0,0.00,0.00,128.97,0.00,1.00,0,0
37.20,-65.88,149.68,-89.75,212.85,67.85,0,0.00,0,0,0.00,0.00,124.12,0.00,1.00,0,0
37.30,-65.88,164.07,-88.81,214.51,55.80,0,0.00,0,0,0.00,0.00,122.19,0.00,1.00,0,0
37.41,-74.01,175.09,-87.90,216.11,43.81,0,0.00,0,0,0.00,0.00,129.36,-1.00,1.00,0,0
37.50,-84.19,185.26,-93.71,197.02,15.13,1,0.00,0,0,0.00,0.00,139.26,-1.00,1.00,0,0
37.60,-94.36,195.44,-104.74,206.45,15.13,1,0.00,0,0,0.00,0.00,149.97,-1.00,1.00,0,0
37.71,-104.54,205.61,-115.15,216.40,15.13,1,0.00,0,0,0.00,0.00,161.35,-1.00,1.00,0,0
37.81,-114.63,215.71,-125.12,226.90,15.34,0,0.00,0,0,0.00,0.00,173.13,-1.00,1.00,0,0
37.91,-127.33,219.77,-133.86,238.77,20.09,0,0.00,0,0,0.00,0.00,183.49,-1.00,0.00,0,0
38.01,-138.84,219.77,-142.12,250.07,30.48,0,0.00,0,0,0.00,0.00,190.39,0.00,0.00,0,0
38.10,-138.84,211.14,-150.18,261.09,51.23,0,0.00,0,0,0.00,0.00,182.91,0.00,-1.00,0,0
38.20,-138.84,196.75,-158.03,271.84,77.51,0,0.00,0,0,0.00,0.00,171.88,0.00,-1.00,0,0
38.30,-138.84,182.36,-165.70,282.32,103.51,0,0.00,0,0,0.00,0.00,160.97,0.00,-1.00,0,0
38.40,-138.84,173.73,-173.17,292.54,123.69,0,0.00,0,0,0.00,0.00,153.50,0.00,0.00,0,0
38.50,-141.72,173.73,-180.46,302.51,134.51,0,0.00,0,0,0.00,0.00,153.46,-1.00,0.00,0,0
38.61,-151.89,183.90,-187.57,312.23,133.23,0,0.00,0,0,0.00,0.00,165.73,-1.00,1.00,0,0
38.71,-162.07,194.07,-194.50,321.71,131.75,0,0.00,0,0,0.00,0.00,178.39,-1.00,1.00,0,0
38.80,-172.24,204.25,-201.26,330.96,130.07,0,0.00,0,0,0.00,0.00,191.36,-1.00,1.00,0,0
38.90,-182.41,214.42,-207.85,339.98,128.23,0,0.00,0,0,0.00,0.00,204.59,-1.00,1.00,0,0
39.01,-192.59,224.60,-214.28,348.77,126.23,0,0.00,0,0,0.00,0.00,218.03,-1.00,1.00,0,0
39.10,-202.76,234.77,-220.21,356.88,123.53,0,0.00,0,0,0.00,0.00,229.11,-1.00,1.00,0,0
39.21,-206.83,247.47,-225.93,364.70,118.95,0,0.00,0,0,0.00,0.00,234.42,0.00,1.00,0,0
39.30,-206.83,261.86,-231.47,372.27,113.32,0,0.00,0,0,0.00,0.00,238.61,0.00,1.00,0,0
39.40,-214.97,272.88,-236.84,379.62,109.15,0,0.00,0,0,0.00,0.00,245.21,-1.00,1.00,0,0
39.51,-225.15,283.06,-242.04,386.73,105.25,0,0.00,0,0,0.00,0.00,252.42,-1.00,1.00,0,0
39.60,-227.18,296.60,-247.08,393.62,99.26,0,0.00,0,0,0.00,0.00,257.28,0.00,1.00,0,0
39.70,-231.25,309.30,-251.96,400.29,93.55,0,0.00,0,0,0.00,0.00,262.77,-1.00,1.00,0,0
39.80,-241.42,319.48,-256.68,406.75,88.85,0,0.00,0,0,0.00,0.00,269.91,-1.00,1.00,0,0
39.91,-243.46,333.02,-261.26,413.01,82.21,0,0.00,0,0,0.00,0.00,274.89,0.00,1.00,0,0
40.00,-249.56,344.88,-265.68,419.06,76.20,0,0.00,0,0,0.00,0.00,280.95,-1.00,1.00,0,0
40.10,-253.63,357.59,-269.97,424.92,69.60,0,0.00,0,0,0.00,0.00,286.52,0.00,1.00,0,0
40.20,-257.70,370.29,-274.11,430.58,62.83,0,0.00,0,0,0.00,0.00,292.13,-1.00,1.00,0,0
40.31,-261.77,382.99,-278.12,436.06,55.92,0,0.00,0,0,0.00,0.00,297.77,0.00,1.00,0,0
40.40,-261.77,397.38,-281.99,441.35,48.85,0,0.00,0,0,0.00,0.00,302.63,-1.00,1.00,0,0
40.50,-271.95,407.56,-285.73,446.47,41.81,0,0.00,0,0,0.00,0.00,309.54,0.00,1.00,0,0
40.60,-271.95,421.95,-289.35,451.41,34.86,0,0.00,0,0,0.00,0.00,314.49,0.00,1.00,0,0
40.70,-271.95,436.33,-272.65,451.45,15.13,1,0.00,0,0,0.00,0.00,319.60,0.00,1.00,0,0
40.80,-273.98,449.88,-276.39,464.82,15.13,1,0.00,0,0,0.00,0.00,325.14,-1.00,1.00,0,0
40.90,-286.69,453.95,-299.46,462.07,15.13,1,0.00,0,0,0.00,0.00,327.94,-1.00,0.00,0,0
41.00,-298.55,447.84,-313.39,444.88,15.13,1,0.00,0,0,0.00,0.00,322.00,-1.00,-1.00,0,0
41.10,-298.55,433.46,-305.14,419.84,15.13,1,0.00,0,0,0.00,0.00,302.95,0.00,-1.00,0,0
41.20,-298.55,419.07,-300.50,404.06,15.13,1,0.00,0,0,0.00,0.00,284.12,0.00,-1.00,0,0
41.30,-292.44,407.21,-287.69,392.84,15.13,1,0.00,0,0,0.00,0.00,263.79,1.00,-1.00,0,0
41.41,-280.58,401.10,-268.12,392.52,15.13,1,0.00,0,0,0.00,0.00,244.64,1.00,0.00,0,0
41.50,-266.19,401.10,-251.28,398.53,15.13,1,0.00,0,0,0.00,0.00,229.32,1.00,0.00,0,0
41.60,-251.80,401.10,-236.69,400.34,15.13,1,0.00,0,0,0.00,0.00,214.62,1.00,0.00,0,0
41.70,-237.41,401.10,-222.28,400.89,15.13,1,0.00,0,0,0.00,0.00,200.62,1.00,0.00,0,0
41.81,-223.03,401.10,-207.89,401.04,15.13,1,0.00,0,0,0.00,0.00,187.43,1.00,0.00,0,0
41.90,-208.64,401.10,-193.50,401.09,15.13,1,0.00,0,0,0.00,0.00,175.14,1.00,0.00,0,0
42.00,-194.25,401.10,-179.12,401.10,15.13,1,0.00,0,0,0.00,0.00,163.87,1.00,0.00,0,0
42.10,-179.86,401.10,-164.73,401.10,15.13,1,0.00,0,0,0.00,0.00,153.75,1.00,0.00,0,0
42.20,-165.47,401.10,-150.34,401.10,15.13,1,0.00,0,0,0.00,0.00,144.87,1.00,0.00,0,0
42.30,-151.08,401.10,-135.95,401.10,15.13,1,0.00,0,0,0.00,0.00,137.36,1.00,0.00,0,0
42.41,-136.69,401.10,-121.56,401.10,15.13,1,0.00,0,0,0.00,0.00,131.27,1.00,0.00,0,0
42.50,-122.31,401.10,-107.17,401.10,15.13,1,0.00,0,0,0.00,0.00,126.66,1.00,-1.00,0,0
42.60,-112.13,390.93,-99.37,382.79,15.13,1,0.00,0,0,0.00,0.00,112.52,1.00,-1.00,0,0
42.71,-100.27,384.82,-86.35,378.89,15.13,1,0.00,0,0,0.00,0.00,104.18,1.00,0.00,0,0
42.80,-88.41,378.72,-75.45,370.90,15.13,1,0.00,0,0,0.00,0.00,97.42,1.00,-1.00,0,0
42.90,-77.39,370.58,-64.75,362.27,15.13,1,0.00,0,0,0.00,0.00,90.26,1.00,0.00,0,0
43.00,-64.69,366.51,-51.02,360.02,15.13,1,0.00,0,0,0.00,0.00,88.95,1.00,-1.00,0,0
43.10,-54.52,356.34,-42.81,346.75,15.13,1,0.00,0,0,0.00,0.00,83.49,1.00,-1.00,0,0
43.20,-44.34,346.16,-33.35,335.76,15.13,1,0.00,0,0,0.00,0.00,80.23,1.00,-1.00,0,0
43.31,-33.32,338.02,-21.18,329.00,15.13,1,0.00,0,0,0.00,0.00,80.45,1.00,0.00,0,0
43.40,-18.94,338.02,-4.10,335.04,15.13,1,0.00,0,0,0.00,0.00,87.10,1.00,-1.00,0,0
43.50,-8.76,327.85,3.53,319.02,15.13,1,0.00,0,0,0.00,0.00,87.89,1.00,-1.00,0,0
43.61,5.63,327.85,20.43,324.72,15.13,1,0.00,0,0,0.00,0.00,95.00,1.00,-1.00,0,0
43.70,15.80,317.67,28.34,309.20,15.13,1,0.00,0,0,0.00,0.00,97.30,1.00,-1.00,0,0
43.81,29.35,315.64,44.09,312.24,15.13,1,0.00,0,0,0.00,0.00,103.67,1.00,0.00,0,0
43.90,40.36,307.50,53.08,299.30,15.13,1,0.00,0,0,0.00,0.00,103.63,1.00,-1.00,0,0
44.00,52.22,301.39,65.55,294.22,15.13,1,0.00,0,0,0.00,0.00,90.59,1.00,-1.00,0,0
44.10,62.40,291.22,73.95,281.44,15.13,1,0.00,0,0,0.00,0.00,78.56,1.00,-1.00,0,0
44.20,72.57,281.05,83.51,270.59,15.13,1,0.00,0,0,0.00,0.00,67.46,1.00,-1.00,0,0
44.31,74.61,267.50,79.29,253.11,15.13,1,0.00,0,0,0.00,0.00,66.40,0.00,-1.00,0,0
44.40,74.61,253.11,76.07,238.05,15.13,1,0.00,0,0,0.00,0.00,70.33,0.00,-1.00,0,0
44.50,74.61,238.72,75.00,223.59,15.13,1,0.00,0,0,0.00,0.00,76.80,0.00,-1.00,0,0
44.61,74.61,224.33,74.72,209.20,15.13,1,0.00,0,0,0.00,0.00,85.23,1.00,-1.00,0,0
44.71,84.78,214.16,92.68,201.25,15.13,1,0.00,0,0,0.00,0.00,85.17,1.00,-1.00,0,0
44.81,94.96,203.99,104.91,192.59,15.13,1,0.00,0,0,0.00,0.00,87.50,1.00,-1.00,0,0
44.91,105.13,193.81,115.62,182.90,15.13,1,0.00,0,0,0.00,0.00,92.05,1.00,-1.00,0,0
45.01,115.31,183.64,125.95,172.88,15.13,1,0.00,0,0,0.00,0.00,98.51,1.00,-1.00,0,0
45.11,125.48,173.46,136.16,162.74,15.13,1,0.00,0,0,0.00,0.00,106.53,1.00,-1.00,0,0
45.20,135.65,163.29,146.35,152.58,15.13,1,0.00,0,0,0.00,0.00,115.79,1.00,-1.00,0,0
45.30,145.83,153.11,156.53,142.41,15.13,1,0.00,0,0,0.00,0.00,126.02,1.00,-1.00,0,0
45.40,156.00,142.94,166.70,132.24,15.13,1,0.00,0,0,0.00,0.00,137.00,1.00,-1.00,0,0
45.50,166.18,132.76,176.88,122.06,15.13,1,0.00,0,0,0.00,0.00,148.56,1.00,-1.00,0,0
45.61,176.35,122.59,187.05,111.89,15.13,1,0.00,0,0,0.00,0.00,160.58,1.00,-1.00,0,0
45.70,186.53,112.42,197.23,101.72,15.13,1,0.00,0,0,0.00,0.00,172.96,1.00,-1.00,0,0
45.80,196.70,102.24,207.40,91.54,15.13,1,0.00,0,0,0.00,0.00,185.63,1.00,-1.00,0,0
45.90,207.72,94.10,220.32,85.73,15.13,1,0.00,0,0,0.00,0.00,196.91,1.00,0.00,0,0
46.00,222.11,94.10,237.03,91.59,15.13,1,0.00,0,0,0.00,0.00,202.31,1.00,0.00,0,0
46.10,236.49,94.10,251.61,93.37,15.13,1,0.00,0,0,0.00,0.00,208.56,1.00,0.00,0,0
46.20,250.88,94.10,266.02,93.89,15.13,1,0.00,0,0,0.00,0.00,215.60,1.00,0.00,0,0
46.30,265.27,94.10,280.41,94.04,15.13,1,0.00,0,0,0.00,0.00,223.34,1.00,0.00,0,0
46.40,279.66,94.10,294.79,94.09,15.13,1,0.00,0,0,0.00,0.00,231.72,1.00,0.00,0,0
46.50,294.05,94.10,309.18,94.10,15.13,1,0.00,0,0,0.00,0.00,227.73,1.00,0.00,0,0
46.60,308.44,94.10,323.57,94.10,15.13,1,0.00,0,0,0.00,0.00,219.65,1.00,0.00,0,0
46.70,322.83,94.10,337.96,94.10,15.13,1,0.00,0,0,0.00,0.00,212.22,1.00,0.00,0,0
46.80,337.22,94.10,352.35,94.10,15.13,1,0.00,0,0,0.00,0.00,205.54,1.00,0.00,0,0
46.90,345.85,94.10,369.98,94.10,24.14,0,0.00,0,0,0.00,0.00,201.92,0.00,0.00,0,0
47.00,345.85,94.10,389.39,94.10,43.54,0,0.00,0,0,0.00,0.00,201.92,0.00,0.00,0,0
47.10,345.85,94.10,408.32,94.10,62.47,0,0.00,0,0,0.00,0.00,201.92,0.00,0.00,0,0
47.20,345.85,94.10,426.78,94.10,80.93,0,0.00,0,0,0.00,0.00,201.92,0.00,0.00,0,0
47.30,345.85,94.10,444.78,94.10,98.94,0,0.00,0,0,0.00,0.00,201.92,0.00,0.00,0,0
47.40,345.85,94.10,462.34,94.10,116.50,0,0.00,0,0,0.00,0.00,201.92,0.00,0.00,0,0
47.50,345.85,94.10,479.46,94.10,133.63,0,0.00,0,0,0.00,0.00,201.92,0.00,0.00,0,0
47.60,345.85,94.10,496.16,94.10,150.33,0,0.00,0,0,0.00,0.00,201.92,0.00,0.00,0,0
47.70,345.85,94.10,512.44,94.10,166.63,0,0.00,0,0,0.00,0.00,200.44,0.00,0.00,0,0
47.80,345.85,94.10,528.33,94.10,182.53,0,0.00,0,0,0.00,0.00,193.42,0.00,0.00,0,0
47.90,345.85,94.10,543.81,94.10,198.03,0,0.00,0,0,0.00,0.00,186.42,0.00,0.00,0,0
48.00,345.85,94.10,558.92,94.10,213.16,0,0.00,0,0,0.00,0.00,179.46,0.00,0.00,0,0
48.10,345.85,94.10,573.36,94.10,227.61,0,0.00,0,0,0.00,0.00,172.53,0.00,0.00,0,0
48.20,345.85,94.10,587.07,94.10,241.31,0,0.00,0,0,0.00,0.00,165.64,0.00,0.00,0,0
48.30,345.85,94.10,600.38,94.10,254.62,0,0.00,0,0,0.00,0.00,158.79,0.00,0.00,0,0
48.40,345.85,94.10,613.30,94.10,267.53,0,0.00,0,0,0.00,0.00,151.99,0.00,0.00,0,0
48.50,345.85,94.10,625.85,94.10,280.08,0,0.00,0,0,0.00,0.00,145.24,0.00,0.00,0,0
48.60,345.85,94.10,638.02,94.10,292.25,0,0.00,0,0,0.00,0.00,138.55,0.00,0.00,0,0
48.70,39.00,287.00,649.84,94.10,640.60,0,0.00,0,0,0.00,0.00,101.32,0.00,0.00,0,0
48.81,39.00,287.00,661.30,94.10,651.55,0,0.00,0,0,0.00,0.00,101.32,0.00,0.00,0,0
48.90,39.00,287.00,670.03,94.10,659.89,0,0.00,0,0,0.00,0.00,101.32,0.00,0.00,0,0
49.00,39.00,287.00,669.81,94.10,659.67,0,0.00,0,0,0.00,0.00,101.32,0.00,0.00,0,0
49.10,39.00,287.00,669.81,94.10,659.66,0,0.00,0,0,0.00,0.00,101.32,0.00,0.00,0,0
49.20,39.00,272.61,669.81,94.10,655.60,0,0.00,0,0,0.00,0.00,101.20,0.00,-1.00,0,0
49.30,39.00,258.22,669.81,94.10,651.82,0,0.00,0,0,0.00,0.00,103.12,0.00,-1.00,0,0
49.40,39.00,243.83,669.81,94.10,648.35,0,0.00,0,0,0.00,0.00,106.95,0.00,-1.00,0,0
49.50,39.00,229.45,669.81,94.10,645.17,0,0.00,0,0,0.00,0.00,112.50,0.00,-1.00,0,0
49.60,39.00,215.06,669.81,94.10,642.31,0,0.00,0,0,0.00,0.00,119.54,0.00,-1.00,0,0
49.71,39.00,200.67,59.00,80.60,121.89,0,0.00,0,0,0.00,0.00,127.82,1.00,-1.00,0,0
49.80,49.17,190.49,59.00,80.60,110.52,0,0.00,0,0,0.00,0.00,126.82,1.00,-1.00,0,0
49.90,59.35,180.32,59.00,80.60,99.94,0,0.00,0,0,0.00,0.00,127.45,1.00,-1.00,0,0
50.00,63.42,167.62,59.00,80.60,87.38,0,0.00,0,0,0.00,0.00,135.17,0.00,-1.00,0,0
50.10,63.42,153.23,59.00,80.60,73.06,0,0.00,0,0,0.00,0.00,147.25,0.00,-1.00,0,0
50.20,63.42,138.84,59.00,80.60,58.78,0,0.00,0,0,0.00,0.00,159.72,0.00,-1.00,0,0
50.30,63.42,124.45,59.00,80.60,44.57,0,0.00,0,0,0.00,0.00,172.48,0.00,-1.00,0,0
50.40,57.31,112.59,59.00,80.60,32.71,0,0.00,0,0,0.00,0.00,185.82,-1.00,-1.00,0,0
50.51,47.14,102.42,37.65,90.62,15.13,1,0.00,0,0,0.00,0.00,199.51,-1.00,-1.00,0,0
50.60,36.97,92.24,26.62,81.20,15.13,1,0.00,0,0,0.00,0.00,200.18,-1.00,-1.00,0,0
50.70,22.58,92.24,7.99,88.19,15.13,1,0.00,0,0,0.00,0.00,205.78,-1.00,0.00,0,0
50.80,8.19,92.24,-6.90,91.06,15.13,1,0.00,0,0,0.00,0.00,212.21,-1.00,0.00,0,0
50.91,-6.20,92.24,-21.33,91.92,15.13,1,0.00,0,0,0.00,0.00,219.40,-1.00,0.00,0,0
51.00,-20.59,92.24,-35.72,92.14,15.13,1,0.00,0,0,0.00,0.00,227.27,-1.00,0.00,0,0
51.10,-34.98,92.24,-50.11,92.21,15.13,1,0.00,0,0,0.00,0.00,235.76,-1.00,0.00,0,0
51.21,-49.37,92.24,-64.50,92.23,15.13,1,0.00,0,0,0.00,0.00,244.80,-1.00,0.00,0,0
51.31,-63.76,92.24,-78.89,92.24,15.13,1,0.00,0,0,0.00,0.00,254.33,-1.00,0.00,0,0
51.41,-78.14,92.24,-93.28,92.24,15.13,1,0.00,0,0,0.00,0.00,264.31,-1.00,0.00,0,0
51.50,-92.53,92.24,-107.67,92.24,15.13,1,0.00,0,0,0.00,0.00,274.67,-1.00,0.00,0,0
51.60,-106.08,94.28,-120.93,97.17,15.13,1,0.00,0,0,0.00,0.00,286.09,-1.00,1.00,0,0
51.70,-116.25,104.45,-128.64,113.15,15.13,1,0.00,0,0,0.00,0.00,300.45,-1.00,1.00,0,0
51.80,-126.43,114.63,-137.65,124.77,15.13,1,0.00,0,0,0.00,0.00,313.05,-1.00,1.00,0,0
51.91,-136.60,124.80,-147.45,135.36,15.13,1,0.00,0,0,0.00,0.00,316.68,-1.00,1.00,0,0
52.01,-146.78,134.97,-157.52,145.63,15.13,1,0.00,0,0,0.00,0.00,320.91,-1.00,1.00,0,0
52.10,-156.91,145.13,-159.52,163.98,19.03,0,0.00,0,0,0.00,0.00,325.70,-1.00,1.00,0,0
52.20,-165.89,151.23,-159.32,183.74,33.16,0,0.00,0,0,0.00,0.00,331.50,0.00,0.00,0,0
52.31,-165.89,151.23,-159.13,203.00,52.21,0,0.00,0,0,0.00,0.00,331.50,0.00,0.00,0,0
52.41,-165.89,151.23,-158.95,221.79,70.90,0,0.00,0,0,0.00,0.00,331.50,0.00,0.00,0,0
52.51,-165.89,151.23,-158.76,240.11,89.17,0,0.00,0,0,0.00,0.00,331.50,0.00,0.00,0,0
52.60,-165.89,154.11,-158.58,257.98,104.14,0,0.00,0,0,0.00,0.00,330.41,0.00,1.00,0,0
52.71,-165.89,168.50,-158.41,275.41,107.19,0,0.00,0,0,0.00,0.00,325.24,0.00,1.00,0,0
52.80,-165.89,182.89,-158.24,292.41,109.82,0,0.00,0,0,0.00,0.00,320.64,0.00,1.00,0,0
52.90,-165.89,197.28,-158.08,308.98,112.03,0,0.00,0,0,0.00,0.00,316.62,0.00,1.00,0,0
53.00,-165.89,211.67,-157.92,325.15,113.84,0,0.00,0,0,0.00,0.00,313.22,0.00,1.00,0,0
53.11,-165.89,226.06,-157.76,340.91,115.26,0,0.00,0,0,0.00,0.00,310.44,0.00,1.00,0,0
53.20,-165.89,240.44,-157.61,356.29,116.30,0,0.00,0,0,0.00,0.00,308.31,0.00,1.00,0,0
53.30,-165.89,254.83,-157.46,370.89,116.56,0,0.00,0,0,0.00,0.00,306.85,0.00,1.00,0,0
53.41,-165.89,269.22,-157.33,384.85,116.14,0,0.00,0,0,0.00,0.00,306.05,0.00,1.00,0,0
53.50,-165.89,283.61,-157.20,398.41,115.31,0,0.00,0,0,0.00,0.00,305.93,0.00,1.00,0,0
53.60,-165.89,298.00,-157.07,411.57,114.10,0,0.00,0,0,0.00,0.00,306.48,0.00,1.00,0,0
53.70,-165.89,312.39,-156.94,424.34,112.51,0,0.00,0,0,0.00,0.00,307.71,0.00,1.00,0,0
53.80,-165.89,326.78,-156.82,436.74,110.54,0,0.00,0,0,0.00,0.00,309.60,0.00,1.00,0,0
53.91,-165.89,338.29,-156.71,448.78,111.07,0,0.00,0,0,0.00,0.00,304.52,0.00,0.00,0,0
54.01,-165.89,338.29,-156.59,460.46,122.71,0,0.00,0,0,0.00,0.00,297.45,0.00,0.00,0,0
54.11,-165.89,338.29,-156.48,471.80,134.01,0,0.00,0,0,0.00,0.00,290.39,0.00,0.00,0,0
54.20,-165.89,338.29,-156.37,482.79,144.97,0,0.00,0,0,0.00,0.00,283.34,0.00,0.00,0,0
54.30,-165.89,338.29,-156.27,493.46,155.61,0,0.00,0,0,0.00,0.00,276.29,0.00,0.00,0,0
54.40,-165.89,338.29,-156.17,503.80,165.93,0,0.00,0,0,0.00,0.00,269.26,0.00,0.00,0,0
54.50,-165.89,338.29,-156.07,513.84,175.95,0,0.00,0,0,0.00,0.00,262.23,0.00,0.00,0,0
54.60,-165.89,338.29,-155.98,523.62,185.72,0,0.00,0,0,0.00,0.00,255.20,0.00,0.00,0,0
54.71,-165.89,338.29,-155.88,533.16,195.25,0,0.00,0,0,0.00,0.00,248.19,0.00,0.00,0,0
54.81,-165.89,338.29,-155.79,542.46,204.55,0,0.00,0,0,0.00,0.00,241.19,0.00,0.00,0,0
54.91,-165.89,338.29,-155.71,551.40,213.49,0,0.00,0,0,0.00,0.00,234.20,0.00,0.00,0,0
55.00,-165.89,338.29,-155.62,559.98,222.05,0,0.00,0,0,0.00,0.00,227.23,0.00,0.00,0,0
55.10,-165.89,338.29,-155.54,568.28,230.34,0,0.00,0,0,0.00,0.00,220.26,0.00,0.00,0,0
55.20,-165.89,338.29,-155.46,576.32,238.37,0,0.00,0,0,0.00,0.00,213.31,0.00,0.00,0,0
55.30,-165.89,338.29,-155.39,584.10,246.15,0,0.00,0,0,0.00,0.00,206.38,0.00,0.00,0,0
55.40,-157.75,349.30,-155.32,591.63,242.45,0,0.00,0,0,0.00,0.00,191.37,1.00,1.00,0,0
55.50,-147.58,359.48,-155.25,598.92,239.67,0,0.00,0,0,0.00,0.00,174.75,1.00,1.00,0,0
55.60,-137.41,369.65,-155.18,605.97,237.09,0,0.00,0,0,0.00,0.00,158.67,0.00,1.00,0,0
55.70,-137.41,384.04,-155.11,612.78,229.54,0,0.00,0,0,0.00,0.00,154.19,0.00,1.00,0,0
55.80,-137.41,398.43,-155.05,619.37,221.77,0,0.00,0,0,0.00,0.00,150.94,0.00,1.00,0,0
55.91,-137.41,401.31,-154.98,625.74,225.24,0,0.00,0,0,0.00,0.00,144.71,0.00,0.00,0,0
56.00,-137.41,401.31,-154.92,631.89,231.37,0,0.00,0,0,0.00,0.00,137.55,0.00,0.00,0,0
56.10,-137.41,401.31,-154.87,637.84,237.29,0,0.00,0,0,0.00,0.00,130.40,0.00,0.00,0,0
56.20,-137.41,401.31,-154.81,643.65,243.08,0,0.00,0,0,0.00,0.00,123.25,0.00,0.00,0,0
56.30,-137.41,401.31,-154.75,649.35,248.76,0,0.00,0,0,0.00,0.00,116.10,0.00,0.00,0,0
56.40,-137.41,401.31,-154.70,654.93,254.32,0,0.00,0,0,0.00,0.00,108.95,0.00,0.00,0,0
56.50,-137.41,401.31,-154.65,660.41,259.78,0,0.00,0,0,0.00,0.00,101.82,0.00,0.00,0,0
56.60,-137.41,401.31,-154.59,665.78,265.13,0,0.00,0,0,0.00,0.00,94.69,0.00,0.00,0,0
56.70,-137.41,401.31,-154.54,671.04,270.38,0,0.00,0,0,0.00,0.00,87.57,0.00,0.00,0,0
56.80,-137.41,401.31,-154.49,676.20,275.52,0,0.00,0,0,0.00,0.00,80.46,0.00,0.00,0,0
56.90,-137.41,401.31,-154.44,681.26,280.56,0,0.00,0,0,0.00,0.00,73.37,0.00,0.00,0,0
57.00,-137.41,401.31,-154.40,686.22,285.51,0,0.00,0,0,0.00,0.00,66.30,0.00,0.00,0,0
57.10,-137.41,401.31,-154.35,691.08,290.36,0,0.00,0,0,0.00,0.00,59.26,0.00,0.00,0,0
57.20,-137.41,401.31,-154.30,695.84,295.11,0,0.00,0,0,0.00,0.00,52.26,0.00,0.00,0,0
57.30,-137.41,401.31,-154.26,700.51,299.77,0,0.00,0,0,0.00,0.00,45.32,0.00,0.00,0,0
57.40,-137.41,401.31,-154.24,460.00,61.43,0,0.00,0,0,0.00,0.00,38.47,0.00,0.00,0,0
57.50,-137.41,401.31,-154.24,460.00,61.42,0,0.00,0,0,0.00,0.00,31.77,0.00,0.00,0,0
57.60,-137.41,401.31,-154.24,460.00,61.42,0,0.00,0,0,0.00,0.00,25.34,0.00,0.00,0,0
57.70,-141.48,408.26,-154.24,460.00,53.71,0,0.00,0,0,0.00,0.00,27.48,-1.00,1.00,0,0
57.80,-151.65,418.43,-154.24,460.00,42.17,0,0.00,0,0,0.00,0.00,36.27,0.00,1.00,0,0
57.91,-151.65,432.82,-154.52,447.68,15.13,1,0.00,0,0,0.00,0.00,45.30,0.00,1.00,0,0
58.00,-159.79,443.84,-167.87,456.63,15.13,1,0.00,0,0,0.00,0.00,54.50,-1.00,1.00,0,0
58.10,-173.34,445.87,-187.40,451.46,15.13,1,0.00,0,0,0.00,0.00,56.58,-1.00,0.00,0,0
58.20,-187.72,445.87,-202.77,447.48,15.13,1,0.00,0,0,0.00,0.00,57.88,-1.00,0.00,0,0
58.30,-202.11,445.87,-217.24,446.33,15.13,1,0.00,0,0,0.00,0.00,60.13,-1.00,0.00,0,0
58.40,-216.50,445.87,-231.63,446.00,15.13,1,0.00,0,0,0.00,0.00,63.24,-1.00,0.00,0,0
58.50,-230.89,445.87,-246.02,445.91,15.13,1,0.00,0,0,0.00,0.00,67.08,-1.00,0.00,0,0
58.60,-245.28,445.87,-260.41,445.88,15.13,1,0.00,0,0,0.00,0.00,71.54,-1.00,0.00,0,0
58.71,-257.14,439.77,-271.08,433.87,15.13,1,0.00,0,0,0.00,0.00,71.13,-1.00,-1.00,0,0
58.81,-267.31,429.59,-279.13,420.14,15.13,1,0.00,0,0,0.00,0.00,79.09,-1.00,-1.00,0,0
58.90,-275.45,418.58,-285.76,407.50,15.13,1,0.00,0,0,0.00,0.00,88.52,0.00,-1.00,0,0
59.00,-275.45,404.19,-283.33,388.26,17.77,0,0.00,0,0,0.00,0.00,90.04,0.00,-1.00,0,0
59.10,-275.45,389.80,-289.99,369.92,24.62,0,0.00,0,0,0.00,0.00,92.40,0.00,-1.00,0,0
59.21,-275.45,375.41,-296.48,352.04,31.44,0,0.00,0,0,0.00,0.00,95.54,0.00,-1.00,0,0
59.30,-275.45,361.02,-302.81,334.60,38.04,0,0.00,0,0,0.00,0.00,99.38,0.00,-1.00,0,0
59.41,-275.45,346.63,-308.99,317.60,44.37,0,0.00,0,0,0.00,0.00,103.85,0.00,-1.00,0,0
59.51,-275.45,332.24,-298.90,270.15,66.37,1,0.00,0,0,0.00,0.00,108.88,0.00,-1.00,0,0
59.60,-277.49,318.70,-298.90,270.15,53.06,1,0.00,0,0,0.00,0.00,116.11,-1.00,-1.00,0,0
59.70,-287.66,308.52,-298.90,270.15,39.99,1,0.00,0,0,0.00,0.00,130.45,-1.00,-1.00,0,0
59.80,-297.84,298.35,-298.90,270.15,28.22,1,0.00,0,0,0.00,0.00,144.80,-1.00,-1.00,0,0
59.90,-301.91,285.65,-298.90,270.15,15.79,1,0.00,0,0,0.00,0.00,153.98,0.00,-1.00,0,0
60.00,-301.91,271.26,-298.90,270.15,3.21,1,0.00,0,0,0.00,0.00,159.97,0.00,-1.00,0,0
60.10,-301.91,256.87,-298.90,270.15,13.62,1,0.00,0,0,0.00,0.00,166.22,0.00,-1.00,0,0
60.21,-297.84,244.17,-298.90,270.15,26.00,1,0.00,0,0,0.00,0.00,168.30,1.00,-1.00,0,0
60.30,-287.66,233.99,-298.90,270.15,37.86,1,0.00,0,0,0.00,0.00,164.01,1.00,-1.00,0,0
60.40,-277.49,223.82,-298.90,270.15,51.04,1,0.00,0,0,0.00,0.00,159.97,1.00,-1.00,0,0
60.50,-267.31,213.64,-298.90,270.15,64.73,1,0.00,0,0,0.00,0.00,156.20,1.00,-1.00,0,0
60.60,-257.14,203.47,-298.90,270.15,78.68,1,0.00,0,0,0.00,0.00,152.73,1.00,-1.00,0,0
60.71,-253.07,190.76,-298.90,270.15,91.66,1,0.00,0,0,0.00,0.00,156.00,0.00,-1.00,0,0
60.80,-255.10,177.22,-298.90,270.15,102.73,1,0.00,0,0,0.00,0.00,164.87,-1.00,-1.00,0,0
60.91,-265.28,167.04,-298.90,270.15,108.45,1,0.00,0,0,0.00,0.00,178.40,-1.00,-1.00,0,0
61.00,-275.45,156.87,-301.92,254.64,101.29,0,0.00,0,0,0.00,0.00,192.04,-1.00,-1.00,0,0
61.10,-283.59,145.85,-305.62,235.68,92.49,0,0.00,0,0,0.00,0.00,204.51,0.00,-1.00,0,0
61.20,-283.59,131.46,-309.23,217.20,89.49,0,0.00,0,0,0.00,0.00,212.02,0.00,-1.00,0,0
61.31,-283.59,117.08,-312.74,199.17,87.12,0,0.00,0,0,0.00,0.00,219.63,0.00,-1.00,0,0
61.41,-294.26,112.16,-316.17,181.59,72.81,0,0.00,0,0,0.00,0.00,230.73,-1.00,0.00,0,0
61.51,-308.65,112.16,-319.52,164.45,53.43,0,0.00,0,0,0.00,0.00,242.94,-1.00,0.00,0,0
61.60,-323.04,112.16,-322.78,147.73,35.63,0,0.00,0,0,0.00,0.00,255.98,-1.00,0.00,0,0
61.70,-332.02,121.15,-345.03,128.87,15.13,1,0.00,0,0,0.00,0.00,261.29,0.00,1.00,0,0
61.80,-323.04,130.13,-320.51,145.05,15.13,1,0.00,0,0,0.00,0.00,250.92,1.00,0.00,0,0
61.90,-308.65,130.13,-294.45,135.37,15.13,1,0.00,0,0,0.00,0.00,238.71,1.00,0.00,0,0
62.00,-294.26,130.13,-279.21,131.68,15.13,1,0.00,0,0,0.00,0.00,226.52,1.00,0.00,0,0
62.10,-279.87,130.13,-264.74,130.56,15.13,1,0.00,0,0,0.00,0.00,214.37,1.00,0.00,0,0
62.20,-265.60,130.13,-250.47,130.25,15.13,1,0.00,0,0,0.00,0.00,202.35,1.00,0.00,0,0
62.30,-252.05,128.09,-236.97,126.90,15.13,1,0.00,0,0,0.00,0.00,191.64,1.00,-1.00,0,0
62.40,-241.88,117.92,-229.26,109.57,15.13,1,0.00,0,0,0.00,0.00,186.52,1.00,-1.00,0,0
62.50,-230.02,111.81,-216.97,104.15,15.13,1,0.00,0,0,0.00,0.00,178.65,1.00,0.00,0,0
62.60,-215.63,111.81,-200.66,109.61,15.13,1,0.00,0,0,0.00,0.00,166.47,1.00,0.00,0,0
62.70,-201.24,111.81,-186.12,111.19,15.13,1,0.00,0,0,0.00,0.00,154.33,1.00,0.00,0,0
62.80,-186.85,111.81,-171.72,111.64,15.13,1,0.00,0,0,0.00,0.00,142.24,1.00,0.00,0,0
62.91,-172.46,111.81,-157.33,111.76,15.13,1,0.00,0,0,0.00,0.00,130.21,1.00,0.00,0,0
63.01,-158.08,111.81,-142.94,111.80,15.13,1,0.00,0,0,0.00,0.00,118.27,1.00,0.00,0,0
63.10,-145.37,107.74,-130.66,104.20,15.13,1,0.00,0,0,0.00,0.00,108.93,1.00,-1.00,0,0
63.20,-135.20,97.57,-123.00,88.61,15.13,0,0.00,0,0,0.00,0.00,103.54,1.00,-1.00,0,0
63.30,-121.65,95.54,-107.12,76.95,23.59,0,0.00,0,0,0.00,0.00,92.85,1.00,0.00,0,0
63.40,-107.26,95.54,-91.63,65.58,33.79,0,0.00,0,0,0.00,0.00,80.91,1.00,0.00,0,0
63.50,-92.88,95.54,-76.53,54.49,44.18,0,0.00,0,0,0.00,0.00,69.13,1.00,0.00,0,0
63.61,-78.49,95.54,-61.80,43.68,54.49,0,0.00,0,0,0.00,0.00,57.64,1.00,-1.00,0,0
63.71,-68.31,85.36,-47.43,33.13,56.27,0,0.00,0,0,0.00,0.00,51.66,1.00,-1.00,0,0
63.81,-58.14,75.19,-33.42,22.84,57.91,0,0.00,0,0,0.00,0.00,46.18,1.00,-1.00,0,0
63.90,-47.96,65.01,-19.76,12.81,59.38,0,0.00,0,0,0.00,0.00,41.40,1.00,-1.00,0,0
64.00,-43.89,52.31,-6.43,3.02,61.98,0,0.00,0,0,0.00,0.00,44.08,0.00,-1.00,0,0
64.11,-43.89,37.92,6.57,-6.52,67.34,0,0.00,0,0,0.00,0.00,51.73,0.00,-1.00,0,0
64.20,-43.89,23.53,19.24,-15.82,74.54,0,0.00,0,0,0.00,0.00,59.75,0.00,-1.00,0,0
64.30,-35.75,12.51,31.60,-24.90,77.24,0,0.00,0,0,0.00,0.00,59.95,1.00,-1.00,0,0
64.40,-25.58,2.34,43.65,-33.75,78.35,0,0.00,0,0,0.00,0.00,59.01,1.00,-1.00,0,0
64.50,-15.41,-7.83,54.97,-42.06,78.53,0,0.00,0,0,0.00,0.00,59.05,1.00,-1.00,0,0
64.60,-5.23,-18.01,65.89,-50.07,78.30,0,0.00,0,0,0.00,0.00,60.09,1.00,-1.00,0,0
64.70,4.94,-28.18,76.49,-57.86,77.74,0,0.00,0,0,0.00,0.00,62.06,1.00,-1.00,0,0
64.80,15.12,-38.36,86.78,-65.42,76.89,0,0.00,0,0,0.00,0.00,64.88,1.00,-1.00,0,0
64.91,25.29,-48.53,95.19,-101.21,87.53,2,0.00,0,0,0.00,0.00,59.49,1.00,-1.00,0,0
65.01,35.47,-58.71,95.19,-101.21,73.31,2,0.00,0,0,0.00,0.00,53.57,1.00,-1.00,0,0
65.10,45.64,-68.88,95.19,-101.21,59.17,2,0.00,0,0,0.00,0.00,51.21,1.00,-1.00,0,0
65.21,59.19,-70.91,95.19,-101.21,47.06,2,0.00,0,0,0.00,0.00,44.74,1.00,0.00,0,0
65.31,73.57,-70.91,95.19,-101.21,37.22,2,0.00,0,0,0.00,0.00,42.45,1.00,-1.00,0,0
65.40,83.75,-81.09,96.42,-89.36,15.13,1,0.00,0,0,0.00,0.00,28.46,1.00,-1.00,0,0
65.50,93.92,-91.26,105.23,-101.33,15.13,1,0.00,0,0,0.00,0.00,15.25,1.00,-1.00,0,0
65.60,100.03,-103.12,108.14,-115.90,15.13,1,0.00,0,0,0.00,0.00,12.23,0.00,-1.00,0,0
65.70,100.03,-117.51,102.53,-132.44,15.13,1,0.00,0,0,0.00,0.00,24.53,0.00,-1.00,0,0
65.80,100.03,-131.90,100.76,-147.02,15.13,1,0.00,0,0,0.00,0.00,38.32,0.00,-1.00,0,0
65.91,102.06,-145.45,103.31,-160.53,15.13,1,0.00,0,0,0.00,0.00,51.29,1.00,-1.00,0,0
66.01,113.08,-153.59,123.64,-164.42,15.13,1,0.00,0,0,0.00,0.00,59.14,1.00,0.00,0,0
66.11,127.47,-153.59,142.20,-157.04,15.13,1,0.00,0,0,0.00,0.00,61.87,1.00,0.00,0,0
66.20,141.01,-151.55,156.11,-150.43,15.13,1,0.00,0,0,0.00,0.00,65.43,1.00,1.00,0,0
66.30,151.19,-141.38,163.83,-133.05,15.13,1,0.00,0,0,0.00,0.00,63.13,1.00,1.00,0,0
66.40,161.36,-131.20,172.67,-121.15,15.13,1,0.00,0,0,0.00,0.00,64.05,1.00,1.00,0,0
66.51,171.54,-121.03,182.41,-110.50,15.13,1,0.00,0,0,0.00,0.00,68.08,1.00,1.00,0,0
66.60,177.64,-109.17,184.60,-95.73,15.13,1,0.00,0,0,0.00,0.00,70.37,0.00,1.00,0,0
66.70,177.64,-94.78,179.69,-79.79,15.13,1,0.00,0,0,0.00,0.00,68.84,0.00,1.00,0,0
66.80,177.64,-80.39,178.26,-65.27,15.13,1,0.00,0,0,0.00,0.00,70.29,0.00,1.00,0,0
66.90,177.64,-66.00,177.82,-50.87,15.13,1,0.00,0,0,0.00,0.00,74.55,0.00,1.00,0,0
67.00,177.64,-51.61,177.69,-36.48,15.13,1,0.00,0,0,0.00,0.00,81.16,0.00,1.00,0,0
67.11,177.64,-37.22,177.66,-22.09,15.13,1,0.00,0,0,0.00,0.00,89.62,0.00,1.00,0,0
67.20,177.64,-22.84,177.65,-7.70,15.13,1,0.00,0,0,0.00,0.00,99.44,0.00,1.00,0,0
67.30,177.64,-8.45,177.64,6.69,15.13,1,0.00,0,0,0.00,0.00,110.28,0.00,1.00,0,0
67.40,177.64,5.94,177.64,21.07,15.13,1,0.00,0,0,0.00,0.00,121.85,0.00,1.00,0,0
67.51,177.64,20.33,177.64,35.46,15.13,1,0.00,0,0,0.00,0.00,133.97,0.00,1.00,0,0
67.60,177.64,34.72,177.64,49.85,15.13,1,0.00,0,0,0.00,0.00,146.50,0.00,1.00,0,0
67.70,177.64,49.11,177.64,64.24,15.13,1,0.00,0,0,0.00,0.00,159.35,0.00,1.00,0,0
67.80,177.64,49.11,177.64,64.24,15.13,1,0.00,0,0,0.00,0.00,159.35,0.00,0.00,0,0
67.90,177.64,49.11,177.64,64.24,15.13,1,0.00,0,0,0.00,0.00,159.35,0.00,0.00,0,0
68.00,177.64,49.11,177.64,64.24,15.13,1,0.00,0,0,0.00,0.00,159.35,0.00,0.00,0,0
68.10,177.64,49.11,177.64,64.24,15.13,1,0.00,0,0,0.00,0.00,159.35,0.00,0.00,0,0
68.20,177.64,49.11,177.64,64.24,15.13,1,0.00,0,0,0.00,0.00,159.35,0.00,0.00,0,0
68.30,177.64,49.11,177.64,64.24,15.13,1,0.00,0,0,0.00,0.00,159.35,0.00,0.00,0,0
68.40,177.64,49.11,177.64,64.24,15.13,1,0.00,0,0,0.00,0.00,159.35,0.00,0.00,0,0
68.50,177.64,49.11,177.64,64.24,15.13,1,0.00,0,0,0.00,0.00,159.27,0.00,0.00,0,0
68.60,177.64,49.11,177.64,64.24,15.13,1,0.00,0,0,0.00,0.00,152.75,0.00,0.00,0,0
68.70,177.64,49.11,177.64,64.24,15.13,1,0.00,0,0,0.00,0.00,146.30,0.00,0.00,0,0
68.81,177.64,49.11,177.64,64.24,15.13,1,0.00,0,0,0.00,0.00,139.92,0.00,0.00,0,0
68.90,177.64,49.11,177.64,64.24,15.13,1,0.00,0,0,0.00,0.00,133.62,0.00,0.00,0,0
69.00,177.64,49.11,177.64,64.24,15.13,1,0.00,0,0,0.00,0.00,127.41,0.00,0.00,0,0
69.10,177.64,49.11,177.64,64.24,15.13,1,0.00,0,0,0.00,0.00,121.31,0.00,0.00,0,0
69.21,177.64,49.11,177.64,64.24,15.13,1,0.00,0,0,0.00,0.00,115.34,0.00,0.00,0,0
69.31,177.64,49.11,177.64,64.24,15.13,1,0.00,0,0,0.00,0.00,109.52,0.00,0.00,0,0
69.41,177.64,49.11,177.64,64.24,15.13,1,0.00,0,0,0.00,0.00,103.87,0.00,0.00,0,0
69.50,177.64,49.11,177.64,64.24,15.13,1,0.00,0,0,0.00,0.00,98.41,0.00,0.00,0,0
69.60,177.64,49.11,177.64,64.24,15.13,1,0.00,0,0,0.00,0.00,93.19,0.00,0.00,0,0
69.70,177.64,49.11,177.64,64.24,15.13,1,0.00,0,0,0.00,0.00,88.26,0.00,0.00,0,0
69.80,180.52,49.11,184.51,63.71,15.13,1,0.00,0,0,0.00,0.00,86.50,1.00,0.00,0,0
69.90,194.91,49.11,209.13,54.27,15.13,1,0.00,0,0,0.00,0.00,96.66,1.00,0.00,0,0
70.00,209.30,49.11,224.35,50.63,15.13,1,0.00,0,0,0.00,0.00,107.28,1.00,0.00,0,0
70.11,223.69,49.11,238.81,49.52,15.13,1,0.00,0,0,0.00,0.00,118.24,1.00,0.00,0,0
70.20,238.07,49.11,253.21,49.23,15.13,1,0.00,0,0,0.00,0.00,129.45,1.00,0.00,0,0
70.30,252.46,49.11,267.60,49.14,15.13,1,0.00,0,0,0.00,0.00,140.85,1.00,0.00,0,0
70.41,266.85,49.11,281.98,49.12,15.13,1,0.00,0,0,0.00,0.00,152.40,1.00,0.00,0,0
70.50,279.55,53.18,293.91,57.98,15.13,1,0.00,0,0,0.00,0.00,161.64,1.00,1.00,0,0
70.61,289.73,63.35,301.73,72.57,15.13,1,0.00,0,0,0.00,0.00,167.40,1.00,1.00,0,0
70.70,291.76,76.90,297.20,91.02,15.13,1,0.00,0,0,0.00,0.00,164.83,0.00,1.00,0,0
70.80,291.76,91.29,293.37,106.33,15.13,1,0.00,0,0,0.00,0.00,160.49,0.00,1.00,0,0
70.90,291.76,105.67,292.22,120.80,15.13,1,0.00,0,0,0.00,0.00,156.55,0.00,1.00,0,0
71.01,300.75,114.66,309.22,127.20,15.13,1,0.00,0,0,0.00,0.00,161.85,1.00,0.00,0,0
71.11,315.14,114.66,329.69,118.78,15.13,1,0.00,0,0,0.00,0.00,172.59,1.00,0.00,0,0
71.20,329.52,114.66,344.61,115.86,15.13,1,0.00,0,0,0.00,0.00,183.54,1.00,0.00,0,0
71.30,343.91,114.66,363.28,116.59,19.46,0,0.00,0,0,0.00,0.00,184.15,1.00,0.00,0,0
71.40,343.91,114.66,382.55,117.79,38.76,0,0.00,0,0,0.00,0.00,184.15,0.00,0.00,0,0
71.50,343.91,114.66,401.34,118.97,57.60,0,0.00,0,0,0.00,0.00,184.15,0.00,0.00,0,0
71.60,343.91,114.66,419.68,120.12,75.96,0,0.00,0,0,0.00,0.00,184.15,0.00,0.00,0,0
71.70,343.91,114.66,437.55,121.23,93.88,0,0.00,0,0,0.00,0.00,184.15,0.00,0.00,0,0
71.80,343.91,114.66,454.99,122.32,111.35,0,0.00,0,0,0.00,0.00,184.15,0.00,0.00,0,0
71.91,343.91,114.66,471.99,123.39,128.39,0,0.00,0,0,0.00,0.00,184.15,0.00,0.00,0,0
72.00,343.91,114.66,488.57,124.42,145.02,0,0.00,0,0,0.00,0.00,184.15,0.00,0.00,0,0
72.10,343.91,114.66,504.75,125.44,161.23,0,0.00,0,0,0.00,0.00,184.15,0.00,0.00,0,0
72.20,343.91,114.66,520.52,126.42,177.05,0,0.00,0,0,0.00,0.00,181.09,0.00,0.00,0,0
72.30,343.91,114.66,535.90,127.38,192.48,0,0.00,0,0,0.00,0.00,175.01,0.00,0.00,0,0
72.40,343.91,114.66,550.90,128.32,207.53,0,0.00,0,0,0.00,0.00,169.02,0.00,0.00,0,0
72.51,343.91,114.66,565.11,129.21,221.78,0,0.00,0,0,0.00,0.00,163.13,0.00,0.00,0,0
72.60,343.91,114.66,578.71,130.06,235.40,0,0.00,0,0,0.00,0.00,157.34,0.00,0.00,0,0
72.70,343.91,114.66,591.92,130.89,248.62,0,0.00,0,0,0.00,0.00,151.68,0.00,0.00,0,0
72.80,343.91,114.66,604.74,131.69,261.47,0,0.00,0,0,0.00,0.00,146.15,0.00,0.00,0,0
72.90,343.91,114.66,617.18,132.47,273.93,0,0.00,0,0,0.00,0.00,140.77,0.00,0.00,0,0
73.00,343.91,114.66,629.26,133.22,286.03,0,0.00,0,0,0.00,0.00,135.55,0.00,0.00,0,0
73.10,343.91,114.66,640.99,133.96,297.77,0,0.00,0,0,0.00,0.00,130.53,0.00,0.00,0,0
73.21,343.91,114.66,645.22,131.14,301.82,0,0.00,0,0,0.00,0.00,125.71,0.00,0.00,0,0
73.31,39.00,287.00,647.70,127.61,629.25,0,0.00,0,0,0.00,0.00,101.32,0.00,0.00,0,0
73.40,39.00,287.00,650.13,124.17,632.47,0,0.00,0,0,0.00,0.00,101.32,0.00,0.00,0,0
73.51,39.00,287.00,652.49,120.81,635.62,0,0.00,0,0,0.00,0.00,101.32,0.00,0.00,0,0
73.60,39.00,287.00,654.79,117.53,638.70,0,0.00,0,0,0.00,0.00,101.32,0.00,0.00,0,0
73.70,39.00,287.00,657.04,114.34,641.72,0,0.00,0,0,0.00,0.00,101.32,0.00,0.00,0,0
73.81,39.00,287.00,659.23,111.23,644.68,0,0.00,0,0,0.00,0.00,101.32,0.00,0.00,0,0
73.90,39.00,287.00,661.37,108.19,647.57,0,0.00,0,0,0.00,0.00,101.32,0.00,0.00,0,0
74.00,39.00,287.00,663.45,105.23,650.39,0,0.00,0,0,0.00,0.00,101.32,0.00,0.00,0,0
74.10,39.00,278.37,665.49,102.34,650.77,0,0.00,0,0,0.00,0.00,101.00,0.00,-1.00,0,0
74.20,39.00,263.98,667.47,99.52,649.66,0,0.00,0,0,0.00,0.00,102.11,0.00,-1.00,0,0
74.31,39.00,249.59,59.00,80.60,170.29,0,0.00,0,0,0.00,0.00,105.20,0.00,-1.00,0,0
74.40,39.00,235.20,59.00,80.60,156.02,0,0.00,0,0,0.00,0.00,110.09,0.00,-1.00,0,0
74.51,43.07,222.50,59.00,80.60,142.94,0,0.00,0,0,0.00,0.00,112.20,1.00,-1.00,0,0
74.60,53.24,212.32,59.00,80.60,132.02,0,0.00,0,0,0.00,0.00,109.42,1.00,-1.00,0,0
74.71,63.42,202.15,59.00,80.60,121.81,0,0.00,0,0,0.00,0.00,108.49,0.00,-1.00,0,0
74.80,63.42,187.76,59.00,80.60,107.46,0,0.00,0,0,0.00,0.00,119.12,0.00,-1.00,0,0
74.90,63.42,173.37,59.00,80.60,93.11,0,0.00,0,0,0.00,0.00,130.47,0.00,-1.00,0,0
75.01,63.42,158.98,59.00,80.60,78.79,0,0.00,0,0,0.00,0.00,142.37,0.00,-1.00,0,0
75.10,63.42,144.59,59.00,80.60,64.49,0,0.00,0,0,0.00,0.00,154.69,0.00,-1.00,0,0
75.20,63.42,130.21,59.00,80.60,50.24,0,0.00,0,0,0.00,0.00,167.35,0.00,-1.00,0,0
75.30,63.42,115.82,59.00,80.60,36.11,0,0.00,0,0,0.00,0.00,180.26,0.00,-1.00,0,0
75.40,63.42,101.43,63.42,86.30,15.13,1,0.00,0,0,0.00,0.00,193.38,0.00,-1.00,0,0
75.50,63.42,87.04,63.42,71.91,15.13,1,0.00,0,0,0.00,0.00,187.22,0.00,-1.00,0,0
75.60,59.35,74.34,55.13,59.80,15.13,1,0.00,0,0,0.00,0.00,176.03,-1.00,-1.00,0,0
75.71,48.33,66.20,37.15,56.00,15.13,1,0.00,0,0,0.00,0.00,171.79,-1.00,0.00,0,0
75.81,33.94,66.20,19.15,63.01,15.13,1,0.00,0,0,0.00,0.00,177.37,-1.00,0.00,0,0
75.91,19.55,66.20,4.45,65.29,15.13,1,0.00,0,0,0.00,0.00,183.90,-1.00,0.00,0,0
76.01,5.17,66.20,-9.97,65.93,15.13,1,0.00,0,0,0.00,0.00,191.30,-1.00,0.00,0,0
76.11,-9.22,66.20,-24.36,66.12,15.13,1,0.00,0,0,0.00,0.00,199.46,-1.00,1.00,0,0
76.21,-19.40,76.37,-32.36,84.17,15.13,1,0.00,0,0,0.00,0.00,213.70,-1.00,1.00,0,0
76.31,-21.43,89.92,-27.02,103.98,15.13,1,0.00,0,0,0.00,0.00,225.85,0.00,1.00,0,0
76.40,-21.43,104.31,-23.18,119.34,15.13,1,0.00,0,0,0.00,0.00,237.75,0.00,1.00,0,0
76.50,-21.43,118.69,-21.93,133.82,15.13,1,0.00,0,0,0.00,0.00,227.50,0.00,1.00,0,0
76.60,-21.43,133.08,-21.58,148.22,15.13,1,0.00,0,0,0.00,0.00,217.61,1.00,1.00,0,0
76.70,-11.26,143.26,-3.42,156.20,15.13,1,0.00,0,0,0.00,0.00,203.24,1.00,1.00,0,0
76.80,-0.24,151.40,10.44,162.11,15.13,1,0.00,0,0,0.00,0.00,189.60,1.00,0.00,0,0
76.90,14.15,151.40,28.91,154.74,15.13,1,0.00,0,0,0.00,0.00,179.22,1.00,0.00,0,0
77.00,28.54,151.40,43.64,152.36,15.13,1,0.00,0,0,0.00,0.00,169.43,1.00,0.00,0,0
77.11,42.93,151.40,58.06,151.67,15.13,1,0.00,0,0,0.00,0.00,160.33,1.00,0.00,0,0
77.20,57.31,151.40,72.45,151.48,15.13,1,0.00,0,0,0.00,0.00,152.05,1.00,0.00,0,0
77.30,71.70,151.40,86.84,151.42,15.13,1,0.00,0,0,0.00,0.00,144.73,1.00,0.00,0,0
77.40,86.09,151.40,101.22,151.40,15.13,1,0.00,0,0,0.00,0.00,138.52,1.00,0.00,0,0
77.51,98.79,155.47,113.15,160.27,15.13,1,0.00,0,0,0.00,0.00,130.22,1.00,1.00,0,0
77.60,100.83,169.01,108.12,182.27,15.13,1,0.00,0,0,0.00,0.00,116.75,-1.00,1.00,0,0
77.71,88.13,173.08,77.11,183.46,15.13,1,0.00,0,0,0.00,0.00,117.94,-1.00,0.00,0,0
77.80,73.74,173.08,58.95,176.29,15.13,1,0.00,0,0,0.00,0.00,124.94,-1.00,0.00,0,0
77.90,63.56,162.91,50.08,156.04,15.13,1,0.00,0,0,0.00,0.00,139.00,-1.00,-1.00,0,0
78.01,61.53,149.36,55.69,135.40,15.13,1,0.00,0,0,0.00,0.00,151.54,0.00,-1.00,0,0
78.11,61.53,134.97,59.82,119.94,15.13,1,0.00,0,0,0.00,0.00,164.02,0.00,-1.00,0,0
78.21,61.53,120.59,61.04,105.46,15.13,1,0.00,0,0,0.00,0.00,176.79,0.00,-1.00,0,0
78.30,61.53,106.20,61.38,91.06,15.13,1,0.00,0,0,0.00,0.00,164.37,0.00,-1.00,0,0
78.40,61.53,91.81,61.49,76.67,15.13,1,0.00,0,0,0.00,0.00,149.47,0.00,-1.00,0,0
78.50,61.53,77.42,61.52,62.29,15.13,1,0.00,0,0,0.00,0.00,135.96,0.00,-1.00,0,0
78.60,61.53,63.03,61.52,47.90,15.13,1,0.00,0,0,0.00,0.00,124.31,0.00,-1.00,0,0
78.70,59.49,49.48,58.34,34.40,15.13,1,0.00,0,0,0.00,0.00,117.21,-1.00,-1.00,0,0
78.80,49.32,39.31,40.97,26.69,15.13,1,0.00,0,0,0.00,0.00,121.10,-1.00,-1.00,0,0
78.90,38.30,31.17,26.78,21.36,15.13,1,0.00,0,0,0.00,0.00,127.64,-1.00,0.00,0,0
79.00,23.91,31.17,9.09,28.14,15.13,1,0.00,0,0,0.00,0.00,137.64,-1.00,0.00,0,0
79.10,9.52,31.17,-5.58,30.31,15.13,1,0.00,0,0,0.00,0.00,147.76,-1.00,0.00,0,0
79.20,-4.86,31.17,-20.00,30.92,15.13,1,0.00,0,0,0.00,0.00,157.99,-1.00,0.00,0,0
79.30,-15.88,39.31,-29.46,45.99,15.13,1,0.00,0,0,0.00,0.00,163.63,-1.00,1.00,0,0
79.40,-24.02,50.33,-34.26,61.47,15.13,1,0.00,0,0,0.00,0.00,166.16,0.00,1.00,0,0
79.50,-24.02,64.72,-27.21,79.51,15.13,1,0.00,0,0,0.00,0.00,160.58,0.00,1.00,0,0
79.61,-24.02,79.10,-24.94,94.21,15.13,1,0.00,0,0,0.00,0.00,155.48,1.00,1.00,0,0
79.71,-13.85,89.28,-5.98,102.21,15.13,1,0.00,0,0,0.00,0.00,140.54,1.00,1.00,0,0
79.80,-3.67,99.45,6.26,110.87,15.13,1,0.00,0,0,0.00,0.00,125.82,1.00,1.00,0,0
79.90,10.72,99.45,25.25,103.66,15.13,1,0.00,0,0,0.00,0.00,106.26,1.00,0.00,0,0
80.00,25.11,99.45,40.19,100.70,15.13,1,0.00,0,0,0.00,0.00,86.90,1.00,0.00,0,0
80.10,39.49,99.45,54.62,99.82,15.13,1,0.00,0,0,0.00,0.00,67.88,1.00,0.00,0,0
80.20,45.60,111.31,56.58,121.73,15.13,1,0.00,0,0,0.00,0.00,56.68,0.00,1.00,0,0
80.30,35.42,121.49,30.96,135.95,15.13,1,0.00,0,0,0.00,0.00,62.25,-1.00,1.00,0,0
80.40,25.25,131.66,16.13,143.74,15.13,1,0.00,0,0,0.00,0.00,68.13,-1.00,1.00,0,0
80.51,15.08,141.84,4.81,152.96,15.13,1,0.00,0,0,0.00,0.00,74.25,-1.00,0.00,0,0
80.61,0.69,141.84,-14.04,145.31,15.13,1,0.00,0,0,0.00,0.00,82.76,-1.00,0.00,0,0
80.70,-11.17,135.73,-25.35,130.43,15.13,1,0.00,0,0,0.00,0.00,89.13,-1.00,-1.00,0,0
80.80,-15.24,123.03,-22.67,109.85,15.13,1,0.00,0,0,0.00,0.00,90.38,0.00,-1.00,0,0
80.91,-13.21,109.48,-12.54,94.36,15.13,1,0.00,0,0,0.00,0.00,89.85,1.00,-1.00,0,0
81.01,-3.03,99.31,5.15,86.58,15.13,1,0.00,0,0,0.00,0.00,85.22,1.00,0.00,0,0
81.11,11.35,99.31,25.89,95.10,15.13,1,0.00,0,0,0.00,0.00,75.31,1.00,0.00,0,0
81.21,25.74,99.31,40.83,98.09,15.13,1,0.00,0,0,0.00,0.00,69.83,1.00,0.00,0,0
81.30,40.13,99.31,55.26,98.94,15.13,1,0.00,0,0,0.00,0.00,69.85,1.00,0.00,0,0
81.40,54.52,99.31,69.65,99.20,15.13,1,0.00,0,0,0.00,0.00,75.36,1.00,0.00,0,0
81.50,68.91,99.31,84.04,99.28,15.13,1,0.00,0,0,0.00,0.00,79.79,1.00,0.00,0,0
81.60,83.30,99.31,98.43,99.30,15.13,1,0.00,0,0,0.00,0.00,78.51,1.00,0.00,0,0
81.70,97.69,99.31,112.82,99.31,15.13,1,0.00,0,0,0.00,0.00,79.10,1.00,0.00,0,0
81.80,112.08,99.31,127.21,99.31,15.13,1,0.00,0,0,0.00,0.00,81.23,1.00,0.00,0,0
81.91,126.46,99.31,141.60,99.31,15.13,1,0.00,0,0,0.00,0.00,84.58,1.00,0.00,0,0
82.00,140.85,99.31,155.99,99.31,15.13,1,0.00,0,0,0.00,0.00,88.86,1.00,-1.00,0,0
82.10,151.03,89.13,163.81,81.03,15.13,1,0.00,0,0,0.00,0.00,95.88,1.00,-1.00,0,0
82.21,155.10,76.43,161.69,62.81,15.13,1,0.00,0,0,0.00,0.00,99.79,0.00,-1.00,0,0
82.30,155.10,62.04,157.17,47.05,15.13,1,0.00,0,0,0.00,0.00,102.54,-1.00,-1.00,0,0
82.40,144.92,51.87,137.34,38.77,15.13,1,0.00,0,0,0.00,0.00,96.71,-1.00,-1.00,0,0
82.50,132.22,47.80,118.56,41.29,15.13,1,0.00,0,0,0.00,0.00,86.29,-1.00,0.00,0,0
82.60,117.83,47.80,102.82,45.87,15.13,1,0.00,0,0,0.00,0.00,73.34,-1.00,0.00,0,0
82.70,103.44,47.80,88.32,47.25,15.13,1,0.00,0,0,0.00,0.00,62.68,-1.00,0.00,0,0
82.80,89.05,47.80,73.92,47.65,15.13,1,0.00,0,0,0.00,0.00,54.01,-1.00,0.00,0,0
82.90,74.67,47.80,59.53,47.75,15.13,1,0.00,0,0,0.00,0.00,46.44,-1.00,1.00,0,0
83.00,64.49,57.97,51.70,66.07,15.13,1,0.00,0,0,0.00,0.00,38.39,-1.00,1.00,0,0
83.10,54.32,68.15,42.97,78.16,15.13,1,0.00,0,0,0.00,0.00,30.75,-1.00,1.00,0,0
83.20,44.14,78.32,33.25,88.83,15.13,1,0.00,0,0,0.00,0.00,28.31,-1.00,1.00,0,0
83.31,30.60,80.36,16.05,84.52,15.13,1,0.00,0,0,0.00,0.00,34.10,-1.00,0.00,0,0
83.41,16.21,80.36,1.12,81.59,15.13,1,0.00,0,0,0.00,0.00,41.14,-1.00,1.00,0,0
83.50,6.03,90.53,-6.74,98.64,15.13,1,0.00,0,0,0.00,0.00,43.91,-1.00,1.00,0,0
83.60,-4.14,100.71,-15.50,110.70,15.13,1,0.00,0,0,0.00,0.00,48.54,-1.00,1.00,0,0
83.71,-2.11,112.57,-3.62,127.62,15.13,1,0.00,0,0,0.00,0.00,43.81,1.00,1.00,0,0
83.80,8.07,122.74,15.83,135.73,15.13,1,0.00,0,0,0.00,0.00,34.90,1.00,1.00,0,0
83.90,18.24,132.91,28.15,144.35,15.13,1,0.00,0,0,0.00,0.00,30.99,1.00,1.00,0,0
84.00,28.42,143.09,38.90,154.01,15.13,1,0.00,0,0,0.00,0.00,31.64,1.00,1.00,0,0
84.10,39.43,151.23,50.81,161.21,15.13,1,0.00,0,0,0.00,0.00,33.48,1.00,0.00,0,0
84.21,53.82,151.23,68.65,154.26,15.13,1,0.00,0,0,0.00,0.00,31.93,1.00,0.00,0,0
84.30,68.21,151.23,83.32,152.11,15.13,1,0.00,0,0,0.00,0.00,34.37,1.00,0.00,0,0
84.40,82.60,151.23,97.73,151.49,15.13,1,0.00,0,0,0.00,0.00,39.05,1.00,0.00,0,0
84.51,96.99,151.23,112.12,151.30,15.13,1,0.00,0,0,0.00,0.00,44.86,1.00,0.00,0,0
84.60,108.85,145.12,122.89,139.47,15.13,1,0.00,0,0,0.00,0.00,47.31,1.00,-1.00,0,0
84.71,119.02,134.95,130.81,125.46,15.13,1,0.00,0,0,0.00,0.00,49.42,1.00,-1.00,0,0
84.80,129.20,124.77,140.23,114.41,15.13,1,0.00,0,0,0.00,0.00,53.40,1.00,-1.00,0,0
84.90,139.37,114.60,150.17,104.00,15.13,1,0.00,0,0,0.00,0.00,58.52,1.00,-1.00,0,0
85.00,149.55,104.43,160.28,93.75,15.13,1,0.00,0,0,0.00,0.00,61.96,1.00,-1.00,0,0
85.10,159.72,94.25,170.43,83.56,15.13,1,0.00,0,0,0.00,0.00,66.15,1.00,-1.00,0,0
85.21,169.89,84.08,180.60,73.38,15.13,1,0.00,0,0,0.00,0.00,71.24,1.00,-1.00,0,0
85.31,171.93,70.53,176.37,56.06,15.13,1,0.00,0,0,0.00,0.00,70.80,0.00,-1.00,0,0
85.40,171.93,56.14,173.28,41.07,15.13,1,0.00,0,0,0.00,0.00,70.89,0.00,-1.00,0,0
85.51,171.93,41.75,172.30,26.63,15.13,1,0.00,0,0,0.00,0.00,72.79,-1.00,-1.00,0,0
85.60,161.76,31.58,154.27,18.43,15.13,1,0.00,0,0,0.00,0.00,66.53,-1.00,-1.00,0,0
85.70,151.58,21.41,141.73,9.92,15.13,1,0.00,0,0,0.00,0.00,63.08,-1.00,-1.00,0,0
85.80,141.41,11.23,130.94,0.30,15.13,1,0.00,0,0,0.00,0.00,62.22,-1.00,-1.00,0,0
85.91,131.23,1.06,120.60,-9.71,15.13,1,0.00,0,0,0.00,0.00,63.54,-1.00,-1.00,0,0
86.00,121.06,-9.12,110.38,-19.84,15.13,1,0.00,0,0,0.00,0.00,66.55,-1.00,-1.00,0,0
86.10,109.20,-15.22,95.97,-22.57,15.13,1,0.00,0,0,0.00,0.00,67.13,-1.00,0.00,0,0
86.20,94.81,-15.22,79.83,-17.35,15.13,1,0.00,0,0,0.00,0.00,64.48,-1.00,0.00,0,0
86.31,80.42,-15.22,65.30,-15.81,15.13,1,0.00,0,0,0.00,0.00,64.29,-1.00,1.00,0,0
86.40,70.25,-5.05,57.11,2.46,15.13,1,0.00,0,0,0.00,0.00,55.94,-1.00,1.00,0,0
86.50,60.07,5.13,48.58,14.98,15.13,1,0.00,0,0,0.00,0.00,50.94,-1.00,1.00,0,0
86.60,49.90,15.30,38.96,25.76,15.13,1,0.00,0,0,0.00,0.00,49.25,-1.00,1.00,0,0
86.70,39.72,25.48,28.95,36.11,15.13,1,0.00,0,0,0.00,0.00,50.36,-1.00,1.00,0,0
86.80,29.55,35.65,18.83,46.33,15.13,1,0.00,0,0,0.00,0.00,53.53,-1.00,1.00,0,0
86.91,19.37,45.82,8.67,56.52,15.13,1,0.00,0,0,0.00,0.00,58.10,-1.00,1.00,0,0
87.00,17.34,59.37,12.90,73.84,15.13,1,0.00,0,0,0.00,0.00,55.90,0.00,1.00,0,0
87.11,23.44,71.23,28.49,85.50,15.13,1,0.00,0,0,0.00,0.00,48.03,1.00,1.00,0,0
87.20,33.62,81.40,42.75,93.47,15.13,1,0.00,0,0,0.00,0.00,39.45,1.00,1.00,0,0
87.31,43.79,91.58,54.09,102.67,15.13,1,0.00,0,0,0.00,0.00,35.28,1.00,0.00,0,0
87.40,58.18,91.58,72.79,95.53,15.13,1,0.00,0,0,0.00,0.00,24.95,1.00,0.00,0,0
87.51,72.57,91.58,58.01,88.26,14.94,2,0.00,0,0,0.00,0.00,23.80,1.00,0.00,0,0
87.60,86.96,91.58,58.90,94.78,28.26,0,0.00,0,0,0.00,0.00,32.65,1.00,0.00,0,0
87.70,101.35,91.58,62.35,100.49,40.07,0,0.00,0,0,0.00,0.00,43.00,1.00,0.00,0,0
87.81,115.74,91.58,65.72,106.05,52.22,0,0.00,0,0,0.00,0.00,54.88,1.00,0.00,0,0
87.90,130.13,91.58,69.00,111.48,64.52,0,0.00,0,0,0.00,0.00,67.15,1.00,-1.00,0,0
88.00,134.19,78.88,72.36,116.98,72.93,0,0.00,0,0,0.00,0.00,72.33,0.00,-1.00,0,0
88.10,120.65,76.84,76.28,123.19,64.50,0,0.00,0,0,0.00,0.00,60.86,-1.00,0.00,0,0
88.21,108.79,82.95,80.12,129.22,54.84,0,0.00,0,0,0.00,0.00,48.72,-1.00,1.00,0,0
88.30,98.61,93.12,84.18,135.17,44.95,0,0.00,0,0,0.00,0.00,36.31,-1.00,1.00,0,0
88.40,88.44,103.29,88.39,141.02,38.30,0,0.00,0,0,0.00,0.00,25.77,-1.00,1.00,0,0
88.50,78.27,113.47,92.70,146.79,36.91,0,0.00,0,0,0.00,0.00,20.76,-1.00,1.00,0,0
88.61,82.34,124.49,87.26,153.11,29.04,2,0.00,0,0,0.00,0.00,13.95,1.00,1.00,0,0
88.70,92.51,134.66,85.50,160.08,26.37,2,0.00,0,0,0.00,0.00,13.61,1.00,1.00,0,0
88.80,102.68,144.83,83.73,167.05,29.20,2,0.00,0,0,0.00,0.00,21.94,1.00,1.00,0,0
88.90,112.86,155.01,69.86,175.39,47.59,0,0.00,0,0,0.00,0.00,32.92,1.00,1.00,0,0
89.00,123.03,165.18,56.30,183.34,69.16,0,0.00,0,0,0.00,0.00,44.63,1.00,1.00,0,0
89.10,123.03,177.89,43.09,191.10,81.03,0,0.00,0,0,0.00,0.00,46.65,-1.00,1.00,0,0
89.20,112.86,188.06,30.20,198.66,83.34,0,0.00,0,0,0.00,0.00,38.85,-1.00,1.00,0,0
89.30,101.00,194.16,17.63,206.03,84.22,0,0.00,0,0,0.00,0.00,28.82,-1.00,0.00,0,0
89.40,86.61,194.16,5.37,213.22,83.46,0,0.00,0,0,0.00,0.00,15.25,-1.00,0.00,0,0
89.50,72.22,194.16,-6.58,220.23,83.04,0,0.00,0,0,0.00,0.00,7.10,-1.00,0.00,0,0
89.60,57.83,194.16,-18.24,227.07,82.94,0,0.00,0,0,0.00,0.00,16.86,-1.00,0.00,0,0
89.70,43.44,194.16,-29.61,233.74,83.17,0,0.00,0,0,0.00,0.00,30.57,-1.00,0.00,0,0
89.80,29.06,194.16,-40.70,240.25,83.73,0,0.00,0,0,0.00,0.00,29.08,-1.00,0.00,0,0
89.91,14.67,194.16,-51.52,246.59,84.61,0,0.00,0,0,0.00,0.00,17.15,-1.00,0.00,0,0
90.00,0.28,194.16,-62.07,252.78,85.81,0,0.00,0,0,0.00,0.00,8.94,-1.00,0.00,0,0
90.11,-13.27,196.20,-71.91,258.55,85.85,0,0.00,0,0,0.00,0.00,13.88,-1.00,1.00,0,0
90.20,-23.44,206.37,-81.35,264.10,82.04,0,0.00,0,0,0.00,0.00,21.75,-1.00,1.00,0,0
90.30,-36.99,208.41,-90.52,269.48,81.48,0,0.00,0,0,0.00,0.00,30.93,-1.00,0.00,0,0
90.41,-50.53,210.44,-99.41,274.70,81.00,0,0.00,0,0,0.00,0.00,42.09,-1.00,1.00,0,0
90.51,-60.71,220.62,-108.02,279.76,76.03,0,0.00,0,0,0.00,0.00,56.77,-1.00,1.00,0,0
90.60,-74.25,222.65,-116.38,284.66,75.25,0,0.00,0,0,0.00,0.00,73.91,-1.00,0.00,0,0
90.70,-86.96,226.72,-124.47,289.41,73.36,0,0.00,0,0,0.00,0.00,91.25,-1.00,1.00,0,0
90.81,-98.82,232.83,-132.32,294.02,70.08,0,0.00,0,0,0.00,0.00,108.99,-1.00,0.00,0,0
90.90,-109.83,240.97,-139.92,298.48,65.25,0,0.00,0,0,0.00,0.00,127.24,-1.00,1.00,0,0
91.00,-120.01,251.14,-147.29,302.81,58.80,0,0.00,0,0,0.00,0.00,136.93,-1.00,1.00,0,0
91.10,-130.18,261.32,-154.42,307.00,52.13,0,0.00,0,0,0.00,0.00,146.77,-1.00,1.00,0,0
91.21,-140.36,271.49,-161.32,311.05,45.26,0,0.00,0,0,0.00,0.00,156.72,-1.00,1.00,0,0
91.31,-150.53,281.66,-168.01,314.97,38.20,0,0.00,0,0,0.00,0.00,166.77,-1.00,1.00,0,0
91.40,-160.71,291.84,-171.41,302.53,15.13,1,0.00,0,0,0.00,0.00,176.90,-1.00,1.00,0,0
91.51,-172.57,297.94,-186.15,304.62,15.13,1,0.00,0,0,0.00,0.00,188.91,-1.00,0.00,0,0
91.60,-186.95,297.94,-201.95,299.98,15.13,1,0.00,0,0,0.00,0.00,203.83,-1.00,0.00,0,0
91.71,-193.06,286.08,-204.43,276.09,15.13,1,0.00,0,0,0.00,0.00,212.30,0.00,-1.00,0,0
91.80,-188.99,273.38,-188.63,258.25,15.13,1,0.00,0,0,0.00,0.00,212.62,1.00,-1.00,0,0
91.90,-178.82,263.21,-170.64,250.47,15.13,1,0.00,0,0,0.00,0.00,208.26,1.00,-1.00,0,0
92.00,-168.64,253.03,-158.61,241.70,15.13,1,0.00,0,0,0.00,0.00,205.77,1.00,-1.00,0,0
92.10,-158.47,242.86,-147.96,231.96,15.13,1,0.00,0,0,0.00,0.00,205.22,1.00,-1.00,0,0
92.20,-148.29,232.68,-137.64,221.93,15.13,1,0.00,0,0,0.00,0.00,206.62,1.00,-1.00,0,0
92.30,-138.20,222.59,-127.52,211.87,15.13,1,0.00,0,0,0.00,0.00,204.98,1.00,-1.00,0,0
92.40,-128.03,212.42,-117.33,201.71,15.13,1,0.00,0,0,0.00,0.00,202.48,1.00,-1.00,0,0
92.50,-117.85,202.24,-107.15,191.54,15.13,1,0.00,0,0,0.00,0.00,197.30,1.00,-1.00,0,0
92.60,-107.68,192.07,-96.98,181.37,15.13,1,0.00,0,0,0.00,0.00,188.96,1.00,-1.00,0,0
92.70,-97.50,181.89,-86.80,171.19,15.13,1,0.00,0,0,0.00,0.00,180.72,1.00,-1.00,0,0
92.80,-87.33,171.72,-76.63,161.02,15.13,1,0.00,0,0,0.00,0.00,172.59,1.00,-1.00,0,0
92.91,-77.15,161.55,-66.45,150.84,15.13,1,0.00,0,0,0.00,0.00,164.60,1.00,-1.00,0,0
93.01,-69.02,150.53,-59.95,138.41,15.13,1,0.00,0,0,0.00,0.00,157.31,-1.00,-1.00,0,0
93.10,-79.19,140.35,-84.16,126.06,15.13,1,0.00,0,0,0.00,0.00,162.17,-1.00,-1.00,0,0
93.20,-89.36,130.18,-98.61,118.20,15.13,1,0.00,0,0,0.00,0.00,167.73,-1.00,-1.00,0,0
93.30,-99.54,120.01,-109.84,108.92,15.13,1,0.00,0,0,0.00,0.00,173.94,0.00,-1.00,0,0
93.40,-99.54,105.62,-102.64,90.80,15.13,1,0.00,0,0,0.00,0.00,170.17,0.00,-1.00,0,0
93.51,-99.54,91.23,-100.42,76.12,15.13,1,0.00,0,0,0.00,0.00,166.65,0.00,-1.00,0,0
93.61,-99.54,76.84,-99.79,61.71,15.13,1,0.00,0,0,0.00,0.00,163.39,0.00,-1.00,0,0
93.70,-107.68,65.82,-114.40,52.26,15.13,1,0.00,0,0,0.00,0.00,169.09,-1.00,-1.00,0,0
93.81,-117.85,55.65,-127.52,44.01,15.13,0,0.00,0,0,0.00,0.00,177.39,-1.00,-1.00,0,0
93.91,-129.71,49.54,-140.11,28.85,23.16,0,0.00,0,0,0.00,0.00,189.44,-1.00,0.00,0,0
94.00,-144.10,49.54,-152.38,14.07,36.43,0,0.00,0,0,0.00,0.00,206.65,-1.00,0.00,0,0
94.10,-158.49,49.54,-164.35,-0.35,50.24,0,0.00,0,0,0.00,0.00,223.86,-1.00,0.00,0,0
94.20,-172.88,49.54,-176.03,-14.41,64.04,0,0.00,0,0,0.00,0.00,241.07,-1.00,0.00,0,0
94.30,-183.90,41.40,-187.41,-28.12,69.62,0,0.00,0,0,0.00,0.00,245.06,-1.00,-1.00,0,0
94.40,-194.07,31.23,-198.52,-41.49,72.88,0,0.00,0,0,0.00,0.00,243.43,-1.00,-1.00,0,0
94.50,-204.24,21.05,-209.35,-54.53,75.80,0,0.00,0,0,0.00,0.00,242.32,-1.00,-1.00,0,0
94.61,-214.42,10.88,-219.91,-67.25,78.38,0,0.00,0,0,0.00,0.00,241.76,-1.00,-1.00,0,0
94.71,-224.59,0.71,-230.21,-79.66,80.65,0,0.00,0,0,0.00,0.00,241.74,-1.00,-1.00,0,0
94.81,-234.77,-9.47,-240.25,-91.75,82.60,0,0.00,0,0,0.00,0.00,242.26,-1.00,-1.00,0,0
94.90,-244.94,-19.64,-250.05,-103.55,84.24,0,0.00,0,0,0.00,0.00,243.32,-1.00,-1.00,0,0
95.01,-255.12,-29.82,-286.23,-105.88,82.18,1,0.00,0,0,0.00,0.00,244.91,-1.00,-1.00,0,0
95.10,-265.29,-39.99,-286.23,-105.88,69.14,1,0.00,0,0,0.00,0.00,247.03,-1.00,-1.00,0,0
95.21,-275.46,-50.17,-286.23,-105.88,56.75,1,0.00,0,0,0.00,0.00,249.65,-1.00,-1.00,0,0
95.30,-285.64,-60.34,-286.23,-105.88,45.55,1,0.00,0,0,0.00,0.00,252.77,-1.00,-1.00,0,0
95.40,-289.71,-73.04,-286.23,-105.88,33.02,1,0.00,0,0,0.00,0.00,250.47,0.00,-1.00,0,0
95.51,-283.60,-84.90,-286.23,-105.88,21.14,1,0.00,0,0,0.00,0.00,238.74,1.00,-1.00,0,0
95.60,-271.74,-91.01,-286.23,-105.88,20.76,1,0.00,0,0,0.00,0.00,221.13,1.00,0.00,0,0
95.70,-257.36,-91.01,-286.23,-105.88,32.48,1,0.00,0,0,0.00,0.00,200.19,1.00,0.00,0,0
95.80,-242.97,-91.01,-286.23,-105.88,45.75,1,0.00,0,0,0.00,0.00,179.40,1.00,0.00,0,0
95.90,-228.58,-91.01,-286.23,-105.88,59.54,1,0.00,0,0,0.00,0.00,158.80,1.00,0.00,0,0
96.01,-215.03,-93.04,-286.23,-105.88,72.35,1,0.00,0,0,0.00,0.00,139.96,1.00,-1.00,0,0
96.10,-204.01,-101.18,-286.23,-105.88,82.35,1,0.00,0,0,0.00,0.00,126.63,1.00,0.00,0,0
96.20,-189.63,-101.18,-286.23,-105.88,96.72,1,0.00,0,0,0.00,0.00,108.12,1.00,0.00,0,0
96.30,-176.92,-97.11,-286.23,-105.88,109.66,1,0.00,0,0,0.00,0.00,89.83,1.00,1.00,0,0
96.41,-168.78,-86.10,-286.23,-105.88,119.10,1,0.00,0,0,0.00,0.00,71.52,-1.00,1.00,0,0
96.50,-178.96,-75.92,-280.44,-95.51,103.36,0,0.00,0,0,0.00,0.00,69.02,-1.00,1.00,0,0
96.61,-189.13,-65.75,-270.99,-78.56,82.85,0,0.00,0,0,0.00,0.00,67.86,-1.00,1.00,0,0
96.71,-199.31,-55.57,-261.77,-62.03,62.80,0,0.00,0,0,0.00,0.00,68.09,-1.00,1.00,0,0
96.80,-209.48,-45.40,-252.78,-45.90,43.31,0,0.00,0,0,0.00,0.00,69.71,-1.00,1.00,0,0
96.91,-219.66,-35.22,-230.32,-24.49,15.13,1,0.00,0,0,0.00,0.00,72.62,-1.00,1.00,0,0
97.00,-229.83,-25.05,-240.52,-14.34,15.13,1,0.00,0,0,0.00,0.00,76.68,-1.00,1.00,0,0
97.10,-233.90,-12.35,-240.55,1.25,15.13,1,0.00,0,0,0.00,0.00,76.64,0.00,1.00,0,0
97.20,-225.76,-1.33,-220.22,12.75,15.13,1,0.00,0,0,0.00,0.00,67.07,1.00,1.00,0,0
97.30,-215.59,8.85,-206.21,20.73,15.13,1,0.00,0,0,0.00,0.00,59.61,1.00,1.00,0,0
97.40,-205.41,19.02,-195.07,30.07,15.13,1,0.00,0,0,0.00,0.00,62.94,1.00,1.00,0,0
97.50,-195.24,29.19,-184.64,40.00,15.13,1,0.00,0,0,0.00,0.00,71.59,1.00,1.00,0,0
97.61,-185.06,39.37,-174.39,50.10,15.13,1,0.00,0,0,0.00,0.00,80.97,1.00,1.00,0,0
97.70,-174.89,49.54,-164.20,60.25,15.13,1,0.00,0,0,0.00,0.00,90.86,1.00,1.00,0,0
97.80,-164.71,59.72,-154.01,70.42,15.13,1,0.00,0,0,0.00,0.00,101.10,1.00,1.00,0,0
97.91,-154.54,69.89,-143.84,80.59,15.13,0,0.00,0,0,0.00,0.00,111.61,1.00,0.00,0,0
98.00,-140.15,69.89,-129.91,94.53,26.68,0,0.00,0,0,0.00,0.00,111.79,1.00,0.00,0,0
98.11,-125.76,69.89,-116.32,108.11,39.37,0,0.00,0,0,0.00,0.00,112.44,1.00,0.00,0,0
98.21,-111.37,69.89,-103.07,121.36,52.14,0,0.00,0,0,0.00,0.00,113.57,1.00,0.00,0,0
98.30,-96.98,69.89,-90.15,134.29,64.76,0,0.00,0,0,0.00,0.00,115.16,1.00,0.00,0,0
98.40,-82.60,69.89,-77.55,146.89,77.17,0,0.00,0,0,0.00,0.00,117.18,1.00,0.00,0,0
98.50,-70.74,76.00,-65.26,159.18,83.38,0,0.00,0,0,0.00,0.00,125.03,1.00,1.00,0,0
98.61,-60.56,86.17,-53.27,171.17,85.34,0,0.00,0,0,0.00,0.00,136.58,1.00,1.00,0,0
98.70,-60.56,100.56,-41.59,182.86,84.51,0,0.00,0,0,0.00,0.00,150.49,0.00,1.00,0,0
98.80,-60.56,114.95,-30.19,194.26,85.01,0,0.00,0,0,0.00,0.00,164.97,0.00,1.00,0,0
98.90,-60.56,129.34,-19.07,205.38,86.75,0,0.00,0,0,0.00,0.00,179.88,0.00,1.00,0,0
99.00,-60.56,143.73,-8.23,216.22,89.58,0,0.00,0,0,0.00,0.00,195.12,0.00,1.00,0,0
99.10,-58.53,157.27,2.35,226.80,92.64,0,0.00,0,0,0.00,0.00,209.71,1.00,1.00,0,0
99.20,-48.35,167.45,12.27,236.72,92.30,0,0.00,0,0,0.00,0.00,218.91,1.00,1.00,0,0
99.30,-38.18,177.62,21.85,246.30,91.46,0,0.00,0,0,0.00,0.00,205.00,1.00,1.00,0,0
99.41,-28.00,187.79,31.15,255.61,90.23,0,0.00,0,0,0.00,0.00,191.16,1.00,1.00,0,0
99.51,-17.83,197.97,40.18,264.64,88.62,0,0.00,0,0,0.00,0.00,177.42,1.00,1.00,0,0
99.61,-7.65,208.14,48.95,273.40,86.64,0,0.00,0,0,0.00,0.00,163.78,1.00,1.00,0,0
99.70,2.52,218.32,57.45,281.91,84.29,0,0.00,0,0,0.00,0.00,150.28,1.00,1.00,0,0
99.81,12.69,228.49,65.71,290.17,81.60,0,0.00,0,0,0.00,0.00,136.96,1.00,1.00,0,0
99.90,18.80,240.35,73.72,298.18,80.02,0,0.00,0,0,0.00,0.00,127.21,0.00,1.00,0,0
100.00,18.80,254.74,81.49,305.95,81.22,0,0.00,0,0,0.00,0.00,123.61,0.00,1.00,0,0
100.11,22.87,267.44,89.03,313.49,80.88,0,0.00,0,0,0.00,0.00,117.70,1.00,1.00,0,0
100.20,33.04,277.62,96.34,320.80,76.91,0,0.00,0,0,0.00,0.00,106.97,1.00,1.00,0,0
100.30,43.22,287.79,103.42,327.89,72.64,0,0.00,0,0,0.00,0.00,97.18,1.00,1.00,0,0
100.40,53.39,297.97,110.30,334.76,68.09,0,0.00,0,0,0.00,0.00,88.66,1.00,1.00,0,0
100.50,63.57,308.14,116.96,341.42,63.26,0,0.00,0,0,0.00,0.00,81.80,1.00,1.00,0,0
100.60,73.74,318.32,123.41,347.88,58.18,0,0.00,0,0,0.00,0.00,77.05,1.00,1.00,0,0
100.70,83.91,328.49,129.66,354.13,52.86,0,0.00,0,0,0.00,0.00,74.80,1.00,1.00,0,0
100.81,94.09,338.66,135.72,360.19,47.34,0,0.00,0,0,0.00,0.00,75.28,1.00,1.00,0,0
100.90,104.26,348.84,141.59,366.06,41.64,0,0.00,0,0,0.00,0.00,78.45,1.00,1.00,0,0
101.00,114.44,359.01,147.27,371.74,35.83,0,0.00,0,0,0.00,0.00,84.00,1.00,1.00,0,0
101.11,127.98,361.05,142.53,365.21,15.13,1,0.00,0,0,0.00,0.00,82.92,1.00,0.00,0,0
101.20,142.37,361.05,157.45,362.29,15.13,1,0.00,0,0,0.00,0.00,82.08,1.00,0.00,0,0
101.31,156.76,361.05,171.89,361.39,15.13,1,0.00,0,0,0.00,0.00,83.74,1.00,0.00,0,0
101.40,168.62,354.94,182.44,348.76,15.13,1,0.00,0,0,0.00,0.00,81.16,1.00,-1.00,0,0
101.50,178.80,344.77,190.55,335.24,15.13,1,0.00,0,0,0.00,0.00,76.36,1.00,-1.00,0,0
101.60,182.86,332.07,189.57,318.50,15.13,1,0.00,0,0,0.00,0.00,68.22,0.00,-1.00,0,0
101.70,182.86,317.68,184.85,302.68,15.13,1,0.00,0,0,0.00,0.00,57.73,0.00,-1.00,0,0
101.80,182.86,303.29,183.45,288.17,15.13,1,0.00,0,0,0.00,0.00,49.27,0.00,-1.00,0,0
101.90,182.86,288.90,183.03,273.77,15.13,1,0.00,0,0,0.00,0.00,43.99,0.00,-1.00,0,0
102.01,182.86,274.51,182.91,259.38,15.13,1,0.00,0,0,0.00,0.00,43.10,0.00,-1.00,0,0
102.10,182.86,260.12,182.88,244.99,15.13,1,0.00,0,0,0.00,0.00,46.84,0.00,-1.00,0,0
102.21,182.86,245.73,182.87,230.60,15.13,1,0.00,0,0,0.00,0.00,54.26,0.00,-1.00,0,0
102.30,182.86,231.34,182.87,216.21,15.13,1,0.00,0,0,0.00,0.00,64.10,0.00,-1.00,0,0
102.40,182.86,216.96,182.87,201.82,15.13,1,0.00,0,0,0.00,0.00,75.41,0.00,-1.00,0,0
102.50,182.86,202.57,182.87,187.43,15.13,1,0.00,0,0,0.00,0.00,87.63,0.00,-1.00,0,0
102.60,191.00,191.55,198.32,178.30,15.13,1,0.00,0,0,0.00,0.00,101.24,1.00,-1.00,0,0
102.70,201.18,181.38,210.97,169.83,15.13,1,0.00,0,0,0.00,0.00,115.21,1.00,-1.00,0,0
102.81,211.35,171.20,221.81,160.26,15.13,1,0.00,0,0,0.00,0.00,129.27,1.00,-1.00,0,0
102.91,221.53,161.03,232.16,150.26,15.13,1,0.00,0,0,0.00,0.00,143.40,1.00,-1.00,0,0
103.00,231.70,150.85,242.38,140.13,15.13,1,0.00,0,0,0.00,0.00,157.58,1.00,-1.00,0,0
103.11,241.88,140.68,252.57,129.97,15.13,1,0.00,0,0,0.00,0.00,158.97,1.00,-1.00,0,0
103.20,252.05,130.50,262.75,119.80,15.13,1,0.00,0,0,0.00,0.00,149.56,1.00,-1.00,0,0
103.31,262.23,120.33,272.93,109.63,15.13,1,0.00,0,0,0.00,0.00,142.20,1.00,-1.00,0,0
103.40,272.40,110.16,283.10,99.45,15.13,1,0.00,0,0,0.00,0.00,137.24,1.00,-1.00,0,0
103.51,286.79,110.16,301.43,106.33,15.13,1,0.00,0,0,0.00,0.00,143.86,1.00,0.00,0,0
103.60,301.18,110.16,316.27,109.02,15.13,1,0.00,0,0,0.00,0.00,151.67,1.00,0.00,0,0
103.70,315.57,110.16,330.70,109.82,15.13,1,0.00,0,0,0.00,0.00,160.52,1.00,0.00,0,0
103.81,329.95,110.16,345.09,110.06,15.13,1,0.00,0,0,0.00,0.00,170.22,1.00,0.00,0,0
103.91,344.34,110.16,361.66,110.09,17.32,0,0.00,0,0,0.00,0.00,180.66,1.00,0.00,0,0
104.00,355.85,110.16,381.17,110.03,25.31,0,0.00,0,0,0.00,0.00,183.22,0.00,0.00,0,0
104.10,355.85,110.16,400.19,109.97,44.34,0,0.00,0,0,0.00,0.00,183.22,0.00,0.00,0,0
104.20,355.85,110.16,418.74,109.91,62.89,0,0.00,0,0,0.00,0.00,183.22,0.00,0.00,0,0
104.31,355.85,110.16,436.83,109.86,80.99,0,0.00,0,0,0.00,0.00,181.78,0.00,0.00,0,0
104.41,355.85,110.16,454.48,109.80,98.63,0,0.00,0,0,0.00,0.00,179.92,0.00,0.00,0,0
104.50,355.85,110.16,471.69,109.75,115.85,0,0.00,0,0,0.00,0.00,178.33,0.00,0.00,0,0
104.60,355.85,110.16,488.47,109.70,132.64,0,0.00,0,0,0.00,0.00,177.02,0.00,0.00,0,0
104.70,355.85,110.16,504.83,109.65,149.02,0,0.00,0,0,0.00,0.00,175.99,0.00,0.00,0,0
104.80,355.85,110.16,520.80,109.60,164.99,0,0.00,0,0,0.00,0.00,175.25,0.00,0.00,0,0
104.90,355.85,110.16,536.36,109.56,180.58,0,0.00,0,0,0.00,0.00,174.81,0.00,0.00,0,0
105.00,355.85,110.16,551.54,109.51,195.78,0,0.00,0,0,0.00,0.00,174.66,0.00,0.00,0,0
105.10,355.85,110.16,566.19,109.46,210.45,0,0.00,0,0,0.00,0.00,174.80,0.00,0.00,0,0
105.20,355.85,110.16,579.97,109.42,224.22,0,0.00,0,0,0.00,0.00,175.24,0.00,0.00,0,0
105.30,355.85,110.16,593.36,109.38,237.60,0,0.00,0,0,0.00,0.00,175.98,0.00,0.00,0,0
105.40,355.85,110.16,606.36,109.34,250.60,0,0.00,0,0,0.00,0.00,177.00,0.00,0.00,0,0
105.50,355.85,110.16,618.98,109.30,263.21,0,0.00,0,0,0.00,0.00,178.30,0.00,0.00,0,0
105.60,355.85,110.16,631.23,109.27,275.46,0,0.00,0,0,0.00,0.00,179.89,0.00,0.00,0,0
105.70,355.85,110.16,643.12,109.23,287.34,0,0.00,0,0,0.00,0.00,181.74,0.00,0.00,0,0
105.81,39.00,287.00,654.65,109.20,640.85,0,0.00,0,0,0.00,0.00,101.32,0.00,0.00,0,0
105.91,39.00,287.00,665.85,109.16,651.62,0,0.00,0,0,0.00,0.00,101.32,0.00,0.00,0,0
106.01,39.00,287.00,669.82,109.13,655.44,0,0.00,0,0,0.00,0.00,101.32,0.00,0.00,0,0
106.11,39.00,287.00,669.81,109.11,655.43,0,0.00,0,0,0.00,0.00,101.32,0.00,0.00,0,0
106.20,39.00,281.24,669.81,109.09,653.90,0,0.00,0,0,0.00,0.00,101.02,0.00,-1.00,0,0
106.31,39.00,266.86,669.81,109.07,650.26,0,0.00,0,0,0.00,0.00,101.73,0.00,-1.00,0,0
106.40,39.00,252.47,669.81,109.04,646.92,0,0.00,0,0,0.00,0.00,104.43,0.00,-1.00,0,0
106.50,39.00,238.08,669.81,109.02,643.88,0,0.00,0,0,0.00,0.00,108.98,0.00,-1.00,0,0
106.60,39.00,223.69,669.81,109.00,641.16,0,0.00,0,0,0.00,0.00,115.15,0.00,-1.00,0,0
106.70,39.00,209.30,669.81,108.98,638.74,0,0.00,0,0,0.00,0.00,122.71,0.00,-1.00,0,0
106.81,47.14,198.28,59.00,80.60,118.45,0,0.00,0,0,0.00,0.00,123.04,1.00,-1.00,0,0
106.90,57.31,188.11,59.00,80.60,107.72,0,0.00,0,0,0.00,0.00,122.87,1.00,-1.00,0,0
107.00,65.45,177.09,59.00,80.60,96.94,0,0.00,0,0,0.00,0.00,126.26,0.00,-1.00,0,0
107.10,65.45,162.70,59.00,80.60,82.62,0,0.00,0,0,0.00,0.00,138.14,0.00,-1.00,0,0
107.20,65.45,148.32,59.00,80.60,68.34,0,0.00,0,0,0.00,0.00,150.45,0.00,-1.00,0,0
107.30,65.45,133.93,59.00,80.60,54.12,0,0.00,0,0,0.00,0.00,163.11,0.00,-1.00,0,0
107.41,65.45,119.54,59.00,80.60,40.02,0,0.00,0,0,0.00,0.00,176.03,0.00,-1.00,0,0
107.50,55.28,109.36,48.08,96.05,15.13,1,0.00,0,0,0.00,0.00,189.62,-1.00,-1.00,0,0
107.60,45.10,99.19,35.29,87.67,15.13,1,0.00,0,0,0.00,0.00,203.32,-1.00,-1.00,0,0
107.71,34.93,89.01,24.46,78.08,15.13,1,0.00,0,0,0.00,0.00,197.92,-1.00,-1.00,0,0
107.80,24.76,78.84,14.12,68.07,15.13,1,0.00,0,0,0.00,0.00,192.73,-1.00,-1.00,0,0
107.91,14.58,68.67,3.90,57.95,15.13,1,0.00,0,0,0.00,0.00,188.50,-1.00,-1.00,0,0
108.00,6.44,57.65,-3.53,46.27,15.13,1,0.00,0,0,0.00,0.00,183.46,0.00,-1.00,0,0
108.10,6.44,43.26,3.29,28.46,15.13,1,0.00,0,0,0.00,0.00,171.70,0.00,-1.00,0,0
108.20,6.44,28.87,5.53,13.77,15.13,1,0.00,0,0,0.00,0.00,160.38,0.00,-1.00,0,0
108.31,6.44,14.48,6.20,-0.65,15.13,1,0.00,0,0,0.00,0.00,149.59,0.00,-1.00,0,0
108.41,6.44,0.09,6.37,-15.04,15.13,1,0.00,0,0,0.00,0.00,139.44,0.00,-1.00,0,0
108.51,0.34,-11.77,-4.84,-25.98,15.13,1,0.00,0,0,0.00,0.00,136.48,-1.00,-1.00,0,0
108.61,-9.84,-21.94,-19.11,-33.90,15.13,1,0.00,0,0,0.00,0.00,139.12,-1.00,0.00,0,0
108.71,-24.23,-21.94,-38.78,-26.10,15.13,1,0.00,0,0,0.00,0.00,151.58,-1.00,0.00,0,0
108.81,-36.09,-15.84,-50.65,-11.72,15.13,1,0.00,0,0,0.00,0.00,164.91,-1.00,1.00,0,0
108.90,-40.16,-3.13,-48.08,9.76,15.13,1,0.00,0,0,0.00,0.00,174.80,0.00,1.00,0,0
109.01,-40.16,11.26,-42.37,26.23,15.13,1,0.00,0,0,0.00,0.00,182.74,0.00,1.00,0,0
109.10,-40.16,25.64,-40.82,40.76,15.13,1,0.00,0,0,0.00,0.00,191.43,0.00,1.00,0,0
109.20,-40.16,40.03,-40.35,55.17,15.13,1,0.00,0,0,0.00,0.00,200.78,0.00,1.00,0,0
109.31,-48.29,51.05,-55.42,64.40,15.13,1,0.00,0,0,0.00,0.00,214.23,-1.00,1.00,0,0
109.40,-58.41,61.14,-68.77,72.48,15.37,0,0.00,0,0,0.00,0.00,228.50,-1.00,1.00,0,0
109.50,-60.44,74.68,-82.56,79.44,22.70,0,0.00,0,0,0.00,0.00,239.37,0.00,1.00,0,0
109.61,-60.44,89.07,-95.87,86.08,35.72,0,0.00,0,0,0.00,0.00,249.75,0.00,1.00,0,0
109.71,-62.48,102.61,-108.85,92.56,47.71,0,0.00,0,0,0.00,0.00,261.21,-1.00,0.00,0,0
109.80,-76.86,102.61,-121.50,98.88,45.29,0,0.00,0,0,0.00,0.00,270.86,-1.00,0.00,0,0
109.91,-85.85,93.63,-132.63,105.15,48.63,0,0.00,0,0,0.00,0.00,270.77,0.00,-1.00,0,0
110.01,-85.85,79.24,-143.42,111.28,66.22,0,0.00,0,0,0.00,0.00,260.98,0.00,-1.00,0,0
110.11,-85.85,64.85,-153.87,117.29,86.15,0,0.00,0,0,0.00,0.00,251.62,0.00,-1.00,0,0
110.20,-91.95,52.99,-164.01,123.12,100.77,0,0.00,0,0,0.00,0.00,249.17,-1.00,-1.00,0,0
110.31,-102.13,42.82,-173.85,128.78,112.15,0,0.00,0,0,0.00,0.00,251.74,-1.00,-1.00,0,0
110.40,-112.30,32.65,-183.39,134.28,124.20,0,0.00,0,0,0.00,0.00,255.10,-1.00,-1.00,0,0
110.50,-123.32,24.51,-192.65,139.60,134.53,0,0.00,0,0,0.00,0.00,260.89,-1.00,0.00,0,0
110.60,-137.71,24.51,-201.63,144.77,136.36,0,0.00,0,0,0.00,0.00,273.77,-1.00,0.00,0,0
110.71,-152.09,24.51,-210.33,149.78,138.31,0,0.00,0,0,0.00,0.00,286.80,-1.00,0.00,0,0
110.80,-166.48,24.51,-218.77,154.64,140.40,0,0.00,0,0,0.00,0.00,299.95,-1.00,0.00,0,0
110.90,-180.87,24.51,-226.95,159.34,142.65,0,0.00,0,0,0.00,0.00,313.20,-1.00,0.00,0,0
111.00,-193.57,28.58,-234.88,163.90,141.65,0,0.00,0,0,0.00,0.00,326.50,-1.00,1.00,0,0
111.10,-203.75,38.75,-242.56,168.32,135.42,0,0.00,0,0,0.00,0.00,339.81,-1.00,1.00,0,0
111.21,-213.92,48.92,-250.00,172.61,129.01,0,0.00,0,0,0.00,0.00,353.20,-1.00,1.00,0,0
111.31,-224.10,59.10,-257.21,176.75,122.40,0,0.00,0,0,0.00,0.00,366.67,-1.00,1.00,0,0
111.40,-234.27,69.27,-264.18,180.77,115.63,0,0.00,0,0,0.00,0.00,380.20,-1.00,1.00,0,0
111.50,-244.45,79.45,-270.94,184.66,108.69,0,0.00,0,0,0.00,0.00,379.18,-1.00,1.00,0,0
111.61,-254.62,89.62,-277.48,188.42,101.62,0,0.00,0,0,0.00,0.00,377.15,-1.00,1.00,0,0
111.70,-264.80,99.80,-283.80,192.06,94.43,0,0.00,0,0,0.00,0.00,375.47,-1.00,1.00,0,0
111.80,-274.97,109.97,-289.92,195.58,87.16,0,0.00,0,0,0.00,0.00,374.14,-1.00,1.00,0,0
111.91,-285.14,120.15,-295.84,198.98,79.84,0,0.00,0,0,0.00,0.00,373.17,-1.00,1.00,0,0
112.00,-295.32,130.32,-301.56,202.28,72.53,0,0.00,0,0,0.00,0.00,372.56,-1.00,1.00,0,0
112.10,-305.49,140.49,-307.15,205.49,65.36,0,0.00,0,0,0.00,0.00,372.32,-1.00,1.00,0,0
112.20,-315.67,150.67,-312.63,208.65,58.43,0,0.00,0,0,0.00,0.00,372.43,-1.00,1.00,0,0
112.31,-325.84,160.84,-318.00,211.74,51.92,0,0.00,0,0,0.00,0.00,372.91,-1.00,1.00,0,0
112.41,-336.02,171.02,-323.26,214.77,46.05,0,0.00,0,0,0.00,0.00,373.75,-1.00,1.00,0,0
112.50,-346.19,181.19,-328.42,217.74,41.17,0,0.00,0,0,0.00,0.00,374.95,-1.00,1.00,0,0
112.60,-356.36,191.37,-333.49,220.65,37.75,0,0.00,0,0,0.00,0.00,376.50,-1.00,1.00,0,0
112.71,-364.50,202.38,-338.45,223.51,34.19,0,0.00,0,0,0.00,0.00,376.31,0.00,1.00,0,0
112.81,-364.50,216.77,-367.56,231.59,15.13,1,0.00,0,0,0.00,0.00,368.21,0.00,1.00,0,0
112.90,-358.40,228.63,-353.11,242.81,15.13,1,0.00,0,0,0.00,0.00,354.64,1.00,1.00,0,0
113.00,-346.54,234.74,-334.23,243.54,15.13,1,0.00,0,0,0.00,0.00,335.67,1.00,0.00,0,0
113.10,-332.99,232.70,-317.87,233.33,15.13,1,0.00,0,0,0.00,0.00,315.00,1.00,-1.00,0,0
113.21,-322.82,222.53,-309.97,214.53,15.13,1,0.00,0,0,0.00,0.00,297.77,0.00,-1.00,0,0
113.30,-322.82,208.14,-318.28,193.70,15.13,1,0.00,0,0,0.00,0.00,291.27,0.00,-1.00,0,0
113.40,-322.82,193.75,-321.51,178.67,15.13,1,0.00,0,0,0.00,0.00,291.05,0.00,-1.00,0,0
113.50,-322.82,179.36,-322.45,164.23,15.13,1,0.00,0,0,0.00,0.00,299.82,0.00,-1.00,0,0
113.60,-322.82,164.97,-322.71,149.84,15.13,0,0.00,0,0,0.00,0.00,309.05,0.00,-1.00,0,0
113.71,-322.82,150.71,-319.64,134.97,16.06,0,0.00,0,0,0.00,0.00,318.69,0.00,-1.00,0,0
113.80,-322.82,136.32,-316.69,121.15,16.36,0,0.00,0,0,0.00,0.00,328.74,0.00,-1.00,0,0
113.90,-322.82,121.93,-313.82,107.68,16.86,0,0.00,0,0,0.00,0.00,339.15,0.00,-1.00,0,0
114.00,-322.82,107.54,-311.02,94.53,17.58,0,0.00,0,0,0.00,0.00,349.88,0.00,-1.00,0,0
114.11,-326.89,94.84,-308.29,81.72,22.79,0,0.00,0,0,0.00,0.00,364.15,-1.00,-1.00,0,0
114.20,-337.06,84.67,-305.62,69.22,35.07,0,0.00,0,0,0.00,0.00,383.40,-1.00,-1.00,0,0
114.30,-347.24,74.49,-303.03,57.03,47.59,0,0.00,0,0,0.00,0.00,402.66,-1.00,-1.00,0,0
114.40,-357.41,64.32,-300.49,45.14,60.13,0,0.00,0,0,0.00,0.00,421.93,-1.00,-1.00,0,0
114.50,-367.59,54.14,-298.02,33.55,72.64,0,0.00,0,0,0.00,0.00,441.21,-1.00,-1.00,0,0
114.61,-377.76,43.97,-295.61,22.24,85.09,0,0.00,0,0,0.00,0.00,460.50,-1.00,-1.00,0,0
114.70,-388.43,41.93,-293.26,11.21,100.15,0,0.00,0,0,0.00,0.00,477.33,0.00,0.00,0,0
114.80,-388.43,41.93,-290.97,0.46,106.11,0,0.00,0,0,0.00,0.00,483.51,0.00,0.00,0,0
114.90,-388.43,41.93,-288.83,-9.56,112.32,0,0.00,0,0,0.00,0.00,489.72,0.00,0.00,0,0
115.00,-388.43,41.93,-286.80,-19.13,118.75,0,0.00,0,0,0.00,0.00,495.95,0.00,0.00,0,0
115.10,-388.43,41.93,-284.82,-28.41,125.41,0,0.00,0,0,0.00,0.00,502.21,0.00,0.00,0,0
115.21,-388.43,41.93,-282.91,-37.40,132.19,0,0.00,0,0,0.00,0.00,508.49,0.00,0.00,0,0
115.30,-388.43,41.93,-281.05,-46.11,139.02,0,0.00,0,0,0.00,0.00,514.80,0.00,0.00,0,0
115.41,-388.43,30.42,-279.25,-54.55,138.51,0,0.00,0,0,0.00,0.00,512.71,1.00,-1.00,0,0
115.51,-378.25,20.25,-277.51,-62.73,130.68,0,0.00,0,0,0.00,0.00,500.41,1.00,-1.00,0,0
115.61,-368.08,10.07,-275.83,-70.64,122.76,0,0.00,0,0,0.00,0.00,488.23,1.00,-1.00,0,0
115.71,-357.91,-0.10,-274.20,-78.30,114.75,0,0.00,0,0,0.00,0.00,476.18,1.00,-1.00,0,0
115.81,-347.73,-10.27,-272.62,-85.72,106.67,0,0.00,0,0,0.00,0.00,464.25,1.00,-1.00,0,0
115.91,-337.56,-20.45,-286.23,-105.88,99.67,1,0.00,0,0,0.00,0.00,452.47,1.00,-1.00,0,0
116.00,-324.01,-22.48,-286.23,-105.88,91.56,1,0.00,0,0,0.00,0.00,438.78,1.00,0.00,0,0
116.10,-309.62,-22.48,-286.23,-105.88,86.62,1,0.00,0,0,0.00,0.00,424.59,1.00,0.00,0,0
116.20,-295.23,-22.48,-286.23,-105.88,83.88,1,0.00,0,0,0.00,0.00,410.42,1.00,0.00,0,0
116.31,-280.84,-22.48,-278.53,-92.08,69.64,0,0.00,0,0,0.00,0.00,396.26,1.00,0.00,0,0
116.40,-266.46,-22.48,-269.13,-75.22,52.80,0,0.00,0,0,0.00,0.00,382.12,1.00,0.00,0,0
116.50,-254.60,-16.38,-259.95,-58.77,42.73,0,0.00,0,0,0.00,0.00,371.72,1.00,1.00,0,0
116.60,-244.42,-6.20,-251.01,-42.73,37.12,0,0.00,0,0,0.00,0.00,364.11,1.00,1.00,0,0
116.70,-234.25,3.97,-242.28,-27.08,32.10,0,0.00,0,0,0.00,0.00,356.93,1.00,1.00,0,0
116.80,-224.07,14.14,-213.28,24.75,15.13,1,0.00,0,0,0.00,0.00,347.39,1.00,1.00,0,0
116.90,-213.90,24.32,-203.17,34.99,15.13,1,0.00,0,0,0.00,0.00,330.04,1.00,1.00,0,0
117.00,-203.72,34.49,-193.02,45.19,15.13,1,0.00,0,0,0.00,0.00,312.77,1.00,1.00,0,0
117.10,-193.55,44.67,-182.85,55.37,15.13,1,0.00,0,0,0.00,0.00,295.61,1.00,1.00,0,0
117.21,-183.37,54.84,-172.67,65.54,15.13,1,0.00,0,0,0.00,0.00,278.57,1.00,1.00,0,0
117.30,-173.20,65.02,-162.50,75.72,15.13,1,0.00,0,0,0.00,0.00,261.68,1.00,1.00,0,0
117.41,-163.03,75.19,-152.33,85.89,15.13,1,0.00,0,0,0.00,0.00,244.97,1.00,1.00,0,0
117.50,-152.85,85.36,-142.15,96.07,15.13,1,0.00,0,0,0.00,0.00,228.47,1.00,1.00,0,0
117.61,-142.68,95.54,-131.98,106.24,15.13,1,0.00,0,0,0.00,0.00,212.24,1.00,1.00,0,0
117.70,-129.13,97.57,-114.80,102.44,15.13,1,0.00,0,0,0.00,0.00,200.98,1.00,0.00,0,0
117.80,-114.74,97.57,-99.68,99.02,15.13,1,0.00,0,0,0.00,0.00,191.19,1.00,-1.00,0,0
117.90,-104.57,87.40,-91.43,79.90,15.13,1,0.00,0,0,0.00,0.00,188.35,1.00,-1.00,0,0
118.00,-94.39,77.23,-78.55,67.58,18.55,0,0.00,0,0,0.00,0.00,186.44,1.00,-1.00,0,0
118.11,-84.22,67.05,-62.78,56.27,24.00,0,0.00,0,0,0.00,0.00,185.44,1.00,-1.00,0,0
118.21,-72.36,60.95,-47.40,45.23,29.49,0,0.00,0,0,0.00,0.00,180.93,1.00,0.00,0,0
118.31,-57.97,60.95,-32.40,34.47,36.81,0,0.00,0,0,0.00,0.00,170.85,1.00,0.00,0,0
118.41,-43.58,60.95,-17.78,23.98,45.10,0,0.00,0,0,0.00,0.00,161.86,1.00,0.00,0,0
118.51,-29.19,60.95,-3.51,13.74,53.76,0,0.00,0,0,0.00,0.00,154.04,1.00,0.00,0,0
118.61,-14.80,60.95,10.40,3.76,62.53,0,0.00,0,0,0.00,0.00,147.46,1.00,0.00,0,0
118.71,-0.42,60.95,23.97,-5.97,71.27,0,0.00,0,0,0.00,0.00,142.18,1.00,0.00,0,0
118.80,13.97,60.95,37.20,-15.47,79.94,0,0.00,0,0,0.00,0.00,138.26,1.00,0.00,0,0
118.90,28.36,60.95,50.10,-24.72,88.49,0,0.00,0,0,0.00,0.00,135.72,1.00,0.00,0,0
119.00,42.75,60.95,62.69,-33.75,96.91,0,0.00,0,0,0.00,0.00,134.56,1.00,0.00,0,0
119.10,57.14,60.95,74.96,-42.56,105.21,0,0.00,0,0,0.00,0.00,134.73,1.00,0.00,0,0
119.21,69.84,56.88,86.69,-50.98,109.37,0,0.00,0,0,0.00,0.00,138.35,1.00,-1.00,0,0
119.31,80.02,46.70,97.83,-58.97,107.37,0,0.00,0,0,0.00,0.00,144.20,1.00,-1.00,0,0
119.41,88.16,35.68,95.19,-101.21,137.08,2,0.00,0,0,0.00,0.00,131.91,0.00,-1.00,0,0
119.50,88.16,21.30,95.19,-101.21,122.71,2,0.00,0,0,0.00,0.00,117.72,0.00,-1.00,0,0
119.60,88.16,6.91,95.19,-101.21,108.35,2,0.00,0,0,0.00,0.00,103.59,0.00,-1.00,0,0
119.71,88.16,-7.48,95.19,-101.21,94.00,2,0.00,0,0,0.00,0.00,89.53,0.00,-1.00,0,0
119.80,88.16,-21.87,95.19,-101.21,79.65,2,0.00,0,0,0.00,0.00,75.60,0.00,-1.00,0,0
119.90,88.16,-36.26,95.19,-101.21,65.33,2,0.00,0,0,0.00,0.00,61.89,0.00,-1.00,0,0
120.01,88.16,-50.65,95.19,-101.21,51.05,2,0.00,0,0,0.00,0.00,48.56,0.00,-1.00,0,0
120.10,88.16,-65.04,95.19,-101.21,36.85,2,0.00,0,0,0.00,0.00,36.06,0.00,-1.00,0,0
120.21,88.16,-79.42,88.16,-94.56,15.13,1,0.00,0,0,0.00,0.00,25.62,0.00,-1.00,0,0
120.31,94.26,-91.28,100.70,-104.98,15.13,1,0.00,0,0,0.00,0.00,14.91,1.00,-1.00,0,0
120.40,104.43,-101.46,113.94,-113.23,15.13,1,0.00,0,0,0.00,0.00,8.13,1.00,-1.00,0,0
120.51,114.61,-111.63,125.01,-122.63,15.13,1,0.00,0,0,0.00,0.00,18.00,1.00,-1.00,0,0
120.61,124.78,-121.81,135.40,-132.60,15.13,1,0.00,0,0,0.00,0.00,31.56,1.00,-1.00,0,0
120.71,136.64,-127.91,150.15,-134.73,15.13,1,0.00,0,0,0.00,0.00,43.42,1.00,0.00,0,0
120.80,151.03,-127.91,166.02,-130.02,15.13,1,0.00,0,0,0.00,0.00,53.79,1.00,0.00,0,0
120.91,162.05,-119.77,175.77,-113.39,15.13,1,0.00,0,0,0.00,0.00,58.90,1.00,1.00,0,0
121.00,172.22,-109.60,183.95,-100.03,15.13,1,0.00,0,0,0.00,0.00,65.17,1.00,1.00,0,0
121.11,180.36,-98.58,189.82,-86.77,15.13,1,0.00,0,0,0.00,0.00,71.67,0.00,1.00,0,0
121.21,180.36,-84.19,183.25,-69.34,15.13,1,0.00,0,0,0.00,0.00,72.32,0.00,1.00,0,0
121.31,180.36,-69.80,181.20,-54.69,15.13,1,0.00,0,0,0.00,0.00,75.74,0.00,1.00,0,0
121.40,180.36,-55.42,180.62,-40.28,15.13,1,0.00,0,0,0.00,0.00,81.59,0.00,1.00,0,0
121.51,182.40,-41.87,185.24,-27.01,15.13,1,0.00,0,0,0.00,0.00,90.54,1.00,1.00,0,0
121.61,192.57,-31.70,201.27,-19.31,15.13,1,0.00,0,0,0.00,0.00,104.76,1.00,1.00,0,0
121.70,202.75,-21.52,212.89,-10.29,15.13,1,0.00,0,0,0.00,0.00,119.02,1.00,1.00,0,0
121.81,204.78,-7.98,208.79,6.62,15.13,1,0.00,0,0,0.00,0.00,118.20,0.00,1.00,0,0
121.90,204.78,6.41,205.96,21.50,15.13,1,0.00,0,0,0.00,0.00,108.18,0.00,1.00,0,0
122.00,204.78,20.80,205.12,35.93,15.13,1,0.00,0,0,0.00,0.00,99.93,0.00,1.00,0,0
122.10,204.78,35.19,204.88,50.32,15.13,1,0.00,0,0,0.00,0.00,93.60,0.00,1.00,0,0
122.20,204.78,49.58,204.81,64.71,15.13,1,0.00,0,0,0.00,0.00,89.29,0.00,1.00,0,0
122.31,212.92,60.60,220.20,73.86,15.13,1,0.00,0,0,0.00,0.00,93.26,1.00,1.00,0,0
122.40,224.78,66.70,236.52,76.26,15.13,1,0.00,0,0,0.00,0.00,99.34,1.00,0.00,0,0
122.51,239.17,66.70,254.06,69.42,15.13,1,0.00,0,0,0.00,0.00,105.76,1.00,0.00,0,0
122.62,256.32,66.70,271.43,67.45,15.13,1,0.00,0,0,0.00,0.00,113.64,1.00,0.00,0,0
122.71,267.83,66.70,282.96,66.91,15.13,1,0.00,0,0,0.00,0.00,119.03,1.00,0.00,0,0
122.80,282.22,66.70,297.35,66.77,15.13,1,0.00,0,0,0.00,0.00,125.85,1.00,0.00,0,0
122.90,296.61,66.70,312.84,66.73,16.24,0,0.00,0,0,0.00,0.00,132.75,1.00,0.00,0,0
123.01,311.00,66.70,332.45,66.76,21.45,0,0.00,0,0,0.00,0.00,139.70,0.00,0.00,0,0
123.10,311.00,66.70,351.56,66.79,40.57,0,0.00,0,0,0.00,0.00,132.52,0.00,0.00,0,0
123.20,311.00,66.70,370.21,66.82,59.22,0,0.00,0,0,0.00,0.00,125.34,0.00,0.00,0,0
123.30,311.00,66.70,388.39,66.85,77.40,0,0.00,0,0,0.00,0.00,118.16,0.00,0.00,0,0
123.40,311.00,66.70,406.13,66.87,95.14,0,0.00,0,0,0.00,0.00,111.00,0.00,0.00,0,0
123.50,311.00,66.70,423.42,66.90,112.44,0,0.00,0,0,0.00,0.00,103.84,0.00,0.00,0,0
123.60,311.00,66.70,440.29,66.92,129.32,0,0.00,0,0,0.00,0.00,96.69,0.00,0.00,0,0
123.70,311.00,66.70,456.74,66.95,145.77,0,0.00,0,0,0.00,0.00,89.56,0.00,0.00,0,0
123.80,311.00,66.70,472.78,66.97,161.83,0,0.00,0,0,0.00,0.00,82.44,0.00,0.00,0,0
123.90,311.00,66.70,488.42,67.00,177.49,0,0.00,0,0,0.00,0.00,75.34,0.00,0.00,0,0
124.00,311.00,66.70,503.68,67.02,192.77,0,0.00,0,0,0.00,0.00,68.26,0.00,0.00,0,0
124.10,311.00,66.70,518.56,67.04,207.67,0,0.00,0,0,0.00,0.00,61.22,0.00,0.00,0,0
124.20,311.00,66.70,532.39,67.06,221.50,0,0.00,0,0,0.00,0.00,54.22,0.00,0.00,0,0
124.31,311.00,66.70,545.86,67.08,234.96,0,0.00,0,0,0.00,0.00,47.28,0.00,0.00,0,0
124.41,311.00,66.70,558.94,67.10,248.03,0,0.00,0,0,0.00,0.00,40.44,0.00,0.00,0,0
124.51,311.00,66.70,571.63,67.12,260.72,0,0.00,0,0,0.00,0.00,33.75,0.00,0.00,0,0
124.61,311.00,66.70,583.95,67.14,273.04,0,0.00,0,0,0.00,0.00,27.32,0.00,0.00,0,0
124.71,311.00,66.70,595.91,67.16,284.99,0,0.00,0,0,0.00,0.00,21.39,0.00,0.00,0,0
124.80,311.00,66.70,607.52,67.18,296.60,0,0.00,0,0,0.00,0.00,16.51,0.00,0.00,0,0
124.90,311.00,66.70,618.78,67.19,307.85,0,0.00,0,0,0.00,0.00,13.82,0.00,0.00,0,0
125.01,311.00,66.70,629.70,67.21,318.77,0,0.00,0,0,0.00,0.00,14.61,0.00,0.00,0,0
125.10,311.00,66.70,640.30,67.23,329.37,0,0.00,0,0,0.00,0.00,18.42,0.00,0.00,0,0
125.20,39.00,287.00,650.57,67.24,649.88,0,0.00,0,0,0.00,0.00,101.32,0.00,0.00,0,0
125.30,39.00,287.00,660.53,67.26,659.27,0,0.00,0,0,0.00,0.00,101.32,0.00,0.00,0,0
125.41,39.00,287.00,670.19,67.27,668.38,0,0.00,0,0,0.00,0.00,101.32,0.00,0.00,0,0
125.51,39.00,287.00,669.81,67.28,668.00,0,0.00,0,0,0.00,0.00,101.32,0.00,0.00,0,0
125.60,39.00,284.12,669.81,67.29,667.05,0,0.00,0,0,0.00,0.00,101.13,0.00,-1.00,0,0
125.71,39.00,269.73,669.81,67.30,662.50,0,0.00,0,0,0.00,0.00,101.42,0.00,-1.00,0,0
125.80,39.00,255.34,669.81,67.31,658.24,0,0.00,0,0,0.00,0.00,103.73,0.00,-1.00,0,0
125.90,39.00,240.96,669.81,67.32,654.28,0,0.00,0,0,0.00,0.00,107.93,0.00,-1.00,0,0
126.00,39.00,226.57,669.81,67.33,650.60,0,0.00,0,0,0.00,0.00,113.80,0.00,-1.00,0,0
126.11,43.07,213.86,669.81,67.34,643.64,0,0.00,0,0,0.00,0.00,116.78,1.00,-1.00,0,0
126.20,53.24,203.69,669.81,67.35,631.46,0,0.00,0,0,0.00,0.00,114.88,1.00,-1.00,0,0
126.30,63.42,193.52,59.00,80.60,113.18,0,0.00,0,0,0.00,0.00,114.77,1.00,-1.00,0,0
126.41,65.45,179.97,59.00,80.60,99.80,0,0.00,0,0,0.00,0.00,123.95,0.00,-1.00,0,0
126.50,65.45,165.58,59.00,80.60,85.48,0,0.00,0,0,0.00,0.00,135.72,0.00,-1.00,0,0
126.61,65.45,151.19,59.00,80.60,71.20,0,0.00,0,0,0.00,0.00,147.96,0.00,-1.00,0,0
126.70,65.45,136.80,59.00,80.60,56.96,0,0.00,0,0,0.00,0.00,160.55,0.00,-1.00,0,0
126.80,65.45,122.42,59.00,80.60,42.83,0,0.00,0,0,0.00,0.00,173.42,0.00,-1.00,0,0
126.90,65.45,108.03,65.46,92.89,15.13,1,0.00,0,0,0.00,0.00,186.52,0.00,-1.00,0,0
127.01,65.45,93.64,65.46,78.50,15.13,1,0.00,0,0,0.00,0.00,193.16,0.00,-1.00,0,0
127.10,57.31,82.62,49.96,69.40,15.13,1,0.00,0,0,0.00,0.00,184.55,-1.00,-1.00,0,0
127.20,44.61,78.55,31.12,71.69,15.13,1,0.00,0,0,0.00,0.00,184.67,-1.00,0.00,0,0
127.31,30.22,78.55,15.22,76.56,15.13,1,0.00,0,0,0.00,0.00,190.15,-1.00,0.00,0,0
127.41,15.83,78.55,0.71,77.99,15.13,1,0.00,0,0,0.00,0.00,196.53,-1.00,0.00,0,0
127.51,1.44,78.55,-13.69,78.39,15.13,1,0.00,0,0,0.00,0.00,203.73,-1.00,0.00,0,0
127.60,-12.94,78.55,-28.08,78.50,15.13,1,0.00,0,0,0.00,0.00,211.67,-1.00,0.00,0,0
127.71,-27.33,78.55,-46.76,78.47,19.42,0,0.00,0,0,0.00,0.00,220.26,-1.00,0.00,0,0
127.80,-38.84,78.55,-66.07,78.42,27.22,0,0.00,0,0,0.00,0.00,227.55,0.00,0.00,0,0
127.90,-38.84,78.55,-84.90,78.38,46.06,0,0.00,0,0,0.00,0.00,227.55,0.00,0.00,0,0
128.00,-38.84,78.55,-103.27,78.33,64.43,0,0.00,0,0,0.00,0.00,227.55,0.00,0.00,0,0
128.10,-38.84,78.55,-121.18,78.28,82.34,0,0.00,0,0,0.00,0.00,227.55,0.00,0.00,0,0
128.20,-47.48,78.55,-138.65,78.24,91.19,0,0.00,0,0,0.00,0.00,233.25,-1.00,0.00,0,0
128.30,-61.87,78.55,-155.68,78.20,93.84,0,0.00,0,0,0.00,0.00,243.12,-1.00,0.00,0,0
128.40,-76.25,78.55,-172.30,78.15,96.09,0,0.00,0,0,0.00,0.00,253.43,-1.00,0.00,0,0
128.50,-90.64,78.55,-188.50,78.11,97.93,0,0.00,0,0,0.00,0.00,264.12,-1.00,-1.00,0,0
128.60,-100.82,68.38,-204.30,78.07,104.03,0,0.00,0,0,0.00,0.00,265.52,-1.00,-1.00,0,0
128.70,-110.99,58.20,-219.72,78.03,110.65,0,0.00,0,0,0.00,0.00,267.69,-1.00,-1.00,0,0
128.80,-121.17,48.03,-234.75,78.00,117.63,0,0.00,0,0,0.00,0.00,270.61,-1.00,-1.00,0,0
128.90,-131.34,37.85,-248.99,77.96,124.47,0,0.00,0,0,0.00,0.00,274.25,-1.00,-1.00,0,0
129.01,-141.51,27.68,-262.61,77.93,131.28,0,0.00,0,0,0.00,0.00,278.59,-1.00,-1.00,0,0
129.10,-152.53,19.54,-275.84,77.89,136.58,0,0.00,0,0,0.00,0.00,285.17,-1.00,0.00,0,0
129.21,-166.92,19.54,-288.69,77.86,135.18,0,0.00,0,0,0.00,0.00,298.41,-1.00,0.00,0,0
129.30,-181.31,19.54,-301.16,77.83,133.44,0,0.00,0,0,0.00,0.00,311.76,-1.00,0.00,0,0
129.41,-195.70,19.54,-313.26,77.80,131.38,0,0.00,0,0,0.00,0.00,325.19,-1.00,0.00,0,0
129.51,-210.09,19.54,-325.01,77.77,129.00,0,0.00,0,0,0.00,0.00,338.70,-1.00,0.00,0,0
129.61,-224.48,19.54,-336.41,77.74,126.33,0,0.00,0,0,0.00,0.00,352.28,-1.00,0.00,0,0
129.71,-238.86,19.54,-347.46,77.71,123.38,0,0.00,0,0,0.00,0.00,365.92,-1.00,0.00,0,0
129.81,-253.25,19.54,-358.19,77.68,120.15,0,0.00,0,0,0.00,0.00,379.62,-1.00,0.00,0,0
129.90,-267.64,19.54,-368.59,77.66,116.67,0,0.00,0,0,0.00,0.00,393.36,-1.00,0.00,0,0
130.00,-282.03,19.54,-378.68,77.63,112.96,0,0.00,0,0,0.00,0.00,407.16,-1.00,0.00,0,0
130.11,-295.58,21.57,-388.46,77.61,108.68,0,0.00,0,0,0.00,0.00,420.73,-1.00,1.00,0,0
130.21,-305.75,31.75,-397.94,77.58,103.16,0,0.00,0,0,0.00,0.00,433.38,-1.00,1.00,0,0
130.31,-316.77,39.89,-407.12,77.56,98.12,0,0.00,0,0,0.00,0.00,446.31,-1.00,0.00,0,0
130.40,-331.16,39.89,-416.02,77.54,93.08,0,0.00,0,0,0.00,0.00,460.05,-1.00,0.00,0,0
130.50,-345.54,39.89,-424.65,77.52,87.84,0,0.00,0,0,0.00,0.00,473.83,-1.00,0.00,0,0
130.61,-359.93,39.89,-433.00,77.49,82.44,0,0.00,0,0,0.00,0.00,487.65,-1.00,0.00,0,0
130.71,-374.32,39.89,-441.08,77.47,76.90,0,0.00,0,0,0.00,0.00,501.49,-1.00,0.00,0,0
130.80,-387.03,43.96,-448.91,77.45,70.68,0,0.00,0,0,0.00,0.00,514.23,-1.00,1.00,0,0
130.91,-397.20,54.13,-456.49,77.44,64.05,0,0.00,0,0,0.00,0.00,518.75,-1.00,1.00,0,0
131.00,-409.06,60.24,-463.82,77.42,57.77,0,0.00,0,0,0.00,0.00,524.48,-1.00,0.00,0,0
131.10,-423.45,60.24,-470.91,77.40,50.90,0,0.00,0,0,0.00,0.00,531.94,-1.00,0.00,0,0
131.20,-437.84,60.24,-477.77,77.38,43.96,0,0.00,0,0,0.00,0.00,539.44,-1.00,0.00,0,0
131.31,-452.23,60.24,-484.40,77.36,37.05,0,0.00,0,0,0.00,0.00,546.96,-1.00,0.00,0,0
131.41,-466.61,60.24,-481.75,60.28,15.13,1,0.00,0,0,0.00,0.00,554.51,-1.00,1.00,0,0
131.50,-476.79,70.41,-489.60,78.46,15.13,1,0.00,0,0,0.00,0.00,558.95,-1.00,1.00,0,0
131.60,-480.86,81.43,-488.69,94.38,15.13,1,0.00,0,0,0.00,0.00,557.51,1.00,1.00,0,0
131.70,-469.00,87.53,-459.19,99.06,15.13,1,0.00,0,0,0.00,0.00,539.73,1.00,0.00,0,0
131.80,-454.61,87.53,-439.91,91.12,15.13,1,0.00,0,0,0.00,0.00,518.64,1.00,0.00,0,0
131.90,-440.22,87.53,-425.12,88.57,15.13,1,0.00,0,0,0.00,0.00,497.56,1.00,0.00,0,0
132.00,-425.83,87.53,-410.70,87.83,15.13,1,0.00,0,0,0.00,0.00,476.47,1.00,0.00,0,0
132.10,-411.44,87.53,-396.31,87.62,15.13,1,0.00,0,0,0.00,0.00,455.38,1.00,0.00,0,0
132.21,-397.05,87.53,-381.92,87.56,15.13,1,0.00,0,0,0.00,0.00,434.29,1.00,0.00,0,0
132.30,-382.67,87.53,-367.53,87.54,15.13,1,0.00,0,0,0.00,0.00,413.21,1.00,0.00,0,0
132.41,-368.28,87.53,-353.14,87.54,15.13,1,0.00,0,0,0.00,0.00,392.12,1.00,0.00,0,0
132.51,-353.89,87.53,-338.76,87.53,15.13,1,0.00,0,0,0.00,0.00,370.67,1.00,0.00,0,0
132.60,-339.50,87.53,-324.37,87.53,15.13,1,0.00,0,0,0.00,0.00,349.24,1.00,0.00,0,0
132.70,-325.11,87.53,-309.98,87.53,15.13,1,0.00,0,0,0.00,0.00,327.81,1.00,0.00,0,0
132.81,-310.72,87.53,-295.59,87.53,15.13,1,0.00,0,0,0.00,0.00,306.40,1.00,0.00,0,0
132.90,-296.33,87.53,-281.20,87.53,15.13,1,0.00,0,0,0.00,0.00,285.00,1.00,0.00,0,0
133.00,-283.63,83.46,-269.09,79.27,15.13,1,0.00,0,0,0.00,0.00,264.63,1.00,-1.00,0,0
133.10,-273.46,73.29,-261.33,64.24,15.13,1,0.00,0,0,0.00,0.00,245.96,1.00,-1.00,0,0
133.20,-263.28,63.12,-252.15,52.87,15.13,1,0.00,0,0,0.00,0.00,227.61,1.00,-1.00,0,0
133.30,-253.11,52.94,-242.28,42.37,15.13,1,0.00,0,0,0.00,0.00,209.63,1.00,-1.00,0,0
133.40,-240.40,48.87,-226.66,42.55,15.13,1,0.00,0,0,0.00,0.00,189.62,1.00,0.00,0,0
133.50,-226.02,48.87,-211.00,47.01,15.13,1,0.00,0,0,0.00,0.00,168.05,1.00,0.00,0,0
133.60,-213.31,52.94,-198.63,56.60,15.13,1,0.00,0,0,0.00,0.00,148.34,1.00,1.00,0,0
133.71,-203.14,63.12,-190.94,72.08,15.13,1,0.00,0,0,0.00,0.00,132.01,1.00,1.00,0,0
133.81,-192.96,73.29,-181.81,83.52,15.13,1,0.00,0,0,0.00,0.00,116.65,1.00,1.00,0,0
133.91,-182.79,83.46,-171.96,94.03,15.13,1,0.00,0,0,0.00,0.00,102.52,1.00,1.00,0,0
134.01,-172.62,93.64,-161.88,104.30,15.13,1,0.00,0,0,0.00,0.00,89.93,1.00,1.00,0,0
134.10,-162.44,103.81,-151.73,114.50,15.13,1,0.00,0,0,0.00,0.00,79.27,1.00,1.00,0,0
134.20,-152.27,113.99,-141.56,124.68,15.13,1,0.00,0,0,0.00,0.00,70.94,1.00,1.00,0,0
134.30,-142.09,124.16,-131.39,134.86,15.13,1,0.00,0,0,0.00,0.00,65.26,1.00,1.00,0,0
134.40,-129.39,128.23,-115.80,134.88,15.13,1,0.00,0,0,0.00,0.00,55.70,1.00,0.00,0,0
134.50,-115.00,128.23,-100.00,130.21,15.13,1,0.00,0,0,0.00,0.00,44.71,1.00,0.00,0,0
134.60,-100.61,128.23,-85.49,128.79,15.13,1,0.00,0,0,0.00,0.00,37.63,1.00,0.00,0,0
134.70,-86.22,128.23,-71.09,128.39,15.13,1,0.00,0,0,0.00,0.00,34.97,1.00,0.00,0,0
134.80,-71.83,128.23,-56.70,128.28,15.13,1,0.00,0,0,0.00,0.00,36.14,1.00,0.00,0,0
134.90,-57.45,128.23,-42.31,128.24,15.13,1,0.00,0,0,0.00,0.00,39.89,1.00,0.00,0,0
135.00,-43.06,128.23,-27.92,128.23,15.13,1,0.00,0,0,0.00,0.00,45.12,1.00,0.00,0,0
135.10,-28.67,128.23,-13.53,128.23,15.13,1,0.00,0,0,0.00,0.00,51.16,1.00,0.00,0,0
135.21,-14.28,128.23,0.85,128.23,15.13,1,0.00,0,0,0.00,0.00,57.65,1.00,0.00,0,0
135.31,0.11,128.23,15.24,128.23,15.13,1,0.00,0,0,0.00,0.00,64.39,1.00,0.00,0,0
135.41,14.50,128.23,29.63,128.23,15.13,1,0.00,0,0,0.00,0.00,71.28,1.00,0.00,0,0
135.51,28.89,128.23,44.02,128.23,15.13,1,0.00,0,0,0.00,0.00,78.27,1.00,0.00,0,0
135.60,40.75,122.13,54.55,115.93,15.13,1,0.00,0,0,0.00,0.00,82.18,1.00,-1.00,0,0
135.71,50.92,111.95,62.62,102.35,15.13,1,0.00,0,0,0.00,0.00,85.10,1.00,-1.00,0,0
135.80,61.10,101.78,72.10,91.39,15.13,1,0.00,0,0,0.00,0.00,89.07,1.00,-1.00,0,0
135.90,71.27,91.60,82.06,80.99,15.13,1,0.00,0,0,0.00,0.00,93.80,1.00,-1.00,0,0
136.00,83.13,85.50,96.48,78.37,15.13,1,0.00,0,0,0.00,0.00,99.61,1.00,0.00,0,0
136.10,97.52,85.50,112.50,83.37,15.13,1,0.00,0,0,0.00,0.00,106.41,1.00,0.00,0,0
136.20,108.54,93.64,122.39,99.73,15.13,1,0.00,0,0,0.00,0.00,108.65,1.00,1.00,0,0
136.30,118.71,103.81,130.49,113.31,15.13,1,0.00,0,0,0.00,0.00,110.78,1.00,1.00,0,0
136.40,128.88,113.99,139.90,124.36,15.13,1,0.00,0,0,0.00,0.00,113.87,1.00,1.00,0,0
136.50,139.06,124.16,149.85,134.77,15.13,1,0.00,0,0,0.00,0.00,117.74,1.00,1.00,0,0
136.60,149.23,134.34,159.96,145.01,15.13,1,0.00,0,0,0.00,0.00,122.23,1.00,1.00,0,0
136.70,162.78,136.37,177.07,141.36,15.13,1,0.00,0,0,0.00,0.00,128.74,1.00,0.00,0,0
136.80,174.64,130.27,189.14,125.93,15.13,1,0.00,0,0,0.00,0.00,132.33,1.00,-1.00,0,0
136.90,184.81,120.09,196.94,111.03,15.13,1,0.00,0,0,0.00,0.00,134.44,1.00,-1.00,0,0
137.00,197.52,116.02,211.69,110.73,15.13,1,0.00,0,0,0.00,0.00,139.84,1.00,0.00,0,0
137.10,211.90,116.02,226.95,114.42,15.13,1,0.00,0,0,0.00,0.00,147.04,1.00,0.00,0,0
137.20,226.29,116.02,241.42,115.56,15.13,1,0.00,0,0,0.00,0.00,154.24,1.00,0.00,0,0
137.31,240.68,116.02,255.81,115.90,15.13,1,0.00,0,0,0.00,0.00,161.44,1.00,0.00,0,0
137.40,251.70,107.88,265.10,100.86,15.13,1,0.00,0,0,0.00,0.00,165.36,1.00,-1.00,0,0
137.50,261.87,97.71,273.45,87.97,15.13,1,0.00,0,0,0.00,0.00,168.98,1.00,-1.00,0,0
137.60,273.73,91.60,287.13,84.57,15.13,1,0.00,0,0,0.00,0.00,174.23,1.00,0.00,0,0
137.70,288.12,91.60,303.10,89.47,15.13,1,0.00,0,0,0.00,0.00,181.34,1.00,0.00,0,0
137.80,302.51,91.60,317.63,91.02,15.13,1,0.00,0,0,0.00,0.00,188.47,1.00,0.00,0,0
137.91,316.90,91.60,336.31,90.67,19.43,0,0.00,0,0,0.00,0.00,195.60,1.00,0.00,0,0
138.01,331.29,91.60,355.61,90.09,24.37,0,0.00,0,0,0.00,0.00,202.74,0.00,0.00,0,0
138.11,331.29,91.60,374.44,89.52,43.20,0,0.00,0,0,0.00,0.00,195.55,0.00,0.00,0,0
138.20,331.29,91.60,392.79,88.96,61.57,0,0.00,0,0,0.00,0.00,188.37,0.00,0.00,0,0
138.30,331.29,91.60,410.70,88.42,79.48,0,0.00,0,0,0.00,0.00,181.18,0.00,0.00,0,0
138.40,331.29,91.60,428.16,87.90,96.95,0,0.00,0,0,0.00,0.00,173.99,0.00,0.00,0,0
138.50,331.29,91.60,445.19,87.38,114.00,0,0.00,0,0,0.00,0.00,166.80,0.00,0.00,0,0
138.60,331.29,91.60,461.80,86.88,130.62,0,0.00,0,0,0.00,0.00,159.62,0.00,0.00,0,0
138.70,331.29,91.60,477.99,86.39,146.84,0,0.00,0,0,0.00,0.00,152.43,0.00,0.00,0,0
138.80,331.29,91.60,493.79,85.92,162.66,0,0.00,0,0,0.00,0.00,145.24,0.00,0.00,0,0
138.90,331.29,91.60,509.19,85.45,178.09,0,0.00,0,0,0.00,0.00,138.06,0.00,0.00,0,0
139.00,331.29,91.60,524.21,85.00,193.14,0,0.00,0,0,0.00,0.00,130.87,0.00,0.00,0,0
139.10,331.29,91.60,538.45,84.57,207.38,0,0.00,0,0,0.00,0.00,123.69,0.00,0.00,0,0
139.21,331.29,91.60,552.07,84.16,221.00,0,0.00,0,0,0.00,0.00,116.51,0.00,0.00,0,0
139.30,331.29,91.60,565.29,83.76,234.23,0,0.00,0,0,0.00,0.00,109.33,0.00,0.00,0,0
139.40,331.29,91.60,578.13,83.37,247.07,0,0.00,0,0,0.00,0.00,102.15,0.00,0.00,0,0
139.51,331.29,91.60,590.60,82.99,259.54,0,0.00,0,0,0.00,0.00,94.97,0.00,0.00,0,0
139.60,331.29,82.97,602.43,75.55,271.24,2,0.00,0,0,0.00,0.00,89.19,0.00,-1.00,0,0
139.70,333.32,69.42,602.11,68.37,268.79,2,0.00,0,0,0.00,0.00,90.73,1.00,-1.00,0,0
139.81,344.34,61.28,602.13,66.93,257.85,2,0.00,0,0,0.00,0.00,97.12,1.00,0.00,0,0
139.90,358.73,61.28,602.67,74.10,244.27,2,0.00,0,0,0.00,0.00,103.53,1.00,0.00,0,0
140.01,373.12,61.28,603.20,81.27,230.95,2,0.00,0,0,0.00,0.00,110.09,1.00,0.00,0,0
140.10,386.66,63.32,603.74,88.43,218.52,2,0.00,0,0,0.00,0.00,115.33,1.00,1.00,0,0
140.21,396.84,73.49,604.27,95.60,208.61,2,0.00,0,0,0.00,0.00,115.46,0.00,1.00,0,0
140.31,396.84,87.88,604.81,102.77,208.50,2,0.00,0,0,0.00,0.00,106.00,0.00,1.00,0,0
140.40,388.70,98.90,605.35,109.94,216.93,2,0.00,0,0,0.00,0.00,90.10,-1.00,1.00,0,0
140.51,378.52,109.07,605.88,117.11,227.50,2,0.00,0,0,0.00,0.00,73.38,0.00,1.00,0,0
140.60,384.63,120.93,606.42,124.28,221.81,2,0.00,0,0,0.00,0.00,74.69,1.00,1.00,0,0
140.71,394.80,131.11,606.95,131.45,212.15,2,0.00,0,0,0.00,0.00,80.69,1.00,1.00,0,0
140.81,398.87,135.18,607.49,138.61,208.65,2,0.00,0,0,0.00,0.00,79.18,-1.00,0.00,0,0
140.91,384.48,135.18,608.03,145.78,223.79,2,0.00,0,0,0.00,0.00,59.87,-1.00,0.00,0,0
141.01,370.10,135.18,608.56,152.95,239.13,2,0.00,0,0,0.00,0.00,42.61,-1.00,0.00,0,0
141.10,375.85,135.18,609.10,160.12,234.58,2,0.00,0,0,0.00,0.00,40.71,1.00,0.00,0,0
141.20,387.71,141.28,609.63,167.29,223.44,2,0.00,0,0,0.00,0.00,47.34,1.00,1.00,0,0
141.30,389.75,154.83,610.17,174.46,221.30,2,0.00,0,0,0.00,0.00,53.74,0.00,1.00,0,0
141.40,389.75,169.22,610.71,181.63,221.31,2,0.00,0,0,0.00,0.00,59.76,0.00,1.00,0,0
141.51,389.75,183.61,611.24,188.80,221.56,2,0.00,0,0,0.00,0.00,68.22,0.00,1.00,0,0
141.60,395.85,195.47,611.78,195.96,215.93,2,0.00,0,0,0.00,0.00,77.30,1.00,1.00,0,0
141.71,406.03,205.64,612.31,203.13,206.30,2,0.00,0,0,0.00,0.00,76.30,1.00,1.00,0,0
141.81,416.20,215.81,612.85,210.30,196.73,2,0.00,0,0,0.00,0.00,64.10,1.00,1.00,0,0
141.90,420.27,228.52,613.39,217.47,193.43,2,0.00,0,0,0.00,0.00,50.93,0.00,1.00,0,0
142.00,420.27,242.91,613.92,224.64,194.51,2,0.00,0,0,0.00,0.00,36.72,0.00,1.00,0,0
142.10,422.30,256.45,614.46,231.81,193.73,2,0.00,0,0,0.00,0.00,23.03,1.00,1.00,0,0
142.20,435.01,260.52,613.49,238.68,179.81,2,0.00,0,0,0.00,0.00,20.14,1.00,0.00,0,0
142.30,449.40,260.52,610.26,245.10,161.60,2,0.00,0,0,0.00,0.00,29.04,1.00,0.00,0,0
142.40,452.27,260.52,607.03,251.52,155.02,2,0.00,0,0,0.00,0.00,31.31,0.00,0.00,0,0
142.51,452.27,260.52,603.80,257.94,151.55,2,0.00,0,0,0.00,0.00,31.31,0.00,0.00,0,0
142.60,452.27,263.40,600.57,264.37,148.30,2,0.00,0,0,0.00,0.00,29.70,0.00,1.00,0,0
142.70,452.27,277.79,585.14,269.15,133.15,0,0.00,0,0,0.00,0.00,25.30,0.00,1.00,0,0
142.81,452.27,283.54,567.31,273.37,115.49,0,0.00,0,0,0.00,0.00,25.68,0.00,0.00,0,0
142.91,452.27,283.54,549.91,277.48,97.86,0,0.00,0,0,0.00,0.00,25.68,0.00,0.00,0,0
143.00,463.79,283.54,532.95,281.49,69.27,0,0.00,0,0,0.00,0.00,37.06,1.00,0.00,0,0
143.11,478.17,283.54,516.41,285.40,38.52,0,0.00,0,0,0.00,0.00,51.38,1.00,0.00,0,0
143.20,481.05,295.05,489.27,307.76,15.13,1,0.00,0,0,0.00,0.00,56.39,0.00,1.00,0,0
143.31,481.05,309.44,483.41,324.39,15.13,1,0.00,0,0,0.00,0.00,62.04,0.00,1.00,0,0
143.40,476.98,322.15,474.86,337.13,15.13,1,0.00,0,0,0.00,0.00,66.03,-1.00,1.00,0,0
143.50,465.12,328.25,453.90,338.41,15.13,1,0.00,0,0,0.00,0.00,62.28,-1.00,0.00,0,0
143.60,450.73,328.25,435.94,331.43,15.13,1,0.00,0,0,0.00,0.00,54.67,-1.00,0.00,0,0
143.70,436.34,328.25,421.24,329.17,15.13,1,0.00,0,0,0.00,0.00,50.13,-1.00,0.00,0,0
143.81,421.96,328.25,406.82,328.50,15.13,1,0.00,0,0,0.00,0.00,49.51,-1.00,0.00,0,0
143.91,407.57,328.25,392.43,328.32,15.13,1,0.00,0,0,0.00,0.00,52.95,-1.00,0.00,0,0
144.00,393.18,328.25,378.04,328.27,15.13,1,0.00,0,0,0.00,0.00,59.75,-1.00,0.00,0,0
144.10,382.16,320.11,368.70,313.19,15.13,1,0.00,0,0,0.00,0.00,60.83,-1.00,-1.00,0,0
144.20,371.99,309.94,360.38,300.23,15.13,1,0.00,0,0,0.00,0.00,63.12,-1.00,-1.00,0,0
144.31,361.81,299.76,350.86,289.32,15.13,1,0.00,0,0,0.00,0.00,68.41,-1.00,-1.00,0,0
144.41,351.64,289.59,340.86,278.96,15.13,1,0.00,0,0,0.00,0.00,76.10,-1.00,-1.00,0,0
144.51,343.50,278.57,334.34,266.53,15.13,1,0.00,0,0,0.00,0.00,81.97,0.00,-1.00,0,0
144.60,343.50,264.18,340.50,249.35,15.13,1,0.00,0,0,0.00,0.00,72.04,0.00,-1.00,0,0
144.70,343.50,249.79,342.66,234.68,15.13,1,0.00,0,0,0.00,0.00,64.71,0.00,-1.00,0,0
144.81,343.50,235.40,343.26,220.27,15.13,1,0.00,0,0,0.00,0.00,60.23,0.00,-1.00,0,0
144.91,343.50,221.02,343.43,205.88,15.13,1,0.00,0,0,0.00,0.00,58.55,0.00,-1.00,0,0
145.01,343.50,206.63,343.48,191.49,15.13,1,0.00,0,0,0.00,0.00,59.31,0.00,-1.00,0,0
145.10,343.50,192.24,343.49,177.11,15.13,1,0.00,0,0,0.00,0.00,61.98,0.00,-1.00,0,0
145.21,343.50,177.85,343.50,162.72,15.13,1,0.00,0,0,0.00,0.00,66.03,0.00,-1.00,0,0
145.30,343.50,163.46,343.50,148.33,15.13,1,0.00,0,0,0.00,0.00,71.03,0.00,-1.00,0,0
145.40,343.50,149.07,343.50,133.94,15.13,1,0.00,0,0,0.00,0.00,76.67,0.00,-1.00,0,0
145.50,343.50,134.68,343.50,119.55,15.13,1,0.00,0,0,0.00,0.00,82.75,0.00,-1.00,0,0
145.61,343.50,120.30,343.50,105.16,15.13,1,0.00,0,0,0.00,0.00,89.13,0.00,-1.00,0,0
145.70,343.50,105.91,343.50,90.77,15.13,1,0.00,0,0,0.00,0.00,95.72,0.00,-1.00,0,0
145.81,343.50,91.52,343.50,76.39,15.13,1,0.00,0,0,0.00,0.00,102.45,1.00,-1.00,0,0
145.91,353.67,81.34,361.55,68.42,15.13,1,0.00,0,0,0.00,0.00,103.44,1.00,-1.00,0,0
146.00,366.38,77.27,380.10,70.89,15.13,1,0.00,0,0,0.00,0.00,99.50,1.00,0.00,0,0
146.11,380.76,77.27,395.80,75.52,15.13,1,0.00,0,0,0.00,0.00,93.29,1.00,0.00,0,0
146.21,395.15,77.27,410.28,76.76,15.13,1,0.00,0,0,0.00,0.00,89.12,1.00,0.00,0,0
146.31,403.79,77.27,428.95,76.46,25.18,0,0.00,0,0,0.00,0.00,84.75,0.00,0.00,0,0
146.40,403.79,77.27,448.26,75.95,44.49,0,0.00,0,0,0.00,0.00,77.93,0.00,0.00,0,0
146.50,403.79,77.27,467.08,75.45,63.33,0,0.00,0,0,0.00,0.00,71.60,0.00,0.00,0,0
146.60,403.79,77.27,485.45,74.97,81.69,0,0.00,0,0,0.00,0.00,65.90,0.00,0.00,0,0
146.70,403.79,77.27,503.35,74.49,99.61,0,0.00,0,0,0.00,0.00,60.97,0.00,0.00,0,0
146.81,403.79,65.76,520.81,74.03,117.33,0,0.00,0,0,0.00,0.00,68.46,0.00,-1.00,0,0
146.91,403.79,51.37,537.84,73.58,135.90,0,0.00,0,0,0.00,0.00,79.83,0.00,-1.00,0,0
147.00,395.65,40.36,554.45,73.14,162.18,0,0.00,0,0,0.00,0.00,89.98,-1.00,-1.00,0,0
147.10,382.94,36.29,570.65,72.72,191.24,0,0.00,0,0,0.00,0.00,97.39,-1.00,0.00,0,0
147.20,368.56,36.29,586.45,72.30,220.89,0,0.00,0,0,0.00,0.00,105.62,-1.00,0.00,0,0
147.30,354.17,36.29,601.85,71.89,250.29,0,0.00,0,0,0.00,0.00,117.38,-1.00,0.00,0,0
147.40,339.78,36.29,616.88,71.49,279.40,0,0.00,0,0,0.00,0.00,131.71,-1.00,0.00,0,0
147.50,325.39,36.29,631.11,71.12,307.77,0,0.00,0,0,0.00,0.00,147.86,-1.00,0.00,0,0
147.60,311.00,36.29,644.74,70.76,335.58,0,0.00,0,0,0.00,0.00,165.30,-1.00,0.00,0,0
147.70,30.73,287.00,657.96,70.41,663.61,0,0.00,0,0,0.00,0.00,109.57,-1.00,0.00,0,0
147.80,17.27,284.97,670.80,70.07,687.99,0,0.00,0,0,0.00,0.00,122.88,-1.00,-1.00,0,0
147.90,17.27,270.58,669.85,69.82,682.79,0,0.00,0,0,0.00,0.00,123.02,0.00,-1.00,0,0
148.01,17.27,256.19,669.81,69.59,678.72,0,0.00,0,0,0.00,0.00,124.84,1.00,-1.00,0,0
148.10,27.44,246.01,669.81,69.35,666.24,0,0.00,0,0,0.00,0.00,117.29,1.00,-1.00,0,0
148.20,37.62,235.84,669.81,69.13,653.82,0,0.00,0,0,0.00,0.00,111.11,1.00,-1.00,0,0
148.30,47.79,225.66,669.81,68.91,641.48,0,0.00,0,0,0.00,0.00,106.52,0.00,-1.00,0,0
148.41,47.79,211.28,669.81,68.69,638.17,0,0.00,0,0,0.00,0.00,114.41,0.00,-1.00,0,0
148.50,47.79,196.89,669.81,68.48,635.15,0,0.00,0,0,0.00,0.00,123.47,0.00,-1.00,0,0
148.60,47.79,182.50,669.81,68.28,632.44,0,0.00,0,0,0.00,0.00,133.47,0.00,-1.00,0,0
148.71,49.82,168.95,59.00,80.60,89.06,0,0.00,0,0,0.00,0.00,142.27,1.00,-1.00,0,0
148.80,60.00,158.78,59.00,80.60,78.45,0,0.00,0,0,0.00,0.00,144.41,1.00,-1.00,0,0
148.90,70.17,148.60,59.00,80.60,69.23,0,0.00,0,0,0.00,0.00,147.91,1.00,-1.00,0,0
149.00,78.31,137.59,59.00,80.60,60.54,0,0.00,0,0,0.00,0.00,154.28,0.00,-1.00,0,0
149.10,78.31,123.20,59.00,80.60,47.24,0,0.00,0,0,0.00,0.00,167.57,-1.00,-1.00,0,0
149.21,68.14,113.02,59.00,80.60,34.33,0,0.00,0,0,0.00,0.00,180.86,-1.00,-1.00,0,0
149.30,57.96,102.85,48.17,91.31,15.13,1,0.00,0,0,0.00,0.00,194.32,-1.00,-1.00,0,0
149.40,44.42,100.81,30.20,95.64,15.13,1,0.00,0,0,0.00,0.00,202.20,-1.00,0.00,0,0
149.50,30.03,100.81,14.96,99.43,15.13,1,0.00,0,0,0.00,0.00,209.39,-1.00,0.00,0,0
149.60,15.64,100.81,0.51,100.39,15.13,1,0.00,0,0,0.00,0.00,216.48,-1.00,0.00,0,0
149.70,1.25,100.81,-13.88,100.69,15.13,1,0.00,0,0,0.00,0.00,223.05,-1.00,0.00,0,0
149.80,-13.14,100.81,-28.27,100.78,15.13,1,0.00,0,0,0.00,0.00,230.34,-1.00,0.00,0,0
149.91,-27.52,100.81,-42.66,100.81,15.13,1,0.00,0,0,0.00,0.00,238.27,-1.00,0.00,0,0
150.00,-41.91,100.81,-57.05,100.81,15.13,1,0.00,0,0,0.00,0.00,246.78,-1.00,0.00,0,0
150.11,-56.30,100.81,-71.44,100.81,15.13,1,0.00,0,0,0.00,0.00,255.82,-1.00,0.00,0,0
150.20,-70.69,100.81,-85.82,100.81,15.13,1,0.00,0,0,0.00,0.00,265.34,-1.00,0.00,0,0
150.31,-84.24,102.85,-99.10,105.67,15.13,1,0.00,0,0,0.00,0.00,276.13,-1.00,1.00,0,0
150.41,-94.41,113.02,-106.79,121.73,15.13,1,0.00,0,0,0.00,0.00,287.22,-1.00,1.00,0,0
150.51,-104.59,123.20,-115.79,133.37,15.13,1,0.00,0,0,0.00,0.00,289.99,-1.00,1.00,0,0
150.61,-114.76,133.37,-125.62,143.91,15.13,1,0.00,0,0,0.00,0.00,293.44,-1.00,1.00,0,0
150.71,-124.91,143.54,-131.87,158.27,16.29,0,0.00,0,0,0.00,0.00,297.53,-1.00,1.00,0,0
150.80,-135.08,153.71,-131.85,178.23,24.73,0,0.00,0,0,0.00,0.00,302.27,-1.00,0.00,0,0
150.90,-149.47,153.71,-131.83,197.70,47.40,0,0.00,0,0,0.00,0.00,315.42,-1.00,0.00,0,0
151.00,-163.02,151.68,-131.81,216.69,72.12,0,0.00,0,0,0.00,0.00,328.68,-1.00,-1.00,0,0
151.11,-173.19,141.50,-131.79,235.21,102.45,0,0.00,0,0,0.00,0.00,342.04,-1.00,-1.00,0,0
151.21,-186.74,139.47,-131.77,253.27,126.39,0,0.00,0,0,0.00,0.00,355.28,-1.00,0.00,0,0
151.30,-201.13,139.47,-131.76,270.89,148.61,0,0.00,0,0,0.00,0.00,368.56,-1.00,0.00,0,0
151.40,-212.14,147.61,-131.74,288.06,161.86,0,0.00,0,0,0.00,0.00,375.86,-1.00,1.00,0,0
151.51,-220.28,158.63,-131.72,304.82,170.95,0,0.00,0,0,0.00,0.00,379.86,0.00,1.00,0,0
151.61,-220.28,173.02,-131.71,321.16,172.64,0,0.00,0,0,0.00,0.00,375.55,0.00,1.00,0,0
151.71,-220.28,187.40,-131.69,337.09,173.99,0,0.00,0,0,0.00,0.00,371.75,0.00,1.00,0,0
151.81,-220.28,201.79,-131.67,352.63,175.02,0,0.00,0,0,0.00,0.00,368.46,0.00,1.00,0,0
151.91,-220.28,216.18,-131.66,367.78,175.72,0,0.00,0,0,0.00,0.00,365.72,0.00,1.00,0,0
152.00,-220.28,230.57,-131.67,382.17,175.73,0,0.00,0,0,0.00,0.00,363.52,0.00,1.00,0,0
152.11,-220.28,244.96,-131.69,395.92,175.16,0,0.00,0,0,0.00,0.00,361.89,0.00,1.00,0,0
152.20,-220.28,259.35,-131.72,409.27,174.25,0,0.00,0,0,0.00,0.00,360.82,0.00,1.00,0,0
152.30,-220.28,273.74,-131.74,422.23,173.01,0,0.00,0,0,0.00,0.00,360.32,0.00,1.00,0,0
152.41,-220.28,288.12,-131.77,434.81,171.45,0,0.00,0,0,0.00,0.00,360.40,0.00,1.00,0,0
152.50,-220.28,302.51,-131.79,447.02,169.58,0,0.00,0,0,0.00,0.00,361.05,0.00,1.00,0,0
152.60,-220.28,316.90,-131.81,458.88,167.42,0,0.00,0,0,0.00,0.00,362.27,0.00,1.00,0,0
152.71,-220.28,331.29,-131.83,470.38,164.96,0,0.00,0,0,0.00,0.00,364.06,0.00,1.00,0,0
152.80,-214.18,343.15,-131.85,481.54,161.16,0,0.00,0,0,0.00,0.00,354.25,1.00,1.00,0,0
152.90,-204.01,353.33,-131.87,492.36,156.77,0,0.00,0,0,0.00,0.00,338.36,1.00,1.00,0,0
153.00,-193.83,363.50,-131.89,502.86,152.65,0,0.00,0,0,0.00,0.00,322.87,1.00,1.00,0,0
153.10,-183.66,373.67,-131.91,513.04,148.81,0,0.00,0,0,0.00,0.00,307.83,1.00,1.00,0,0
153.20,-173.48,383.85,-131.93,522.96,145.34,0,0.00,0,0,0.00,0.00,293.31,1.00,1.00,0,0
153.30,-163.31,394.02,-131.95,532.63,142.28,0,0.00,0,0,0.00,0.00,279.39,1.00,1.00,0,0
153.41,-153.13,404.20,-131.97,542.06,139.66,0,0.00,0,0,0.00,0.00,266.17,1.00,1.00,0,0
153.50,-144.15,410.30,-131.99,551.18,141.59,0,0.00,0,0,0.00,0.00,253.18,0.00,0.00,0,0
153.60,-144.15,410.30,-132.00,559.88,150.25,0,0.00,0,0,0.00,0.00,246.22,0.00,0.00,0,0
153.70,-144.15,410.30,-132.02,568.32,158.65,0,0.00,0,0,0.00,0.00,239.27,0.00,0.00,0,0
153.80,-144.15,410.30,-132.03,576.48,166.78,0,0.00,0,0,0.00,0.00,232.33,0.00,0.00,0,0
153.90,-144.15,410.30,-132.05,584.39,174.66,0,0.00,0,0,0.00,0.00,225.41,0.00,0.00,0,0
154.00,-144.15,410.30,-132.06,592.04,182.29,0,0.00,0,0,0.00,0.00,218.51,0.00,0.00,0,0
154.11,-144.15,410.30,-132.08,599.44,189.67,0,0.00,0,0,0.00,0.00,211.62,0.00,0.00,0,0
154.21,-144.15,421.81,-132.09,606.61,185.33,0,0.00,0,0,0.00,0.00,210.24,0.00,1.00,0,0
154.30,-144.15,436.20,-132.10,613.53,177.89,0,0.00,0,0,0.00,0.00,211.19,0.00,1.00,0,0
154.40,-144.15,441.96,-132.12,620.23,178.83,0,0.00,0,0,0.00,0.00,208.00,0.00,0.00,0,0
154.50,-144.15,441.96,-132.13,626.71,185.29,0,0.00,0,0,0.00,0.00,201.60,0.00,0.00,0,0
154.60,-144.15,441.96,-132.14,632.96,191.53,0,0.00,0,0,0.00,0.00,195.25,0.00,0.00,0,0
154.70,-144.15,441.96,-132.15,639.01,197.55,0,0.00,0,0,0.00,0.00,188.96,0.00,0.00,0,0
154.80,-149.91,441.96,-132.16,644.88,203.83,0,0.00,0,0,0.00,0.00,187.18,-1.00,0.00,0,0
154.91,-164.30,441.96,-132.17,650.64,211.27,0,0.00,0,0,0.00,0.00,192.20,-1.00,0.00,0,0
155.00,-178.68,441.96,-132.18,656.29,219.44,0,0.00,0,0,0.00,0.00,197.36,-1.00,0.00,0,0
155.10,-193.07,441.96,-132.19,661.82,228.25,0,0.00,0,0,0.00,0.00,202.66,-1.00,0.00,0,0
155.20,-195.95,441.96,-132.21,667.25,234.25,0,0.00,0,0,0.00,0.00,198.52,0.00,0.00,0,0
155.30,-195.95,441.96,-132.22,672.57,239.37,0,0.00,0,0,0.00,0.00,192.05,0.00,0.00,0,0
155.41,-195.95,441.96,-132.23,677.78,244.39,0,0.00,0,0,0.00,0.00,185.62,0.00,0.00,0,0
155.50,-195.95,441.96,-132.23,682.89,249.33,0,0.00,0,0,0.00,0.00,179.25,0.00,0.00,0,0
155.60,-195.95,441.96,-132.24,687.91,254.17,0,0.00,0,0,0.00,0.00,172.95,0.00,0.00,0,0
155.70,-195.95,441.96,-132.25,692.82,258.93,0,0.00,0,0,0.00,0.00,166.72,0.00,0.00,0,0
155.81,-195.95,441.96,-132.26,697.64,263.59,0,0.00,0,0,0.00,0.00,160.56,0.00,0.00,0,0
155.90,-195.95,441.96,-132.27,702.36,268.17,0,0.00,0,0,0.00,0.00,154.50,0.00,0.00,0,0
156.00,-195.95,441.96,-132.28,460.00,66.55,0,0.00,0,0,0.00,0.00,148.54,0.00,0.00,0,0
156.10,-195.95,441.96,-132.28,460.00,66.51,0,0.00,0,0,0.00,0.00,142.69,0.00,0.00,0,0
156.20,-195.95,441.96,-132.28,460.00,66.51,0,0.00,0,0,0.00,0.00,136.97,0.00,0.00,0,0
156.30,-190.19,441.96,-132.28,460.00,61.02,0,0.00,0,0,0.00,0.00,127.73,1.00,0.00,0,0
156.40,-180.02,452.13,-132.28,460.00,48.84,0,0.00,0,0,0.00,0.00,125.49,1.00,1.00,0,0
156.51,-167.32,456.20,-132.28,460.00,35.86,0,0.00,0,0,0.00,0.00,119.64,1.00,0.00,0,0
156.60,-152.93,456.20,-137.99,458.61,15.13,1,0.00,0,0,0.00,0.00,112.64,1.00,0.00,0,0
156.71,-139.38,454.17,-124.41,451.96,15.13,1,0.00,0,0,0.00,0.00,107.46,1.00,-1.00,0,0
156.80,-129.21,443.99,-116.72,435.45,15.13,1,0.00,0,0,0.00,0.00,97.58,1.00,-1.00,0,0
156.90,-119.03,433.82,-107.76,423.72,15.13,1,0.00,0,0,0.00,0.00,91.39,1.00,-1.00,0,0
157.00,-106.33,429.75,-92.28,424.12,15.13,1,0.00,0,0,0.00,0.00,96.10,1.00,0.00,0,0
157.10,-91.94,429.75,-76.90,428.10,15.13,1,0.00,0,0,0.00,0.00,108.76,1.00,0.00,0,0
157.20,-77.55,429.75,-62.43,429.28,15.13,1,0.00,0,0,0.00,0.00,123.90,1.00,0.00,0,0
157.30,-63.17,429.75,-48.03,429.61,15.13,1,0.00,0,0,0.00,0.00,130.04,1.00,0.00,0,0
157.40,-48.78,429.75,-33.64,429.71,15.13,1,0.00,0,0,0.00,0.00,136.30,1.00,0.00,0,0
157.50,-34.39,429.75,-19.25,429.74,15.13,1,0.00,0,0,0.00,0.00,142.65,1.00,0.00,0,0
157.60,-22.53,423.64,-8.56,417.83,15.13,1,0.00,0,0,0.00,0.00,143.73,1.00,-1.00,0,0
157.70,-12.35,413.47,-0.50,404.06,15.13,1,0.00,0,0,0.00,0.00,141.78,1.00,-1.00,0,0
157.81,-2.18,403.30,8.85,392.93,15.13,1,0.00,0,0,0.00,0.00,140.51,1.00,-1.00,0,0
157.91,8.00,393.12,18.79,382.52,15.13,1,0.00,0,0,0.00,0.00,139.94,1.00,-1.00,0,0
158.00,18.17,382.95,28.90,372.27,15.13,1,0.00,0,0,0.00,0.00,140.08,1.00,-1.00,0,0
158.10,28.34,372.77,39.05,362.08,15.13,1,0.00,0,0,0.00,0.00,140.92,1.00,-1.00,0,0
158.21,38.52,362.60,49.22,351.90,15.13,1,0.00,0,0,0.00,0.00,131.48,1.00,-1.00,0,0
158.30,48.69,352.42,59.39,341.72,15.13,1,0.00,0,0,0.00,0.00,117.17,1.00,-1.00,0,0
158.40,58.87,342.25,69.57,331.55,15.13,1,0.00,0,0,0.00,0.00,102.87,1.00,-1.00,0,0
158.51,69.04,332.08,79.74,321.37,15.13,1,0.00,0,0,0.00,0.00,88.61,1.00,-1.00,0,0
158.60,77.18,321.06,86.37,309.04,15.13,1,0.00,0,0,0.00,0.00,75.60,0.00,-1.00,0,0
158.70,77.18,306.67,79.94,291.79,15.13,1,0.00,0,0,0.00,0.00,68.64,0.00,-1.00,0,0
158.81,77.18,292.28,77.94,277.17,15.13,1,0.00,0,0,0.00,0.00,64.21,0.00,-1.00,0,0
158.90,77.18,277.89,77.41,262.76,15.13,1,0.00,0,0,0.00,0.00,62.83,0.00,-1.00,0,0
159.01,81.25,265.19,85.46,250.65,15.13,1,0.00,0,0,0.00,0.00,60.35,1.00,-1.00,0,0
159.11,91.43,255.01,100.47,242.88,15.13,1,0.00,0,0,0.00,0.00,54.17,1.00,-1.00,0,0
159.21,101.60,244.84,111.84,233.70,15.13,1,0.00,0,0,0.00,0.00,51.40,1.00,-1.00,0,0
159.30,111.77,234.67,122.34,223.83,15.13,1,0.00,0,0,0.00,0.00,52.56,1.00,-1.00,0,0
159.40,121.95,224.49,132.61,213.75,15.13,1,0.00,0,0,0.00,0.00,57.42,1.00,-1.00,0,0
159.51,135.49,222.46,149.79,217.48,15.13,1,0.00,0,0,0.00,0.00,56.72,1.00,0.00,0,0
159.60,149.88,222.46,164.94,220.94,15.13,1,0.00,0,0,0.00,0.00,57.40,1.00,0.00,0,0
159.71,164.27,222.46,179.40,222.04,15.13,1,0.00,0,0,0.00,0.00,61.53,1.00,0.00,0,0
159.80,176.13,216.35,189.89,210.04,15.13,1,0.00,0,0,0.00,0.00,72.32,1.00,-1.00,0,0
159.91,186.31,206.18,197.98,196.55,15.13,1,0.00,0,0,0.00,0.00,86.30,1.00,-1.00,0,0
160.00,188.34,192.63,193.02,178.24,15.13,1,0.00,0,0,0.00,0.00,98.98,0.00,-1.00,0,0
160.10,184.27,179.93,181.35,165.08,15.13,1,0.00,0,0,0.00,0.00,108.51,-1.00,-1.00,0,0
160.21,174.10,169.75,165.23,157.49,15.13,1,0.00,0,0,0.00,0.00,114.44,-1.00,-1.00,0,0
160.30,163.92,159.58,153.74,148.39,15.13,1,0.00,0,0,0.00,0.00,121.79,-1.00,-1.00,0,0
160.41,167.99,146.88,167.62,131.75,15.13,1,0.00,0,0,0.00,0.00,135.06,1.00,-1.00,0,0
160.50,178.17,136.70,186.06,123.79,15.13,1,0.00,0,0,0.00,0.00,147.33,1.00,-1.00,0,0
160.60,188.34,126.53,198.27,115.11,15.13,1,0.00,0,0,0.00,0.00,159.95,1.00,-1.00,0,0
160.71,198.52,116.35,209.01,105.45,15.13,1,0.00,0,0,0.00,0.00,172.85,1.00,-1.00,0,0
160.80,212.06,114.32,226.29,109.16,15.13,1,0.00,0,0,0.00,0.00,179.76,1.00,0.00,0,0
160.90,226.45,114.32,241.51,112.81,15.13,1,0.00,0,0,0.00,0.00,185.99,1.00,0.00,0,0
161.01,240.84,114.32,255.97,113.89,15.13,1,0.00,0,0,0.00,0.00,193.10,1.00,0.00,0,0
161.10,252.70,120.42,266.92,125.59,15.13,1,0.00,0,0,0.00,0.00,194.54,1.00,1.00,0,0
161.21,262.87,130.60,274.76,139.97,15.13,1,0.00,0,0,0.00,0.00,192.67,1.00,1.00,0,0
161.31,276.42,132.63,291.07,136.42,15.13,1,0.00,0,0,0.00,0.00,200.08,1.00,0.00,0,0
161.40,288.28,126.53,302.82,122.34,15.13,1,0.00,0,0,0.00,0.00,206.13,1.00,-1.00,0,0
161.50,298.45,116.35,310.52,107.22,15.13,1,0.00,0,0,0.00,0.00,207.31,1.00,-1.00,0,0
161.60,308.63,106.18,319.75,95.91,15.13,1,0.00,0,0,0.00,0.00,209.47,1.00,-1.00,0,0
161.70,318.80,96.01,329.63,85.43,15.13,1,0.00,0,0,0.00,0.00,212.59,1.00,-1.00,0,0
161.80,328.98,85.83,339.71,75.17,15.13,1,0.00,0,0,0.00,0.00,214.88,1.00,-1.00,0,0
161.91,339.99,77.69,352.04,68.53,15.13,1,0.00,0,0,0.00,0.00,202.78,1.00,0.00,0,0
162.00,354.38,77.69,369.24,74.83,15.13,1,0.00,0,0,0.00,0.00,197.19,1.00,0.00,0,0
162.11,368.77,77.69,383.88,76.89,15.13,1,0.00,0,0,0.00,0.00,192.53,1.00,0.00,0,0
162.21,381.47,81.76,396.15,85.47,15.13,1,0.00,0,0,0.00,0.00,193.18,1.00,1.00,0,0
162.31,391.65,91.94,403.82,100.94,15.13,1,0.00,0,0,0.00,0.00,190.37,1.00,1.00,0,0
162.40,401.82,102.11,412.99,112.32,15.13,1,0.00,0,0,0.00,0.00,178.67,1.00,1.00,0,0
162.51,412.00,112.28,422.83,122.85,15.13,1,0.00,0,0,0.00,0.00,167.39,1.00,0.00,0,0
162.61,426.39,112.28,441.17,115.54,15.13,1,0.00,0,0,0.00,0.00,166.72,1.00,0.00,0,0
162.71,439.09,108.22,453.86,104.92,15.13,1,0.00,0,0,0.00,0.00,171.21,1.00,-1.00,0,0
162.81,449.26,98.04,461.57,89.23,15.13,1,0.00,0,0,0.00,0.00,182.32,1.00,-1.00,0,0
162.90,457.40,87.02,467.81,76.04,15.13,1,0.00,0,0,0.00,0.00,178.14,0.00,-1.00,0,0
163.00,449.26,76.01,445.48,61.35,15.13,1,0.00,0,0,0.00,0.00,184.14,-1.00,-1.00,0,0
163.11,439.09,65.83,430.07,53.68,15.13,1,0.00,0,0,0.00,0.00,172.92,-1.00,-1.00,0,0
163.21,428.91,55.66,418.67,44.52,15.13,1,0.00,0,0,0.00,0.00,162.21,0.00,-1.00,0,0
163.31,428.91,41.27,425.47,26.53,15.13,1,0.00,0,0,0.00,0.00,147.83,1.00,-1.00,0,0
163.41,439.09,31.09,445.98,17.62,15.13,1,0.00,0,0,0.00,0.00,138.33,1.00,-1.00,0,0
163.51,451.79,27.02,465.59,20.81,15.13,1,0.00,0,0,0.00,0.00,136.23,1.00,0.00,0,0
163.60,465.34,29.06,480.45,28.19,15.13,1,0.00,0,0,0.00,0.00,141.49,1.00,1.00,0,0
163.71,475.51,39.23,488.40,47.16,15.13,1,0.00,0,0,0.00,0.00,154.31,1.00,1.00,0,0
163.81,485.69,49.41,497.06,59.39,15.13,1,0.00,0,0,0.00,0.00,152.47,1.00,1.00,0,0
163.91,495.86,59.58,506.76,70.08,15.13,1,0.00,0,0,0.00,0.00,137.48,1.00,0.00,0,0
164.00,501.62,59.58,515.21,66.23,15.13,1,0.00,0,0,0.00,0.00,130.23,0.00,0.00,0,0
164.11,501.62,59.58,515.21,66.23,15.13,1,0.00,0,0,0.00,0.00,128.85,0.00,0.00,0,0
164.21,513.13,59.58,528.06,62.06,15.13,1,0.00,0,0,0.00,0.00,116.47,1.00,0.00,0,0
164.30,526.67,61.62,541.35,65.31,15.13,1,0.00,0,0,0.00,0.00,102.36,1.00,1.00,0,0
164.40,534.81,72.63,546.42,82.35,15.13,1,0.00,0,0,0.00,0.00,95.51,0.00,1.00,0,0
164.50,534.81,87.02,538.42,101.72,15.13,1,0.00,0,0,0.00,0.00,101.50,0.00,1.00,0,0
164.61,540.92,98.88,548.07,112.22,15.13,1,0.00,0,0,0.00,0.00,105.14,1.00,0.00,0,0
164.70,555.31,98.88,569.59,103.87,15.13,1,0.00,0,0,0.00,0.00,98.09,1.00,0.00,0,0
164.80,569.70,98.88,586.73,102.49,17.41,0,0.00,0,0,0.00,0.00,89.84,1.00,0.00,0,0
164.90,572.57,98.88,605.99,105.55,34.08,0,0.00,0,0,0.00,0.00,82.38,0.00,0.00,0,0
165.00,563.94,98.88,624.78,108.52,61.60,0,0.00,0,0,0.00,0.00,83.61,-1.00,0.00,0,0
165.11,549.55,98.88,643.11,111.43,94.39,0,0.00,0,0,0.00,0.00,91.26,-1.00,0.00,0,0
165.21,33.48,287.00,660.98,114.26,650.83,0,0.00,0,0,0.00,0.00,106.82,-1.00,0.00,0,0
165.30,19.30,287.00,671.08,116.74,673.66,0,0.00,0,0,0.00,0.00,120.96,-1.00,0.00,0,0
165.40,4.91,287.00,670.08,118.74,686.12,0,0.00,0,0,0.00,0.00,135.32,-1.00,0.00,0,0
165.50,-9.48,287.00,669.81,120.69,699.35,0,0.00,0,0,0.00,0.00,149.69,-1.00,0.00,0,0
165.60,-22.18,282.93,669.81,122.59,710.32,0,0.00,0,0,0.00,0.00,162.23,-1.00,-1.00,0,0
165.70,-24.21,269.38,669.81,124.44,709.00,0,0.00,0,0,0.00,0.00,164.49,0.00,-1.00,0,0
165.80,-24.21,255.00,669.81,126.24,705.87,0,0.00,0,0,0.00,0.00,165.96,0.00,-1.00,0,0
165.91,-18.11,243.14,669.81,128.00,697.50,0,0.00,0,0,0.00,0.00,162.13,1.00,-1.00,0,0
166.01,-7.93,232.96,669.81,129.72,685.59,0,0.00,0,0,0.00,0.00,154.93,1.00,-1.00,0,0
166.10,2.24,222.79,669.61,130.62,673.74,0,0.00,0,0,0.00,0.00,148.79,1.00,-1.00,0,0
166.21,2.24,211.77,59.00,80.60,143.07,0,0.00,0,0,0.00,0.00,153.29,-1.00,-1.00,0,0
166.31,-3.86,199.91,59.00,80.60,135.01,0,0.00,0,0,0.00,0.00,164.17,0.00,-1.00,0,0
166.41,4.27,188.89,59.00,80.60,121.52,0,0.00,0,0,0.00,0.00,162.91,1.00,-1.00,0,0
166.51,14.45,178.72,59.00,80.60,107.96,0,0.00,0,0,0.00,0.00,160.68,1.00,-1.00,0,0
166.60,14.45,166.02,59.00,80.60,96.56,0,0.00,0,0,0.00,0.00,168.90,-1.00,-1.00,0,0
166.71,4.27,155.84,59.00,80.60,93.27,0,0.00,0,0,0.00,0.00,183.27,-1.00,-1.00,0,0
166.81,8.34,144.82,59.00,80.60,82.06,0,0.00,0,0,0.00,0.00,187.98,1.00,-1.00,0,0
166.90,18.52,134.65,59.00,80.60,67.85,0,0.00,0,0,0.00,0.00,188.67,1.00,-1.00,0,0
167.00,28.69,124.48,59.00,80.60,53.74,0,0.00,0,0,0.00,0.00,190.44,1.00,-1.00,0,0
167.10,38.87,114.30,59.00,80.60,39.81,0,0.00,0,0,0.00,0.00,193.27,1.00,-1.00,0,0
167.20,49.04,104.13,59.70,93.38,15.13,1,0.00,0,0,0.00,0.00,197.11,1.00,-1.00,0,0
167.30,44.97,93.11,43.11,78.09,15.13,1,0.00,0,0,0.00,0.00,198.26,-1.00,-1.00,0,0
167.40,34.80,82.93,26.36,70.37,15.13,1,0.00,0,0,0.00,0.00,192.34,-1.00,-1.00,0,0
167.50,24.62,72.76,14.51,61.51,15.13,1,0.00,0,0,0.00,0.00,187.34,-1.00,-1.00,0,0
167.60,12.76,66.66,-0.30,59.02,15.13,1,0.00,0,0,0.00,0.00,187.69,-1.00,0.00,0,0
167.71,-1.63,66.66,-16.60,64.48,15.13,1,0.00,0,0,0.00,0.00,195.44,-1.00,0.00,0,0
167.81,-16.01,66.66,-31.13,66.03,15.13,1,0.00,0,0,0.00,0.00,203.92,-1.00,0.00,0,0
167.91,-30.40,66.66,-45.53,66.46,15.13,1,0.00,0,0,0.00,0.00,213.03,-1.00,0.00,0,0
168.00,-44.79,66.66,-59.92,66.60,15.13,1,0.00,0,0,0.00,0.00,222.70,-1.00,0.00,0,0
168.10,-59.18,66.66,-74.31,66.64,15.13,1,0.00,0,0,0.00,0.00,232.85,-1.00,0.00,0,0
168.20,-73.57,66.66,-88.70,66.65,15.13,1,0.00,0,0,0.00,0.00,243.44,-1.00,0.00,0,0
168.31,-85.43,72.76,-99.42,78.52,15.13,1,0.00,0,0,0.00,0.00,256.39,-1.00,1.00,0,0
168.41,-95.60,82.93,-107.43,92.38,15.13,1,0.00,0,0,0.00,0.00,270.74,-1.00,1.00,0,0
168.50,-105.78,93.11,-116.82,103.46,15.13,1,0.00,0,0,0.00,0.00,285.09,-1.00,1.00,0,0
168.60,-115.95,103.28,-126.76,113.88,15.13,1,0.00,0,0,0.00,0.00,299.45,-1.00,1.00,0,0
168.70,-126.13,113.46,-136.86,124.13,15.13,1,0.00,0,0,0.00,0.00,313.41,-1.00,1.00,0,0
168.80,-136.30,123.63,-147.01,134.32,15.13,1,0.00,0,0,0.00,0.00,316.99,-1.00,1.00,0,0
168.90,-146.47,133.81,-157.96,145.28,16.24,0,0.00,0,0,0.00,0.00,321.17,-1.00,1.00,0,0
169.01,-156.65,143.98,-171.82,159.14,21.45,0,0.00,0,0,0.00,0.00,325.93,-1.00,1.00,0,0
169.10,-166.82,154.16,-185.35,172.66,26.18,0,0.00,0,0,0.00,0.00,331.25,-1.00,0.00,0,0
169.20,-172.58,154.16,-198.53,185.84,40.96,0,0.00,0,0,0.00,0.00,336.59,0.00,0.00,0,0
169.31,-172.58,154.16,-211.40,198.69,59.08,0,0.00,0,0,0.00,0.00,336.59,0.00,0.00,0,0
169.41,-172.58,154.16,-223.94,211.23,76.79,0,0.00,0,0,0.00,0.00,336.59,0.00,0.00,0,0
169.51,-172.58,154.16,-236.17,223.45,94.07,0,0.00,0,0,0.00,0.00,336.59,0.00,0.00,0,0
169.60,-172.58,154.16,-248.10,235.37,110.93,0,0.00,0,0,0.00,0.00,336.59,0.00,0.00,0,0
169.70,-172.58,154.16,-259.74,247.00,127.38,0,0.00,0,0,0.00,0.00,336.59,0.00,0.00,0,0
169.80,-172.58,154.16,-271.08,258.34,143.43,0,0.00,0,0,0.00,0.00,336.59,0.00,0.00,0,0
169.91,-172.58,154.16,-298.90,270.15,171.49,1,0.00,0,0,0.00,0.00,336.59,0.00,0.00,0,0
170.01,-172.58,151.28,-298.90,270.15,173.45,1,0.00,0,0,0.00,0.00,337.67,0.00,-1.00,0,0
170.11,-172.58,136.89,-301.17,258.49,176.98,0,0.00,0,0,0.00,0.00,343.37,0.00,-1.00,0,0
170.20,-172.58,122.50,-304.89,239.44,176.58,0,0.00,0,0,0.00,0.00,349.57,0.00,-1.00,0,0
170.30,-172.58,108.11,-308.51,220.86,176.61,0,0.00,0,0,0.00,0.00,346.79,0.00,-1.00,0,0
170.40,-174.61,94.57,-312.05,202.74,174.90,0,0.00,0,0,0.00,0.00,340.74,-1.00,-1.00,0,0
170.50,-184.79,84.39,-315.49,185.07,164.99,0,0.00,0,0,0.00,0.00,343.85,-1.00,-1.00,0,0
170.61,-194.96,74.22,-318.85,167.84,155.30,0,0.00,0,0,0.00,0.00,347.52,-1.00,-1.00,0,0
170.71,-207.67,70.15,-322.13,151.04,140.18,0,0.00,0,0,0.00,0.00,356.78,-1.00,0.00,0,0
170.80,-222.05,70.15,-325.33,134.65,121.79,0,0.00,0,0,0.00,0.00,369.60,-1.00,0.00,0,0
170.90,-236.44,70.15,-328.45,118.66,104.07,0,0.00,0,0,0.00,0.00,382.54,-1.00,0.00,0,0
171.01,-250.83,70.15,-331.49,103.07,87.22,0,0.00,0,0,0.00,0.00,395.57,-1.00,0.00,0,0
171.10,-265.22,70.15,-334.45,87.87,71.65,0,0.00,0,0,0.00,0.00,408.70,-1.00,0.00,0,0
171.20,-276.24,62.01,-337.35,73.05,62.40,0,0.00,0,0,0.00,0.00,415.67,-1.00,-1.00,0,0
171.31,-286.41,51.83,-340.11,58.87,54.56,0,0.00,0,0,0.00,0.00,421.47,-1.00,-1.00,0,0
171.40,-296.59,41.66,-342.74,45.42,46.77,0,0.00,0,0,0.00,0.00,427.67,-1.00,-1.00,0,0
171.50,-306.76,31.48,-345.28,32.35,39.10,0,0.00,0,0,0.00,0.00,432.64,-1.00,-1.00,0,0
171.60,-316.94,21.31,-327.66,10.63,15.13,1,0.00,0,0,0.00,0.00,432.49,-1.00,-1.00,0,0
171.70,-327.11,11.14,-337.82,0.44,15.13,1,0.00,0,0,0.00,0.00,432.50,-1.00,-1.00,0,0
171.81,-337.28,0.96,-347.99,-9.74,15.13,1,0.00,0,0,0.00,0.00,432.65,-1.00,-1.00,0,0
171.91,-339.32,-10.90,-342.76,-25.64,15.13,1,0.00,0,0,0.00,0.00,424.85,1.00,-1.00,0,0
172.00,-329.14,-21.07,-336.92,-43.87,24.08,0,0.00,0,0,0.00,0.00,406.66,1.00,-1.00,0,0
172.10,-318.97,-31.25,-336.70,-63.17,36.52,0,0.00,0,0,0.00,0.00,388.48,1.00,-1.00,0,0
172.20,-312.87,-43.11,-336.48,-82.01,45.51,0,0.00,0,0,0.00,0.00,373.31,0.00,-1.00,0,0
172.30,-312.87,-57.50,-336.26,-100.37,48.85,0,0.00,0,0,0.00,0.00,362.77,0.00,-1.00,0,0
172.41,-312.87,-71.88,-336.05,-118.28,51.88,0,0.00,0,0,0.00,0.00,352.41,-1.00,-1.00,0,0
172.50,-323.04,-82.06,-335.85,-135.75,55.22,0,0.00,0,0,0.00,0.00,353.25,-1.00,-1.00,0,0
172.61,-331.18,-93.08,-335.65,-152.79,59.92,0,0.00,0,0,0.00,0.00,352.07,0.00,-1.00,0,0
172.71,-327.11,-105.78,-335.46,-169.40,64.23,0,0.00,0,0,0.00,0.00,338.93,1.00,-1.00,0,0
172.81,-316.94,-115.95,-335.27,-185.60,72.11,0,0.00,0,0,0.00,0.00,320.83,1.00,-1.00,0,0
172.91,-306.76,-126.13,-335.08,-201.40,80.55,0,0.00,0,0,0.00,0.00,302.73,1.00,-1.00,0,0
173.01,-306.76,-140.52,-334.90,-216.81,81.50,0,0.00,0,0,0.00,0.00,292.88,0.00,-1.00,0,0
173.11,-306.76,-154.91,-334.73,-231.84,82.10,0,0.00,0,0,0.00,0.00,283.31,0.00,-1.00,0,0
173.20,-306.76,-169.29,-334.56,-246.08,81.93,0,0.00,0,0,0.00,0.00,274.86,0.00,-1.00,0,0
173.31,-306.76,-183.68,-334.40,-259.71,81.17,0,0.00,0,0,0.00,0.00,267.64,0.00,-1.00,0,0
173.41,-306.76,-198.07,-334.25,-272.94,80.03,0,0.00,0,0,0.00,0.00,261.74,0.00,-1.00,0,0
173.51,-308.80,-211.62,-334.10,-285.78,78.64,0,0.00,0,0,0.00,0.00,259.23,-1.00,-1.00,0,0
173.60,-318.97,-221.79,-333.95,-298.25,78.20,0,0.00,0,0,0.00,0.00,265.64,-1.00,-1.00,0,0
173.70,-329.14,-231.97,-333.81,-310.36,78.81,0,0.00,0,0,0.00,0.00,272.81,-1.00,-1.00,0,0
173.80,-339.32,-242.14,-333.67,-322.10,80.43,0,0.00,0,0,0.00,0.00,280.70,-1.00,-1.00,0,0
173.91,-343.39,-253.16,-333.54,-333.50,81.21,0,0.00,0,0,0.00,0.00,283.61,1.00,-1.00,0,0
174.00,-329.00,-253.16,-333.41,-344.57,91.76,0,0.00,0,0,0.00,0.00,266.32,1.00,0.00,0,0
174.11,-319.17,-246.21,-333.29,-355.36,110.27,0,0.00,0,0,0.00,0.00,251.35,0.00,1.00,0,0
174.21,-319.17,-231.82,-333.16,-365.89,134.98,0,0.00,0,0,0.00,0.00,243.31,-1.00,1.00,0,0
174.31,-329.35,-221.65,-333.04,-376.15,154.72,0,0.00,0,0,0.00,0.00,246.43,-1.00,1.00,0,0
174.41,-339.52,-211.47,-332.93,-385.98,174.79,0,0.00,0,0,0.00,0.00,249.72,-1.00,1.00,0,0
174.50,-349.70,-201.30,-332.82,-395.46,195.03,0,0.00,0,0,0.00,0.00,253.18,-1.00,1.00,0,0
174.61,-363.24,-199.26,-332.71,-404.65,207.77,0,0.00,0,0,0.00,0.00,261.86,-1.00,0.00,0,0
174.71,-377.63,-199.26,-332.61,-413.55,219.09,0,0.00,0,0,0.00,0.00,271.85,-1.00,0.00,0,0
174.80,-392.02,-199.26,-332.51,-422.17,230.83,0,0.00,0,0,0.00,0.00,281.87,-1.00,0.00,0,0
174.90,-406.41,-199.26,-332.41,-430.52,242.92,0,0.00,0,0,0.00,0.00,291.90,-1.00,0.00,0,0
175.01,-420.80,-199.26,-332.31,-438.61,255.28,0,0.00,0,0,0.00,0.00,301.95,-1.00,-1.00,0,0
175.10,-430.97,-209.44,-332.22,-446.43,256.85,0,0.00,0,0,0.00,0.00,310.94,-1.00,-1.00,0,0
175.21,-435.04,-222.14,-332.13,-454.01,253.79,0,0.00,0,0,0.00,0.00,315.62,0.00,-1.00,0,0
175.30,-435.04,-236.53,-332.05,-461.34,247.39,0,0.00,0,0,0.00,0.00,318.19,0.00,-1.00,0,0
175.40,-435.04,-250.92,-331.97,-468.43,240.81,0,0.00,0,0,0.00,0.00,321.97,0.00,-1.00,0,0
175.50,-435.04,-265.31,-331.89,-475.29,234.07,0,0.00,0,0,0.00,0.00,326.93,0.00,-1.00,0,0
175.61,-435.04,-279.70,-331.81,-481.92,227.17,0,0.00,0,0,0.00,0.00,333.02,0.00,-1.00,0,0
175.71,-435.04,-294.08,-331.73,-488.33,220.13,0,0.00,0,0,0.00,0.00,340.17,0.00,-1.00,0,0
175.81,-435.04,-308.47,-331.66,-494.52,212.97,0,0.00,0,0,0.00,0.00,348.32,0.00,-1.00,0,0
175.90,-433.01,-322.02,-331.59,-500.50,205.41,0,0.00,0,0,0.00,0.00,355.35,1.00,-1.00,0,0
176.00,-422.83,-332.19,-331.52,-506.30,196.74,0,0.00,0,0,0.00,0.00,355.33,1.00,-1.00,0,0
176.10,-411.81,-340.33,-331.46,-511.99,189.68,0,0.00,0,0,0.00,0.00,354.49,1.00,0.00,0,0
176.21,-397.41,-340.33,-331.39,-517.57,189.27,0,0.00,0,0,0.00,0.00,346.31,1.00,0.00,0,0
176.31,-388.77,-340.33,-331.33,-523.04,191.65,0,0.00,0,0,0.00,0.00,342.32,0.00,0.00,0,0
176.40,-388.77,-340.33,-331.27,-528.40,196.78,0,0.00,0,0,0.00,0.00,343.50,0.00,0.00,0,0
176.50,-388.77,-340.33,-331.21,-533.65,201.82,0,0.00,0,0,0.00,0.00,344.82,0.00,0.00,0,0
176.60,-388.77,-340.33,-331.14,-538.80,206.77,0,0.00,0,0,0.00,0.00,346.28,0.00,0.00,0,0
176.71,-388.77,-340.33,-331.09,-543.85,211.64,0,0.00,0,0,0.00,0.00,347.89,0.00,0.00,0,0
176.81,-388.77,-340.33,-331.03,-288.00,78.21,0,0.00,0,0,0.00,0.00,349.64,0.00,0.00,0,0
176.91,-388.77,-340.33,-331.03,-288.00,78.15,0,0.00,0,0,0.00,0.00,351.53,0.00,0.00,0,0
177.00,-388.77,-340.33,-331.03,-288.00,78.15,0,0.00,0,0,0.00,0.00,353.55,0.00,0.00,0,0
177.10,-377.26,-340.33,-331.03,-288.00,70.08,0,0.00,0,0,0.00,0.00,351.08,1.00,0.00,0,0
177.20,-364.85,-336.70,-331.03,-288.00,59.64,0,0.00,0,0,0.00,0.00,345.74,1.00,1.00,0,0
177.31,-354.67,-326.52,-331.03,-288.00,45.94,0,0.00,0,0,0.00,0.00,335.67,1.00,1.00,0,0
177.41,-352.63,-312.96,-331.03,-288.00,34.39,0,0.00,0,0,0.00,0.00,325.19,0.00,1.00,0,0
177.50,-352.63,-298.56,-351.07,-283.51,15.13,1,0.00,0,0,0.00,0.00,314.54,0.00,1.00,0,0
177.61,-346.52,-286.69,-340.90,-272.64,15.13,1,0.00,0,0,0.00,0.00,304.68,1.00,1.00,0,0
177.70,-336.34,-276.51,-327.02,-264.58,15.13,1,0.00,0,0,0.00,0.00,295.85,1.00,1.00,0,0
177.81,-326.16,-266.32,-315.81,-255.28,15.13,1,0.00,0,0,0.00,0.00,287.67,1.00,1.00,0,0
177.90,-315.97,-256.14,-305.38,-245.34,15.13,1,0.00,0,0,0.00,0.00,280.20,1.00,1.00,0,0
178.00,-305.79,-245.96,-295.12,-235.23,15.13,1,0.00,0,0,0.00,0.00,273.51,1.00,1.00,0,0
178.10,-295.61,-235.78,-284.92,-225.07,15.13,1,0.00,0,0,0.00,0.00,267.66,1.00,1.00,0,0
178.21,-285.43,-225.60,-274.73,-214.89,15.13,1,0.00,0,0,0.00,0.00,262.68,1.00,1.00,0,0
178.30,-275.24,-215.41,-264.54,-204.71,15.13,1,0.00,0,0,0.00,0.00,258.65,1.00,1.00,0,0
178.40,-265.06,-205.23,-254.36,-194.53,15.13,1,0.00,0,0,0.00,0.00,255.61,1.00,1.00,0,0
178.50,-254.88,-195.05,-244.18,-184.35,15.13,1,0.00,0,0,0.00,0.00,253.59,1.00,1.00,0,0
178.60,-244.70,-184.87,-234.00,-174.17,15.13,1,0.00,0,0,0.00,0.00,252.61,1.00,1.00,0,0
178.70,-234.51,-174.68,-223.81,-163.98,15.13,1,0.00,0,0,0.00,0.00,252.69,1.00,1.00,0,0
178.80,-224.33,-164.50,-213.63,-153.80,15.13,1,0.00,0,0,0.00,0.00,253.82,1.00,1.00,0,0
178.91,-211.62,-160.43,-197.86,-154.13,15.13,1,0.00,0,0,0.00,0.00,262.58,1.00,0.00,0,0
179.00,-197.22,-160.43,-182.22,-158.45,15.13,1,0.00,0,0,0.00,0.00,276.60,1.00,0.00,0,0
179.10,-182.82,-160.43,-167.70,-159.88,15.13,1,0.00,0,0,0.00,0.00,291.37,1.00,0.00,0,0
179.21,-168.42,-160.43,-153.29,-160.28,15.13,1,0.00,0,0,0.00,0.00,284.94,1.00,0.00,0,0
179.30,-154.02,-160.43,-138.89,-160.38,15.13,1,0.00,0,0,0.00,0.00,270.95,1.00,0.00,0,0
179.40,-142.99,-152.28,-129.55,-145.34,15.13,1,0.00,0,0,0.00,0.00,258.32,1.00,1.00,0,0
179.51,-132.81,-142.10,-121.75,-130.95,15.70,0,0.00,0,0,0.00,0.00,246.24,1.00,0.00,0,0
179.60,-118.41,-142.10,-115.67,-112.32,29.91,0,0.00,0,0,0.00,0.00,232.12,1.00,0.00,0,0
179.70,-105.70,-146.17,-109.73,-94.15,52.18,0,0.00,0,0,0.00,0.00,220.61,1.00,-1.00,0,0
179.81,-97.60,-157.15,-103.94,-76.42,80.97,0,0.00,0,0,0.00,0.00,215.67,0.00,-1.00,0,0
179.90,-97.60,-171.54,-98.30,-59.14,112.40,0,0.00,0,0,0.00,0.00,220.27,0.00,-1.00,0,0
180.00,-97.60,-185.92,-101.32,-35.03,150.94,1,0.00,0,0,0.00,0.00,225.70,0.00,-1.00,0,0
180.11,-102.51,-196.59,-101.73,-21.30,175.30,1,0.00,0,0,0.00,0.00,234.64,-1.00,0.00,0,0
180.20,-116.90,-196.59,-90.86,-12.90,185.53,1,0.00,0,0,0.00,0.00,247.68,-1.00,0.00,0,0
180.31,-131.29,-196.59,-84.95,-12.95,189.40,1,0.00,0,0,0.00,0.00,260.85,-1.00,0.00,0,0
180.40,-145.68,-196.59,-84.77,-12.99,193.44,1,0.00,0,0,0.00,0.00,274.16,-1.00,0.00,0,0
180.51,-159.22,-194.56,-84.72,-13.00,196.25,1,0.00,0,0,0.00,0.00,286.06,-1.00,1.00,0,0
180.60,-169.40,-184.38,-84.71,-13.00,191.16,1,0.00,0,0,0.00,0.00,292.33,-1.00,1.00,0,0
180.70,-175.50,-172.52,-84.71,-13.00,183.55,1,0.00,0,0,0.00,0.00,294.79,0.00,1.00,0,0
180.80,-175.50,-158.13,-84.71,-13.00,171.19,1,0.00,0,0,0.00,0.00,291.32,0.00,1.00,0,0
180.90,-175.50,-143.75,-84.71,-13.00,159.18,1,0.00,0,0,0.00,0.00,288.52,0.00,1.00,0,0
181.00,-175.50,-129.36,-84.71,-13.00,147.59,1,0.00,0,0,0.00,0.00,286.42,0.00,1.00,0,0
181.10,-169.40,-117.50,-84.71,-13.00,134.51,1,0.00,0,0,0.00,0.00,279.14,1.00,1.00,0,0
181.20,-159.22,-107.32,-84.71,-13.00,120.20,1,0.00,0,0,0.00,0.00,268.33,1.00,1.00,0,0
181.30,-165.33,-97.15,-84.71,-13.00,116.53,1,0.00,0,0,0.00,0.00,267.98,-1.00,1.00,0,0
181.41,-175.50,-86.97,-84.71,-13.00,117.11,1,0.00,0,0,0.00,0.00,258.89,-1.00,1.00,0,0
181.50,-185.68,-76.80,-84.39,-11.60,120.46,1,0.00,0,0,0.00,0.00,249.82,-1.00,1.00,0,0
181.60,-189.75,-64.10,-82.80,-4.59,122.39,1,0.00,0,0,0.00,0.00,234.10,0.00,1.00,0,0
181.71,-181.61,-53.08,-81.22,2.42,114.71,1,0.00,0,0,0.00,0.00,224.97,1.00,1.00,0,0
181.81,-171.43,-42.91,-79.63,9.43,105.67,1,0.00,0,0,0.00,0.00,218.47,1.00,1.00,0,0
181.91,-161.26,-32.73,-78.04,16.44,96.66,1,0.00,0,0,0.00,0.00,212.68,1.00,1.00,0,0
182.00,-163.29,-20.87,-76.46,23.46,97.50,1,0.00,0,0,0.00,0.00,196.88,-1.00,1.00,0,0
182.10,-173.47,-10.70,-74.87,30.47,106.85,1,0.00,0,0,0.00,0.00,175.89,-1.00,1.00,0,0
182.20,-181.61,0.32,-73.28,37.48,114.52,1,0.00,0,0,0.00,0.00,156.05,0.00,1.00,0,0
182.31,-179.57,13.87,-61.07,35.18,120.40,1,0.00,0,0,0.00,0.00,142.98,1.00,1.00,0,0
182.40,-169.40,24.04,-49.71,21.86,119.71,1,0.00,0,0,0.00,0.00,139.27,1.00,1.00,0,0
182.50,-159.22,34.21,-42.98,18.19,117.34,1,0.00,0,0,0.00,0.00,136.58,1.00,1.00,0,0
182.60,-157.19,47.76,-36.10,15.99,125.19,1,0.00,0,0,0.00,0.00,126.24,0.00,1.00,0,0
182.71,-153.12,60.46,-29.14,14.17,132.34,1,0.00,0,0,0.00,0.00,119.44,1.00,1.00,0,0
182.80,-142.94,70.64,-22.17,12.44,134.07,1,0.00,0,0,0.00,0.00,120.59,1.00,1.00,0,0
182.91,-132.77,80.81,-15.18,10.73,136.89,1,0.00,0,0,0.00,0.00,123.04,1.00,1.00,0,0
183.00,-122.59,90.99,-8.20,9.03,140.73,1,0.00,0,0,0.00,0.00,118.59,1.00,1.00,0,0
183.10,-112.42,101.16,-1.21,7.33,145.51,1,0.00,0,0,0.00,0.00,113.08,1.00,1.00,0,0
183.20,-101.40,109.30,5.77,5.63,149.11,1,0.00,0,0,0.00,0.00,110.18,1.00,0.00,0,0
183.30,-87.01,109.30,12.75,3.93,145.11,1,0.00,0,0,0.00,0.00,116.08,1.00,0.00,0,0
183.41,-72.63,109.30,19.74,2.23,141.41,1,0.00,0,0,0.00,0.00,122.15,1.00,0.00,0,0
183.51,-58.24,109.30,26.72,0.53,138.02,1,0.00,0,0,0.00,0.00,128.38,1.00,0.00,0,0
183.60,-43.85,109.30,33.71,-1.17,134.98,1,0.00,0,0,0.00,0.00,134.74,1.00,0.00,0,0
183.71,-29.46,109.30,40.69,-2.87,132.31,1,0.00,0,0,0.00,0.00,141.21,1.00,0.00,0,0
183.81,-15.07,109.30,47.68,-4.57,130.02,1,0.00,0,0,0.00,0.00,147.78,1.00,0.00,0,0
183.91,-4.05,101.16,54.66,-6.27,122.43,1,0.00,0,0,0.00,0.00,157.12,1.00,-1.00,0,0
184.01,6.96,93.02,61.65,-7.97,114.85,1,0.00,0,0,0.00,0.00,166.60,1.00,0.00,0,0
184.10,21.35,93.02,68.63,-9.67,113.06,1,0.00,0,0,0.00,0.00,173.04,1.00,0.00,0,0
184.20,34.05,88.95,75.62,-11.37,108.59,1,0.00,0,0,0.00,0.00,181.01,1.00,-1.00,0,0
184.31,45.91,82.85,82.60,-13.07,102.70,1,0.00,0,0,0.00,0.00,188.26,1.00,0.00,0,0
184.41,59.46,80.81,89.59,-14.77,100.22,1,0.00,0,0,0.00,0.00,182.22,1.00,-1.00,0,0
184.50,72.16,76.74,96.57,-16.47,96.36,1,0.00,0,0,0.00,0.00,175.22,1.00,0.00,0,0
184.60,85.71,74.71,103.56,-18.17,94.58,1,0.00,0,0,0.00,0.00,170.88,1.00,-1.00,0,0
184.70,95.88,64.53,110.54,-19.87,85.67,1,0.00,0,0,0.00,0.00,159.66,1.00,-1.00,0,0
184.80,108.59,60.46,117.53,-21.57,82.52,1,0.00,0,0,0.00,0.00,155.06,1.00,0.00,0,0
184.91,122.98,60.46,124.51,-23.27,83.75,1,0.00,0,0,0.00,0.00,155.71,1.00,0.00,0,0
185.00,133.99,52.32,131.50,-24.97,77.34,1,0.00,0,0,0.00,0.00,149.07,1.00,-1.00,0,0
185.11,144.17,42.15,136.86,-11.87,54.51,1,0.00,0,0,0.00,0.00,141.25,1.00,-1.00,0,0
185.20,157.71,40.11,141.83,-5.79,48.57,1,0.00,0,0,0.00,0.00,143.32,1.00,0.00,0,0
185.30,172.10,40.11,147.51,-1.31,48.18,1,0.00,0,0,0.00,0.00,148.85,1.00,0.00,0,0
185.40,186.49,40.11,153.42,2.78,49.87,1,0.00,0,0,0.00,0.00,155.51,1.00,0.00,0,0
185.50,200.88,40.11,159.40,6.78,53.22,1,0.00,0,0,0.00,0.00,163.18,1.00,0.00,0,0
185.60,213.58,44.18,165.38,10.76,58.65,1,0.00,0,0,0.00,0.00,173.90,1.00,1.00,0,0
185.70,215.62,57.73,171.38,14.73,61.70,1,0.00,0,0,0.00,0.00,186.05,0.00,1.00,0,0
185.81,215.62,72.12,177.37,18.69,65.70,1,0.00,0,0,0.00,0.00,198.00,0.00,1.00,0,0
185.90,215.62,86.51,183.37,22.66,71.53,1,0.00,0,0,0.00,0.00,206.81,0.00,1.00,0,0
186.00,215.62,100.90,189.36,26.63,78.77,1,0.00,0,0,0.00,0.00,193.49,0.00,1.00,0,0
186.10,215.62,115.29,195.36,30.60,87.08,1,0.00,0,0,0.00,0.00,180.33,0.00,1.00,0,0
186.20,221.37,121.04,201.35,34.56,88.77,1,0.00,0,0,0.00,0.00,177.69,1.00,0.00,0,0
186.30,235.76,121.04,207.35,38.53,87.27,1,0.00,0,0,0.00,0.00,184.72,1.00,0.00,0,0
186.40,250.15,121.04,213.34,42.50,86.74,1,0.00,0,0,0.00,0.00,192.57,1.00,0.00,0,0
186.50,253.03,121.04,219.34,46.46,81.83,1,0.00,0,0,0.00,0.00,194.23,0.00,0.00,0,0
186.61,253.03,132.55,225.33,50.43,86.67,1,0.00,0,0,0.00,0.00,184.99,0.00,1.00,0,0
186.70,255.06,146.10,231.33,54.40,94.72,1,0.00,0,0,0.00,0.00,175.79,1.00,1.00,0,0
186.80,265.24,156.27,237.32,58.36,101.81,1,0.00,0,0,0.00,0.00,175.35,1.00,1.00,0,0
186.90,275.41,166.45,243.32,62.33,108.95,1,0.00,0,0,0.00,0.00,176.08,1.00,1.00,0,0
187.01,288.96,168.48,249.31,66.30,109.60,1,0.00,0,0,0.00,0.00,176.83,1.00,0.00,0,0
187.11,294.71,168.48,255.31,70.27,105.83,1,0.00,0,0,0.00,0.00,172.38,0.00,0.00,0,0
187.20,294.71,168.48,261.30,74.23,99.99,1,0.00,0,0,0.00,0.00,172.38,0.00,0.00,0,0
187.30,294.71,168.48,267.30,78.20,94.35,1,0.00,0,0,0.00,0.00,172.38,0.00,0.00,0,0
187.41,294.71,168.48,273.29,82.17,88.93,1,0.00,0,0,0.00,0.00,172.38,0.00,0.00,0,0
187.50,294.71,168.48,279.29,86.13,83.78,1,0.00,0,0,0.00,0.00,172.38,0.00,0.00,0,0
187.60,294.71,168.48,285.28,90.10,78.94,1,0.00,0,0,0.00,0.00,172.38,0.00,0.00,0,0
187.70,294.71,168.48,291.28,94.07,74.49,1,0.00,0,0,0.00,0.00,165.44,0.00,0.00,0,0
187.80,294.71,168.48,297.27,98.04,70.49,1,0.00,0,0,0.00,0.00,158.32,0.00,0.00,0,0
187.91,294.71,168.48,303.27,102.00,67.03,1,0.00,0,0,0.00,0.00,151.21,0.00,0.00,0,0
188.00,294.71,168.48,306.23,81.30,87.94,1,0.00,0,0,0.00,0.00,144.11,0.00,0.00,0,0
188.10,294.71,168.48,298.27,65.20,103.34,1,0.00,0,0,0.00,0.00,137.01,0.00,0.00,0,0
188.20,294.71,168.48,298.31,57.77,110.77,1,0.00,0,0,0.00,0.00,129.92,0.00,0.00,0,0
188.30,294.71,168.48,299.37,50.64,117.93,1,0.00,0,0,0.00,0.00,122.85,0.00,0.00,0,0
188.40,294.71,168.48,300.69,43.57,125.05,1,0.00,0,0,0.00,0.00,115.79,0.00,0.00,0,0
188.51,294.71,168.48,302.08,36.52,132.17,1,0.00,0,0,0.00,0.00,112.16,0.00,0.00,0,0
188.60,294.71,168.48,303.48,29.47,139.29,1,0.00,0,0,0.00,0.00,111.17,0.00,0.00,0,0
188.70,290.64,164.41,305.01,22.33,142.80,0,0.00,0,0,0.00,0.00,108.24,-1.00,-1.00,0,0
188.80,280.47,154.24,307.10,14.70,142.05,0,0.00,0,0,0.00,0.00,102.12,-1.00,-1.00,0,0
188.91,270.29,144.06,309.02,7.78,141.68,0,0.00,0,0,0.00,0.00,96.40,-1.00,-1.00,0,0
189.00,260.12,133.89,310.94,0.89,142.38,0,0.00,0,0,0.00,0.00,91.16,-1.00,-1.00,0,0
189.10,249.94,123.71,312.85,-6.00,144.16,0,0.00,0,0,0.00,0.00,86.49,-1.00,-1.00,0,0
189.20,239.77,113.54,314.77,-12.86,146.98,0,0.00,0,0,0.00,0.00,82.48,-1.00,-1.00,0,0
189.30,229.60,103.37,316.69,-19.70,150.77,0,0.00,0,0,0.00,0.00,79.25,-1.00,-1.00,0,0
189.40,219.42,93.19,318.62,-26.51,155.47,0,0.00,0,0,0.00,0.00,76.88,0.00,-1.00,0,0
189.50,219.42,78.80,320.56,-33.30,151.00,0,0.00,0,0,0.00,0.00,84.27,0.00,-1.00,0,0
189.61,219.42,64.41,322.51,-40.05,146.79,0,0.00,0,0,0.00,0.00,91.72,0.00,-1.00,0,0
189.70,219.42,50.02,324.47,-46.77,142.89,0,0.00,0,0,0.00,0.00,99.22,0.00,-1.00,0,0
189.80,219.42,35.64,326.45,-53.45,139.32,0,0.00,0,0,0.00,0.00,106.76,0.00,-1.00,0,0
189.90,219.42,21.25,328.44,-60.08,136.11,0,0.00,0,0,0.00,0.00,114.33,0.00,-1.00,0,0
190.00,219.42,6.86,330.45,-66.66,133.29,0,0.00,0,0,0.00,0.00,121.93,0.00,-1.00,0,0
190.11,219.42,-7.53,332.47,-73.18,130.90,0,0.00,0,0,0.00,0.00,129.55,0.00,-1.00,0,0
190.20,219.42,-21.92,334.58,-79.56,128.95,0,0.00,0,0,0.00,0.00,132.36,0.00,-1.00,0,0
190.30,219.42,-36.31,336.67,-85.84,127.46,0,0.00,0,0,0.00,0.00,125.04,0.00,-1.00,0,0
190.40,219.42,-50.70,338.75,-92.05,126.47,0,0.00,0,0,0.00,0.00,119.02,0.00,-1.00,0,0
190.51,219.42,-65.08,340.82,-98.14,125.99,0,0.00,0,0,0.00,0.00,114.49,0.00,-1.00,0,0
190.60,219.42,-79.47,342.86,-104.11,126.04,0,0.00,0,0,0.00,0.00,111.65,0.00,-1.00,0,0
190.70,219.42,-93.86,344.85,-109.94,126.63,0,0.00,0,0,0.00,0.00,110.62,0.00,-1.00,0,0
190.80,227.56,-104.88,346.78,-115.61,119.89,0,0.00,0,0,0.00,0.00,119.21,1.00,-1.00,0,0
190.90,237.74,-115.05,348.65,-121.07,111.27,0,0.00,0,0,0.00,0.00,130.55,1.00,-1.00,0,0
191.01,247.91,-125.23,350.45,-126.35,102.76,0,0.00,0,0,0.00,0.00,142.44,1.00,-1.00,0,0
191.10,258.08,-135.40,352.19,-131.44,94.42,0,0.00,0,0,0.00,0.00,154.76,1.00,-1.00,0,0
191.20,268.26,-145.58,353.86,-136.35,86.36,0,0.00,0,0,0.00,0.00,161.34,1.00,-1.00,0,0
191.30,278.43,-155.75,355.48,-141.09,78.71,0,0.00,0,0,0.00,0.00,154.43,1.00,-1.00,0,0
191.41,289.45,-163.89,357.04,-145.65,70.32,0,0.00,0,0,0.00,0.00,147.01,1.00,0.00,0,0
191.50,303.84,-163.89,358.54,-150.04,56.81,0,0.00,0,0,0.00,0.00,133.88,1.00,0.00,0,0
191.60,318.23,-163.89,359.98,-154.27,43.36,0,0.00,0,0,0.00,0.00,121.04,1.00,0.00,0,0
191.71,330.93,-159.82,345.72,-156.59,15.13,1,0.00,0,0,0.00,0.00,107.96,1.00,1.00,0,0
191.81,341.11,-149.65,353.40,-140.82,15.13,1,0.00,0,0,0.00,0.00,94.16,1.00,1.00,0,0
191.90,337.04,-138.63,337.87,-123.52,15.13,1,0.00,0,0,0.00,0.00,93.46,-1.00,1.00,0,0
192.00,326.86,-128.45,318.81,-115.64,15.13,1,0.00,0,0,0.00,0.00,100.37,-1.00,1.00,0,0
192.10,316.69,-118.28,306.65,-106.95,15.13,1,0.00,0,0,0.00,0.00,108.75,-1.00,1.00,0,0
192.20,306.51,-108.11,296.00,-97.22,15.13,1,0.00,0,0,0.00,0.00,118.30,0.00,1.00,0,0
192.30,306.51,-93.72,302.91,-79.02,15.13,1,0.00,0,0,0.00,0.00,118.98,0.00,1.00,0,0
192.40,314.65,-82.70,320.65,-68.81,15.13,1,0.00,0,0,0.00,0.00,112.69,1.00,1.00,0,0
192.50,324.83,-72.53,334.28,-60.71,15.13,1,0.00,0,0,0.00,0.00,105.59,1.00,1.00,0,0
192.60,335.00,-62.35,345.35,-51.31,15.13,1,0.00,0,0,0.00,0.00,100.06,1.00,1.00,0,0
192.70,345.18,-52.18,355.78,-41.38,15.13,1,0.00,0,0,0.00,0.00,96.39,1.00,1.00,0,0
192.80,355.35,-42.00,366.02,-31.28,15.13,1,0.00,0,0,0.00,0.00,94.78,1.00,1.00,0,0
192.90,365.52,-31.83,376.22,-21.12,15.13,1,0.00,0,0,0.00,0.00,95.34,1.00,1.00,0,0
193.00,377.38,-25.72,390.95,-19.01,15.13,1,0.00,0,0,0.00,0.00,93.66,1.00,0.00,0,0
193.11,391.77,-25.72,406.78,-23.79,15.13,1,0.00,0,0,0.00,0.00,87.27,1.00,0.00,0,0
193.20,404.48,-21.65,418.67,-16.40,15.13,1,0.00,0,0,0.00,0.00,87.25,1.00,1.00,0,0
193.30,414.65,-11.48,426.60,-2.20,15.13,1,0.00,0,0,0.00,0.00,95.56,1.00,1.00,0,0
193.40,420.75,0.38,428.60,13.32,15.13,1,0.00,0,0,0.00,0.00,106.96,0.00,1.00,0,0
193.50,416.69,13.08,415.45,28.17,15.13,1,0.00,0,0,0.00,0.00,119.86,-1.00,1.00,0,0
193.60,406.51,23.26,398.21,35.91,15.13,1,0.00,0,0,0.00,0.00,131.04,-1.00,1.00,0,0
193.70,396.34,33.43,386.29,44.74,15.13,1,0.00,0,0,0.00,0.00,142.80,-1.00,1.00,0,0
193.80,386.16,43.61,375.64,54.49,15.13,1,0.00,0,0,0.00,0.00,155.00,-1.00,1.00,0,0
193.90,388.20,55.47,387.24,70.57,15.13,1,0.00,0,0,0.00,0.00,166.05,1.00,1.00,0,0
194.00,398.37,65.64,406.12,78.64,15.13,1,0.00,0,0,0.00,0.00,174.16,1.00,0.00,0,0
194.10,412.76,65.64,427.26,69.98,15.13,1,0.00,0,0,0.00,0.00,172.56,1.00,0.00,0,0
194.20,427.15,65.64,444.25,68.82,17.39,0,0.00,0,0,0.00,0.00,170.71,1.00,0.00,0,0
194.30,435.78,65.64,463.57,71.50,28.40,0,0.00,0,0,0.00,0.00,163.96,0.00,0.00,0,0
194.40,435.78,65.64,482.41,74.12,47.39,0,0.00,0,0,0.00,0.00,166.02,0.00,0.00,0,0
194.50,435.78,65.64,500.78,76.68,65.93,0,0.00,0,0,0.00,0.00,168.37,0.00,0.00,0,0
194.60,435.78,65.64,518.70,79.17,84.02,0,0.00,0,0,0.00,0.00,170.98,0.00,0.00,0,0
194.70,435.78,65.64,536.18,81.60,101.67,0,0.00,0,0,0.00,0.00,172.49,0.00,0.00,0,0
194.80,435.78,65.64,553.22,83.97,118.88,0,0.00,0,0,0.00,0.00,172.49,0.00,0.00,0,0
194.90,435.78,65.64,569.85,86.28,135.67,0,0.00,0,0,0.00,0.00,172.49,0.00,0.00,0,0
195.00,435.78,65.64,586.06,88.54,152.05,0,0.00,0,0,0.00,0.00,172.49,0.00,0.00,0,0
195.10,435.78,65.64,601.87,90.73,168.02,0,0.00,0,0,0.00,0.00,172.49,0.00,0.00,0,0
195.20,435.78,65.64,617.29,92.88,183.60,0,0.00,0,0,0.00,0.00,172.49,0.00,0.00,0,0
195.30,435.78,65.64,632.32,94.97,198.80,0,0.00,0,0,0.00,0.00,172.49,0.00,0.00,0,0
195.40,435.78,65.64,646.83,96.99,213.47,0,0.00,0,0,0.00,0.00,172.49,0.00,0.00,0,0
195.50,39.00,287.00,660.48,98.88,649.36,0,0.00,0,0,0.00,0.00,101.32,0.00,0.00,0,0
195.61,39.00,287.00,670.92,100.63,658.86,0,0.00,0,0,0.00,0.00,101.32,0.00,0.00,0,0
195.70,39.00,287.00,669.92,101.97,657.52,0,0.00,0,0,0.00,0.00,101.32,0.00,0.00,0,0
195.80,39.00,281.24,669.81,103.27,655.46,0,0.00,0,0,0.00,0.00,101.02,0.00,-1.00,0,0
195.90,39.00,266.86,669.81,104.53,651.38,0,0.00,0,0,0.00,0.00,101.73,0.00,-1.00,0,0
196.00,39.00,252.47,669.81,105.77,647.66,0,0.00,0,0,0.00,0.00,104.43,0.00,-1.00,0,0
196.10,39.00,238.08,669.81,106.97,644.31,0,0.00,0,0,0.00,0.00,108.98,0.00,-1.00,0,0
196.21,39.00,223.69,669.81,108.15,641.32,0,0.00,0,0,0.00,0.00,115.15,0.00,-1.00,0,0
196.31,45.10,211.83,669.81,109.29,633.09,0,0.00,0,0,0.00,0.00,116.26,1.00,-1.00,0,0
196.40,55.28,201.66,669.81,110.41,621.29,0,0.00,0,0,0.00,0.00,114.72,1.00,-1.00,0,0
196.50,65.45,191.48,59.00,80.60,111.25,0,0.00,0,0,0.00,0.00,114.96,0.00,-1.00,0,0
196.61,65.45,177.09,59.00,80.60,96.93,0,0.00,0,0,0.00,0.00,126.26,0.00,-1.00,0,0
196.70,65.45,162.70,59.00,80.60,82.62,0,0.00,0,0,0.00,0.00,138.14,0.00,-1.00,0,0
196.81,65.45,148.32,59.00,80.60,68.34,0,0.00,0,0,0.00,0.00,150.45,0.00,-1.00,0,0
196.90,65.45,133.93,59.00,80.60,54.12,0,0.00,0,0,0.00,0.00,163.11,0.00,-1.00,0,0
197.00,65.45,119.54,59.00,80.60,40.02,0,0.00,0,0,0.00,0.00,176.03,0.00,-1.00,0,0
197.11,65.45,105.15,65.46,90.02,15.13,1,0.00,0,0,0.00,0.00,189.16,-1.00,-1.00,0,0
197.21,55.28,94.97,47.35,82.09,15.13,1,0.00,0,0,0.00,0.00,196.98,-1.00,-1.00,0,0
197.31,45.10,84.80,35.09,73.45,15.13,1,0.00,0,0,0.00,0.00,190.37,-1.00,-1.00,0,0
197.40,34.93,74.63,24.43,63.73,15.13,1,0.00,0,0,0.00,0.00,184.65,-1.00,-1.00,0,0
197.51,21.38,72.59,7.08,67.65,15.13,1,0.00,0,0,0.00,0.00,188.66,-1.00,0.00,0,0
197.60,7.00,72.59,-8.06,71.08,15.13,1,0.00,0,0,0.00,0.00,195.75,-1.00,0.00,0,0
197.71,-7.39,72.59,-22.52,72.18,15.13,1,0.00,0,0,0.00,0.00,203.60,-1.00,0.00,0,0
197.80,-20.94,74.63,-36.04,75.56,15.13,1,0.00,0,0,0.00,0.00,213.24,-1.00,1.00,0,0
197.90,-31.11,84.80,-43.73,93.16,15.13,1,0.00,0,0,0.00,0.00,227.51,-1.00,1.00,0,0
198.00,-39.25,95.82,-48.31,107.94,15.13,1,0.00,0,0,0.00,0.00,241.20,0.00,1.00,0,0
198.10,-39.25,110.21,-42.13,125.06,15.13,1,0.00,0,0,0.00,0.00,246.22,0.00,1.00,0,0
198.20,-39.25,124.59,-40.08,139.71,15.13,1,0.00,0,0,0.00,0.00,236.58,0.00,1.00,0,0
198.30,-39.25,138.98,-39.62,155.22,16.24,0,0.00,0,0,0.00,0.00,227.46,0.00,1.00,0,0
198.40,-45.36,150.84,-40.00,174.82,24.56,0,0.00,0,0,0.00,0.00,225.35,-1.00,1.00,0,0
198.50,-55.53,161.02,-40.38,193.93,36.23,0,0.00,0,0,0.00,0.00,228.37,-1.00,1.00,0,0
198.61,-65.71,171.19,-40.74,212.57,48.33,0,0.00,0,0,0.00,0.00,232.24,-1.00,1.00,0,0
198.71,-67.74,184.74,-41.09,230.75,53.18,0,0.00,0,0,0.00,0.00,228.13,0.00,1.00,0,0
198.80,-67.74,199.13,-41.43,248.48,55.94,0,0.00,0,0,0.00,0.00,222.57,0.00,1.00,0,0
198.91,-67.74,213.52,-35.52,290.03,83.02,1,0.00,0,0,0.00,0.00,217.82,0.00,1.00,0,0
199.00,-67.74,227.90,-28.36,290.61,74.05,1,0.00,0,0,0.00,0.00,213.93,0.00,1.00,0,0
199.10,-67.74,242.29,-21.19,291.19,67.51,1,0.00,0,0,0.00,0.00,210.96,0.00,1.00,0,0
199.20,-67.74,256.68,-14.03,291.78,64.16,1,0.00,0,0,0.00,0.00,208.94,0.00,1.00,0,0
199.30,-67.74,271.07,-6.86,292.36,64.49,1,0.00,0,0,0.00,0.00,207.89,0.00,1.00,0,0
199.41,-65.71,284.62,0.30,292.94,66.53,1,0.00,0,0,0.00,0.00,205.78,1.00,1.00,0,0
199.51,-55.53,294.79,7.47,293.52,63.01,1,0.00,0,0,0.00,0.00,196.17,1.00,1.00,0,0
199.60,-45.36,304.96,14.63,294.11,60.96,1,0.00,0,0,0.00,0.00,187.17,1.00,1.00,0,0
199.70,-35.18,315.14,21.80,294.69,60.54,1,0.00,0,0,0.00,0.00,178.87,1.00,1.00,0,0
199.80,-25.01,325.31,28.96,295.27,61.77,1,0.00,0,0,0.00,0.00,171.38,1.00,1.00,0,0
199.91,-14.83,335.49,36.13,295.86,64.56,1,0.00,0,0,0.00,0.00,164.82,1.00,1.00,0,0
200.00,-1.29,337.52,43.29,296.44,60.62,1,0.00,0,0,0.00,0.00,152.93,1.00,0.00,0,0
200.10,13.10,337.52,50.46,297.02,55.10,1,0.00,0,0,0.00,0.00,139.74,1.00,0.00,0,0
200.20,27.49,337.52,57.62,297.61,50.01,1,0.00,0,0,0.00,0.00,126.82,1.00,0.00,0,0
200.30,41.88,337.52,64.79,298.19,45.52,1,0.00,0,0,0.00,0.00,114.25,1.00,0.00,0,0
200.41,56.27,337.52,71.95,298.77,41.81,1,0.00,0,0,0.00,0.00,102.16,1.00,0.00,0,0
200.50,70.66,337.52,79.12,299.35,39.09,1,0.00,0,0,0.00,0.00,89.60,1.00,0.00,0,0
200.60,85.04,337.52,86.28,299.94,37.61,1,0.00,0,0,0.00,0.00,73.49,1.00,0.00,0,0
200.70,99.43,337.52,103.46,301.34,36.41,0,0.00,0,0,0.00,0.00,57.97,1.00,0.00,0,0
200.80,113.82,337.52,122.71,302.90,35.74,0,0.00,0,0,0.00,0.00,43.69,1.00,0.00,0,0
200.90,128.21,337.52,141.48,304.43,35.66,0,0.00,0,0,0.00,0.00,32.34,1.00,0.00,0,0
201.00,142.60,337.52,149.48,295.48,42.61,0,0.00,0,0,0.00,0.00,27.75,1.00,0.00,0,0
201.10,156.14,335.49,155.27,285.44,50.07,0,0.00,0,0,0.00,0.00,30.76,1.00,-1.00,0,0
201.20,166.32,325.31,161.53,277.21,48.36,0,0.00,0,0,0.00,0.00,31.36,1.00,-1.00,0,0
201.30,176.49,315.14,167.64,269.19,46.83,0,0.00,0,0,0.00,0.00,36.06,1.00,-1.00,0,0
201.40,172.42,304.12,173.59,261.37,42.84,0,0.00,0,0,0.00,0.00,31.33,-1.00,-1.00,0,0
201.50,162.25,293.95,179.40,253.74,43.82,0,0.00,0,0,0.00,0.00,22.80,1.00,-1.00,0,0
201.60,172.42,283.77,185.06,246.30,39.72,0,0.00,0,0,0.00,0.00,29.84,1.00,-1.00,0,0
201.70,182.60,273.60,190.59,239.04,35.75,0,0.00,0,0,0.00,0.00,39.26,1.00,-1.00,0,0
201.81,192.77,263.42,203.13,252.39,15.13,1,0.00,0,0,0.00,0.00,49.71,1.00,-1.00,0,0
201.90,202.95,253.25,213.55,242.45,15.13,1,0.00,0,0,0.00,0.00,60.66,1.00,-1.00,0,0
202.00,213.12,243.08,223.79,232.35,15.13,1,0.00,0,0,0.00,0.00,71.89,1.00,-1.00,0,0
202.10,215.16,229.53,219.42,215.01,15.13,1,0.00,0,0,0.00,0.00,75.28,0.00,-1.00,0,0
202.20,215.16,215.14,216.40,200.06,15.13,1,0.00,0,0,0.00,0.00,77.29,0.00,-1.00,0,0
202.30,215.16,200.75,215.52,185.62,15.13,1,0.00,0,0,0.00,0.00,79.95,0.00,-1.00,0,0
202.40,215.16,186.36,215.26,171.23,15.13,1,0.00,0,0,0.00,0.00,83.18,0.00,-1.00,0,0
202.51,215.16,171.98,215.18,156.84,15.13,1,0.00,0,0,0.00,0.00,86.93,0.00,-1.00,0,0
202.60,215.16,157.59,215.16,142.45,15.13,1,0.00,0,0,0.00,0.00,91.12,0.00,-1.00,0,0
202.70,215.16,143.20,215.16,128.06,15.13,1,0.00,0,0,0.00,0.00,95.71,0.00,-1.00,0,0
202.80,215.16,128.81,215.16,113.68,15.13,1,0.00,0,0,0.00,0.00,100.63,0.00,-1.00,0,0
202.90,221.26,116.95,226.98,102.94,15.13,1,0.00,0,0,0.00,0.00,109.39,1.00,-1.00,0,0
203.00,231.43,106.77,240.84,94.92,15.13,1,0.00,0,0,0.00,0.00,120.66,1.00,-1.00,0,0
203.10,241.61,96.60,251.94,85.55,15.13,1,0.00,0,0,0.00,0.00,132.03,1.00,-1.00,0,0
203.20,251.78,86.43,262.38,75.62,15.13,1,0.00,0,0,0.00,0.00,143.47,1.00,-1.00,0,0
203.31,265.33,84.39,279.86,80.15,15.13,1,0.00,0,0,0.00,0.00,154.36,1.00,0.00,0,0
203.40,279.72,84.39,294.80,83.12,15.13,1,0.00,0,0,0.00,0.00,154.90,1.00,1.00,0,0
203.50,289.89,94.57,302.87,102.35,15.13,1,0.00,0,0,0.00,0.00,161.51,1.00,1.00,0,0
203.60,285.82,105.58,286.33,120.71,15.13,1,0.00,0,0,0.00,0.00,162.27,-1.00,1.00,0,0
203.70,275.65,115.76,267.49,128.50,15.13,1,0.00,0,0,0.00,0.00,155.45,-1.00,1.00,0,0
203.80,265.47,125.93,255.44,137.26,15.13,1,0.00,0,0,0.00,0.00,146.93,-1.00,1.00,0,0
203.90,263.44,139.48,259.43,154.07,15.13,1,0.00,0,0,0.00,0.00,149.28,0.00,1.00,0,0
204.00,263.44,153.87,262.26,168.95,15.13,1,0.00,0,0,0.00,0.00,156.57,0.00,1.00,0,0
204.10,255.30,164.88,247.77,178.01,15.13,1,0.00,0,0,0.00,0.00,157.56,-1.00,1.00,0,0
204.20,241.75,166.92,227.74,172.63,15.13,1,0.00,0,0,0.00,0.00,151.37,-1.00,0.00,0,0
204.30,227.37,166.92,212.33,168.60,15.13,1,0.00,0,0,0.00,0.00,142.10,-1.00,0.00,0,0
204.40,212.98,166.92,197.85,167.40,15.13,1,0.00,0,0,0.00,0.00,133.74,-1.00,-1.00,0,0
204.51,202.80,156.74,189.80,148.99,15.13,1,0.00,0,0,0.00,0.00,130.79,0.00,-1.00,0,0
204.60,202.80,142.36,198.36,127.89,15.13,1,0.00,0,0,0.00,0.00,118.77,0.00,-1.00,0,0
204.70,202.80,127.97,201.49,112.89,15.13,1,0.00,0,0,0.00,0.00,98.54,0.00,-1.00,0,0
204.80,202.80,113.58,202.43,98.45,15.13,1,0.00,0,0,0.00,0.00,78.78,1.00,-1.00,0,0
204.90,212.98,103.40,220.72,90.40,15.13,1,0.00,0,0,0.00,0.00,68.28,1.00,-1.00,0,0
205.00,224.84,97.30,237.47,88.97,15.13,1,0.00,0,0,0.00,0.00,67.45,1.00,0.00,0,0
205.10,239.23,97.30,254.16,94.83,15.13,1,0.00,0,0,0.00,0.00,77.32,1.00,0.00,0,0
205.20,253.61,97.30,268.73,96.57,15.13,1,0.00,0,0,0.00,0.00,89.99,1.00,0.00,0,0
205.30,268.00,97.30,283.13,97.09,15.13,1,0.00,0,0,0.00,0.00,104.44,1.00,0.00,0,0
205.41,282.39,97.30,297.52,97.24,15.13,1,0.00,0,0,0.00,0.00,120.03,1.00,0.00,0,0
205.50,296.78,97.30,311.91,97.28,15.13,1,0.00,0,0,0.00,0.00,133.80,1.00,0.00,0,0
205.60,311.17,97.30,326.30,97.29,15.13,1,0.00,0,0,0.00,0.00,140.74,1.00,0.00,0,0
205.70,325.56,97.30,340.69,97.30,15.13,1,0.00,0,0,0.00,0.00,147.73,1.00,0.00,0,0
205.80,339.95,97.30,355.08,97.30,15.13,1,0.00,0,0,0.00,0.00,154.75,1.00,0.00,0,0
205.90,354.34,97.30,369.47,97.30,15.13,1,0.00,0,0,0.00,0.00,161.80,1.00,0.00,0,0
206.00,368.72,97.30,383.86,97.30,15.13,1,0.00,0,0,0.00,0.00,168.87,1.00,0.00,0,0
206.10,383.11,97.30,398.25,97.30,15.13,1,0.00,0,0,0.00,0.00,175.96,1.00,0.00,0,0
206.20,397.50,97.30,412.63,97.30,15.13,1,0.00,0,0,0.00,0.00,183.07,1.00,0.00,0,0
206.30,411.89,97.30,427.02,97.30,15.13,1,0.00,0,0,0.00,0.00,182.33,1.00,0.00,0,0
206.40,426.28,97.30,441.41,97.30,15.13,1,0.00,0,0,0.00,0.00,181.70,1.00,0.00,0,0
206.50,440.67,97.30,455.80,97.30,15.13,1,0.00,0,0,0.00,0.00,182.21,1.00,0.00,0,0
206.60,452.53,91.19,466.72,85.93,15.13,1,0.00,0,0,0.00,0.00,189.53,1.00,-1.00,0,0
206.71,462.70,81.02,474.61,71.68,15.13,1,0.00,0,0,0.00,0.00,172.50,1.00,-1.00,0,0
206.80,466.77,68.32,473.02,54.54,15.13,1,0.00,0,0,0.00,0.00,164.29,0.00,-1.00,0,0
206.91,469.65,56.81,474.85,42.59,15.13,1,0.00,0,0,0.00,0.00,159.49,1.00,0.00,0,0
207.01,483.20,58.84,497.99,55.65,15.13,1,0.00,0,0,0.00,0.00,145.81,1.00,1.00,0,0
207.11,485.23,70.70,493.76,83.20,15.13,1,0.00,0,0,0.00,0.00,143.87,-1.00,1.00,0,0
207.20,475.06,80.88,469.35,94.89,15.13,1,0.00,0,0,0.00,0.00,154.18,-1.00,1.00,0,0
207.30,461.51,82.91,447.67,89.04,15.13,1,0.00,0,0,0.00,0.00,167.33,-1.00,0.00,0,0
207.40,447.12,82.91,432.11,84.82,15.13,1,0.00,0,0,0.00,0.00,145.77,-1.00,0.00,0,0
207.50,436.10,74.77,422.64,67.87,15.13,1,0.00,0,0,0.00,0.00,127.56,0.00,-1.00,0,0
207.60,447.96,68.67,449.16,53.58,15.13,1,0.00,0,0,0.00,0.00,132.55,1.00,0.00,0,0
207.70,462.35,68.67,476.81,64.19,15.13,1,0.00,0,0,0.00,0.00,139.75,1.00,0.00,0,0
207.80,476.74,68.67,491.81,67.32,15.13,1,0.00,0,0,0.00,0.00,146.93,1.00,0.00,0,0
207.90,491.13,68.67,508.43,67.70,17.32,0,0.00,0,0,0.00,0.00,139.07,1.00,0.00,0,0
208.00,488.25,68.67,527.92,66.89,39.70,0,0.00,0,0,0.00,0.00,143.05,-1.00,0.00,0,0
208.10,473.86,68.67,546.92,66.09,73.10,0,0.00,0,0,0.00,0.00,122.49,-1.00,0.00,0,0
208.21,459.48,68.67,565.46,65.32,106.04,0,0.00,0,0,0.00,0.00,100.94,-1.00,0.00,0,0
208.30,445.09,68.67,583.53,64.56,138.51,0,0.00,0,0,0.00,0.00,79.39,-1.00,0.00,0,0
208.40,430.70,68.67,601.16,63.82,170.54,0,0.00,0,0,0.00,0.00,57.87,-1.00,0.00,0,0
208.51,427.82,68.67,618.36,63.10,190.63,0,0.00,0,0,0.00,0.00,47.82,0.00,0.00,0,0
208.60,416.31,68.67,635.12,62.40,218.92,0,0.00,0,0,0.00,0.00,29.25,-1.00,0.00,0,0
208.71,39.00,287.00,651.48,61.72,652.60,0,0.00,0,0,0.00,0.00,101.32,0.00,0.00,0,0
208.80,39.00,287.00,667.43,61.05,667.82,0,0.00,0,0,0.00,0.00,101.32,0.00,0.00,0,0
208.90,39.00,287.00,669.84,60.53,670.27,0,0.00,0,0,0.00,0.00,101.32,0.00,0.00,0,0
209.00,39.00,287.00,669.81,60.06,670.41,0,0.00,0,0,0.00,0.00,101.32,0.00,0.00,0,0
209.10,39.00,287.00,669.81,59.60,670.57,0,0.00,0,0,0.00,0.00,101.32,0.00,0.00,0,0
209.20,39.00,287.00,669.71,59.22,670.61,0,0.00,0,0,0.00,0.00,101.32,0.00,0.00,0,0
209.31,39.00,284.12,669.55,58.90,669.60,0,0.00,0,0,0.00,0.00,101.13,0.00,-1.00,0,0
209.41,39.00,269.73,669.40,58.58,664.86,0,0.00,0,0,0.00,0.00,101.42,0.00,-1.00,0,0
209.51,39.00,255.34,669.25,58.27,660.38,0,0.00,0,0,0.00,0.00,103.73,0.00,-1.00,0,0
209.60,39.00,240.96,669.10,57.96,656.17,0,0.00,0,0,0.00,0.00,107.93,0.00,-1.00,0,0
209.70,39.00,226.57,668.96,57.66,652.24,0,0.00,0,0,0.00,0.00,113.80,0.00,-1.00,0,0
209.81,39.00,212.18,59.00,80.60,133.24,0,0.00,0,0,0.00,0.00,121.10,0.00,-1.00,0,0
209.91,39.00,197.79,59.00,80.60,119.07,0,0.00,0,0,0.00,0.00,129.60,0.00,-1.00,0,0
210.00,39.00,183.40,59.00,80.60,104.94,0,0.00,0,0,0.00,0.00,139.07,0.00,-1.00,0,0
210.11,39.00,169.01,59.00,80.60,90.89,0,0.00,0,0,0.00,0.00,149.33,0.00,-1.00,0,0
210.20,39.00,154.62,59.00,80.60,76.96,0,0.00,0,0,0.00,0.00,160.22,0.00,-1.00,0,0
210.30,39.00,140.24,59.00,80.60,63.25,0,0.00,0,0,0.00,0.00,171.63,0.00,-1.00,0,0
210.41,39.00,125.85,59.00,80.60,49.91,0,0.00,0,0,0.00,0.00,183.46,0.00,-1.00,0,0
210.50,41.03,112.30,59.00,80.60,37.04,0,0.00,0,0,0.00,0.00,193.86,1.00,-1.00,0,0
210.60,51.21,102.13,59.70,89.60,15.13,1,0.00,0,0,0.00,0.00,197.91,1.00,-1.00,0,0
210.70,61.38,91.95,71.53,80.72,15.13,1,0.00,0,0,0.00,0.00,192.48,1.00,-1.00,0,0
210.80,74.09,87.88,87.70,81.28,15.13,1,0.00,0,0,0.00,0.00,185.76,1.00,0.00,0,0
210.90,88.48,87.88,103.48,85.88,15.13,1,0.00,0,0,0.00,0.00,183.61,1.00,0.00,0,0
211.00,102.86,87.88,117.99,87.29,15.13,1,0.00,0,0,0.00,0.00,182.58,1.00,1.00,0,0
211.10,113.04,98.06,125.91,106.02,15.13,1,0.00,0,0,0.00,0.00,182.94,0.00,1.00,0,0
211.20,113.04,112.45,117.64,126.86,15.13,1,0.00,0,0,0.00,0.00,168.72,0.00,1.00,0,0
211.31,113.04,126.83,114.30,141.91,15.13,1,0.00,0,0,0.00,0.00,154.54,0.00,1.00,0,0
211.41,119.14,138.69,124.70,152.77,15.13,1,0.00,0,0,0.00,0.00,141.85,1.00,1.00,0,0
211.50,133.53,138.69,147.51,144.49,15.13,1,0.00,0,0,0.00,0.00,140.45,1.00,0.00,0,0
211.60,147.92,138.69,162.95,140.47,15.13,1,0.00,0,0,0.00,0.00,140.53,1.00,-1.00,0,0
211.70,156.06,127.68,168.63,119.26,15.13,1,0.00,0,0,0.00,0.00,152.17,0.00,-1.00,0,0
211.80,156.06,113.29,160.27,98.75,15.13,1,0.00,0,0,0.00,0.00,166.49,0.00,-1.00,0,0
211.91,156.06,98.90,157.20,83.81,15.13,1,0.00,0,0,0.00,0.00,180.81,0.00,-1.00,0,0
212.00,156.06,84.51,156.40,69.38,15.13,1,0.00,0,0,0.00,0.00,185.24,0.00,-1.00,0,0
212.10,164.20,73.49,171.51,60.24,15.13,1,0.00,0,0,0.00,0.00,176.99,1.00,-1.00,0,0
212.20,177.74,71.46,191.47,65.09,15.13,1,0.00,0,0,0.00,0.00,170.95,1.00,0.00,0,0
212.30,192.13,71.46,207.15,69.58,15.13,1,0.00,0,0,0.00,0.00,158.59,1.00,0.00,0,0
212.41,204.84,75.53,219.61,78.83,15.13,1,0.00,0,0,0.00,0.00,152.54,1.00,1.00,0,0
212.51,215.01,85.70,227.26,94.59,15.13,1,0.00,0,0,0.00,0.00,147.57,1.00,1.00,0,0
212.60,219.08,98.41,225.75,111.99,15.13,1,0.00,0,0,0.00,0.00,127.06,0.00,1.00,0,0
212.70,228.06,107.39,237.44,119.27,15.13,1,0.00,0,0,0.00,0.00,108.51,1.00,0.00,0,0
212.81,242.45,107.39,257.11,111.15,15.13,1,0.00,0,0,0.00,0.00,98.03,1.00,0.00,0,0
212.91,256.00,105.35,271.13,105.40,15.13,1,0.00,0,0,0.00,0.00,91.56,1.00,-1.00,0,0
213.00,266.17,95.18,279.01,87.17,15.13,1,0.00,0,0,0.00,0.00,94.75,1.00,-1.00,0,0
213.10,268.21,81.63,273.90,67.61,15.13,1,0.00,0,0,0.00,0.00,101.25,0.00,-1.00,0,0
213.20,268.21,67.24,269.87,52.20,15.13,1,0.00,0,0,0.00,0.00,108.42,0.00,-1.00,0,0
213.30,268.21,52.86,268.69,37.73,15.13,1,0.00,0,0,0.00,0.00,115.60,0.00,-1.00,0,0
213.40,276.35,41.84,283.57,28.54,15.13,1,0.00,0,0,0.00,0.00,117.81,1.00,-1.00,0,0
213.50,289.05,37.77,302.71,31.25,15.13,1,0.00,0,0,0.00,0.00,118.91,1.00,0.00,0,0
213.60,303.44,37.77,318.44,35.81,15.13,1,0.00,0,0,0.00,0.00,115.51,1.00,0.00,0,0
213.70,317.83,37.77,332.95,37.20,15.13,1,0.00,0,0,0.00,0.00,113.64,1.00,0.00,0,0
213.80,332.22,37.77,347.35,37.61,15.13,1,0.00,0,0,0.00,0.00,113.19,1.00,0.00,0,0
213.90,346.60,37.77,361.74,37.73,15.13,1,0.00,0,0,0.00,0.00,114.00,1.00,0.00,0,0
214.00,360.99,37.77,376.13,37.76,15.13,1,0.00,0,0,0.00,0.00,115.92,1.00,0.00,0,0
214.11,373.70,41.84,388.19,46.17,15.13,1,0.00,0,0,0.00,0.00,114.77,1.00,1.00,0,0
214.20,379.80,52.01,390.67,62.54,15.13,1,0.00,0,0,0.00,0.00,105.81,-1.00,1.00,0,0
214.31,366.25,54.05,361.03,68.25,15.13,1,0.00,0,0,0.00,0.00,86.93,-1.00,0.00,0,0
214.40,351.87,54.05,336.97,56.71,15.13,1,0.00,0,0,0.00,0.00,69.67,-1.00,0.00,0,0
214.50,337.48,54.05,322.36,54.80,15.13,1,0.00,0,0,0.00,0.00,54.09,-1.00,0.00,0,0
214.60,323.09,54.05,307.96,54.26,15.13,1,0.00,0,0,0.00,0.00,41.14,-1.00,0.00,0,0
214.70,308.70,54.05,308.60,71.28,17.24,2,0.00,0,0,0.00,0.00,32.37,-1.00,0.00,0,0
214.81,294.31,54.05,304.15,65.63,15.20,2,0.00,0,0,0.00,0.00,28.45,-1.00,0.00,0,0
214.90,279.88,54.00,295.26,59.72,16.41,0,0.00,0,0,0.00,0.00,28.97,-1.00,0.00,0,0
215.00,265.49,54.00,285.16,54.59,19.67,0,0.00,0,0,0.00,0.00,33.53,-1.00,0.00,0,0
215.11,251.95,56.03,275.30,49.60,24.23,0,0.00,0,0,0.00,0.00,39.61,-1.00,1.00,0,0
215.20,241.77,66.21,265.69,44.72,32.16,0,0.00,0,0,0.00,0.00,45.27,-1.00,1.00,0,0
215.30,231.60,76.38,256.32,39.97,44.02,0,0.00,0,0,0.00,0.00,55.64,-1.00,1.00,0,0
215.40,221.42,86.56,247.18,35.33,57.35,0,0.00,0,0,0.00,0.00,67.92,-1.00,1.00,0,0
215.50,223.46,96.73,238.27,30.81,67.59,0,0.00,0,0,0.00,0.00,70.04,1.00,1.00,0,0
215.61,237.00,98.76,229.57,26.40,72.79,0,0.00,0,0,0.00,0.00,62.93,1.00,0.00,0,0
215.70,249.71,94.69,221.10,22.10,78.10,0,0.00,0,0,0.00,0.00,56.36,1.00,-1.00,0,0
215.80,249.71,80.31,212.83,17.91,72.60,0,0.00,0,0,0.00,0.00,44.52,0.00,-1.00,0,0
215.90,249.71,65.92,204.77,13.82,68.99,0,0.00,0,0,0.00,0.00,33.65,0.00,-1.00,0,0
216.00,245.64,53.21,196.90,9.83,65.53,0,0.00,0,0,0.00,0.00,24.89,-1.00,-1.00,0,0
216.10,235.46,43.04,189.46,6.05,59.41,0,0.00,0,0,0.00,0.00,17.09,-1.00,-1.00,0,0
216.20,225.29,32.87,182.57,2.54,52.81,0,0.00,0,0,0.00,0.00,9.57,-1.00,-1.00,0,0
216.30,215.11,22.69,175.90,-0.85,46.22,0,0.00,0,0,0.00,0.00,4.16,-1.00,-1.00,0,0
216.40,204.94,12.52,169.45,-4.13,39.76,0,0.00,0,0,0.00,0.00,8.29,-1.00,-1.00,0,0
216.50,194.77,2.34,184.08,-8.37,15.13,1,0.00,0,0,0.00,0.00,15.67,-1.00,-1.00,0,0
216.61,184.59,-7.83,188.33,0.43,9.07,0,0.00,0,0,0.00,0.00,23.06,-1.00,-1.00,0,0
216.71,174.40,-18.03,178.42,-8.80,10.07,0,0.00,0,0,0.00,0.00,30.61,-1.00,-1.00,0,0
216.81,164.22,-28.21,168.60,-18.05,11.07,0,0.00,0,0,0.00,0.00,37.60,-1.00,-1.00,0,0
216.90,154.04,-38.39,164.20,-12.81,27.52,0,0.00,0,0,0.00,0.00,40.04,-1.00,-1.00,0,0
217.00,143.87,-48.56,175.67,-27.17,38.33,0,0.00,0,0,0.00,0.00,53.18,-1.00,-1.00,0,0
217.10,130.32,-50.60,178.22,-42.52,48.60,0,0.00,0,0,0.00,0.00,48.98,-1.00,0.00,0,0
217.20,115.93,-50.60,180.73,-57.50,65.22,0,0.00,0,0,0.00,0.00,44.58,-1.00,0.00,0,0
217.31,101.54,-50.60,183.17,-72.10,84.52,0,0.00,0,0,0.00,0.00,44.60,-1.00,0.00,0,0
217.40,89.68,-44.49,185.55,-86.34,104.76,0,0.00,0,0,0.00,0.00,53.63,-1.00,1.00,0,0
217.51,87.65,-30.95,187.60,-99.89,121.60,0,0.00,0,0,0.00,0.00,56.69,0.00,0.00,0,0
217.61,87.65,-30.95,189.15,-112.60,130.43,0,0.00,0,0,0.00,0.00,57.45,0.00,0.00,0,0
217.71,87.65,-39.58,190.60,-124.94,133.89,0,0.00,0,0,0.00,0.00,58.94,0.00,-1.00,0,0
217.80,85.61,-53.13,191.95,-136.92,135.54,0,0.00,0,0,0.00,0.00,47.51,0.00,-1.00,0,0
217.90,85.61,-67.52,193.26,-148.55,134.90,0,0.00,0,0,0.00,0.00,35.65,0.00,-1.00,0,0
218.01,85.61,-81.90,194.52,-159.83,134.08,0,0.00,0,0,0.00,0.00,26.43,0.00,-1.00,0,0
218.10,85.61,-96.29,195.75,-170.78,133.12,0,0.00,0,0,0.00,0.00,23.25,0.00,-1.00,0,0
218.20,85.61,-110.68,196.94,-181.40,132.06,0,0.00,0,0,0.00,0.00,28.22,0.00,-1.00,0,0
218.30,91.72,-122.54,198.10,-191.69,127.05,0,0.00,0,0,0.00,0.00,32.75,1.00,-1.00,0,0
218.40,101.89,-132.72,199.22,-201.68,119.47,0,0.00,0,0,0.00,0.00,38.74,1.00,-1.00,0,0
218.51,112.07,-142.89,200.31,-211.36,111.89,0,0.00,0,0,0.00,0.00,48.40,1.00,-1.00,0,0
218.60,122.24,-153.06,201.36,-220.74,104.33,0,0.00,0,0,0.00,0.00,59.99,1.00,-1.00,0,0
218.70,132.42,-163.24,202.38,-229.83,96.82,0,0.00,0,0,0.00,0.00,65.10,1.00,-1.00,0,0
218.81,142.59,-173.41,203.37,-238.65,89.41,0,0.00,0,0,0.00,0.00,58.09,1.00,-1.00,0,0
218.90,152.76,-183.59,204.33,-247.18,82.14,0,0.00,0,0,0.00,0.00,52.02,1.00,-1.00,0,0
219.00,162.94,-193.76,205.26,-255.45,75.10,0,0.00,0,0,0.00,0.00,47.24,1.00,-1.00,0,0
219.11,173.11,-203.94,206.16,-263.45,68.39,0,0.00,0,0,0.00,0.00,44.18,1.00,-1.00,0,0
219.20,183.29,-214.11,207.03,-271.20,62.18,0,0.00,0,0,0.00,0.00,43.20,1.00,-1.00,0,0
219.30,193.46,-224.28,207.87,-278.70,56.68,0,0.00,0,0,0.00,0.00,44.44,1.00,-1.00,0,0
219.40,193.46,-238.67,208.68,-285.95,50.11,0,0.00,0,0,0.00,0.00,51.72,0.00,-1.00,0,0
219.50,193.46,-253.06,209.47,-292.97,43.51,0,0.00,0,0,0.00,0.00,59.01,0.00,-1.00,0,0
219.60,193.46,-267.45,210.23,-299.76,37.00,0,0.00,0,0,0.00,0.00,66.29,-1.00,-1.00,0,0
219.70,183.29,-277.63,210.97,-306.32,40.42,0,0.00,0,0,0.00,0.00,71.07,-1.00,-1.00,0,0
219.81,169.74,-279.66,211.68,-312.66,53.78,0,0.00,0,0,0.00,0.00,71.12,-1.00,0.00,0,0
219.91,155.35,-279.66,212.37,-318.79,69.47,0,0.00,0,0,0.00,0.00,73.28,-1.00,0.00,0,0
220.00,144.34,-271.52,213.04,-324.70,87.13,0,0.00,0,0,0.00,0.00,71.41,-1.00,1.00,0,0
220.11,134.16,-261.35,213.68,-330.42,105.53,0,0.00,0,0,0.00,0.00,73.19,-1.00,1.00,0,0
220.21,132.13,-247.80,214.30,-335.93,120.68,0,0.00,0,0,0.00,0.00,71.99,0.00,1.00,0,0
220.30,140.27,-236.78,214.90,-341.27,128.58,0,0.00,0,0,0.00,0.00,66.20,1.00,1.00,0,0
220.41,150.44,-226.61,215.48,-346.49,136.55,0,0.00,0,0,0.00,0.00,63.77,1.00,1.00,0,0
220.50,161.46,-218.47,216.05,-351.57,144.03,0,0.00,0,0,0.00,0.00,65.22,1.00,0.00,0,0
220.60,172.97,-218.47,216.61,-356.52,144.98,0,0.00,0,0,0.00,0.00,64.27,0.00,0.00,0,0
220.71,172.97,-218.47,217.16,-361.40,149.79,0,0.00,0,0,0.00,0.00,70.81,0.00,0.00,0,0
220.80,172.97,-218.47,217.69,-366.19,154.52,0,0.00,0,0,0.00,0.00,77.47,0.00,0.00,0,0
220.90,172.97,-218.47,218.22,-370.88,159.15,0,0.00,0,0,0.00,0.00,84.21,0.00,0.00,0,0
221.01,172.97,-218.47,218.74,-375.47,163.70,0,0.00,0,0,0.00,0.00,91.02,0.00,0.00,0,0
221.10,172.97,-218.47,219.24,-379.98,168.17,0,0.00,0,0,0.00,0.00,97.89,0.00,0.00,0,0
221.21,172.97,-232.86,219.74,-384.40,158.77,0,0.00,0,0,0.00,0.00,91.60,0.00,-1.00,0,0
221.30,172.97,-247.25,220.23,-388.73,149.35,0,0.00,0,0,0.00,0.00,85.48,0.00,-1.00,0,0
221.40,172.97,-261.64,220.70,-392.98,139.94,0,0.00,0,0,0.00,0.00,79.55,0.00,-1.00,0,0
221.50,172.97,-276.02,221.17,-397.14,130.56,0,0.00,0,0,0.00,0.00,73.86,0.00,-1.00,0,0
221.61,172.97,-278.90,221.63,-401.22,131.85,0,0.00,0,0,0.00,0.00,77.87,0.00,0.00,0,0
221.70,172.97,-278.90,222.08,-405.22,135.73,0,0.00,0,0,0.00,0.00,84.38,0.00,0.00,0,0
221.80,172.97,-278.90,222.52,-409.14,139.54,0,0.00,0,0,0.00,0.00,90.99,0.00,0.00,0,0
221.90,172.97,-278.90,222.95,-412.99,143.29,0,0.00,0,0,0.00,0.00,97.68,0.00,0.00,0,0
222.01,172.97,-278.90,223.37,-416.76,146.97,0,0.00,0,0,0.00,0.00,104.41,0.00,0.00,0,0
222.11,172.97,-278.90,223.79,-420.46,150.58,0,0.00,0,0,0.00,0.00,111.21,0.00,0.00,0,0
222.20,172.97,-278.90,224.19,-424.08,154.13,0,0.00,0,0,0.00,0.00,118.06,0.00,0.00,0,0
222.30,172.97,-278.90,220.18,-404.47,134.15,2,0.00,0,0,0.00,0.00,119.54,0.00,0.00,0,0
222.40,172.97,-278.90,215.08,-399.40,127.65,2,0.00,0,0,0.00,0.00,112.95,0.00,0.00,0,0
222.51,172.97,-278.90,210.09,-394.48,121.40,0,0.00,0,0,0.00,0.00,106.39,0.00,0.00,0,0
222.60,172.97,-278.90,205.58,-390.07,115.86,0,0.00,0,0,0.00,0.00,99.96,0.00,0.00,0,0
222.70,172.97,-278.90,201.11,-385.13,109.90,0,0.00,0,0,0.00,0.00,93.65,0.00,0.00,0,0
222.80,172.97,-278.90,196.76,-380.31,104.17,0,0.00,0,0,0.00,0.00,87.48,0.00,0.00,0,0
222.90,172.97,-278.90,192.51,-375.61,98.68,0,0.00,0,0,0.00,0.00,81.47,0.00,0.00,0,0
223.00,172.97,-278.90,173.12,-288.00,9.10,1,0.00,0,0,0.00,0.00,75.67,0.00,0.00,0,0
223.10,172.97,-278.90,173.12,-288.00,9.10,1,0.00,0,0,0.00,0.00,70.13,0.00,0.00,0,0
223.20,172.97,-278.90,173.12,-288.00,9.10,1,0.00,0,0,0.00,0.00,64.91,0.00,0.00,0,0
223.30,172.97,-278.90,173.12,-288.00,9.10,1,0.00,0,0,0.00,0.00,60.10,0.00,0.00,0,0
223.40,172.97,-278.90,173.12,-288.00,9.10,1,0.00,0,0,0.00,0.00,56.09,0.00,0.00,0,0
223.50,172.97,-278.90,173.12,-288.00,9.10,1,0.00,0,0,0.00,0.00,52.40,0.00,0.00,0,0
223.61,172.97,-264.51,181.14,-268.52,9.10,1,0.00,0,0,0.00,0.00,62.86,0.00,1.00,0,0
223.70,172.97,-250.12,179.46,-243.74,9.10,1,0.00,0,0,0.00,0.00,73.36,0.00,1.00,0,0
223.80,172.97,-235.74,173.70,-226.67,9.10,1,0.00,0,0,0.00,0.00,83.89,0.00,1.00,0,0
223.90,172.97,-221.35,173.14,-212.25,9.10,1,0.00,0,0,0.00,0.00,94.44,0.00,1.00,0,0
224.00,172.97,-206.96,172.98,-197.86,9.10,1,0.00,0,0,0.00,0.00,105.00,0.00,1.00,0,0
224.10,172.97,-192.57,172.93,-183.47,9.10,1,0.00,0,0,0.00,0.00,115.57,0.00,1.00,0,0
224.20,172.97,-178.18,172.92,-169.08,9.10,1,0.00,0,0,0.00,0.00,105.37,0.00,1.00,0,0
224.30,172.97,-163.79,172.91,-154.69,9.10,1,0.00,0,0,0.00,0.00,94.37,0.00,1.00,0,0
224.41,172.97,-149.40,172.91,-140.30,9.10,1,0.00,0,0,0.00,0.00,84.39,0.00,1.00,0,0
224.50,172.97,-135.02,172.91,-125.92,9.10,1,0.00,0,0,0.00,0.00,75.84,0.00,1.00,0,0
224.60,172.97,-120.63,172.91,-111.53,9.10,1,0.00,0,0,0.00,0.00,69.25,0.00,1.00,0,0
224.70,172.97,-106.24,172.91,-97.14,9.10,1,0.00,0,0,0.00,0.00,65.22,0.00,1.00,0,0
224.81,179.07,-94.38,182.66,-86.01,9.10,1,0.00,0,0,0.00,0.00,70.27,1.00,1.00,0,0
224.90,189.25,-84.20,194.90,-77.07,9.10,1,0.00,0,0,0.00,0.00,81.12,1.00,1.00,0,0
225.00,199.42,-74.03,205.60,-67.35,9.10,1,0.00,0,0,0.00,0.00,92.93,1.00,1.00,0,0
225.10,209.60,-63.85,215.93,-57.32,9.10,1,0.00,0,0,0.00,0.00,105.38,1.00,1.00,0,0
225.20,209.60,-49.47,211.87,-40.65,9.10,1,0.00,0,0,0.00,0.00,102.14,0.00,1.00,0,0
225.30,209.60,-35.08,210.22,-26.00,9.10,1,0.00,0,0,0.00,0.00,90.33,0.00,1.00,0,0
225.40,209.60,-20.69,209.73,-11.59,9.10,1,0.00,0,0,0.00,0.00,80.56,0.00,1.00,0,0
225.51,209.60,-6.30,209.59,-288.00,281.70,1,0.00,0,0,0.00,0.00,73.22,0.00,1.00,0,0
225.60,209.60,8.09,210.74,-273.61,281.70,1,0.00,0,0,0.00,0.00,76.06,0.00,1.00,0,0
225.70,209.60,22.48,211.08,-259.22,281.70,1,0.00,0,0,0.00,0.00,84.29,0.00,1.00,0,0
225.80,209.60,36.87,211.18,-244.83,281.70,1,0.00,0,0,0.00,0.00,96.53,0.00,1.00,0,0
225.90,209.60,51.25,211.21,-285.12,336.38,1,0.00,0,0,0.00,0.00,111.52,0.00,1.00,0,0
226.00,209.60,65.64,211.22,-270.73,336.38,1,0.00,0,0,0.00,0.00,128.51,1.00,1.00,0,0
226.10,219.77,75.82,40.15,-208.59,336.38,1,0.00,0,0,0.00,0.00,148.86,1.00,1.00,0,0
226.20,233.32,77.85,-77.07,-51.81,336.38,1,0.00,0,0,0.00,0.00,164.14,1.00,0.00,0,0
226.31,247.71,77.85,-86.34,38.26,336.38,1,0.00,0,0,0.00,0.00,175.99,1.00,-1.00,0,0
226.40,257.88,67.68,-35.07,233.01,336.38,1,0.00,0,0,0.00,0.00,176.10,1.00,-1.00,0,0
226.50,259.91,54.13,132.66,365.52,336.38,1,0.00,0,0,0.00,0.00,166.45,0.00,-1.00,0,0
226.60,259.91,39.74,221.72,373.95,336.38,1,0.00,0,0,0.00,0.00,153.95,0.00,-1.00,0,0
226.70,259.91,25.36,247.79,361.52,336.38,1,0.00,0,0,0.00,0.00,142.78,0.00,-1.00,0,0
226.80,259.91,10.97,255.23,347.32,336.38,1,0.00,0,0,0.00,0.00,133.81,0.00,-1.00,0,0
226.90,259.91,-3.42,257.44,332.95,336.38,1,0.00,0,0,0.00,0.00,127.67,0.00,-1.00,0,0
227.01,259.91,-17.81,258.05,318.57,336.38,1,0.00,0,0,0.00,0.00,124.79,0.00,-1.00,0,0
227.11,259.91,-32.20,258.22,304.18,336.38,1,0.00,0,0,0.00,0.00,125.40,0.00,-1.00,0,0
227.20,259.91,-46.59,258.27,289.79,336.38,1,0.00,0,0,0.00,0.00,129.43,0.00,-1.00,0,0
227.31,259.91,-60.98,258.28,275.40,336.38,1,0.00,0,0,0.00,0.00,136.55,0.00,-1.00,0,0
227.40,259.91,-75.37,258.29,261.01,336.38,1,0.00,0,0,0.00,0.00,146.28,0.00,-1.00,0,0
227.50,259.91,-89.75,258.29,246.62,336.38,1,0.00,0,0,0.00,0.00,151.12,0.00,-1.00,0,0
227.60,259.91,-104.14,258.29,232.23,336.38,1,0.00,0,0,0.00,0.00,151.42,0.00,-1.00,0,0
227.70,259.91,-118.53,258.29,217.85,336.38,1,0.00,0,0,0.00,0.00,153.00,0.00,-1.00,0,0
227.80,259.91,-132.92,258.29,203.46,336.38,1,0.00,0,0,0.00,0.00,155.90,-1.00,-1.00,0,0
227.90,248.05,-139.02,499.85,84.03,336.38,1,0.00,0,0,0.00,0.00,146.17,-1.00,0.00,0,0
228.01,233.67,-139.02,563.42,-72.59,336.38,1,0.00,0,0,0.00,0.00,132.53,-1.00,0.00,0,0
228.10,221.81,-132.92,539.97,-242.12,336.38,1,0.00,0,0,0.00,0.00,119.33,-1.00,1.00,0,0
228.20,211.63,-122.75,478.74,-327.21,336.38,1,0.00,0,0,0.00,0.00,106.61,-1.00,1.00,0,0
228.31,213.67,-110.89,213.16,-447.27,336.38,1,0.00,0,0,0.00,0.00,106.12,1.00,1.00,0,0
228.40,223.84,-100.71,46.61,-386.62,336.38,1,0.00,0,0,0.00,0.00,115.20,1.00,1.00,0,0
228.50,234.86,-92.57,-2.49,-330.94,336.38,1,0.00,0,0,0.00,0.00,122.04,1.00,0.00,0,0
228.60,249.25,-92.57,-78.64,-167.68,336.38,1,0.00,0,0,0.00,0.00,126.75,1.00,0.00,0,0
228.70,261.95,-96.64,-69.71,-40.49,336.38,1,0.00,0,0,0.00,0.00,138.50,1.00,-1.00,0,0
228.80,272.12,-106.82,-3.75,85.65,336.38,1,0.00,0,0,0.00,0.00,152.68,1.00,-1.00,0,0
228.90,276.19,-119.52,130.95,183.89,336.38,1,0.00,0,0,0.00,0.00,149.18,0.00,-1.00,0,0
229.00,276.19,-133.91,231.15,199.44,336.38,1,0.00,0,0,0.00,0.00,151.11,0.00,-1.00,0,0
229.10,270.09,-145.77,386.15,169.96,336.38,1,0.00,0,0,0.00,0.00,159.62,-1.00,-1.00,0,0
229.20,259.91,-155.94,465.00,110.69,336.38,1,0.00,0,0,0.00,0.00,163.09,-1.00,-1.00,0,0
229.30,249.74,-166.12,477.89,81.07,336.38,1,0.00,0,0,0.00,0.00,158.05,-1.00,-1.00,0,0
229.40,239.57,-176.29,473.82,65.11,336.38,1,0.00,0,0,0.00,0.00,154.19,-1.00,-1.00,0,0
229.50,226.86,-180.36,541.68,-61.87,336.38,1,0.00,0,0,0.00,0.00,145.92,-1.00,0.00,0,0
229.60,212.47,-180.36,546.93,-144.44,336.38,1,0.00,0,0,0.00,0.00,134.55,-1.00,0.00,0,0
229.70,200.61,-174.26,519.86,-280.23,336.38,1,0.00,0,0,0.00,0.00,121.55,-1.00,1.00,0,0
229.80,190.44,-164.08,459.00,-366.63,336.38,1,0.00,0,0,0.00,0.00,107.20,-1.00,1.00,0,0
229.90,182.30,-153.06,412.77,-398.09,336.38,1,0.00,0,0,0.00,0.00,93.92,0.00,1.00,0,0
230.00,182.30,-138.68,254.83,-467.15,336.38,1,0.00,0,0,0.00,0.00,85.70,0.00,1.00,0,0
230.11,182.30,-124.29,203.00,-460.03,336.38,1,0.00,0,0,0.00,0.00,79.27,0.00,1.00,0,0
230.20,182.30,-109.90,189.30,-446.21,336.38,1,0.00,0,0,0.00,0.00,75.08,0.00,1.00,0,0
230.30,182.30,-95.51,185.49,-431.88,336.38,1,0.00,0,0,0.00,0.00,73.51,0.00,1.00,0,0
230.40,182.30,-81.12,184.40,-417.50,336.38,1,0.00,0,0,0.00,0.00,68.34,0.00,1.00,0,0
230.50,182.30,-66.73,184.05,-403.11,336.38,1,0.00,0,0,0.00,0.00,49.96,0.00,1.00,0,0
230.60,188.40,-54.87,56.26,-364.21,336.38,1,0.00,0,0,0.00,0.00,31.33,1.00,1.00,0,0
230.70,196.54,-43.86,26.76,-334.24,336.38,1,0.00,0,0,0.00,0.00,12.54,0.00,1.00,0,0
230.80,190.44,-31.99,274.26,-357.77,336.38,1,0.00,0,0,0.00,0.00,22.69,-1.00,1.00,0,0
230.91,180.27,-21.82,380.98,-291.76,336.38,1,0.00,0,0,0.00,0.00,43.78,-1.00,1.00,0,0
231.00,178.23,-9.96,280.79,-330.33,336.38,1,0.00,0,0,0.00,0.00,61.50,1.00,1.00,0,0
231.10,188.40,0.21,32.77,-298.00,336.38,1,0.00,0,0,0.00,0.00,71.15,1.00,1.00,0,0
231.20,198.58,10.39,-16.98,-247.85,336.38,1,0.00,0,0,0.00,0.00,82.73,1.00,1.00,0,0
231.30,208.75,20.56,-22.04,-224.15,336.38,1,0.00,0,0,0.00,0.00,96.93,1.00,1.00,0,0
231.40,218.93,30.74,-16.10,-209.92,336.38,1,0.00,0,0,0.00,0.00,113.17,1.00,1.00,0,0
231.50,229.10,40.91,-7.13,-198.56,336.38,1,0.00,0,0,0.00,0.00,130.80,1.00,1.00,0,0
231.60,239.28,51.09,2.71,-188.06,336.38,1,0.00,0,0,0.00,0.00,149.34,1.00,0.00,0,0
231.70,253.67,51.09,-73.07,-28.88,336.38,1,0.00,0,0,0.00,0.00,159.49,1.00,0.00,0,0
231.80,268.05,51.09,-67.48,27.16,336.38,1,0.00,0,0,0.00,0.00,168.85,1.00,0.00,0,0
231.90,282.44,51.09,-53.84,43.12,336.38,1,0.00,0,0,0.00,0.00,179.27,1.00,0.00,0,0
232.01,296.83,51.09,-39.53,47.68,336.38,1,0.00,0,0,0.00,0.00,191.00,1.00,0.00,0,0
232.10,311.22,51.09,-25.15,48.92,336.38,1,0.00,0,0,0.00,0.00,194.25,1.00,0.00,0,0
232.20,325.61,51.09,-10.77,49.31,336.38,1,0.00,0,0,0.00,0.00,186.20,1.00,0.00,0,0
232.31,340.00,51.09,3.62,49.42,336.38,1,0.00,0,0,0.00,0.00,178.95,1.00,0.00,0,0
232.40,354.39,51.09,18.01,49.45,336.38,1,0.00,0,0,0.00,0.00,172.60,1.00,0.00,0,0
232.51,368.78,51.09,32.40,49.46,336.38,1,0.00,0,0,0.00,0.00,167.25,1.00,1.00,0,0
232.60,378.95,61.26,90.53,-111.85,336.38,1,0.00,0,0,0.00,0.00,173.91,1.00,1.00,0,0
232.70,389.12,71.43,95.19,-101.21,340.89,2,0.00,0,0,0.00,0.00,181.48,1.00,1.00,0,0
232.81,399.30,81.61,95.19,-101.21,354.83,2,0.00,0,0,0.00,0.00,189.83,1.00,1.00,0,0
232.90,411.16,87.71,95.19,-101.21,368.14,2,0.00,0,0,0.00,0.00,191.94,1.00,0.00,0,0
233.00,425.55,87.71,95.19,-101.21,380.57,2,0.00,0,0,0.00,0.00,191.29,1.00,0.00,0,0
233.10,439.94,87.71,95.19,-101.21,393.12,2,0.00,0,0,0.00,0.00,191.72,1.00,0.00,0,0
233.20,454.32,87.71,95.19,-101.21,405.80,2,0.00,0,0,0.00,0.00,193.23,1.00,0.00,0,0
233.31,468.71,87.71,91.61,-102.95,422.57,0,0.00,0,0,0.00,0.00,192.12,1.00,0.00,0,0
233.40,477.35,87.71,73.98,-111.52,449.89,0,0.00,0,0,0.00,0.00,189.22,0.00,0.00,0,0
233.51,477.35,87.71,56.78,-119.88,469.01,0,0.00,0,0,0.00,0.00,193.64,-1.00,0.00,0,0
233.60,462.96,87.71,40.01,-128.02,474.79,0,0.00,0,0,0.00,0.00,194.64,-1.00,0.00,0,0
233.71,448.57,87.71,23.66,-135.97,480.20,0,0.00,0,0,0.00,0.00,192.50,-1.00,0.00,0,0
233.80,434.18,87.71,7.71,-143.72,485.23,0,0.00,0,0,0.00,0.00,191.42,-1.00,0.00,0,0
233.90,419.79,87.71,-7.85,-151.28,489.90,0,0.00,0,0,0.00,0.00,191.42,-1.00,0.00,0,0
234.00,405.40,87.71,-23.02,-158.65,494.22,0,0.00,0,0,0.00,0.00,192.50,-1.00,0.00,0,0
234.11,393.54,81.61,-37.82,-165.84,497.30,0,0.00,0,0,0.00,0.00,190.69,-1.00,-1.00,0,0
234.21,383.37,71.43,-52.24,-172.85,499.45,0,0.00,0,0,0.00,0.00,182.69,-1.00,-1.00,0,0
234.31,373.19,61.26,-66.32,-179.69,501.25,0,0.00,0,0,0.00,0.00,175.52,-1.00,-1.00,0,0
234.41,363.02,51.09,-80.04,-186.36,502.71,0,0.00,0,0,0.00,0.00,169.26,-1.00,-1.00,0,0
234.51,352.85,40.91,-93.42,-192.86,503.83,0,0.00,0,0,0.00,0.00,164.04,-1.00,-1.00,0,0
234.60,342.67,30.74,-105.86,-198.90,503.95,0,0.00,0,0,0.00,0.00,159.93,-1.00,-1.00,0,0
234.71,332.50,20.56,-117.98,-204.79,503.74,0,0.00,0,0,0.00,0.00,157.05,-1.00,-1.00,0,0
234.80,322.32,10.39,-129.74,-210.50,503.19,0,0.00,0,0,0.00,0.00,155.45,-1.00,-1.00,0,0
234.91,312.15,0.21,-141.16,-216.05,502.29,0,0.00,0,0,0.00,0.00,155.17,-1.00,-1.00,0,0
235.00,301.97,-9.96,-152.24,-221.44,501.08,0,0.00,0,0,0.00,0.00,156.22,-1.00,-1.00,0,0
235.10,291.80,-20.14,-163.00,-226.67,499.54,0,0.00,0,0,0.00,0.00,158.58,-1.00,-1.00,0,0
235.20,281.62,-30.31,-173.44,-231.74,497.69,0,0.00,0,0,0.00,0.00,162.19,-1.00,-1.00,0,0
235.30,271.45,-40.48,-183.56,-236.66,495.55,0,0.00,0,0,0.00,0.00,166.96,-1.00,-1.00,0,0
235.40,261.28,-50.66,-193.39,-241.43,493.11,0,0.00,0,0,0.00,0.00,158.68,-1.00,-1.00,0,0
235.50,251.10,-60.83,-202.92,-246.06,490.40,0,0.00,0,0,0.00,0.00,146.25,-1.00,-1.00,0,0
235.61,240.93,-71.01,-212.16,-250.55,487.41,0,0.00,0,0,0.00,0.00,134.22,-1.00,-1.00,0,0
235.70,230.75,-81.18,-221.12,-254.91,484.16,0,0.00,0,0,0.00,0.00,122.69,-1.00,-1.00,0,0
235.80,220.58,-91.36,-229.81,-259.13,480.67,0,0.00,0,0,0.00,0.00,111.83,-1.00,-1.00,0,0
235.91,210.40,-101.53,-238.23,-263.22,476.93,0,0.00,0,0,0.00,0.00,101.84,-1.00,-1.00,0,0
236.00,200.23,-111.70,-246.39,-267.18,472.95,0,0.00,0,0,0.00,0.00,93.02,-1.00,-1.00,0,0
236.10,190.06,-121.88,-254.29,-271.02,468.76,0,0.00,0,0,0.00,0.00,85.71,-1.00,-1.00,0,0
236.20,179.88,-132.05,-261.95,-274.75,464.35,0,0.00,0,0,0.00,0.00,80.34,-1.00,-1.00,0,0
236.30,166.34,-134.09,-269.36,-278.35,459.01,0,0.00,0,0,0.00,0.00,69.78,-1.00,0.00,0,0
236.40,151.95,-134.09,-276.54,-281.84,453.30,0,0.00,0,0,0.00,0.00,58.49,-1.00,0.00,0,0
236.50,137.56,-134.09,-283.49,-285.21,447.40,0,0.00,0,0,0.00,0.00,48.85,-1.00,0.00,0,0
236.60,123.17,-134.09,-290.22,-288.48,441.33,0,0.00,0,0,0.00,0.00,42.02,-1.00,0.00,0,0
236.70,108.78,-134.09,-296.73,-291.64,435.09,0,0.00,0,0,0.00,0.00,39.49,-1.00,0.00,0,0
236.80,94.39,-134.09,-303.02,-294.70,428.69,0,0.00,0,0,0.00,0.00,42.03,-1.00,0.00,0,0
236.90,80.00,-134.09,-309.11,-297.66,422.15,0,0.00,0,0,0.00,0.00,48.87,-1.00,0.00,0,0
237.00,65.61,-134.09,-314.99,-300.52,415.46,0,0.00,0,0,0.00,0.00,58.52,-1.00,0.00,0,0
237.11,51.23,-134.09,-320.68,-303.28,408.63,0,0.00,0,0,0.00,0.00,69.81,-1.00,0.00,0,0
237.20,36.84,-134.09,-326.17,-305.95,401.69,0,0.00,0,0,0.00,0.00,82.08,-1.00,0.00,0,0
237.30,22.45,-134.09,-331.48,-308.53,394.64,0,0.00,0,0,0.00,0.00,94.95,-1.00,0.00,0,0
237.40,8.06,-134.09,-336.66,-311.05,387.54,0,0.00,0,0,0.00,0.00,108.20,-1.00,0.00,0,0
237.50,-5.49,-132.05,-341.74,-313.52,382.15,0,0.00,0,0,0.00,0.00,120.27,-1.00,1.00,0,0
237.60,-15.66,-121.88,-346.72,-315.94,383.80,0,0.00,0,0,0.00,0.00,127.41,-1.00,1.00,0,0
237.70,-25.83,-111.70,-351.61,-318.31,385.82,0,0.00,0,0,0.00,0.00,135.72,-1.00,1.00,0,0
237.80,-36.85,-103.56,-356.40,-320.64,386.36,0,0.00,0,0,0.00,0.00,145.93,-1.00,0.00,0,0
237.90,-51.24,-103.56,-361.09,-322.92,379.69,0,0.00,0,0,0.00,0.00,160.29,-1.00,0.00,0,0
238.00,-65.63,-103.56,-365.69,-325.15,373.07,0,0.00,0,0,0.00,0.00,174.66,-1.00,0.00,0,0
238.10,-76.65,-111.70,-370.20,-327.35,364.31,0,0.00,0,0,0.00,0.00,186.23,-1.00,-1.00,0,0
238.20,-86.82,-121.88,-374.63,-329.49,354.94,0,0.00,0,0,0.00,0.00,197.51,-1.00,-1.00,0,0
238.30,-96.99,-132.05,-378.96,-331.60,345.50,0,0.00,0,0,0.00,0.00,209.18,-1.00,-1.00,0,0
238.40,-107.17,-142.23,-383.21,-333.67,336.00,0,0.00,0,0,0.00,0.00,221.16,-1.00,-1.00,0,0
238.50,-117.34,-152.40,-387.38,-335.69,326.43,0,0.00,0,0,0.00,0.00,233.41,-1.00,-1.00,0,0
238.60,-127.52,-162.58,-391.46,-337.68,316.81,0,0.00,0,0,0.00,0.00,245.90,-1.00,-1.00,0,0
238.70,-137.69,-172.75,-395.45,-339.61,307.12,0,0.00,0,0,0.00,0.00,258.58,-1.00,-1.00,0,0
238.81,-147.87,-182.92,-399.33,-341.50,297.37,0,0.00,0,0,0.00,0.00,271.44,-1.00,-1.00,0,0
238.90,-158.04,-193.10,-403.12,-343.34,287.56,0,0.00,0,0,0.00,0.00,284.44,-1.00,-1.00,0,0
239.01,-168.22,-203.27,-406.87,-345.16,277.74,0,0.00,0,0,0.00,0.00,297.57,-1.00,-1.00,0,0
239.10,-178.39,-213.45,-410.57,-346.96,267.93,0,0.00,0,0,0.00,0.00,310.81,-1.00,-1.00,0,0
239.20,-188.56,-223.62,-414.20,-348.72,258.10,0,0.00,0,0,0.00,0.00,324.15,-1.00,-1.00,0,0
239.30,-198.74,-233.80,-417.76,-350.45,248.26,0,0.00,0,0,0.00,0.00,337.57,-1.00,-1.00,0,0
239.40,-211.44,-237.87,-421.24,-352.15,239.02,0,0.00,0,0,0.00,0.00,350.83,-1.00,0.00,0,0
239.50,-225.83,-237.87,-424.66,-353.81,230.29,0,0.00,0,0,0.00,0.00,364.01,-1.00,0.00,0,0
239.60,-240.22,-237.87,-428.02,-355.44,221.69,0,0.00,0,0,0.00,0.00,377.28,-1.00,0.00,0,0
239.70,-254.61,-237.87,-431.30,-357.03,213.25,0,0.00,0,0,0.00,0.00,390.63,-1.00,0.00,0,0
239.80,-269.00,-237.87,-434.52,-358.60,205.01,0,0.00,0,0,0.00,0.00,404.05,-1.00,0.00,0,0
239.90,-283.38,-237.87,-437.68,-360.13,197.01,0,0.00,0,0,0.00,0.00,417.53,-1.00,0.00,0,0
240.00,-297.77,-237.87,-440.78,-361.64,189.27,0,0.00,0,0,0.00,0.00,431.08,-1.00,0.00,0,0
240.10,-312.16,-237.87,-443.81,-363.11,181.86,0,0.00,0,0,0.00,0.00,444.67,-1.00,0.00,0,0
240.20,-326.55,-237.87,-446.79,-364.56,174.82,0,0.00,0,0,0.00,0.00,458.32,-1.00,0.00,0,0
240.30,-340.94,-237.87,-449.71,-365.98,168.22,0,0.00,0,0,0.00,0.00,472.01,-1.00,0.00,0,0
240.40,-355.33,-237.87,-452.57,-367.37,162.11,0,0.00,0,0,0.00,0.00,485.74,-1.00,0.00,0,0
240.50,-369.72,-237.87,-455.37,-368.73,156.58,0,0.00,0,0,0.00,0.00,499.50,0.00,0.00,0,0
240.60,-361.08,-237.87,-458.12,-370.06,164.15,0,0.00,0,0,0.00,0.00,491.24,1.00,0.00,0,0
240.70,-346.69,-237.87,-460.81,-371.37,175.79,0,0.00,0,0,0.00,0.00,477.49,1.00,0.00,0,0
240.81,-352.45,-237.87,-462.41,-288.00,121.05,0,0.00,0,0,0.00,0.00,482.99,-1.00,0.00,0,0
240.90,-358.21,-237.87,-462.41,-288.00,115.82,0,0.00,0,0,0.00,0.00,488.49,1.00,0.00,0,0
241.00,-349.57,-237.87,-462.41,-288.00,123.65,0,0.00,0,0,0.00,0.00,480.24,-1.00,0.00,0,0
241.10,-361.08,-237.87,-462.41,-288.00,113.24,0,0.00,0,0,0.00,0.00,491.24,0.00,0.00,0,0
241.20,-361.08,-237.87,-462.41,-288.00,113.24,0,0.00,0,0,0.00,0.00,491.24,0.00,0.00,0,0
241.30,-372.59,-237.87,-462.41,-288.00,103.07,0,0.00,0,0,0.00,0.00,502.26,-1.00,0.00,0,0
241.40,-386.98,-237.87,-462.41,-288.00,90.81,0,0.00,0,0,0.00,0.00,516.07,-1.00,0.00,0,0
241.50,-401.37,-237.87,-462.41,-288.00,79.26,0,0.00,0,0,0.00,0.00,529.91,-1.00,0.00,0,0
241.60,-415.76,-237.87,-462.41,-288.00,68.80,0,0.00,0,0,0.00,0.00,543.77,-1.00,0.00,0,0
241.71,-430.15,-237.87,-462.41,-288.00,59.98,0,0.00,0,0,0.00,0.00,557.67,-1.00,-1.00,0,0
241.80,-440.32,-248.04,-462.41,-288.00,46.13,0,0.00,0,0,0.00,0.00,570.16,-1.00,-1.00,0,0
241.91,-453.03,-252.11,-462.41,-288.00,37.68,0,0.00,0,0,0.00,0.00,583.49,-1.00,0.00,0,0
242.00,-467.42,-252.11,-462.41,-288.00,36.84,0,0.00,0,0,0.00,0.00,597.36,0.00,0.00,0,0
242.10,-467.42,-252.11,-462.41,-288.00,36.84,0,0.00,0,0,0.00,0.00,597.36,0.00,0.00,0,0
242.20,-467.42,-252.11,-462.41,-288.00,36.84,0,0.00,0,0,0.00,0.00,597.36,0.00,0.00,0,0
242.30,-467.42,-252.11,-462.41,-288.00,36.84,0,0.00,0,0,0.00,0.00,597.36,0.00,0.00,0,0
242.41,-467.42,-260.74,-477.00,-272.46,15.13,1,0.00,0,0,0.00,0.00,599.69,0.00,0.00,0,0
242.50,-467.42,-260.74,-477.00,-272.46,15.13,1,0.00,0,0,0.00,0.00,599.69,0.00,0.00,0,0
242.60,-467.42,-260.74,-477.00,-272.46,15.13,1,0.00,0,0,0.00,0.00,599.69,0.00,0.00,0,0
242.70,-467.42,-260.74,-477.00,-272.46,15.13,1,0.00,0,0,0.00,0.00,599.69,0.00,0.00,0,0
242.80,-467.42,-254.99,-480.56,-262.49,15.13,1,0.00,0,0,0.00,0.00,598.12,0.00,1.00,0,0
242.90,-465.38,-241.44,-476.77,-231.48,15.13,1,0.00,0,0,0.00,0.00,592.66,1.00,1.00,0,0
243.00,-455.21,-231.27,-449.27,-217.35,15.13,1,0.00,0,0,0.00,0.00,580.33,1.00,1.00,0,0
243.10,-445.03,-221.09,-435.45,-209.38,15.13,1,0.00,0,0,0.00,0.00,568.09,1.00,1.00,0,0
243.20,-431.49,-219.06,-417.20,-214.07,15.13,1,0.00,0,0,0.00,0.00,554.44,1.00,0.00,0,0
243.31,-417.10,-219.06,-402.03,-217.69,15.13,1,0.00,0,0,0.00,0.00,540.42,1.00,0.00,0,0
243.40,-402.71,-219.06,-387.58,-218.67,15.13,1,0.00,0,0,0.00,0.00,526.43,1.00,0.00,0,0
243.50,-388.32,-219.06,-373.19,-218.94,15.13,1,0.00,0,0,0.00,0.00,512.46,1.00,0.00,0,0
243.61,-373.93,-219.06,-358.80,-219.03,15.13,1,0.00,0,0,0.00,0.00,498.52,1.00,0.00,0,0
243.70,-359.54,-219.06,-344.41,-219.05,15.13,1,0.00,0,0,0.00,0.00,484.60,1.00,0.00,0,0
243.80,-345.15,-219.06,-330.02,-219.06,15.13,1,0.00,0,0,0.00,0.00,470.71,1.00,0.00,0,0
243.90,-334.14,-210.92,-320.72,-203.91,15.13,1,0.00,0,0,0.00,0.00,457.96,1.00,1.00,0,0
244.01,-323.96,-200.74,-312.43,-190.95,15.13,1,0.00,0,0,0.00,0.00,445.59,1.00,1.00,0,0
244.10,-311.26,-196.68,-296.99,-191.64,15.13,1,0.00,0,0,0.00,0.00,432.28,1.00,0.00,0,0
244.20,-296.87,-196.68,-281.81,-195.22,15.13,1,0.00,0,0,0.00,0.00,418.32,1.00,0.00,0,0
244.30,-285.85,-188.54,-272.82,-180.85,15.13,1,0.00,0,0,0.00,0.00,405.68,1.00,1.00,0,0
244.40,-273.99,-182.43,-260.83,-174.96,15.13,1,0.00,0,0,0.00,0.00,392.74,1.00,0.00,0,0
244.50,-259.60,-182.43,-244.63,-180.24,15.13,1,0.00,0,0,0.00,0.00,378.73,1.00,0.00,0,0
244.60,-245.22,-182.43,-230.10,-181.81,15.13,1,0.00,0,0,0.00,0.00,364.75,1.00,0.00,0,0
244.70,-230.83,-182.43,-215.69,-182.25,15.13,1,0.00,0,0,0.00,0.00,350.80,1.00,0.00,0,0
244.80,-216.44,-182.43,-201.31,-182.38,15.13,1,0.00,0,0,0.00,0.00,336.89,1.00,0.00,0,0
244.90,-202.05,-182.43,-186.92,-182.42,15.13,1,0.00,0,0,0.00,0.00,323.02,1.00,0.00,0,0
245.00,-187.66,-182.43,-172.53,-182.43,15.13,1,0.00,0,0,0.00,0.00,309.20,1.00,0.00,0,0
245.10,-173.27,-182.43,-158.14,-182.43,15.13,1,0.00,0,0,0.00,0.00,295.43,1.00,0.00,0,0
245.21,-158.88,-182.43,-143.75,-182.43,15.13,1,0.00,0,0,0.00,0.00,281.72,1.00,0.00,0,0
245.31,-144.49,-182.43,-129.36,-182.43,15.13,1,0.00,0,0,0.00,0.00,268.09,1.00,0.00,0,0
245.40,-131.79,-178.36,-117.33,-173.90,15.13,1,0.00,0,0,0.00,0.00,254.76,1.00,1.00,0,0
245.50,-121.62,-168.19,-109.58,-159.02,15.13,1,0.00,0,0,0.00,0.00,241.88,1.00,1.00,0,0
245.60,-111.44,-158.01,-100.34,-147.73,15.13,1,0.00,0,0,0.00,0.00,229.19,1.00,1.00,0,0
245.71,-101.27,-147.84,-90.45,-137.25,15.13,1,0.00,0,0,0.00,0.00,216.71,1.00,1.00,0,0
245.80,-95.16,-135.98,-87.17,-123.13,15.13,1,0.00,0,0,0.00,0.00,208.12,0.00,1.00,0,0
245.91,-95.16,-121.59,-92.75,-106.65,15.13,1,0.00,0,0,0.00,0.00,205.74,0.00,1.00,0,0
246.00,-95.16,-107.20,-94.44,-92.09,15.13,1,0.00,0,0,0.00,0.00,204.35,0.00,1.00,0,0
246.10,-95.16,-92.81,-94.96,-77.68,15.13,1,0.00,0,0,0.00,0.00,195.42,0.00,1.00,0,0
246.20,-91.09,-80.11,-87.49,-65.41,15.13,1,0.00,0,0,0.00,0.00,183.19,1.00,1.00,0,0
246.30,-80.92,-69.93,-72.03,-57.69,15.13,1,0.00,0,0,0.00,0.00,177.01,1.00,0.00,0,0
246.40,-66.53,-69.93,-52.01,-65.66,15.13,1,0.00,0,0,0.00,0.00,177.06,1.00,0.00,0,0
246.50,-52.14,-69.93,-37.06,-68.68,15.13,1,0.00,0,0,0.00,0.00,162.82,1.00,0.00,0,0
246.60,-37.75,-69.93,-22.63,-69.57,15.13,1,0.00,0,0,0.00,0.00,148.62,1.00,0.00,0,0
246.70,-23.37,-69.93,-8.23,-69.83,15.13,1,0.00,0,0,0.00,0.00,134.45,1.00,0.00,0,0
246.80,-13.19,-59.76,-0.11,-52.16,15.13,1,0.00,0,0,0.00,0.00,126.87,1.00,1.00,0,0
246.90,-3.02,-49.59,8.46,-39.73,15.13,1,0.00,0,0,0.00,0.00,120.54,1.00,1.00,0,0
247.00,10.53,-47.55,25.14,-43.63,15.13,1,0.00,0,0,0.00,0.00,108.95,1.00,0.00,0,0
247.10,24.92,-47.55,40.01,-46.40,15.13,1,0.00,0,0,0.00,0.00,96.18,1.00,0.00,0,0
247.20,39.31,-47.55,54.44,-47.22,15.13,1,0.00,0,0,0.00,0.00,83.92,1.00,0.00,0,0
247.30,53.70,-47.55,68.83,-47.46,15.13,1,0.00,0,0,0.00,0.00,72.46,1.00,0.00,0,0
247.40,68.08,-47.55,83.22,-47.52,15.13,1,0.00,0,0,0.00,0.00,62.22,1.00,0.00,0,0
247.50,82.47,-47.55,97.61,-47.54,15.13,1,0.00,0,0,0.00,0.00,53.91,1.00,0.00,0,0
247.60,94.33,-41.45,108.28,-35.58,15.13,1,0.00,0,0,0.00,0.00,55.09,1.00,1.00,0,0
247.70,104.51,-31.27,116.28,-21.76,15.13,1,0.00,0,0,0.00,0.00,63.47,1.00,1.00,0,0
247.80,114.68,-21.10,125.71,-10.73,15.13,1,0.00,0,0,0.00,0.00,73.74,1.00,1.00,0,0
247.90,124.86,-10.92,135.65,-0.32,15.13,1,0.00,0,0,0.00,0.00,85.20,1.00,1.00,0,0
248.01,135.03,-0.75,145.76,9.92,15.13,1,0.00,0,0,0.00,0.00,97.45,1.00,1.00,0,0
248.10,145.20,9.42,155.91,20.12,15.13,1,0.00,0,0,0.00,0.00,110.21,0.00,1.00,0,0
248.20,145.20,23.81,148.92,38.48,15.13,1,0.00,0,0,0.00,0.00,123.88,0.00,1.00,0,0
248.30,145.20,38.20,146.25,53.30,15.13,1,0.00,0,0,0.00,0.00,137.70,0.00,1.00,0,0
248.40,151.31,50.06,156.94,64.11,15.13,1,0.00,0,0,0.00,0.00,150.78,1.00,1.00,0,0
248.50,161.48,60.24,170.89,72.09,15.13,1,0.00,0,0,0.00,0.00,163.55,1.00,1.00,0,0
248.60,173.34,66.34,186.62,73.60,15.13,1,0.00,0,0,0.00,0.00,173.40,1.00,0.00,0,0
248.70,187.73,66.34,202.71,68.48,15.13,1,0.00,0,0,0.00,0.00,179.26,1.00,0.00,0,0
248.80,202.12,66.34,217.24,66.96,15.13,1,0.00,0,0,0.00,0.00,186.04,1.00,0.00,0,0
248.91,216.51,66.34,231.64,66.52,15.13,1,0.00,0,0,0.00,0.00,193.66,1.00,-1.00,0,0
249.00,226.68,56.17,239.60,48.28,15.13,1,0.00,0,0,0.00,0.00,191.38,1.00,-1.00,0,0
249.10,236.86,45.99,248.26,36.05,15.13,1,0.00,0,0,0.00,0.00,190.17,1.00,-1.00,0,0
249.21,247.03,35.82,257.93,25.32,15.13,1,0.00,0,0,0.00,0.00,190.05,1.00,-1.00,0,0
249.30,251.10,23.12,257.07,9.21,15.13,1,0.00,0,0,0.00,0.00,184.68,0.00,-1.00,0,0
249.40,258.05,13.29,268.17,2.04,15.13,1,0.00,0,0,0.00,0.00,184.16,1.00,0.00,0,0
249.50,272.44,13.29,287.12,9.62,15.13,1,0.00,0,0,0.00,0.00,193.81,1.00,0.00,0,0
249.60,284.30,19.39,298.61,24.31,15.13,1,0.00,0,0,0.00,0.00,188.65,1.00,1.00,0,0
249.70,288.37,32.10,295.83,45.26,15.13,1,0.00,0,0,0.00,0.00,194.48,0.00,1.00,0,0
249.80,288.37,46.49,290.62,61.45,15.13,1,0.00,0,0,0.00,0.00,204.98,0.00,1.00,0,0
249.90,288.37,60.88,289.01,75.99,15.13,1,0.00,0,0,0.00,0.00,215.94,0.00,1.00,0,0
250.00,288.37,75.26,288.56,90.40,15.13,1,0.00,0,0,0.00,0.00,227.27,1.00,1.00,0,0
250.10,298.54,85.44,306.41,98.36,15.13,1,0.00,0,0,0.00,0.00,229.74,1.00,0.00,0,0
250.20,312.93,85.44,327.32,90.14,15.13,1,0.00,0,0,0.00,0.00,222.16,1.00,0.00,0,0
250.31,327.32,85.44,342.40,86.76,15.13,0,0.00,0,0,0.00,0.00,215.27,1.00,0.00,0,0
250.40,341.71,85.44,362.02,88.49,20.54,0,0.00,0,0,0.00,0.00,209.15,1.00,0.00,0,0
250.50,347.46,85.44,381.16,90.18,34.03,0,0.00,0,0,0.00,0.00,206.93,0.00,0.00,0,0
250.60,347.46,85.44,399.83,91.82,52.75,0,0.00,0,0,0.00,0.00,206.93,0.00,0.00,0,0
250.70,347.46,85.44,418.03,93.42,71.02,0,0.00,0,0,0.00,0.00,206.93,0.00,0.00,0,0
250.80,347.46,85.44,435.79,94.98,88.85,0,0.00,0,0,0.00,0.00,206.93,0.00,0.00,0,0
250.90,347.46,85.44,453.10,96.51,106.23,0,0.00,0,0,0.00,0.00,206.93,0.00,0.00,0,0
251.00,347.46,85.44,469.99,97.99,123.19,0,0.00,0,0,0.00,0.00,206.93,0.00,0.00,0,0
251.10,347.46,85.44,486.46,99.44,139.73,0,0.00,0,0,0.00,0.00,206.93,0.00,0.00,0,0
251.20,347.46,85.44,502.52,100.86,155.86,0,0.00,0,0,0.00,0.00,206.93,0.00,0.00,0,0
251.30,347.46,85.44,518.18,102.24,171.60,0,0.00,0,0,0.00,0.00,206.93,0.00,0.00,0,0
251.41,347.46,85.44,533.45,103.58,186.95,0,0.00,0,0,0.00,0.00,206.93,0.00,0.00,0,0
251.50,347.46,85.44,548.35,104.89,201.93,0,0.00,0,0,0.00,0.00,206.93,0.00,0.00,0,0
251.60,347.46,85.44,562.33,106.12,215.96,0,0.00,0,0,0.00,0.00,206.93,0.00,0.00,0,0
251.70,347.46,85.44,575.83,107.31,229.50,0,0.00,0,0,0.00,0.00,206.93,0.00,0.00,0,0
251.80,347.46,85.44,588.93,108.46,242.65,0,0.00,0,0,0.00,0.00,206.93,0.00,0.00,0,0
251.90,347.46,85.44,601.65,109.58,255.42,0,0.00,0,0,0.00,0.00,206.93,0.00,0.00,0,0
252.00,347.46,85.44,614.00,110.67,267.81,0,0.00,0,0,0.00,0.00,206.93,0.00,0.00,0,0
252.10,347.46,85.44,625.99,111.72,279.84,0,0.00,0,0,0.00,0.00,206.93,0.00,0.00,0,0
252.20,347.46,85.44,637.62,112.75,291.51,0,0.00,0,0,0.00,0.00,206.93,0.00,0.00,0,0
252.30,347.46,85.44,648.90,113.74,302.83,0,0.00,0,0,0.00,0.00,206.93,0.00,0.00,0,0
252.41,39.00,287.00,659.85,114.70,644.35,0,0.00,0,0,0.00,0.00,101.32,0.00,0.00,0,0
252.50,39.00,287.00,670.47,115.64,654.34,0,0.00,0,0,0.00,0.00,101.32,0.00,0.00,0,0
252.60,39.00,287.00,669.81,116.31,653.52,0,0.00,0,0,0.00,0.00,101.32,0.00,0.00,0,0
252.70,39.00,287.00,669.81,116.97,653.34,0,0.00,0,0,0.00,0.00,101.32,0.00,0.00,0,0
252.80,39.00,287.00,669.81,117.61,653.17,0,0.00,0,0,0.00,0.00,101.32,0.00,0.00,0,0
252.90,39.00,275.49,669.81,118.23,650.13,0,0.00,0,0,0.00,0.00,101.06,0.00,-1.00,0,0
253.00,39.00,261.10,669.81,118.84,646.66,0,0.00,0,0,0.00,0.00,102.57,0.00,-1.00,0,0
253.10,39.00,246.71,669.81,119.44,643.53,0,0.00,0,0,0.00,0.00,106.04,0.00,-1.00,0,0
253.20,39.00,232.32,669.81,120.02,640.73,0,0.00,0,0,0.00,0.00,111.26,0.00,-1.00,0,0
253.30,39.00,217.93,669.81,120.58,638.28,0,0.00,0,0,0.00,0.00,118.03,0.00,-1.00,0,0
253.41,47.14,206.92,59.00,80.60,127.03,0,0.00,0,0,0.00,0.00,117.55,1.00,-1.00,0,0
253.50,57.31,196.74,59.00,80.60,116.34,0,0.00,0,0,0.00,0.00,116.63,1.00,-1.00,0,0
253.60,67.49,186.57,59.00,80.60,106.51,0,0.00,0,0,0.00,0.00,117.48,0.00,-1.00,0,0
253.70,65.45,173.02,59.00,80.60,92.88,0,0.00,0,0,0.00,0.00,129.57,-1.00,-1.00,0,0
253.80,55.28,162.85,59.00,80.60,82.60,0,0.00,0,0,0.00,0.00,143.77,-1.00,-1.00,0,0
253.90,51.21,151.83,59.00,80.60,71.96,0,0.00,0,0,0.00,0.00,155.10,1.00,-1.00,0,0
254.00,61.38,141.66,59.00,80.60,61.46,0,0.00,0,0,0.00,0.00,158.25,1.00,-1.00,0,0
254.10,71.56,131.48,59.00,80.60,52.83,0,0.00,0,0,0.00,0.00,162.62,1.00,-1.00,0,0
254.20,67.49,120.47,59.00,80.60,41.30,0,0.00,0,0,0.00,0.00,174.33,-1.00,-1.00,0,0
254.30,57.31,110.29,48.91,97.71,15.13,1,0.00,0,0,0.00,0.00,187.88,-1.00,-1.00,0,0
254.40,47.14,100.12,37.04,88.85,15.13,1,0.00,0,0,0.00,0.00,201.55,-1.00,-1.00,0,0
254.50,36.97,89.94,26.44,79.07,15.13,1,0.00,0,0,0.00,0.00,198.03,-1.00,-1.00,0,0
254.60,41.03,78.93,40.61,63.80,15.13,1,0.00,0,0,0.00,0.00,186.29,1.00,-1.00,0,0
254.70,51.21,68.75,59.45,56.06,15.13,1,0.00,0,0,0.00,0.00,173.21,1.00,-1.00,0,0
254.80,61.38,58.58,71.43,47.26,15.13,1,0.00,0,0,0.00,0.00,160.35,1.00,-1.00,0,0
254.90,74.09,54.51,87.47,47.44,15.13,1,0.00,0,0,0.00,0.00,153.09,1.00,0.00,0,0
255.01,88.48,54.51,103.46,52.39,15.13,1,0.00,0,0,0.00,0.00,150.49,1.00,0.00,0,0
255.10,101.18,58.58,115.73,62.72,15.13,1,0.00,0,0,0.00,0.00,153.37,1.00,1.00,0,0
255.20,111.35,68.75,123.51,77.76,15.13,1,0.00,0,0,0.00,0.00,163.37,1.00,1.00,0,0
255.30,121.53,78.93,132.64,89.20,15.13,1,0.00,0,0,0.00,0.00,173.99,1.00,1.00,0,0
255.40,134.23,82.99,148.06,89.13,15.13,1,0.00,0,0,0.00,0.00,179.41,1.00,0.00,0,0
255.50,148.62,82.99,163.66,84.68,15.13,1,0.00,0,0,0.00,0.00,182.00,1.00,0.00,0,0
255.60,160.48,76.89,174.48,71.15,15.13,1,0.00,0,0,0.00,0.00,179.11,1.00,-1.00,0,0
255.70,170.65,66.72,182.52,57.32,15.13,1,0.00,0,0,0.00,0.00,172.77,1.00,-1.00,0,0
255.80,180.83,56.54,191.89,46.21,15.13,1,0.00,0,0,0.00,0.00,167.43,1.00,-1.00,0,0
255.91,193.53,52.47,207.70,47.15,15.13,1,0.00,0,0,0.00,0.00,165.81,1.00,0.00,0,0
256.01,207.92,52.47,222.98,51.00,15.13,1,0.00,0,0,0.00,0.00,160.84,1.00,1.00,0,0
256.10,218.09,62.65,231.16,70.28,15.13,1,0.00,0,0,0.00,0.00,169.21,1.00,1.00,0,0
256.20,222.16,75.35,229.08,88.81,15.13,1,0.00,0,0,0.00,0.00,158.45,0.00,1.00,0,0
256.30,216.06,87.21,212.33,101.87,15.13,1,0.00,0,0,0.00,0.00,142.02,-1.00,1.00,0,0
256.40,205.88,97.38,196.98,109.62,15.13,1,0.00,0,0,0.00,0.00,128.15,-1.00,1.00,0,0
256.50,211.99,107.56,215.22,122.34,15.13,1,0.00,0,0,0.00,0.00,111.24,1.00,1.00,0,0
256.60,224.69,111.63,237.23,120.11,15.13,1,0.00,0,0,0.00,0.00,101.05,1.00,0.00,0,0
256.70,239.08,111.63,253.98,114.26,15.13,1,0.00,0,0,0.00,0.00,98.42,1.00,0.00,0,0
256.80,251.78,107.56,266.39,103.59,15.13,1,0.00,0,0,0.00,0.00,103.00,1.00,-1.00,0,0
256.90,259.92,96.54,271.45,86.74,15.13,1,0.00,0,0,0.00,0.00,114.19,0.00,-1.00,0,0
257.00,259.92,82.15,263.64,67.48,15.13,1,0.00,0,0,0.00,0.00,125.05,1.00,-1.00,0,0
257.10,270.10,71.98,279.02,59.76,15.13,1,0.00,0,0,0.00,0.00,137.32,1.00,-1.00,0,0
257.20,283.64,69.94,297.67,64.27,15.13,1,0.00,0,0,0.00,0.00,145.97,1.00,0.00,0,0
257.30,298.03,69.94,313.08,68.37,15.13,1,0.00,0,0,0.00,0.00,155.63,1.00,0.00,0,0
257.41,308.21,80.12,321.58,87.21,15.13,1,0.00,0,0,0.00,0.00,157.68,1.00,1.00,0,0
257.50,318.38,90.29,329.96,100.03,15.13,1,0.00,0,0,0.00,0.00,162.60,1.00,1.00,0,0
257.60,331.08,94.36,344.94,100.44,15.13,1,0.00,0,0,0.00,0.00,174.81,1.00,0.00,0,0
257.70,345.47,94.36,360.50,96.16,15.13,1,0.00,0,0,0.00,0.00,191.30,1.00,0.00,0,0
257.80,356.49,86.22,370.39,80.24,15.13,1,0.00,0,0,0.00,0.00,204.47,1.00,-1.00,0,0
257.90,366.66,76.05,378.48,66.59,15.13,1,0.00,0,0,0.00,0.00,191.58,1.00,0.00,0,0
258.00,381.05,76.05,396.83,64.48,19.56,0,0.00,0,0,0.00,0.00,187.72,1.00,0.00,0,0
258.10,395.44,76.05,414.37,56.17,27.45,0,0.00,0,0,0.00,0.00,184.89,1.00,0.00,0,0
258.20,406.95,76.05,431.47,48.06,37.21,0,0.00,0,0,0.00,0.00,183.42,0.00,0.00,0,0
258.30,406.95,76.05,448.15,40.16,54.64,0,0.00,0,0,0.00,0.00,183.42,0.00,0.00,0,0
258.40,406.95,70.29,464.42,32.45,68.82,0,0.00,0,0,0.00,0.00,177.69,0.00,-1.00,0,0
258.50,406.95,55.90,480.29,24.93,79.62,0,0.00,0,0,0.00,0.00,163.38,0.00,-1.00,0,0
258.61,406.95,41.51,495.76,17.60,92.00,0,0.00,0,0,0.00,0.00,149.09,0.00,-1.00,0,0
258.70,406.95,27.13,510.85,10.45,105.26,0,0.00,0,0,0.00,0.00,134.81,0.00,-1.00,0,0
258.80,406.95,12.74,525.57,3.48,119.03,0,0.00,0,0,0.00,0.00,120.57,0.00,-1.00,0,0
258.91,406.95,-1.65,539.92,-3.33,133.05,0,0.00,0,0,0.00,0.00,106.36,1.00,-1.00,0,0
259.00,417.13,-11.83,553.92,-9.96,136.90,0,0.00,0,0,0.00,0.00,94.98,1.00,-1.00,0,0
259.10,427.30,-22.00,567.57,-16.43,140.51,0,0.00,0,0,0.00,0.00,84.54,1.00,-1.00,0,0
259.21,425.27,-33.86,580.62,-22.61,155.90,0,0.00,0,0,0.00,0.00,72.64,-1.00,-1.00,0,0
259.30,415.09,-44.03,593.00,-28.48,178.71,0,0.00,0,0,0.00,0.00,63.22,-1.00,-1.00,0,0
259.41,406.95,-55.05,605.03,-34.18,199.29,0,0.00,0,0,0.00,0.00,54.46,1.00,-1.00,0,0
259.50,417.13,-65.23,616.71,-39.71,201.32,0,0.00,0,0,0.00,0.00,41.98,1.00,-1.00,0,0
259.60,430.67,-67.26,628.05,-45.09,198.73,0,0.00,0,0,0.00,0.00,39.68,1.00,0.00,0,0
259.70,436.43,-67.26,639.05,-50.30,203.44,0,0.00,0,0,0.00,0.00,40.93,0.00,0.00,0,0
259.80,436.43,-67.26,649.73,-55.36,213.73,0,0.00,0,0,0.00,0.00,40.93,0.00,0.00,0,0
259.90,436.43,-67.26,660.09,-60.27,223.87,0,0.00,0,0,0.00,0.00,40.93,0.00,0.00,0,0
260.00,436.43,-67.26,670.14,-65.03,233.82,0,0.00,0,0,0.00,0.00,40.93,0.00,0.00,0,0
260.10,436.43,-67.26,679.89,-69.65,243.57,0,0.00,0,0,0.00,0.00,40.93,0.00,0.00,0,0
260.20,436.43,-67.26,689.35,-74.14,253.10,0,0.00,0,0,0.00,0.00,40.93,0.00,0.00,0,0
260.30,436.43,-67.26,698.52,-78.48,262.42,0,0.00,0,0,0.00,0.00,40.93,0.00,0.00,0,0
260.40,436.43,-67.26,707.42,-82.70,271.51,0,0.00,0,0,0.00,0.00,40.93,0.00,0.00,0,0
260.51,436.43,-67.26,716.03,-86.78,280.37,0,0.00,0,0,0.00,0.00,40.93,0.00,0.00,0,0
260.60,436.43,-67.26,724.42,-90.75,289.03,0,0.00,0,0,0.00,0.00,40.93,0.00,0.00,0,0
260.70,436.43,-67.26,732.60,-94.63,297.51,0,0.00,0,0,0.00,0.00,40.93,0.00,0.00,0,0
260.80,436.43,-67.26,740.57,-98.41,305.82,0,0.00,0,0,0.00,0.00,40.93,0.00,0.00,0,0
260.90,436.43,-67.26,748.32,-102.08,313.91,0,0.00,0,0,0.00,0.00,40.93,0.00,0.00,0,0
261.00,436.43,-67.26,751.09,-105.03,316.99,0,0.00,0,0,0.00,0.00,40.93,0.00,0.00,0,0
261.10,436.43,-67.26,751.09,-107.53,317.28,0,0.00,0,0,0.00,0.00,40.93,0.00,0.00,0,0
261.20,436.43,-67.26,751.09,-109.98,317.59,0,0.00,0,0,0.00,0.00,40.93,0.00,0.00,0,0
261.30,436.43,-67.26,751.09,-112.36,317.91,0,0.00,0,0,0.00,0.00,40.93,0.00,0.00,0,0
261.40,436.43,-67.26,751.09,-114.69,318.24,0,0.00,0,0,0.00,0.00,40.93,0.00,0.00,0,0
261.50,436.43,-67.26,751.09,-116.96,318.58,0,0.00,0,0,0.00,0.00,40.93,0.00,0.00,0,0
