PosX,PosZ,OrientacionX,OrientacionZ,TienePelota,PosPelotaX,PosPelotaZ,DistPelota,TienePelotaEquipo,DistPorteriaContraria,DistPorteriaPropia,PuntuacionPropia,PuntuacionContraria,DistPelotaPorteriaPropia,DistAliadoCercano,DistEnemigoCercano,Aliado1PosX,Aliado1PosZ,Aliado1DirX,Aliado1DirZ,Aliado2PosX,Aliado2PosZ,Aliado2DirX,Aliado2DirZ,Aliado3PosX,Aliado3PosZ,Aliado3DirX,Aliado3DirZ,Enemigo1PosX,Enemigo1PosZ,Enemigo1DirX,Enemigo1DirZ,Enemigo2PosX,Enemigo2PosZ,Enemigo2DirX,Enemigo2DirZ,Enemigo3PosX,Enemigo3PosZ,Enemigo3DirX,Enemigo3DirZ,InputX,InputZ,Disparo,Pase
39.000,287.000,0.897,0.443,0,59.000,80.600,207.473,0,657.619,622.354,0,0,589.171,124.004,101.316,-85.000,286.000,0.000,0.000,-85.000,286.000,0.000,0.000,-296.000,285.000,0.000,0.000,140.000,279.000,0.000,0.000,140.000,279.000,0.000,0.000,290.700,275.300,0.000,0.000,0.000,0.000,0,0
39.000,287.000,0.897,0.443,0,59.000,80.600,207.473,0,657.619,622.354,0,0,589.171,124.004,101.316,-85.000,286.000,0.927,0.374,-85.000,286.000,0.927,0.374,-296.000,285.000,0.000,0.000,140.000,279.000,0.000,0.000,140.000,279.000,0.000,0.000,290.700,275.300,-0.371,-0.929,0.000,0.000,0,0
39.000,287.000,0.897,0.443,0,59.000,80.600,207.473,0,657.619,622.354,0,0,589.171,122.668,101.316,-83.667,286.538,0.927,0.374,-83.667,286.538,0.927,0.374,-296.000,285.000,0.000,0.000,140.000,279.000,0.000,0.000,140.000,279.000,0.000,0.000,290.167,273.965,-0.371,-0.929,0.000,0.000,0,0
39.000,287.000,0.897,0.443,0,59.000,80.600,207.473,0,657.619,622.354,0,0,589.171,121.333,101.316,-82.333,287.076,0.927,0.374,-82.333,287.076,0.927,0.374,-296.000,285.000,0.000,0.000,140.000,279.000,0.000,0.000,140.000,279.000,0.000,0.000,289.633,272.630,-0.371,-0.929,0.000,0.000,0,0
39.000,287.000,0.897,0.443,0,59.000,80.600,207.473,0,657.619,622.354,0,0,589.171,120.002,101.316,-81.000,287.614,0.927,0.374,-81.000,287.614,0.927,0.374,-296.000,285.000,0.000,0.000,140.000,279.000,0.000,0.000,140.000,279.000,0.000,0.000,289.100,271.295,-0.371,-0.929,0.000,0.000,0,0
39.000,287.000,0.897,0.443,0,59.000,80.600,207.473,0,657.619,622.354,0,0,589.171,118.672,101.316,-79.667,288.152,0.927,0.374,-79.667,288.152,0.927,0.374,-296.000,285.000,0.000,0.000,140.000,279.000,0.000,0.000,140.000,279.000,0.000,0.000,288.567,269.959,-0.371,-0.929,0.000,0.000,0,0
39.000,287.000,0.897,0.443,0,59.000,80.600,207.473,0,657.619,622.354,0,0,589.171,117.346,101.316,-78.333,288.689,0.927,0.374,-78.333,288.689,0.927,0.374,-296.000,285.000,0.000,0.000,140.000,279.000,0.000,0.000,140.000,279.000,0.000,0.000,288.033,268.624,-0.371,-0.929,0.000,0.000,0,0
39.000,287.000,0.897,0.443,0,59.000,80.600,207.473,0,657.619,622.354,0,0,589.171,114.700,101.316,-75.667,289.765,0.927,0.374,-75.667,289.765,0.927,0.374,-296.000,285.000,0.000,0.000,140.000,279.000,0.000,0.000,140.000,279.000,0.000,0.000,286.966,265.954,-0.371,-0.929,0.000,0.000,0,0
39.000,287.000,0.897,0.443,0,59.000,80.600,207.473,0,657.619,622.354,0,0,589.171,106.835,101.316,-67.667,292.992,0.927,0.374,-67.667,292.992,0.927,0.374,-296.000,285.000,0.000,0.000,140.000,279.000,0.000,0.000,140.000,279.000,0.000,0.000,283.766,257.943,-0.371,-0.929,0.000,0.000,0,0
39.000,281.245,0.661,0.751,0,59.000,80.600,201.748,0,656.338,620.007,0,0,589.171,101.037,101.025,-61.000,295.682,0.927,0.374,-61.000,295.682,0.927,0.374,-296.000,285.000,0.000,0.000,140.000,279.000,0.000,0.000,140.000,279.000,0.000,0.000,281.099,251.268,-0.371,-0.929,0.000,-1.000,0,0
39.000,269.734,-0.285,0.958,0,59.000,80.600,190.304,0,653.921,615.450,0,0,589.171,98.749,101.424,-55.667,297.833,0.927,0.374,-55.667,297.833,0.927,0.374,-296.000,285.000,0.000,0.000,140.000,279.000,0.000,0.000,140.000,279.000,0.000,0.000,278.966,245.927,-0.371,-0.929,0.000,-1.000,0,0
39.000,255.345,-1.000,0.027,0,59.000,80.600,176.011,0,651.172,610.010,0,0,589.171,98.919,103.733,-49.000,300.523,0.927,0.374,-49.000,300.523,0.927,0.374,-296.000,285.000,0.000,0.000,140.000,279.000,0.000,0.000,140.000,279.000,0.000,0.000,276.299,239.251,-0.371,-0.929,0.000,-1.000,0,0
39.000,238.078,-0.081,-0.997,0,59.000,80.600,158.882,0,648.281,603.871,0,0,589.171,103.503,108.975,-41.000,303.750,0.927,0.374,-41.000,303.750,0.927,0.374,-65.081,-60.594,0.040,0.999,140.000,279.000,0.000,0.000,140.000,279.000,0.000,0.000,273.098,231.241,-0.371,-0.929,0.000,-1.000,0,0
39.000,223.690,-0.013,-1.000,0,59.000,80.600,144.633,0,646.213,599.087,0,0,589.171,110.568,115.153,-34.334,306.439,0.927,0.374,-34.334,306.439,0.927,0.374,-64.790,-53.411,0.040,0.999,140.000,279.000,0.000,0.000,140.000,279.000,0.000,0.000,270.431,224.565,-0.371,-0.929,0.000,-1.000,0,0
39.000,209.301,-0.004,-1.000,0,59.000,80.600,130.415,0,644.461,594.612,0,0,589.171,120.042,122.715,-27.667,309.129,0.927,0.374,-27.667,309.129,0.927,0.374,-64.499,-46.228,0.040,0.999,140.000,279.000,0.000,0.000,140.000,279.000,0.000,0.000,267.764,217.889,-0.371,-0.929,0.000,-1.000,0,0
39.000,197.790,-0.001,-1.000,0,59.000,80.600,119.069,0,643.288,591.261,0,0,589.171,129.003,129.600,-22.334,311.280,0.927,0.374,-22.334,311.280,0.927,0.374,-64.266,-40.482,0.040,0.999,140.000,279.000,0.000,0.000,140.000,279.000,0.000,0.000,265.631,212.549,-0.371,-0.929,0.000,-1.000,0,0
39.000,183.402,0.000,-1.000,0,59.000,80.600,104.939,0,642.108,587.362,0,0,589.171,141.550,139.069,-15.667,313.969,0.927,0.374,-15.667,313.969,0.927,0.374,-63.975,-33.299,0.040,0.999,140.000,279.000,0.000,0.000,140.000,279.000,0.000,0.000,262.964,205.873,-0.371,-0.929,0.000,-1.000,0,0
39.000,169.013,0.000,-1.000,0,59.000,80.600,90.889,0,641.249,583.791,0,0,589.171,155.253,149.326,-9.000,316.659,0.927,0.374,-9.000,316.659,0.927,0.374,-63.685,-26.116,0.040,0.999,140.000,279.000,0.000,0.000,140.000,279.000,0.000,0.000,260.297,199.197,-0.371,-0.929,0.000,-1.000,0,0
50.017,157.996,0.583,-0.812,0,59.000,80.600,78.197,0,629.800,592.035,0,0,589.171,169.739,150.794,-1.000,319.886,0.927,0.374,-1.000,319.886,0.927,0.374,-63.336,-17.497,0.040,0.999,140.000,279.000,0.000,0.000,140.000,279.000,0.000,0.000,257.097,191.187,-0.371,-0.929,1.000,0.000,0,0
61.528,157.996,0.947,-0.320,0,59.000,80.600,77.720,0,618.299,603.278,0,0,589.171,173.727,144.222,4.333,322.037,0.927,0.374,4.333,322.037,0.927,0.374,-63.103,-11.751,0.040,0.999,140.000,279.000,0.000,0.000,140.000,279.000,0.000,0.000,254.963,185.846,-0.371,-0.929,1.000,-1.000,0,0
71.703,147.821,0.805,-0.594,0,59.000,80.600,68.732,0,607.882,611.197,0,0,589.171,187.031,147.893,10.999,324.727,0.927,0.374,10.999,324.727,0.927,0.374,-62.812,-4.568,0.040,0.999,140.000,279.000,0.000,0.000,140.000,279.000,0.000,0.000,252.296,179.171,-0.371,-0.929,0.000,-1.000,0,0
69.668,134.276,0.055,-0.999,0,59.000,80.600,55.126,0,609.846,606.746,0,0,589.171,186.570,160.909,-62.521,2.615,0.040,0.999,-62.521,2.615,0.040,0.999,17.666,327.416,0.927,0.374,140.000,279.000,0.000,0.000,140.000,279.000,0.000,0.000,249.629,172.495,-0.371,-0.929,-1.000,-1.000,0,0
57.458,122.066,-0.566,-0.824,0,59.000,80.600,42.022,0,622.242,592.723,0,0,589.171,163.080,177.317,-62.172,11.234,0.040,0.999,-62.172,11.234,0.040,0.999,25.666,330.643,0.927,0.374,140.000,279.000,0.000,0.000,140.000,279.000,0.000,0.000,246.429,164.484,-0.371,-0.929,0.000,-1.000,0,0
57.458,107.678,-0.171,-0.985,1,54.877,92.766,15.133,1,622.775,590.681,0,0,586.363,149.028,190.170,-61.881,18.417,0.040,0.999,-61.881,18.417,0.040,0.999,44.000,-93.000,0.000,0.000,140.000,279.000,0.000,0.000,140.000,279.000,0.000,0.000,243.762,157.809,-0.371,-0.929,0.000,-1.000,0,0
57.458,93.289,-0.047,-0.999,1,56.740,78.173,15.133,1,623.638,588.984,0,0,586.859,136.947,192.531,-61.591,25.600,0.040,0.999,-61.591,25.600,0.040,0.999,44.000,-93.000,0.000,0.000,241.095,151.133,-0.371,-0.929,241.095,151.133,-0.371,-0.929,108.800,-94.600,0.000,0.000,0.000,-1.000,0,0
57.458,78.900,-0.014,-1.000,1,57.248,63.768,15.133,1,624.833,587.634,0,0,586.382,127.398,180.601,-61.300,32.783,0.040,0.999,-61.300,32.783,0.040,0.999,44.000,-93.000,0.000,0.000,152.750,-74.515,-0.988,0.152,152.750,-74.515,-0.988,0.152,108.800,-94.600,0.000,0.000,0.000,-1.000,0,0
48.825,76.022,-0.618,-0.787,1,39.480,64.119,15.133,1,633.700,578.802,0,0,568.670,116.112,179.024,-61.067,38.529,0.040,0.999,-61.067,38.529,0.040,0.999,44.000,-93.000,0.000,0.000,147.066,-73.638,-0.988,0.152,147.066,-73.638,-0.988,0.152,108.800,-94.600,0.000,0.000,-1.000,0.000,0,0
31.559,76.022,-0.985,-0.175,0,15.943,71.243,16.331,0,650.880,561.596,0,0,545.664,96.689,182.897,-60.718,47.148,0.000,0.000,-60.718,47.148,0.000,0.000,44.000,-93.000,0.000,0.000,138.541,-72.322,-0.988,0.152,138.541,-72.322,-0.988,0.152,108.800,-94.600,0.000,0.000,-1.000,0.000,0,1
17.170,76.022,-0.999,-0.051,0,-2.658,65.053,22.660,0,665.201,547.261,0,0,526.684,80.572,186.384,-60.427,54.331,0.000,0.000,-60.427,54.331,0.000,0.000,44.000,-93.000,0.000,0.000,131.436,-71.226,-0.988,0.152,131.436,-71.226,-0.988,0.152,108.800,-94.600,0.000,0.000,-1.000,0.000,0,0
5.659,76.022,-1.000,-0.018,0,-17.206,60.212,27.800,0,676.660,535.795,0,0,511.870,67.757,189.333,-60.195,60.077,0.000,0.000,-60.195,60.077,0.000,0.000,44.000,-93.000,0.000,0.000,125.753,-70.349,-0.988,0.152,125.753,-70.349,-0.988,0.152,108.800,-94.600,0.000,0.000,-1.000,0.000,0,0
-2.974,76.022,-1.000,-0.008,0,-59.292,82.381,56.675,1,685.255,527.197,0,0,471.790,57.600,189.465,-59.904,67.260,0.000,0.000,-59.904,67.260,0.000,0.000,44.000,-93.000,0.000,0.000,118.648,-69.253,-0.988,0.152,118.648,-69.253,-0.988,0.152,108.800,-94.600,0.000,0.000,0.000,0.000,0,0
-2.974,87.533,-0.653,0.757,0,-59.001,89.564,56.064,1,684.312,528.306,0,0,472.916,58.132,193.271,-59.613,74.443,0.000,0.000,-59.613,74.443,0.000,0.000,44.000,-93.000,0.000,0.000,111.544,-68.157,-0.988,0.152,111.544,-68.157,-0.988,0.152,108.800,-94.600,0.000,0.000,0.000,1.000,0,0
3.131,99.393,0.244,0.970,0,-58.710,96.746,61.897,1,677.448,535.760,0,0,474.148,64.931,194.860,-59.322,81.626,0.000,0.000,-59.322,81.626,0.000,0.000,44.000,-93.000,0.000,0.000,104.439,-67.061,-0.988,0.152,104.439,-67.061,-0.988,0.152,220.293,99.063,-0.371,-0.929,1.000,0.000,0,0
17.519,99.393,0.935,0.354,0,-58.419,103.929,76.074,1,663.087,550.028,0,0,475.486,77.279,183.613,-59.032,88.808,0.000,0.000,-59.032,88.808,0.000,0.000,44.000,-93.000,0.000,0.000,97.334,-65.964,-0.988,0.152,97.334,-65.964,-0.988,0.152,217.626,92.387,-0.371,-0.929,1.000,0.000,0,0
31.065,101.428,0.980,0.197,0,-58.129,111.112,89.718,1,649.451,563.716,0,0,476.929,89.970,176.508,-58.741,95.991,0.000,0.000,-58.741,95.991,0.000,0.000,44.000,-93.000,0.000,0.000,90.230,-64.868,-0.988,0.152,90.230,-64.868,-0.988,0.152,214.959,85.711,-0.371,-0.929,1.000,1.000,0,0
35.135,115.323,0.415,0.910,0,-57.780,119.731,93.019,1,644.753,569.645,0,0,478.796,94.138,180.587,-58.392,104.610,0.000,0.000,-58.392,104.610,0.000,0.000,44.000,-93.000,0.000,0.000,211.759,77.700,-0.371,-0.929,211.759,77.700,-0.371,-0.929,81.704,-63.553,-0.988,0.152,-1.000,1.000,0,0
26.995,123.463,-0.350,0.937,0,-57.547,125.477,84.566,1,652.654,562.881,0,0,480.124,86.157,189.645,-58.159,110.356,0.000,0.000,-58.159,110.356,0.000,0.000,44.000,-93.000,0.000,0.000,209.625,72.360,-0.371,-0.929,209.625,72.360,-0.371,-0.929,140.000,279.000,0.000,0.000,-1.000,1.000,0,0
24.960,137.009,-0.217,0.976,0,-57.256,132.660,82.332,1,654.530,563.269,0,0,481.874,85.086,182.745,-57.868,117.539,0.000,0.000,-57.868,117.539,0.000,0.000,44.000,-93.000,0.000,0.000,140.000,279.000,0.000,0.000,140.000,279.000,0.000,0.000,206.958,65.684,-0.371,-0.929,0.000,1.000,0,0
16.821,148.026,-0.479,0.878,0,-56.659,147.404,73.483,0,662.743,557.491,0,0,485.780,77.963,179.798,-57.578,124.722,0.000,0.000,-57.578,124.722,0.000,0.000,44.000,-93.000,0.000,0.000,140.000,279.000,0.000,0.000,140.000,279.000,0.000,0.000,204.291,59.009,-0.371,-0.929,-1.000,1.000,1,0
6.647,158.200,-0.649,0.761,0,-55.874,166.796,63.109,0,673.144,549.818,0,0,491.542,69.130,179.933,-57.287,131.905,0.000,0.000,-57.287,131.905,0.000,0.000,44.000,-93.000,0.000,0.000,140.000,279.000,0.000,0.000,140.000,279.000,0.000,0.000,201.625,52.333,-0.371,-0.929,-1.000,1.000,0,0
-3.528,168.374,-0.691,0.723,0,-55.109,185.708,54.417,0,683.689,542.419,0,0,497.824,60.964,181.213,-56.996,139.087,0.000,0.000,-56.996,139.087,0.000,0.000,144.329,378.515,0.927,0.374,140.000,279.000,0.000,0.000,140.000,279.000,0.000,0.000,47.603,-58.291,-0.988,0.152,-1.000,1.000,0,0
-13.702,178.549,-0.703,0.711,0,-54.362,204.152,48.054,0,694.372,535.304,0,0,504.556,53.770,183.616,-56.705,146.270,0.000,0.000,-56.705,146.270,0.000,0.000,150.996,381.204,0.927,0.374,140.000,279.000,0.000,0.000,140.000,279.000,0.000,0.000,40.498,-57.195,-0.988,0.152,-1.000,1.000,0,0
-23.876,188.723,-0.706,0.708,0,-53.634,222.139,44.757,0,705.186,528.485,0,0,511.676,47.987,187.097,-56.415,153.453,0.000,0.000,-56.415,153.453,0.000,0.000,157.662,383.894,0.927,0.374,140.000,279.000,0.000,0.000,140.000,279.000,0.000,0.000,33.394,-56.099,-0.988,0.152,-1.000,1.000,0,0
-34.051,198.897,-0.707,0.707,0,-52.924,239.682,44.965,0,716.127,521.974,0,0,519.124,44.173,191.599,-56.124,160.635,0.000,0.000,-56.124,160.635,0.000,0.000,155.571,379.811,-0.595,-0.803,140.000,279.000,0.000,0.000,140.000,279.000,0.000,0.000,26.290,-55.003,-0.988,0.152,-1.000,1.000,0,0
-44.225,211.950,-0.577,0.816,0,-52.095,260.160,48.898,0,727.475,516.783,0,0,528.422,44.230,196.048,-55.775,169.254,0.000,0.000,-55.775,169.254,0.000,0.000,150.435,372.880,-0.595,-0.803,140.000,279.000,0.000,0.000,140.000,279.000,0.000,0.000,17.764,-53.687,-0.988,0.152,0.000,1.000,0,0
-44.225,223.460,-0.211,0.978,0,-51.556,273.474,50.621,0,728.737,520.928,0,0,534.800,49.764,192.415,-55.542,175.000,0.000,0.000,-55.542,175.000,0.000,0.000,147.011,368.259,-0.595,-0.803,140.000,279.000,0.000,0.000,140.000,279.000,0.000,0.000,12.081,-52.810,-0.988,0.152,0.000,1.000,0,0
-44.225,237.849,-0.059,0.998,0,-50.897,289.746,52.437,0,730.566,526.416,0,0,542.936,56.748,188.765,-55.251,182.183,0.000,0.000,-55.251,182.183,0.000,0.000,142.732,362.483,-0.595,-0.803,140.000,279.000,0.000,0.000,140.000,279.000,0.000,0.000,4.977,-51.714,-0.988,0.152,0.000,1.000,0,0
-44.225,252.238,-0.017,1.000,0,-50.254,305.615,53.885,0,732.673,532.237,0,0,551.218,63.783,186.159,-54.961,189.365,0.040,0.999,-54.961,189.365,0.040,0.999,138.452,356.707,-0.595,-0.803,140.000,279.000,0.000,0.000,140.000,279.000,0.000,0.000,-2.128,-50.618,-0.988,0.152,0.000,1.000,0,0
-44.225,266.626,-0.005,1.000,0,-49.628,321.091,54.972,0,735.056,538.380,0,0,559.610,70.853,184.640,-54.670,196.548,0.040,0.999,-54.670,196.548,0.040,0.999,134.172,350.931,-0.595,-0.803,140.000,279.000,0.000,0.000,140.000,279.000,0.000,0.000,-9.232,-49.522,-0.988,0.152,0.000,1.000,0,0
-44.225,283.893,-0.001,1.000,0,-48.896,339.158,55.817,0,738.275,546.161,0,0,569.783,79.372,184.290,-54.321,205.166,0.040,0.999,-54.321,205.166,0.040,0.999,129.036,344.000,-0.595,-0.803,140.000,279.000,0.000,0.000,140.000,279.000,0.000,0.000,-10.462,-51.933,0.703,-0.711,0.000,1.000,0,0
-44.225,298.282,0.000,1.000,0,-48.320,353.386,55.653,0,741.255,552.973,0,0,578.077,96.154,185.231,-50.417,202.327,0.669,-0.743,-50.417,202.327,0.669,-0.743,124.757,338.224,-0.595,-0.803,140.000,279.000,0.000,0.000,140.000,279.000,0.000,0.000,-5.410,-57.046,0.703,-0.711,0.000,1.000,0,0
-44.225,312.670,0.000,1.000,0,-47.769,367.001,54.849,0,744.501,560.072,0,0,586.233,115.696,187.277,-45.609,196.982,0.669,-0.743,-45.609,196.982,0.669,-0.743,120.477,332.448,-0.595,-0.803,140.000,279.000,0.000,0.000,140.000,279.000,0.000,0.000,-0.357,-62.160,0.703,-0.711,0.000,1.000,0,0
-44.225,324.181,0.000,1.000,0,-47.340,377.609,53.928,0,747.286,565.951,0,0,592.726,131.498,189.685,-41.763,192.707,0.669,-0.743,-41.763,192.707,0.669,-0.743,117.053,327.827,-0.595,-0.803,140.000,279.000,0.000,0.000,140.000,279.000,0.000,0.000,3.685,-66.251,0.703,-0.711,0.000,1.000,0,0
-44.225,338.570,0.000,1.000,0,-46.817,390.521,52.436,0,751.003,573.539,0,0,600.789,151.383,193.617,-36.955,187.362,0.669,-0.743,-36.955,187.362,0.669,-0.743,112.774,322.052,-0.595,-0.803,140.000,279.000,0.000,0.000,140.000,279.000,0.000,0.000,8.737,-71.364,0.703,-0.711,0.000,1.000,0,0
-44.225,352.959,0.000,1.000,0,-46.310,403.055,50.576,0,754.975,581.385,0,0,608.776,157.063,198.516,108.494,316.276,-0.595,-0.803,108.494,316.276,-0.595,-0.803,-32.148,182.018,0.669,-0.743,140.000,279.000,0.000,0.000,140.000,279.000,0.000,0.000,13.790,-76.478,0.703,-0.711,0.000,1.000,0,0
-44.225,367.348,0.000,1.000,0,-45.817,415.221,48.357,0,759.199,589.477,0,0,616.674,158.953,204.314,104.214,310.500,-0.595,-0.803,104.214,310.500,-0.595,-0.803,-27.340,176.673,0.669,-0.743,140.000,279.000,0.000,0.000,140.000,279.000,0.000,0.000,18.842,-81.591,0.703,-0.711,0.000,1.000,0,0
-44.225,381.736,0.000,1.000,0,-45.339,427.028,45.789,0,763.670,597.806,0,0,624.470,163.441,210.935,99.935,304.724,-0.595,-0.803,99.935,304.724,-0.595,-0.803,-22.532,171.329,0.669,-0.743,140.000,279.000,0.000,0.000,140.000,279.000,0.000,0.000,23.895,-86.705,0.703,-0.711,0.000,1.000,0,0
-44.225,399.003,0.000,1.000,0,-44.784,440.735,42.260,0,769.358,608.100,0,0,633.676,171.963,219.863,94.799,297.793,-0.595,-0.803,94.799,297.793,-0.595,-0.803,-16.763,164.915,0.669,-0.743,140.000,279.000,0.000,0.000,140.000,279.000,0.000,0.000,427.000,279.000,0.000,0.000,0.000,1.000,0,0
-44.225,410.514,0.000,1.000,0,-44.425,449.601,39.646,0,773.340,615.136,0,0,639.717,179.323,226.351,91.375,293.172,-0.595,-0.803,91.375,293.172,-0.595,-0.803,-12.917,160.640,0.669,-0.743,140.000,279.000,0.000,0.000,140.000,279.000,0.000,0.000,427.000,279.000,0.000,0.000,0.000,1.000,0,0
-44.225,424.903,0.000,1.000,0,-43.989,460.383,36.096,0,778.529,624.119,0,0,647.152,190.140,235.003,87.096,287.396,-0.595,-0.803,87.096,287.396,-0.595,-0.803,-8.109,155.295,0.669,-0.743,140.000,279.000,0.000,0.000,140.000,279.000,0.000,0.000,427.000,279.000,0.000,0.000,0.000,1.000,0,0
-44.225,439.291,0.000,1.000,1,-44.225,454.424,15.133,1,783.947,633.300,0,0,643.163,202.484,244.197,82.816,281.620,-0.595,-0.803,82.816,281.620,-0.595,-0.803,-3.302,149.951,0.669,-0.743,140.000,279.000,0.000,0.000,140.000,279.000,0.000,0.000,427.000,279.000,0.000,0.000,0.000,1.000,0,0
-50.330,451.151,-0.433,0.901,1,-56.888,464.790,15.133,1,794.187,636.418,0,0,640.667,217.575,256.635,78.536,275.844,-0.595,-0.803,78.536,275.844,-0.595,-0.803,-296.000,285.000,0.000,0.000,140.000,279.000,0.000,0.000,140.000,279.000,0.000,0.000,427.000,279.000,0.000,0.000,-1.000,1.000,0,0
-63.033,455.221,-0.894,0.448,1,-76.563,461.998,15.133,1,807.464,629.675,0,0,624.411,230.499,268.842,74.257,270.068,-0.595,-0.803,74.257,270.068,-0.595,-0.803,-296.000,285.000,0.000,0.000,140.000,279.000,0.000,0.000,140.000,279.000,0.000,0.000,427.000,279.000,0.000,0.000,-1.000,0.000,0,0
-74.893,449.117,-0.966,-0.257,1,-89.518,445.228,15.133,1,816.033,616.814,0,0,603.475,234.834,274.078,69.977,264.292,-0.595,-0.803,69.977,264.292,-0.595,-0.803,-296.000,285.000,0.000,0.000,140.000,279.000,0.000,0.000,140.000,279.000,0.000,0.000,427.000,279.000,0.000,0.000,-1.000,-1.000,0,0
-85.067,438.942,-0.796,-0.605,1,-97.115,429.784,15.133,1,821.664,602.442,0,0,587.383,235.124,276.110,65.697,258.517,-0.595,-0.803,65.697,258.517,-0.595,-0.803,-296.000,285.000,0.000,0.000,140.000,279.000,0.000,0.000,140.000,279.000,0.000,0.000,427.000,279.000,0.000,0.000,-1.000,-1.000,0,0
-97.276,426.733,-0.729,-0.684,1,-108.316,416.382,15.133,1,828.700,585.196,0,0,570.069,235.775,279.509,60.562,251.585,-0.595,-0.803,60.562,251.585,-0.595,-0.803,-296.000,285.000,0.000,0.000,140.000,279.000,0.000,0.000,140.000,279.000,0.000,0.000,427.000,279.000,0.000,0.000,-1.000,-1.000,0,0
-107.451,416.559,-0.713,-0.701,1,-118.246,405.954,15.133,1,834.791,570.826,0,0,555.708,229.910,283.115,-296.000,285.000,0.000,0.000,-296.000,285.000,0.000,0.000,56.282,245.809,-0.595,-0.803,140.000,279.000,0.000,0.000,140.000,279.000,0.000,0.000,427.000,279.000,0.000,0.000,-1.000,-1.000,0,0
-115.590,408.420,-0.709,-0.705,0,-126.324,397.751,15.133,0,839.809,559.331,0,0,544.217,218.587,286.489,-296.000,285.000,0.000,0.000,-296.000,285.000,0.000,0.000,52.858,241.189,-0.595,-0.803,140.000,279.000,0.000,0.000,140.000,279.000,0.000,0.000,108.800,-94.600,0.000,0.000,-1.000,-1.000,1,0
-127.800,396.210,-0.708,-0.707,0,-143.050,381.126,21.451,0,847.574,542.089,0,0,520.663,201.641,292.327,-296.000,285.000,0.000,0.000,-296.000,285.000,0.000,0.000,47.723,234.257,-0.595,-0.803,140.000,279.000,0.000,0.000,140.000,279.000,0.000,0.000,108.800,-94.600,0.000,0.000,-1.000,-1.000,0,0
-129.835,385.542,-0.394,-0.919,0,-153.925,370.317,28.499,0,846.329,533.437,0,0,505.349,194.216,290.107,-296.000,285.000,0.000,0.000,-296.000,285.000,0.000,0.000,44.299,229.637,-0.595,-0.803,140.000,279.000,0.000,0.000,140.000,279.000,0.000,0.000,108.800,-94.600,0.000,0.000,1.000,-1.000,0,0
-119.660,375.368,0.445,-0.896,0,-167.216,357.107,50.943,0,833.652,534.460,0,0,486.631,198.147,276.966,-296.000,285.000,0.000,0.000,-296.000,285.000,0.000,0.000,40.019,223.861,-0.595,-0.803,140.000,279.000,0.000,0.000,140.000,279.000,0.000,0.000,108.800,-94.600,0.000,0.000,1.000,-1.000,0,0
-109.486,365.194,0.658,-0.753,0,-180.177,344.224,73.740,0,821.032,535.868,0,0,468.376,203.024,263.955,-296.000,285.000,0.000,0.000,-296.000,285.000,0.000,0.000,35.739,218.085,-0.595,-0.803,140.000,279.000,0.000,0.000,140.000,279.000,0.000,0.000,108.800,-94.600,0.000,0.000,1.000,-1.000,0,0
-99.311,355.020,0.694,-0.720,0,-192.818,331.660,96.388,0,808.470,537.657,0,0,450.571,193.565,251.095,31.460,212.309,-0.595,-0.803,31.460,212.309,-0.595,-0.803,-296.000,285.000,0.000,0.000,140.000,279.000,0.000,0.000,140.000,279.000,0.000,0.000,108.800,-94.600,0.000,0.000,1.000,-1.000,0,0
-89.137,344.845,0.703,-0.711,0,-205.146,319.407,118.778,0,795.971,539.824,0,0,433.206,180.721,238.410,27.180,206.533,-0.595,-0.803,27.180,206.533,-0.595,-0.803,-296.000,285.000,0.000,0.000,140.000,279.000,0.000,0.000,140.000,279.000,0.000,0.000,108.800,-94.600,0.000,0.000,1.000,-1.000,0,0
-78.962,334.671,0.706,-0.708,0,-217.168,307.457,140.879,0,783.536,542.365,0,0,416.269,168.253,225.929,22.900,200.757,-0.595,-0.803,22.900,200.757,-0.595,-0.803,-296.000,285.000,0.000,0.000,140.000,279.000,0.000,0.000,140.000,279.000,0.000,0.000,108.800,-94.600,0.000,0.000,1.000,-1.000,0,0
-68.788,324.497,0.707,-0.707,0,-228.893,295.803,162.684,0,771.169,545.273,0,0,399.750,156.252,213.688,18.621,194.981,-0.595,-0.803,18.621,194.981,-0.595,-0.803,-296.000,285.000,0.000,0.000,140.000,279.000,0.000,0.000,140.000,279.000,0.000,0.000,108.800,-94.600,0.000,0.000,0.000,-1.000,0,0
-76.928,310.602,-0.316,-0.949,0,-242.581,282.198,168.117,0,775.857,530.987,0,0,380.466,152.294,219.217,13.485,188.050,-0.595,-0.803,13.485,188.050,-0.595,-0.803,-296.000,285.000,0.000,0.000,140.000,279.000,0.000,0.000,140.000,279.000,0.000,0.000,108.800,-94.600,0.000,0.000,-1.000,-1.000,0,0
-85.067,302.462,-0.587,-0.810,0,-251.480,273.352,169.002,0,782.039,519.792,0,0,367.928,152.376,226.287,10.061,183.429,-0.595,-0.803,10.061,183.429,-0.595,-0.803,-296.000,285.000,0.000,0.000,140.000,279.000,0.000,0.000,140.000,279.000,0.000,0.000,61.391,-113.177,-0.587,0.810,-1.000,-1.000,0,0
-95.241,292.288,-0.675,-0.738,0,-262.356,262.542,169.831,0,789.935,505.818,0,0,352.604,152.797,235.616,5.782,177.653,-0.595,-0.803,5.782,177.653,-0.595,-0.803,-296.000,285.000,0.000,0.000,140.000,279.000,0.000,0.000,140.000,279.000,0.000,0.000,57.173,-107.357,-0.587,0.810,-1.000,-1.000,0,0
-93.207,280.428,0.059,-0.998,0,-272.963,252.000,182.106,0,785.702,501.555,0,0,337.661,144.059,233.211,1.502,171.877,-0.595,-0.803,1.502,171.877,-0.595,-0.803,-296.000,285.000,0.000,0.000,140.000,279.000,0.000,0.000,140.000,279.000,0.000,0.000,52.954,-101.536,-0.587,0.810,1.000,-1.000,0,0
-87.102,268.567,0.278,-0.961,0,-282.918,242.105,197.707,0,777.621,501.123,0,0,323.660,132.703,227.341,-2.778,166.101,-0.595,-0.803,-2.778,166.101,-0.595,-0.803,-296.000,285.000,0.000,0.000,140.000,279.000,0.000,0.000,140.000,279.000,0.000,0.000,48.735,-95.715,-0.587,0.810,-1.000,-1.000,0,0
-97.276,258.393,-0.444,-0.896,0,-292.526,232.555,197.064,0,786.026,487.364,0,0,310.155,133.255,238.169,-7.057,160.325,-0.595,-0.803,-7.057,160.325,-0.595,-0.803,-296.000,285.000,0.000,0.000,140.000,279.000,0.000,0.000,140.000,279.000,0.000,0.000,44.517,-89.895,-0.587,0.810,-1.000,-1.000,0,0
-107.451,248.219,-0.636,-0.772,0,-301.855,223.282,196.110,0,794.603,473.642,0,0,297.044,134.208,249.358,-11.337,154.549,-0.595,-0.803,-11.337,154.549,-0.595,-0.803,-296.000,285.000,0.000,0.000,140.000,279.000,0.000,0.000,140.000,279.000,0.000,0.000,40.298,-84.074,-0.587,0.810,-1.000,-1.000,0,0
-117.625,238.044,-0.689,-0.725,0,-310.913,214.280,194.856,0,803.347,459.961,0,0,284.321,135.555,260.860,-15.617,148.773,-0.595,-0.803,-15.617,148.773,-0.595,-0.803,-296.000,285.000,0.000,0.000,140.000,279.000,0.000,0.000,140.000,279.000,0.000,0.000,36.079,-78.253,-0.587,0.810,-1.000,-1.000,0,0
-129.834,225.835,-0.703,-0.711,0,-321.432,203.825,192.972,0,814.051,443.603,0,0,269.548,137.672,275.022,-20.752,141.842,-0.595,-0.803,-20.752,141.842,-0.595,-0.803,-296.000,285.000,0.000,0.000,140.000,279.000,0.000,0.000,140.000,279.000,0.000,0.000,31.017,-71.269,-0.587,0.810,-1.000,-1.000,0,0
-138.817,219.730,-0.772,-0.636,0,-328.238,197.060,190.889,0,822.349,432.861,0,0,259.994,141.245,285.047,-24.176,137.221,-0.595,-0.803,-24.176,137.221,-0.595,-0.803,-296.000,285.000,0.000,0.000,140.000,279.000,0.000,0.000,140.000,279.000,0.000,0.000,27.642,-66.612,-0.587,0.810,-1.000,0.000,0,0
-153.205,219.730,-0.981,-0.192,0,-336.519,188.829,186.018,0,836.665,419.971,0,0,248.374,152.829,299.136,-28.456,131.445,-0.595,-0.803,-28.456,131.445,-0.595,-0.803,-296.000,285.000,0.000,0.000,140.000,279.000,0.000,0.000,140.000,279.000,0.000,0.000,23.423,-60.792,-0.587,0.810,-1.000,0.000,0,0
-170.472,219.730,-0.999,-0.045,0,-346.132,179.274,180.381,0,853.848,404.637,0,0,234.892,141.483,316.078,-296.000,285.000,0.000,0.000,-296.000,285.000,0.000,0.000,-33.592,124.514,-0.595,-0.803,140.000,279.000,0.000,0.000,140.000,279.000,0.000,0.000,18.361,-53.807,-0.587,0.810,-1.000,0.000,0,0
-181.982,219.730,-1.000,-0.015,0,-352.348,173.095,176.758,0,865.304,394.503,0,0,226.177,131.378,327.392,-296.000,285.000,0.000,0.000,-296.000,285.000,0.000,0.000,-37.015,119.893,-0.595,-0.803,140.000,279.000,0.000,0.000,140.000,279.000,0.000,0.000,14.986,-49.150,-0.587,0.810,-1.000,0.000,0,0
-193.000,211.591,-0.873,-0.487,0,-359.909,165.580,173.262,0,875.548,380.949,0,0,215.584,126.483,326.352,-296.000,285.000,0.000,0.000,-296.000,285.000,0.000,0.000,-41.295,114.117,-0.595,-0.803,10.767,-43.330,-0.587,0.810,10.767,-43.330,-0.587,0.810,140.000,279.000,0.000,0.000,-1.000,-1.000,0,0
-203.174,201.417,-0.764,-0.646,0,-367.242,158.292,169.770,0,884.897,367.200,0,0,205.317,124.911,317.913,-296.000,285.000,0.000,0.000,-296.000,285.000,0.000,0.000,-45.575,108.341,-0.595,-0.803,6.548,-37.509,-0.587,0.810,6.548,-37.509,-0.587,0.810,140.000,279.000,0.000,0.000,-1.000,-1.000,0,0
-213.348,191.242,-0.723,-0.691,0,-374.352,151.225,166.034,0,894.379,353.501,0,0,195.369,124.987,310.185,-296.000,285.000,0.000,0.000,-296.000,285.000,0.000,0.000,-49.854,102.565,-0.595,-0.803,2.330,-31.688,-0.587,0.810,2.330,-31.688,-0.587,0.810,140.000,279.000,0.000,0.000,-1.000,-1.000,0,0
-223.523,181.068,-0.712,-0.702,0,-381.244,144.374,162.070,0,903.991,339.860,0,0,185.733,126.708,303.222,-296.000,285.000,0.000,0.000,-296.000,285.000,0.000,0.000,-54.134,96.789,-0.595,-0.803,-1.889,-25.868,-0.587,0.810,-1.889,-25.868,-0.587,0.810,140.000,279.000,0.000,0.000,-1.000,-1.000,0,0
-233.697,170.893,-0.708,-0.706,0,-387.925,137.734,157.892,0,913.729,326.283,0,0,176.401,130.008,297.078,-296.000,285.000,0.000,0.000,-296.000,285.000,0.000,0.000,-58.414,91.014,-0.595,-0.803,-6.108,-20.047,-0.587,0.810,-6.108,-20.047,-0.587,0.810,140.000,279.000,0.000,0.000,-1.000,-1.000,0,0
-243.871,160.719,-0.707,-0.707,0,-394.400,131.298,153.520,0,923.588,312.778,0,0,167.367,134.771,291.803,-296.000,285.000,0.000,0.000,-296.000,285.000,0.000,0.000,-409.771,70.596,0.226,0.974,-10.326,-14.226,-0.587,0.810,-10.326,-14.226,-0.587,0.810,37.067,-107.524,-0.524,0.851,-1.000,-1.000,0,0
-254.046,150.545,-0.707,-0.707,0,-400.673,125.063,148.973,0,933.564,299.356,0,0,158.625,140.849,287.447,-296.000,285.000,0.000,0.000,-296.000,285.000,0.000,0.000,-408.149,77.599,0.226,0.974,-14.545,-8.406,-0.587,0.810,-14.545,-8.406,-0.587,0.810,33.297,-101.403,-0.524,0.851,-1.000,-1.000,0,0
-266.255,138.336,-0.707,-0.707,0,-407.942,117.838,143.316,0,945.686,283.374,0,0,148.510,149.412,283.490,-406.203,86.003,0.226,0.974,-296.000,285.000,0.000,0.000,-296.000,285.000,0.000,0.000,-19.607,-1.421,-0.587,0.810,-19.607,-1.421,-0.587,0.810,28.772,-94.058,-0.524,0.851,-1.000,-1.000,0,0
-274.394,130.196,-0.707,-0.707,0,-412.635,113.173,139.443,0,953.856,272.806,0,0,141.989,136.097,281.650,-404.905,91.606,0.226,0.974,-296.000,285.000,0.000,0.000,-296.000,285.000,0.000,0.000,-22.982,3.236,-0.587,0.810,-22.982,3.236,-0.587,0.810,25.756,-89.162,-0.524,0.851,-1.000,-1.000,0,0
-284.569,120.022,-0.707,-0.707,0,-389.714,105.309,106.170,1,964.163,259.710,0,0,157.821,120.630,280.270,-403.283,98.609,0.226,0.974,-296.000,285.000,0.000,0.000,-296.000,285.000,0.000,0.000,-27.201,9.056,-0.587,0.810,-27.201,9.056,-0.587,0.810,21.986,-83.041,-0.524,0.851,-1.000,-1.000,0,0
-296.778,107.813,-0.707,-0.707,0,-387.768,113.713,91.181,1,976.669,244.186,0,0,163.618,104.562,279.982,-401.337,107.013,0.226,0.974,-296.000,285.000,0.000,0.000,-296.000,285.000,0.000,0.000,-32.264,16.041,-0.587,0.810,-32.264,16.041,-0.587,0.810,17.461,-75.697,-0.524,0.851,-1.000,-1.000,0,0
-306.953,97.638,-0.707,-0.707,0,-386.146,120.716,82.487,1,987.200,231.439,0,0,168.634,94.198,280.885,-399.715,114.017,0.226,0.974,-296.000,285.000,0.000,0.000,-296.000,285.000,0.000,0.000,-36.482,21.862,-0.587,0.810,-36.482,21.862,-0.587,0.810,13.691,-69.576,-0.524,0.851,-1.000,-1.000,0,0
-306.953,86.621,-0.228,-0.974,0,-384.524,127.719,87.786,1,987.710,228.505,0,0,173.802,97.416,272.697,-398.093,121.020,0.226,0.974,-296.000,285.000,0.000,0.000,-296.000,285.000,0.000,0.000,-40.701,27.682,-0.587,0.810,-40.701,27.682,-0.587,0.810,9.921,-63.455,-0.524,0.851,1.000,-1.000,0,0
-292.564,86.621,0.862,-0.507,0,-384.348,120.533,97.849,1,973.343,242.452,0,0,170.052,108.811,251.486,-397.918,113.833,0.024,-1.000,-296.000,285.000,0.000,0.000,-296.000,285.000,0.000,0.000,-47.619,29.637,-0.964,0.264,-47.619,29.637,-0.964,0.264,6.150,-57.335,-0.524,0.851,1.000,0.000,0,0
-282.739,90.691,0.989,0.149,0,-384.207,114.784,104.290,1,963.325,252.935,0,0,167.214,116.346,237.167,-397.777,108.084,0.024,-1.000,-296.000,285.000,0.000,0.000,-296.000,285.000,0.000,0.000,-53.180,31.103,-0.970,0.245,-53.180,31.103,-0.970,0.245,3.134,-52.438,-0.524,0.851,1.000,1.000,0,0
-272.564,100.865,0.831,0.556,0,-384.031,107.597,111.670,1,952.714,265.312,0,0,163.882,125.037,223.038,-397.601,100.898,0.024,-1.000,-296.000,285.000,0.000,0.000,-296.000,285.000,0.000,0.000,-60.163,32.807,-0.974,0.225,-60.163,32.807,-0.974,0.225,-0.636,-46.317,-0.524,0.851,1.000,1.000,0,0
-262.390,111.039,0.745,0.667,0,-383.855,100.410,121.930,1,942.204,277.883,0,0,160.802,136.143,209.727,-397.425,93.711,0.024,-1.000,-296.000,285.000,0.000,0.000,-296.000,285.000,0.000,0.000,-67.181,34.365,-0.979,0.204,-67.181,34.365,-0.979,0.204,-4.406,-40.197,-0.524,0.851,1.000,1.000,0,0
-250.530,117.144,0.884,0.468,0,-383.679,93.224,135.281,1,930.195,290.991,0,0,157.989,149.880,194.172,-397.249,86.524,0.024,-1.000,-86.214,104.943,-0.999,-0.039,-86.214,104.943,-0.999,-0.039,-74.231,35.771,-0.983,0.183,-74.231,35.771,-0.983,0.183,-8.177,-34.076,-0.524,0.851,1.000,0.000,0,0
-233.263,117.144,0.994,0.113,0,-383.468,84.600,153.690,1,912.935,307.499,0,0,154.987,139.011,170.422,-94.829,104.499,-0.998,-0.064,-94.829,104.499,-0.998,-0.064,-397.038,77.901,0.024,-1.000,-82.729,37.250,-0.987,0.160,-82.729,37.250,-0.987,0.160,-12.701,-26.731,-0.524,0.851,1.000,0.000,0,0
-221.752,117.144,0.999,0.037,0,-383.328,78.851,166.051,1,901.429,318.549,0,0,153.223,121.894,155.003,-100.563,104.060,-0.996,-0.089,-100.563,104.060,-0.996,-0.089,-396.897,72.151,0.024,-1.000,-88.416,38.104,-0.991,0.137,-88.416,38.104,-0.991,0.137,-15.717,-21.835,-0.524,0.851,0.000,0.000,0,0
-221.752,117.144,0.999,0.037,0,-383.117,70.227,168.046,1,901.429,318.549,0,0,150.949,113.470,147.131,-109.144,103.184,-0.993,-0.114,-109.144,103.184,-0.993,-0.114,-396.686,63.527,0.024,-1.000,-96.975,39.181,-0.994,0.113,-96.975,39.181,-0.994,0.113,-20.242,-14.490,-0.524,0.851,0.000,0.000,0,0
-221.752,117.144,0.999,0.037,0,-382.976,64.478,169.608,1,901.429,318.549,0,0,149.691,107.909,141.996,-114.848,102.453,-0.990,-0.140,-114.848,102.453,-0.990,-0.140,-296.000,285.000,0.000,0.000,-102.697,39.759,-0.996,0.088,-102.697,39.759,-0.996,0.088,-23.258,-9.594,-0.524,0.851,0.000,0.000,0,0
-221.752,117.144,0.999,0.037,0,-382.800,57.291,171.810,1,901.429,318.549,0,0,148.417,101.037,135.726,-121.955,101.369,-0.986,-0.167,-121.955,101.369,-0.986,-0.167,-296.000,285.000,0.000,0.000,-109.864,40.317,-0.998,0.062,-109.864,40.317,-0.998,0.062,-27.028,-3.473,-0.524,0.851,0.000,0.000,0,0
-221.752,117.144,0.999,0.037,0,-382.589,48.667,174.807,1,901.429,318.549,0,0,147.336,92.942,128.465,-130.440,99.816,-0.981,-0.193,-130.440,99.816,-0.981,-0.193,-296.000,285.000,0.000,0.000,-118.479,40.738,-0.999,0.035,-118.479,40.738,-0.999,0.035,-31.553,3.872,-0.524,0.851,0.000,0.000,0,0
-221.752,117.144,0.999,0.037,0,-382.448,42.918,177.010,1,901.429,318.549,0,0,146.894,87.664,123.813,-136.066,98.626,-0.975,-0.221,-136.066,98.626,-0.975,-0.221,-296.000,285.000,0.000,0.000,-124.229,40.863,-1.000,0.008,-124.229,40.863,-1.000,0.008,-34.569,8.768,-0.524,0.851,0.000,0.000,0,0
-221.752,117.144,0.999,0.037,0,-382.272,35.732,179.985,1,901.429,318.549,0,0,146.656,81.239,118.249,-143.060,96.962,-0.969,-0.248,-143.060,96.962,-0.969,-0.248,-296.000,285.000,0.000,0.000,-131.417,40.839,-1.000,-0.020,-131.417,40.839,-1.000,-0.020,-38.339,14.889,-0.524,0.851,0.000,0.000,0,0
-221.752,117.144,0.999,0.037,0,-382.061,27.108,183.862,1,901.429,318.549,0,0,146.835,73.859,112.007,-151.385,94.704,-0.961,-0.276,-151.385,94.704,-0.961,-0.276,-296.000,285.000,0.000,0.000,-140.038,40.538,-0.999,-0.049,-140.038,40.538,-0.999,-0.049,-42.863,22.234,-0.524,0.851,0.000,0.000,0,0
-221.752,111.389,0.911,-0.413,0,-381.920,21.358,183.737,1,901.580,317.039,0,0,147.235,67.409,104.137,-156.889,93.039,-0.953,-0.304,-156.889,93.039,-0.953,-0.304,-296.000,285.000,0.000,0.000,-145.777,40.168,-0.997,-0.079,-145.777,40.168,-0.997,-0.079,-45.880,27.130,-0.524,0.851,0.000,-1.000,0,0
-221.752,97.000,0.277,-0.961,0,-381.744,14.172,180.161,1,902.117,313.695,0,0,148.049,58.373,89.671,-163.712,90.776,-0.943,-0.331,-163.712,90.776,-0.943,-0.331,-395.314,7.472,0.024,-1.000,-152.935,39.510,-0.994,-0.110,-152.935,39.510,-0.994,-0.110,-49.650,33.251,-0.524,0.851,0.000,-1.000,0,0
-221.752,82.611,0.078,-0.997,0,-381.569,6.985,176.806,1,902.884,310.982,0,0,149.204,51.603,75.758,-170.465,88.313,-0.933,-0.359,-170.465,88.313,-0.933,-0.359,-395.138,0.286,0.024,-1.000,-160.069,38.629,-0.990,-0.141,-160.069,38.629,-0.990,-0.141,-53.420,39.372,-0.524,0.851,0.000,-1.000,0,0
-221.752,73.978,0.031,-1.000,0,-381.358,-1.639,176.612,1,903.454,309.663,0,0,151.032,44.689,64.605,-178.467,85.091,-0.922,-0.387,-178.467,85.091,-0.922,-0.387,-394.927,-8.338,0.024,-1.000,-168.588,37.271,-0.985,-0.173,-168.588,37.271,-0.985,-0.173,-57.945,46.716,-0.524,0.851,0.000,0.000,0,0
-221.752,73.978,0.031,-1.000,0,-381.182,-8.825,179.650,1,903.454,309.663,0,0,152.910,37.616,59.811,-185.042,82.185,-0.910,-0.415,-185.042,82.185,-0.910,-0.415,-394.751,-15.525,0.024,-1.000,-175.641,35.884,-0.979,-0.206,-175.641,35.884,-0.979,-0.206,-61.715,52.837,-0.524,0.851,0.000,0.000,0,0
-221.752,73.978,0.031,-1.000,0,-381.041,-14.574,182.248,1,903.454,309.663,0,0,154.637,32.034,56.488,-190.236,79.717,-0.897,-0.443,-190.236,79.717,-0.897,-0.443,-394.610,-21.274,0.024,-1.000,-181.248,34.605,-0.971,-0.239,-181.248,34.605,-0.971,-0.239,-64.731,57.733,-0.524,0.851,0.000,0.000,0,0
-221.752,73.978,0.031,-1.000,0,-380.598,-23.174,186.200,1,903.454,309.663,0,0,157.795,23.910,52.568,-197.910,75.777,-0.882,-0.470,-197.910,75.777,-0.882,-0.470,-394.168,-29.873,0.186,-0.983,-189.587,32.399,-0.962,-0.272,-189.587,32.399,-0.962,-0.272,-69.255,65.078,-0.524,0.851,0.000,0.000,0,0
-221.752,73.978,0.031,-1.000,0,-379.264,-30.237,188.867,1,903.454,309.663,0,0,161.580,17.651,50.481,-204.184,72.269,-0.866,-0.499,-204.184,72.269,-0.866,-0.499,-392.834,-36.937,0.186,-0.983,-196.459,30.291,-0.952,-0.307,-196.459,30.291,-0.952,-0.307,-73.026,71.199,-0.524,0.851,0.000,0.000,0,0
-221.752,73.978,0.031,-1.000,0,-378.197,-35.888,191.169,1,903.454,309.663,0,0,164.771,13.468,49.695,-209.118,69.314,-0.849,-0.528,-209.118,69.314,-0.849,-0.528,-293.600,-119.100,0.000,0.000,-201.898,28.422,-0.939,-0.343,-201.898,28.422,-0.939,-0.343,-76.042,76.095,-0.524,0.851,0.000,0.000,0,0
-221.752,73.978,0.031,-1.000,0,-376.862,-42.952,194.247,1,903.454,309.663,0,0,168.951,10.786,49.884,-215.169,65.434,-0.831,-0.557,-215.169,65.434,-0.831,-0.557,-293.600,-119.100,0.000,0.000,-208.612,25.856,-0.926,-0.379,-208.612,25.856,-0.926,-0.379,-79.812,82.216,-0.524,0.851,0.000,0.000,0,0
-221.752,73.978,0.031,-1.000,0,-375.261,-51.429,198.222,1,903.454,309.663,0,0,174.227,13.478,51.807,-222.251,60.509,-0.811,-0.585,-222.251,60.509,-0.811,-0.585,-293.600,-119.100,0.000,0.000,-216.530,22.435,-0.910,-0.415,-216.530,22.435,-0.910,-0.415,-84.337,89.561,-0.524,0.851,0.000,0.000,0,0
-221.752,73.978,0.031,-1.000,0,-374.194,-57.080,201.034,1,903.454,309.663,0,0,177.890,17.665,54.032,-226.857,57.066,-0.791,-0.612,-226.857,57.066,-0.791,-0.612,-293.600,-119.100,0.000,0.000,-221.715,19.946,-0.893,-0.451,-221.715,19.946,-0.893,-0.451,-87.353,94.457,-0.524,0.851,0.000,0.000,0,0
-221.752,73.978,0.031,-1.000,0,-373.393,-61.318,203.224,0,903.454,309.663,0,0,180.707,23.926,55.502,-232.485,52.593,-0.778,-0.629,-232.485,52.593,-0.778,-0.629,-293.600,-119.100,0.000,0.000,-226.960,18.721,-0.101,0.995,-226.960,18.721,-0.101,0.995,-91.123,100.578,-0.524,0.851,0.000,0.000,0,0
-221.752,73.978,0.031,-1.000,0,-373.393,-61.318,203.224,0,903.454,309.663,0,0,180.698,30.618,48.470,-238.075,48.074,-0.778,-0.629,-238.075,48.074,-0.778,-0.629,-293.600,-119.100,0.000,0.000,-227.685,25.873,-0.101,0.995,-227.685,25.873,-0.101,0.995,-94.893,106.699,-0.524,0.851,0.000,0.000,0,0
-221.752,71.100,0.027,-1.000,0,-373.393,-61.318,201.320,0,903.662,309.276,0,0,180.682,35.198,38.653,-243.665,43.555,-0.778,-0.629,-243.665,43.555,-0.778,-0.629,-293.600,-119.100,0.000,0.000,-228.410,33.025,-0.101,0.995,-228.410,33.025,-0.101,0.995,-98.664,112.819,-0.524,0.851,0.000,-1.000,0,0
-221.752,56.711,0.009,-1.000,0,-373.393,-61.318,192.162,0,904.840,307.737,0,0,180.658,32.694,18.108,-249.256,39.035,-0.778,-0.629,-249.256,39.035,-0.778,-0.629,-293.600,-119.100,0.000,0.000,-229.135,40.177,-0.101,0.995,-229.135,40.177,-0.101,0.995,-102.434,118.940,-0.524,0.851,0.000,-1.000,0,0
-221.752,42.323,0.002,-1.000,0,-373.393,-61.318,183.677,0,906.244,306.865,0,0,180.627,34.002,9.529,-254.846,34.516,-0.778,-0.629,-254.846,34.516,-0.778,-0.629,-293.600,-119.100,0.000,0.000,-229.860,47.329,-0.101,0.995,-229.860,47.329,-0.101,0.995,-106.204,125.061,-0.524,0.851,0.000,-1.000,0,0
-227.857,30.463,-0.365,-0.931,0,-373.393,-61.318,172.066,0,913.632,300.556,0,0,180.590,32.583,24.173,-260.437,29.997,-0.778,-0.629,-260.437,29.997,-0.778,-0.629,-293.600,-119.100,0.000,0.000,-230.585,54.481,-0.101,0.995,-230.585,54.481,-0.101,0.995,-109.975,131.181,-0.524,0.851,-1.000,0.000,0,0
-245.123,30.463,-0.956,-0.293,0,-373.393,-61.318,157.738,0,930.779,283.315,0,0,180.539,22.796,35.350,-267.145,24.573,-0.778,-0.629,-267.145,24.573,-0.778,-0.629,-293.600,-119.100,0.000,0.000,-231.455,63.063,-0.101,0.995,-231.455,63.063,-0.101,0.995,-114.499,138.526,-0.524,0.851,-1.000,0.000,0,0
-256.634,30.463,-0.994,-0.110,0,-373.393,-61.318,148.536,0,942.212,271.822,0,0,180.501,17.744,45.538,-271.617,20.958,-0.778,-0.629,-271.617,20.958,-0.778,-0.629,-293.600,-119.100,0.000,0.000,-232.035,68.785,-0.101,0.995,-232.035,68.785,-0.101,0.995,-117.515,143.422,-0.524,0.851,-1.000,0.000,0,0
-271.372,24.358,-0.901,-0.433,0,-373.393,-61.318,133.269,0,957.558,257.194,0,0,180.440,11.234,65.496,-278.326,15.535,-0.778,-0.629,-278.326,15.535,-0.778,-0.629,-293.600,-119.100,0.000,0.000,-232.905,77.367,-0.101,0.995,-232.905,77.367,-0.101,0.995,-122.040,150.767,-0.524,0.851,-1.000,-1.000,0,0
-281.547,14.184,-0.771,-0.637,0,-373.393,-61.318,118.972,0,968.906,247.521,0,0,180.387,3.956,85.107,-283.916,11.015,-0.778,-0.629,-283.916,11.015,-0.778,-0.629,-293.600,-119.100,0.000,0.000,-233.630,84.519,-0.101,0.995,-233.630,84.519,-0.101,0.995,-125.810,156.888,-0.524,0.851,-1.000,-1.000,0,0
-289.686,6.044,-0.730,-0.684,0,-373.393,-61.318,107.560,0,978.043,240.123,0,0,180.344,1.876,100.830,-288.389,7.400,-0.778,-0.629,-288.389,7.400,-0.778,-0.629,-293.600,-119.100,0.000,0.000,-234.210,90.241,-0.101,0.995,-234.210,90.241,-0.101,0.995,-128.826,161.784,-0.524,0.851,-1.000,-1.000,0,0
-295.791,-5.816,-0.494,-0.869,0,-373.393,-61.318,95.590,0,985.750,235.621,0,0,180.290,8.883,119.815,-293.979,2.881,-0.778,-0.629,-293.979,2.881,-0.778,-0.629,-293.600,-119.100,0.000,0.000,-234.935,97.393,-0.101,0.995,-234.935,97.393,-0.101,0.995,-132.596,167.905,-0.524,0.851,0.000,-1.000,0,0
-295.791,-20.205,-0.141,-0.990,0,-373.393,-61.318,88.072,0,987.951,238.287,0,0,180.250,18.947,138.486,-299.570,-1.639,-0.778,-0.629,-299.570,-1.639,-0.778,-0.629,-293.600,-119.100,0.000,0.000,-235.660,104.545,-0.101,0.995,-235.660,104.545,-0.101,0.995,-136.367,174.025,-0.524,0.851,0.000,-1.000,0,0
-295.791,-37.471,-0.032,-0.999,0,-373.393,-61.318,81.455,0,990.861,242.577,0,0,180.251,32.167,161.839,-306.278,-7.062,-0.778,-0.629,-306.278,-7.062,-0.778,-0.629,-293.600,-119.100,0.000,0.000,-236.530,113.128,-0.101,0.995,-236.530,113.128,-0.101,0.995,-140.891,181.370,-0.524,0.851,0.000,-1.000,0,0
-297.826,-48.139,-0.182,-0.983,0,-373.393,-61.318,76.995,0,994.803,243.876,0,0,180.251,39.629,177.684,-310.750,-10.677,-0.778,-0.629,-310.750,-10.677,-0.778,-0.629,-293.600,-119.100,0.000,0.000,-237.110,118.849,-0.101,0.995,-237.110,118.849,-0.101,0.995,-143.907,186.267,-0.524,0.851,-1.000,-1.000,0,0
-309.686,-54.244,-0.745,-0.667,0,-373.393,-61.318,64.441,0,1007.601,234.858,0,0,180.251,39.610,194.038,-316.341,-15.197,-0.778,-0.629,-316.341,-15.197,-0.778,-0.629,-293.600,-119.100,0.000,0.000,-237.835,126.001,-0.101,0.995,-237.835,126.001,-0.101,0.995,-147.678,192.387,-0.524,0.851,-1.000,0.000,0,0
-324.074,-54.244,-0.979,-0.204,0,-373.393,-61.318,50.263,0,1021.728,221.547,0,0,180.251,34.594,205.987,-321.931,-19.716,-0.778,-0.629,-321.931,-19.716,-0.778,-0.629,-293.600,-119.100,0.000,0.000,-238.560,133.153,-0.101,0.995,-238.560,133.153,-0.101,0.995,-151.448,198.508,-0.524,0.851,-1.000,0.000,0,0
-341.341,-54.244,-0.999,-0.046,0,-373.393,-61.318,33.487,0,1038.689,205.764,0,0,180.251,31.755,220.893,-328.640,-25.139,-0.778,-0.629,-328.640,-25.139,-0.778,-0.629,-293.600,-119.100,0.000,0.000,-239.429,141.736,-0.101,0.995,-239.429,141.736,-0.101,0.995,-155.972,205.853,-0.524,0.851,-1.000,0.000,0,0
-352.852,-54.244,-1.000,-0.016,1,-367.983,-54.493,15.133,1,1050.002,195.382,0,0,182.058,35.057,231.121,-330.945,-26.875,-0.802,-0.598,-330.945,-26.875,-0.802,-0.598,-293.600,-119.100,0.000,0.000,-240.009,147.458,-0.101,0.995,-240.009,147.458,-0.101,0.995,-158.988,210.749,-0.524,0.851,-1.000,0.000,0,0
-361.834,-42.384,-0.674,0.738,1,-372.039,-31.209,15.133,1,1056.745,182.289,0,0,168.610,26.066,232.383,-338.667,-30.438,-0.987,-0.159,-338.667,-30.438,-0.987,-0.159,-448.099,-6.376,-0.601,0.799,-240.879,156.040,-0.101,0.995,-240.879,156.040,-0.101,0.995,-163.513,218.094,-0.524,0.851,0.000,1.000,0,0
-361.834,-27.995,-0.210,0.978,1,-365.007,-13.198,15.133,1,1054.386,176.996,0,0,169.585,16.380,225.849,-345.465,-28.586,-0.854,0.520,-345.465,-28.586,-0.854,0.520,-452.421,-0.632,-0.601,0.799,-241.604,163.192,-0.101,0.995,-241.604,163.192,-0.101,0.995,-167.283,224.215,-0.524,0.851,0.000,1.000,0,0
-361.834,-13.606,-0.059,0.998,1,-362.729,1.501,15.133,1,1052.218,172.742,0,0,168.602,15.143,219.361,-350.081,-23.154,-0.509,0.861,-350.081,-23.154,-0.509,0.861,-452.564,6.223,0.126,0.992,-242.329,170.344,-0.101,0.995,-242.329,170.344,-0.101,0.995,-171.053,230.336,-0.524,0.851,0.000,1.000,0,0
-359.799,-2.938,0.067,0.998,1,-358.789,12.161,15.133,1,1048.719,172.291,0,0,170.972,16.695,213.789,-352.334,-17.870,-0.210,0.978,-352.334,-17.870,-0.210,0.978,-451.842,11.928,0.126,0.992,-242.909,176.066,-0.101,0.995,-242.909,176.066,-0.101,0.995,-174.070,235.232,-0.524,0.851,1.000,1.000,0,0
-346.747,7.236,0.722,0.692,1,-335.829,17.715,15.133,1,1034.453,183.468,0,0,193.266,17.326,205.128,-351.447,-9.440,0.330,0.944,-351.447,-9.440,0.330,0.944,-450.759,20.486,0.126,0.992,-243.779,184.648,-0.101,0.995,-243.779,184.648,-0.101,0.995,-178.594,242.577,-0.524,0.851,1.000,0.000,0,0
-332.359,7.236,0.977,0.215,1,-317.579,10.490,15.133,1,1020.183,197.695,0,0,211.994,18.288,204.407,-346.386,-4.497,0.852,0.524,-346.386,-4.497,0.852,0.524,-449.856,27.618,0.126,0.992,-244.504,191.800,-0.101,0.995,-244.504,191.800,-0.101,0.995,-182.364,248.698,-0.524,0.851,1.000,0.000,0,0
-317.970,7.236,0.998,0.060,1,-302.864,8.147,15.133,1,1005.916,211.945,0,0,226.830,23.572,205.052,-339.716,-1.860,0.957,0.289,-339.716,-1.860,0.957,0.289,-293.600,-119.100,0.000,0.000,-245.229,198.952,-0.101,0.995,-245.229,198.952,-0.101,0.995,-180.930,247.992,0.682,-0.731,1.000,0.000,0,0
-303.581,7.236,1.000,0.017,1,-288.450,7.492,15.133,1,991.653,226.212,0,0,241.205,30.079,207.049,-332.708,-0.271,0.983,0.186,-332.708,-0.271,0.983,0.186,-293.600,-119.100,0.000,0.000,-245.954,206.104,-0.101,0.995,-245.954,206.104,-0.101,0.995,-176.025,242.737,0.682,-0.731,1.000,0.000,0,0
-289.192,7.236,1.000,0.005,1,-274.059,7.308,15.133,1,977.394,240.493,0,0,255.520,36.972,210.361,-325.603,0.819,0.991,0.133,-325.603,0.819,0.991,0.133,-293.600,-119.100,0.000,0.000,-246.679,213.256,-0.101,0.995,-246.679,213.256,-0.101,0.995,-171.120,237.481,0.682,-0.731,1.000,0.000,0,0
-277.681,7.236,1.000,0.002,1,-262.548,7.261,15.133,1,965.989,251.927,0,0,266.967,42.600,213.916,-319.890,1.480,0.995,0.100,-319.890,1.480,0.995,0.100,-293.600,-119.100,0.000,0.000,-247.259,218.978,-0.101,0.995,-247.259,218.978,-0.101,0.995,-167.197,233.277,0.682,-0.731,1.000,0.000,0,0
-263.293,7.236,1.000,0.000,1,-248.159,7.243,15.133,1,951.736,266.229,0,0,281.280,49.701,219.428,-312.732,2.135,0.997,0.079,-312.732,2.135,0.997,0.079,-293.600,-119.100,0.000,0.000,-247.984,226.130,-0.101,0.995,-247.984,226.130,-0.101,0.995,-162.292,228.021,0.682,-0.731,1.000,0.000,0,0
-246.026,7.236,1.000,0.000,1,-230.893,7.238,15.133,1,934.639,283.403,0,0,298.463,58.274,227.494,-304.127,2.747,0.998,0.064,-304.127,2.747,0.998,0.064,-293.600,-119.100,0.000,0.000,-248.854,234.712,-0.101,0.995,-248.854,234.712,-0.101,0.995,-156.406,221.714,0.682,-0.731,1.000,0.000,0,0
-231.638,7.236,1.000,0.000,1,-216.504,7.237,15.133,1,920.396,297.722,0,0,312.790,65.440,224.044,-296.950,3.155,0.999,0.053,-296.950,3.155,0.999,0.053,-293.600,-119.100,0.000,0.000,-151.502,216.458,0.682,-0.731,-151.502,216.458,0.682,-0.731,-249.579,241.864,-0.101,0.995,1.000,0.000,0,0
-220.127,7.236,1.000,0.000,0,-204.993,7.236,15.133,0,909.004,309.183,0,0,324.255,71.181,217.475,-291.206,3.432,0.000,0.000,-291.206,3.432,0.000,0.000,-293.600,-119.100,0.000,0.000,-147.578,212.254,0.682,-0.731,-147.578,212.254,0.682,-0.731,-250.159,247.586,-0.101,0.995,1.000,0.000,0,1
-205.868,7.236,1.000,0.000,0,-189.841,6.574,16.041,0,894.898,323.384,0,0,339.397,85.422,209.519,-291.206,3.432,0.000,0.000,-291.206,3.432,0.000,0.000,-293.600,-119.100,0.000,0.000,-142.674,206.998,0.682,-0.731,-142.674,206.998,0.682,-0.731,-250.884,254.738,-0.101,0.995,1.000,0.000,0,0
-191.481,7.236,1.000,0.000,0,-175.467,5.927,16.068,0,880.670,337.717,0,0,353.760,99.797,201.786,-291.206,3.432,0.000,0.000,-291.206,3.432,0.000,0.000,-293.600,-119.100,0.000,0.000,-137.769,201.743,0.682,-0.731,-137.769,201.743,0.682,-0.731,-251.609,261.890,-0.101,0.995,1.000,0.000,0,0
-185.726,7.236,1.000,0.000,0,-158.417,5.154,27.391,0,874.980,343.452,0,0,370.797,105.548,195.750,-291.206,3.432,0.000,0.000,-291.206,3.432,0.000,0.000,-293.600,-119.100,0.000,0.000,-131.883,195.436,0.682,-0.731,-131.883,195.436,0.682,-0.731,-252.479,270.472,-0.101,0.995,0.000,0.000,0,0
-185.726,7.236,1.000,0.000,0,-144.584,4.526,41.237,0,874.980,343.452,0,0,384.617,105.548,192.145,-291.206,3.432,0.000,0.000,-291.206,3.432,0.000,0.000,-293.600,-119.100,0.000,0.000,-126.979,190.180,0.682,-0.731,-126.979,190.180,0.682,-0.731,-253.204,277.625,-0.101,0.995,0.000,0.000,0,0
-174.215,7.236,1.000,0.000,0,-131.093,3.914,43.263,0,863.602,354.925,0,0,398.093,117.053,185.180,-291.206,3.432,0.000,0.000,-291.206,3.432,0.000,0.000,-293.600,-119.100,0.000,0.000,-122.074,184.924,0.682,-0.731,-122.074,184.924,0.682,-0.731,-250.340,274.154,0.523,-0.852,1.000,0.000,0,0
-162.704,7.236,1.000,0.000,0,-120.542,3.435,42.358,0,852.227,366.400,0,0,408.633,128.558,179.113,-291.206,3.432,0.000,0.000,-291.206,3.432,0.000,0.000,-293.600,-119.100,0.000,0.000,-118.150,180.720,0.682,-0.731,-118.150,180.720,0.682,-0.731,-247.331,269.253,0.523,-0.852,1.000,0.000,0,0
-147.123,3.167,0.974,-0.226,0,-105.106,2.734,42.073,0,837.482,382.210,0,0,424.050,144.083,174.758,-291.206,3.432,0.000,0.000,-291.206,3.432,0.000,0.000,-293.600,-119.100,0.000,0.000,-112.265,174.413,0.682,-0.731,-112.265,174.413,0.682,-0.731,108.800,-94.600,0.000,0.000,1.000,-1.000,0,0
-138.984,-4.973,0.831,-0.557,0,-95.070,2.279,44.585,0,830.812,390.984,0,0,434.073,152.454,177.841,-291.206,3.432,0.000,0.000,-291.206,3.432,0.000,0.000,-293.600,-119.100,0.000,0.000,-108.341,170.209,0.682,-0.731,-108.341,170.209,0.682,-0.731,108.800,-94.600,0.000,0.000,1.000,-1.000,0,0
-126.774,-17.182,0.737,-0.676,0,-80.389,1.612,50.169,0,821.008,404.403,0,0,448.736,165.718,182.710,-291.206,3.432,0.000,0.000,-291.206,3.432,0.000,0.000,44.000,-93.000,0.000,0.000,-102.456,163.902,0.682,-0.731,-102.456,163.902,0.682,-0.731,108.800,-94.600,0.000,0.000,1.000,-1.000,0,0
-116.600,-27.356,0.716,-0.698,0,-68.487,1.072,56.048,0,813.028,415.802,0,0,460.622,173.498,186.975,44.000,-93.000,0.000,0.000,44.000,-93.000,0.000,0.000,-291.206,3.432,0.000,0.000,-97.551,158.646,0.682,-0.731,-97.551,158.646,0.682,-0.731,108.800,-94.600,0.000,0.000,1.000,0.000,0,0
-105.089,-27.356,0.965,-0.261,0,-59.179,0.650,54.008,0,801.763,427.195,0,0,469.920,162.901,182.159,44.000,-93.000,0.000,0.000,44.000,-93.000,0.000,0.000,35.697,86.778,-0.378,0.926,-93.627,154.442,0.682,-0.731,-93.627,154.442,0.682,-0.731,108.800,-94.600,0.000,0.000,1.000,0.000,0,0
-90.700,-27.356,0.997,-0.074,0,-47.802,0.133,51.293,0,787.692,441.444,0,0,481.283,149.844,176.553,44.000,-93.000,0.000,0.000,44.000,-93.000,0.000,0.000,32.981,93.434,-0.378,0.926,-88.723,149.186,0.682,-0.731,-88.723,149.186,0.682,-0.731,108.800,-94.600,0.000,0.000,1.000,0.000,0,0
-76.312,-27.356,1.000,-0.021,0,-36.874,-0.363,48.252,0,773.632,455.702,0,0,492.204,137.055,171.451,44.000,-93.000,0.000,0.000,44.000,-93.000,0.000,0.000,30.265,100.090,-0.378,0.926,-83.818,143.930,0.682,-0.731,-83.818,143.930,0.682,-0.731,108.800,-94.600,0.000,0.000,1.000,0.000,0,0
-59.045,-27.356,1.000,-0.005,0,-24.717,-0.914,43.836,0,756.777,472.822,0,0,504.370,122.178,166.057,44.000,-93.000,0.000,0.000,44.000,-93.000,0.000,0.000,27.006,108.077,-0.378,0.926,-77.932,137.623,0.682,-0.731,-77.932,137.623,0.682,-0.731,108.800,-94.600,0.000,0.000,1.000,0.000,0,0
-44.657,-27.356,1.000,-0.001,0,-14.917,-1.359,40.054,0,742.745,487.096,0,0,514.177,110.314,162.224,44.000,-93.000,0.000,0.000,44.000,-93.000,0.000,0.000,29.949,109.199,0.934,-0.357,-73.028,132.368,0.682,-0.731,-73.028,132.368,0.682,-0.731,108.800,-94.600,0.000,0.000,1.000,0.000,0,0
-33.146,-27.356,1.000,0.000,0,-7.293,-1.705,37.018,0,731.530,498.520,0,0,521.806,101.294,157.068,44.000,-93.000,0.000,0.000,44.000,-93.000,0.000,0.000,35.321,107.146,0.934,-0.357,108.800,-94.600,0.000,0.000,108.800,-94.600,0.000,0.000,-69.104,128.163,0.682,-0.731,1.000,0.000,0,0
-20.094,-17.182,0.863,0.505,1,-7.031,-9.541,15.133,1,716.554,510.420,0,0,522.773,99.279,145.573,44.000,-93.000,0.000,0.000,44.000,-93.000,0.000,0.000,37.303,113.793,0.089,0.996,-63.218,121.857,0.682,-0.731,-63.218,121.857,0.682,-0.731,108.800,-94.600,0.000,0.000,1.000,1.000,0,0
-11.954,-9.043,0.770,0.638,1,-0.302,0.613,15.133,1,706.875,517.829,0,0,528.801,100.895,135.250,44.000,-93.000,0.000,0.000,44.000,-93.000,0.000,0.000,37.814,119.521,0.089,0.996,-59.295,117.652,0.682,-0.731,-59.295,117.652,0.682,-0.731,108.800,-94.600,0.000,0.000,1.000,1.000,0,0
0.213,3.104,0.722,0.692,0,15.081,9.531,16.207,0,692.515,529.178,0,0,543.714,105.609,120.795,44.000,-93.000,0.000,0.000,44.000,-93.000,0.000,0.000,38.581,128.113,0.089,0.996,-53.409,111.345,0.682,-0.731,-53.409,111.345,0.682,-0.731,108.800,-94.600,0.000,0.000,1.000,0.000,0,1
14.601,3.104,0.979,0.205,0,34.054,9.377,20.502,0,678.412,543.541,0,0,562.644,100.500,120.782,44.000,-93.000,0.000,0.000,44.000,-93.000,0.000,0.000,39.220,135.273,0.089,0.996,-48.504,106.090,0.682,-0.731,-48.504,106.090,0.682,-0.731,108.800,-94.600,0.000,0.000,1.000,0.000,0,0
28.990,3.104,0.998,0.058,0,52.558,9.227,24.503,0,664.320,557.905,0,0,581.108,97.269,121.739,44.000,-93.000,0.000,0.000,44.000,-93.000,0.000,0.000,39.859,142.434,0.089,0.996,-43.600,100.834,0.682,-0.731,-43.600,100.834,0.682,-0.731,108.800,-94.600,0.000,0.000,1.000,0.000,0,0
40.501,3.104,1.000,0.021,0,67.031,9.110,27.449,0,653.056,569.398,0,0,595.552,96.168,119.210,44.000,-93.000,0.000,0.000,44.000,-93.000,0.000,0.000,40.370,148.162,0.089,0.996,108.800,-94.600,0.000,0.000,108.800,-94.600,0.000,0.000,-39.676,96.629,0.682,-0.731,1.000,0.000,0,0
54.889,3.104,1.000,0.006,0,84.718,8.966,30.796,0,638.989,583.764,0,0,613.206,96.719,111.591,44.000,-93.000,0.000,0.000,44.000,-93.000,0.000,0.000,41.009,155.322,0.089,0.996,108.800,-94.600,0.000,0.000,108.800,-94.600,0.000,0.000,-34.771,91.374,0.682,-0.731,1.000,0.000,0,0
69.278,3.104,1.000,0.002,0,101.968,8.826,33.769,0,624.936,598.132,0,0,630.426,99.373,105.395,44.000,-93.000,0.000,0.000,44.000,-93.000,0.000,0.000,41.648,162.482,0.089,0.996,108.800,-94.600,0.000,0.000,108.800,-94.600,0.000,0.000,-29.867,86.118,0.682,-0.731,1.000,0.000,0,0
83.667,3.104,1.000,0.000,0,118.199,9.134,35.677,0,610.898,612.500,0,0,646.630,103.969,100.885,44.000,-93.000,0.000,0.000,44.000,-93.000,0.000,0.000,42.288,169.643,0.089,0.996,108.800,-94.600,0.000,0.000,108.800,-94.600,0.000,0.000,-24.962,80.863,0.682,-0.731,1.000,0.000,0,0
98.055,3.104,1.000,0.000,0,133.742,9.743,36.900,0,596.878,626.870,0,0,662.143,110.263,98.293,44.000,-93.000,0.000,0.000,44.000,-93.000,0.000,0.000,42.927,176.803,0.089,0.996,108.800,-94.600,0.000,0.000,108.800,-94.600,0.000,0.000,-20.057,75.607,0.682,-0.731,1.000,0.000,0,0
112.444,3.104,1.000,0.000,0,148.841,10.393,37.707,0,582.875,641.240,0,0,677.213,117.986,97.772,44.000,-93.000,0.000,0.000,44.000,-93.000,0.000,0.000,43.566,183.963,0.089,0.996,108.800,-94.600,0.000,0.000,108.800,-94.600,0.000,0.000,-15.153,70.351,0.682,-0.731,1.000,0.000,0,0
126.833,3.104,1.000,0.000,0,163.506,11.082,38.112,0,568.892,655.612,0,0,691.850,126.875,99.354,44.000,-93.000,0.000,0.000,44.000,-93.000,0.000,0.000,44.205,191.123,0.089,0.996,108.800,-94.600,0.000,0.000,108.800,-94.600,0.000,0.000,-10.248,65.096,0.682,-0.731,1.000,0.000,0,0
141.222,3.104,1.000,0.000,0,177.747,11.795,38.127,0,554.929,669.984,0,0,706.065,136.704,102.943,44.000,-93.000,0.000,0.000,44.000,-93.000,0.000,0.000,44.844,198.284,0.089,0.996,108.800,-94.600,0.000,0.000,108.800,-94.600,0.000,0.000,-5.343,59.840,0.682,-0.731,1.000,0.000,0,0
155.610,3.104,1.000,0.000,0,191.578,12.491,37.760,0,540.989,684.356,0,0,719.871,147.285,108.339,44.000,-93.000,0.000,0.000,44.000,-93.000,0.000,0.000,45.483,205.444,0.089,0.996,108.800,-94.600,0.000,0.000,108.800,-94.600,0.000,0.000,-0.439,54.584,0.682,-0.731,1.000,0.000,0,0
169.999,3.104,1.000,0.000,0,205.009,13.167,37.027,0,527.072,698.730,0,0,733.280,158.467,115.288,44.000,-93.000,0.000,0.000,44.000,-93.000,0.000,0.000,46.122,212.604,0.089,0.996,108.800,-94.600,0.000,0.000,108.800,-94.600,0.000,0.000,4.466,49.329,0.682,-0.731,1.000,0.000,0,0
184.388,3.104,1.000,0.000,0,218.050,13.824,35.945,0,513.182,713.103,0,0,746.301,170.131,123.530,44.000,-93.000,0.000,0.000,44.000,-93.000,0.000,0.000,70.000,-221.000,0.000,0.000,108.800,-94.600,0.000,0.000,108.800,-94.600,0.000,0.000,9.371,44.073,0.682,-0.731,1.000,0.000,0,0
198.283,11.244,0.896,0.443,1,211.849,17.950,15.133,1,497.662,726.719,0,0,740.130,186.198,138.600,44.000,-93.000,0.000,0.000,44.000,-93.000,0.000,0.000,47.528,228.357,0.089,0.996,108.800,-94.600,0.000,0.000,108.800,-94.600,0.000,0.000,15.256,37.766,0.682,-0.731,1.000,1.000,0,0
206.422,19.383,0.783,0.622,1,218.268,28.800,15.133,1,487.758,734.681,0,0,746.437,197.512,150.074,44.000,-93.000,0.000,0.000,44.000,-93.000,0.000,0.000,47.655,234.068,-0.179,0.984,108.800,-94.600,0.000,0.000,108.800,-94.600,0.000,0.000,19.180,33.562,0.682,-0.731,1.000,1.000,0,0
216.596,29.558,0.730,0.684,1,227.639,39.905,15.133,1,475.479,744.764,0,0,755.857,211.683,164.424,44.000,-93.000,0.000,0.000,44.000,-93.000,0.000,0.000,46.370,241.140,-0.179,0.984,108.800,-94.600,0.000,0.000,108.800,-94.600,0.000,0.000,24.085,28.306,0.682,-0.731,0.000,1.000,0,0
214.541,45.905,0.058,0.998,0,218.962,60.590,15.337,0,474.038,742.860,0,0,747.715,219.952,175.849,44.000,-93.000,0.000,0.000,44.000,-93.000,0.000,0.000,44.828,249.628,-0.179,0.984,108.800,-94.600,0.000,0.000,108.800,-94.600,0.000,0.000,29.970,22.000,0.682,-0.731,-1.000,1.000,0,1
204.369,56.072,-0.526,0.850,0,210.108,71.075,16.076,0,482.186,732.971,0,0,739.355,218.954,173.997,44.000,-93.000,0.000,0.000,44.000,-93.000,0.000,0.000,43.543,256.701,-0.179,0.984,34.875,16.744,0.682,-0.731,34.875,16.744,0.682,-0.731,108.800,-94.600,0.000,0.000,-1.000,1.000,0,0
198.251,65.033,-0.514,0.858,0,203.993,80.062,16.127,0,486.792,727.223,0,0,733.788,220.834,167.870,44.000,-93.000,0.000,0.000,44.000,-93.000,0.000,0.000,42.515,262.359,-0.179,0.984,38.799,12.539,0.682,-0.731,38.799,12.539,0.682,-0.731,108.800,-94.600,0.000,0.000,1.000,1.000,0,0
208.425,75.207,0.364,0.931,0,200.149,95.789,22.250,0,475.291,737.925,0,0,731.169,235.222,178.176,44.000,-93.000,0.000,0.000,44.000,-93.000,0.000,0.000,41.230,269.432,-0.179,0.984,43.703,7.284,0.682,-0.731,43.703,7.284,0.682,-0.731,108.800,-94.600,0.000,0.000,1.000,1.000,0,0
204.355,89.102,-0.216,0.976,0,195.661,114.149,26.637,0,477.705,734.833,0,0,728.553,242.642,178.097,44.000,-93.000,0.000,0.000,44.000,-93.000,0.000,0.000,39.688,277.920,-0.179,0.984,49.589,0.977,0.682,-0.731,49.589,0.977,0.682,-0.731,140.000,279.000,0.000,0.000,-1.000,1.000,0,0
194.181,99.276,-0.584,0.811,0,192.023,129.032,30.024,0,486.909,725.581,0,0,726.784,242.399,173.885,38.403,284.992,-0.179,0.984,38.403,284.992,-0.179,0.984,44.000,-93.000,0.000,0.000,54.494,-4.279,0.682,-0.731,54.494,-4.279,0.682,-0.731,140.000,279.000,0.000,0.000,-1.000,1.000,0,0
184.007,109.451,-0.675,0.738,0,188.475,143.547,34.649,0,496.360,716.500,0,0,725.367,229.386,172.292,38.023,286.387,0.136,-0.991,38.023,286.387,0.136,-0.991,44.000,-93.000,0.000,0.000,59.398,-9.534,0.682,-0.731,59.398,-9.534,0.682,-0.731,140.000,279.000,0.000,0.000,-1.000,1.000,0,0
175.867,117.590,-0.696,0.718,0,185.700,154.899,38.906,0,504.088,709.360,0,0,724.471,213.044,165.347,38.804,280.690,0.136,-0.991,38.804,280.690,0.136,-0.991,44.000,-93.000,0.000,0.000,140.000,279.000,0.000,0.000,140.000,279.000,0.000,0.000,63.322,-13.739,0.682,-0.731,-1.000,1.000,0,0
165.693,127.764,-0.704,0.710,0,182.308,168.774,44.655,0,513.948,700.600,0,0,723.631,192.646,153.403,39.781,273.568,0.136,-0.991,39.781,273.568,0.136,-0.991,44.000,-93.000,0.000,0.000,140.000,279.000,0.000,0.000,140.000,279.000,0.000,0.000,68.227,-18.994,0.682,-0.731,-1.000,1.000,0,0
159.588,142.502,-0.431,0.902,0,178.458,184.573,46.583,0,519.971,696.764,0,0,723.036,170.544,137.896,40.952,265.021,0.136,-0.991,40.952,265.021,0.136,-0.991,44.000,-93.000,0.000,0.000,140.000,279.000,0.000,0.000,140.000,279.000,0.000,0.000,74.112,-25.301,0.682,-0.731,0.000,1.000,0,0
159.588,156.891,-0.125,0.992,0,175.433,197.029,43.659,0,520.297,699.213,0,0,722.842,155.069,123.670,41.929,257.899,0.136,-0.991,41.929,257.899,0.136,-0.991,44.000,-93.000,0.000,0.000,140.000,279.000,0.000,0.000,140.000,279.000,0.000,0.000,-38.693,141.298,0.993,0.116,0.000,1.000,0,0
159.588,171.280,-0.035,0.999,0,172.497,209.120,40.528,0,521.021,701.949,0,0,722.871,141.191,109.487,42.905,250.777,0.136,-0.991,42.905,250.777,0.136,-0.991,-92.731,34.141,0.839,0.545,140.000,279.000,0.000,0.000,140.000,279.000,0.000,0.000,-31.552,142.132,0.993,0.116,0.000,1.000,0,0
159.588,182.790,-0.012,1.000,0,170.211,218.537,37.876,0,521.884,704.341,0,0,723.041,131.579,98.183,43.687,245.080,0.136,-0.991,43.687,245.080,0.136,-0.991,-87.966,37.360,0.819,0.574,140.000,279.000,0.000,0.000,140.000,279.000,0.000,0.000,-25.840,142.799,0.993,0.116,0.000,1.000,0,0
159.588,200.057,-0.003,1.000,1,159.546,215.190,15.133,1,523.652,708.265,0,0,711.990,120.389,81.337,44.858,236.533,0.136,-0.991,44.858,236.533,0.136,-0.991,-80.966,42.401,0.817,0.577,140.000,279.000,0.000,0.000,140.000,279.000,0.000,0.000,-17.272,143.799,0.993,0.116,0.000,1.000,0,0
159.588,211.568,-0.001,1.000,1,159.574,226.701,15.133,1,525.143,711.102,0,0,715.083,115.566,70.220,45.640,230.835,0.136,-0.991,45.640,230.835,0.136,-0.991,-76.335,45.811,0.794,0.608,140.000,279.000,0.000,0.000,140.000,279.000,0.000,0.000,-11.560,144.466,0.993,0.116,0.000,1.000,0,0
165.693,226.306,0.386,0.922,1,171.535,240.266,15.133,1,521.398,720.861,0,0,730.364,118.949,58.624,46.811,222.289,0.136,-0.991,46.811,222.289,0.136,-0.991,-69.558,51.147,0.785,0.620,140.000,279.000,0.000,0.000,140.000,279.000,0.000,0.000,-2.992,145.467,0.993,0.116,1.000,1.000,0,0
175.518,230.375,0.804,0.594,1,187.689,239.369,15.133,1,512.441,731.420,0,0,745.599,128.666,60.215,47.592,216.591,0.136,-0.991,47.592,216.591,0.136,-0.991,-65.011,54.668,0.807,0.590,140.000,279.000,0.000,0.000,140.000,279.000,0.000,0.000,2.720,146.134,0.993,0.116,1.000,0.000,0,0
189.907,230.375,0.984,0.176,1,204.803,233.041,15.133,1,498.303,745.271,0,0,760.335,142.876,69.678,48.569,209.469,0.136,-0.991,48.569,209.469,0.136,-0.991,-59.120,58.788,0.835,0.551,140.000,279.000,0.000,0.000,140.000,279.000,0.000,0.000,9.861,146.968,0.993,0.116,1.000,0.000,0,0
200.924,222.236,0.893,-0.450,1,214.440,215.429,15.133,1,486.008,753.782,0,0,765.190,152.679,83.270,49.545,202.347,0.136,-0.991,49.545,202.347,0.136,-0.991,-53.028,62.601,0.868,0.496,140.000,279.000,0.000,0.000,140.000,279.000,0.000,0.000,17.001,147.802,0.993,0.116,1.000,-1.000,0,0
213.133,210.027,0.760,-0.650,1,224.630,200.186,15.133,1,471.976,762.635,0,0,771.594,163.224,100.528,50.717,193.801,0.136,-0.991,50.717,193.801,0.136,-0.991,-45.431,66.685,0.892,0.452,140.000,279.000,0.000,0.000,140.000,279.000,0.000,0.000,25.569,148.802,0.993,0.116,1.000,-1.000,0,0
223.308,199.852,0.722,-0.692,1,234.234,189.382,15.133,1,460.451,770.231,0,0,778.695,172.119,114.911,51.694,186.679,0.136,-0.991,51.694,186.679,0.136,-0.991,-38.929,69.750,0.912,0.409,140.000,279.000,0.000,0.000,140.000,279.000,0.000,0.000,32.709,149.636,0.993,0.116,1.000,-1.000,0,0
231.447,191.713,0.712,-0.702,1,242.227,181.091,15.133,1,451.349,776.446,0,0,784.891,179.294,126.419,52.475,180.981,0.136,-0.991,52.475,180.981,0.136,-0.991,-33.631,71.985,0.930,0.368,140.000,279.000,0.000,0.000,140.000,279.000,0.000,0.000,38.421,150.303,0.993,0.116,1.000,-1.000,0,0
233.482,178.167,0.296,-0.955,1,237.961,163.712,15.133,1,447.910,775.751,0,0,777.550,180.082,137.500,53.451,173.859,0.136,-0.991,53.451,173.859,0.136,-0.991,-26.894,74.491,0.948,0.319,140.000,279.000,0.000,0.000,140.000,279.000,0.000,0.000,45.569,150.887,0.998,-0.058,-1.000,-1.000,0,0
223.308,167.993,-0.438,-0.899,1,216.681,154.388,15.133,1,457.255,763.875,0,0,755.015,168.884,138.791,54.428,166.737,0.136,-0.991,54.428,166.737,0.136,-0.991,-20.073,76.761,0.950,0.312,140.000,279.000,0.000,0.000,140.000,279.000,0.000,0.000,52.745,150.468,0.998,-0.058,-1.000,-1.000,0,0
215.168,156.975,-0.571,-0.821,1,206.524,144.554,15.133,1,464.790,753.951,0,0,743.431,159.786,143.319,55.404,159.615,0.136,-0.991,55.404,159.615,0.136,-0.991,-13.231,78.967,0.958,0.286,140.000,279.000,0.000,0.000,140.000,279.000,0.000,0.000,59.922,150.049,0.998,-0.058,0.000,-1.000,0,0
219.238,141.395,0.154,-0.988,1,221.571,126.442,15.133,1,460.345,755.527,0,0,755.799,162.949,150.925,56.576,151.069,0.136,-0.991,56.576,151.069,0.136,-0.991,-4.873,81.088,0.978,0.208,68.533,149.546,0.998,-0.058,68.533,149.546,0.998,-0.058,140.000,279.000,0.000,0.000,1.000,-1.000,0,0
227.378,133.255,0.522,-0.853,1,235.282,120.351,15.133,1,452.221,762.443,0,0,768.667,170.451,153.932,57.357,145.371,0.136,-0.991,57.357,145.371,0.136,-0.991,0.781,82.137,0.987,0.161,74.275,149.210,0.998,-0.058,74.275,149.210,0.998,-0.058,140.000,279.000,0.000,0.000,1.000,-1.000,0,0
237.552,123.081,0.659,-0.752,1,247.530,111.704,15.133,1,442.277,771.242,0,0,779.887,179.859,158.204,58.334,138.249,0.136,-0.991,58.334,138.249,0.136,-0.991,7.894,83.174,0.993,0.118,81.451,148.791,0.998,-0.058,81.451,148.791,0.998,-0.058,140.000,279.000,0.000,0.000,1.000,-1.000,0,0
247.726,112.907,0.694,-0.720,1,258.228,102.010,15.133,1,432.583,780.208,0,0,789.594,189.295,163.004,59.310,131.127,0.136,-0.991,59.310,131.127,0.136,-0.991,15.046,83.898,0.997,0.074,88.628,148.372,0.998,-0.058,88.628,148.372,0.998,-0.058,140.000,279.000,0.000,0.000,1.000,-1.000,0,0
259.936,100.698,0.704,-0.710,1,270.593,89.954,15.133,1,421.306,791.178,0,0,800.929,200.650,169.397,60.482,122.580,0.136,-0.991,60.482,122.580,0.136,-0.991,21.631,85.617,-0.411,0.912,97.239,147.869,0.998,-0.058,97.239,147.869,0.998,-0.058,140.000,279.000,0.000,0.000,1.000,-1.000,0,0
268.075,92.558,0.706,-0.708,1,278.761,81.842,15.133,1,414.017,798.615,0,0,808.521,208.237,174.007,61.263,116.883,0.136,-0.991,61.263,116.883,0.136,-0.991,19.267,90.860,-0.411,0.912,102.981,147.534,0.998,-0.058,102.981,147.534,0.998,-0.058,140.000,279.000,0.000,0.000,1.000,-1.000,0,0
270.110,80.698,0.195,-0.981,1,273.066,65.856,15.133,1,413.469,799.817,0,0,801.983,209.892,173.194,62.240,109.761,0.136,-0.991,62.240,109.761,0.136,-0.991,16.312,97.413,-0.411,0.912,110.157,147.115,0.998,-0.058,110.157,147.115,0.998,-0.058,92.737,-53.502,-0.746,0.666,-1.000,-1.000,0,0
259.936,70.524,-0.475,-0.880,1,252.749,57.206,15.133,1,425.034,789.088,0,0,781.351,199.324,161.671,63.216,102.639,0.136,-0.991,63.216,102.639,0.136,-0.991,13.356,103.966,-0.411,0.912,117.334,146.696,0.998,-0.058,117.334,146.696,0.998,-0.058,87.374,-48.714,-0.746,0.666,-1.000,0.000,0,0
245.547,70.524,-0.960,-0.280,1,231.021,66.279,15.133,1,439.237,774.721,0,0,760.008,183.068,142.788,64.193,95.516,0.136,-0.991,64.193,95.516,0.136,-0.991,10.401,110.519,-0.411,0.912,124.510,146.276,0.998,-0.058,124.510,146.276,0.998,-0.058,90.970,-44.400,0.785,0.620,-1.000,0.000,0,0
228.281,70.524,-0.998,-0.067,1,213.181,69.508,15.133,1,456.296,757.481,0,0,742.353,163.744,121.317,65.365,86.970,0.136,-0.991,65.365,86.970,0.136,-0.991,6.854,118.383,-0.411,0.912,133.122,145.773,0.998,-0.058,133.122,145.773,0.998,-0.058,97.540,-38.814,0.739,0.674,-1.000,0.000,0,0
216.770,70.524,-1.000,-0.022,0,197.490,71.362,19.298,0,467.677,745.989,0,0,726.787,151.007,108.082,66.146,81.272,0.000,0.000,66.146,81.272,0.000,0.000,4.490,123.625,-0.411,0.912,138.863,145.438,0.998,-0.058,138.863,145.438,0.998,-0.058,101.615,-34.759,0.670,0.742,-1.000,0.000,0,1
202.381,70.524,-1.000,-0.007,0,178.312,73.627,24.269,0,481.912,731.624,0,0,707.775,135.307,93.402,67.122,74.150,0.000,0.000,67.122,74.150,0.000,0.000,1.534,130.178,-0.411,0.912,146.039,145.019,0.998,-0.058,146.039,145.019,0.998,-0.058,106.174,-29.205,0.574,0.819,-1.000,0.000,0,0
185.115,70.524,-1.000,-0.001,0,155.925,76.272,29.754,0,499.006,714.388,0,0,685.598,116.924,80.018,68.294,65.604,0.000,0.000,68.294,65.604,0.000,0.000,-2.012,138.042,-0.411,0.912,154.651,144.516,0.998,-0.058,154.651,144.516,0.998,-0.058,110.604,-21.816,0.449,0.894,-1.000,0.000,0,0
173.604,70.524,-1.000,0.000,0,141.369,77.991,33.096,0,510.408,702.898,0,0,671.192,105.066,74.833,69.075,59.906,0.000,0.000,69.075,59.906,0.000,0.000,-4.377,143.284,-0.411,0.912,160.392,144.181,0.998,-0.058,160.392,144.181,0.998,-0.058,112.746,-16.483,0.290,0.957,-1.000,0.000,0,0
159.215,70.524,-1.000,0.000,0,123.581,80.093,36.914,0,524.667,688.536,0,0,653.598,90.911,73.713,70.052,52.784,0.000,0.000,70.052,52.784,0.000,0.000,-7.332,149.837,-0.411,0.912,167.569,143.762,0.998,-0.058,167.569,143.762,0.998,-0.058,114.306,-9.477,0.103,0.995,-1.000,0.000,0,0
144.826,70.524,-1.000,0.000,0,106.233,82.142,40.337,0,538.934,674.176,0,0,636.456,77.873,78.726,71.028,45.662,0.000,0.000,71.028,45.662,0.000,0.000,-10.288,156.390,-0.411,0.912,174.745,143.343,0.998,-0.058,174.745,143.343,0.998,-0.058,114.472,-2.301,-0.097,0.995,-1.000,0.000,0,0
132.966,76.628,-0.912,0.411,0,89.314,84.141,44.349,0,549.984,662.733,0,0,619.753,71.882,74.529,72.005,38.540,0.000,0.000,72.005,38.540,0.000,0.000,-13.243,162.943,-0.411,0.912,113.213,4.765,-0.288,0.958,113.213,4.765,-0.288,0.958,181.921,142.923,0.998,-0.058,-1.000,1.000,0,0
122.792,86.803,-0.780,0.626,0,72.814,86.090,50.065,0,559.071,653.378,0,0,603.481,75.540,76.304,70.571,32.220,0.000,0.000,70.571,32.220,0.000,0.000,-16.198,169.496,-0.411,0.912,110.650,11.471,-0.452,0.892,110.650,11.471,-0.452,0.892,189.098,142.504,0.998,-0.058,-1.000,1.000,0,0
109.740,96.977,-0.826,0.563,0,53.552,88.365,56.968,0,571.245,641.347,0,0,584.507,84.095,78.228,64.512,26.079,0.000,0.000,64.512,26.079,0.000,0.000,-19.745,177.360,-0.411,0.912,106.171,18.830,-0.582,0.813,106.171,18.830,-0.582,0.813,197.710,142.001,0.998,-0.058,-1.000,0.000,0,0
98.229,96.977,-0.977,0.212,0,41.029,89.845,57.813,0,582.723,629.902,0,0,572.185,83.960,73.823,60.473,21.985,0.000,0.000,60.473,21.985,0.000,0.000,-22.109,182.602,-0.411,0.912,102.530,23.279,-0.679,0.734,102.530,23.279,-0.679,0.734,198.274,146.142,-0.202,0.979,-1.000,0.000,0,0
83.840,96.977,-0.998,0.059,0,25.724,91.653,58.602,0,597.072,615.599,0,0,557.144,84.999,69.965,55.424,16.868,0.000,0.000,55.424,16.868,0.000,0.000,-25.065,189.155,-0.411,0.912,97.434,28.345,-0.750,0.662,97.434,28.345,-0.750,0.662,196.822,153.182,-0.202,0.979,-1.000,0.000,0,0
69.451,96.977,-1.000,0.016,0,10.798,93.416,59.097,0,611.423,601.301,0,0,542.495,87.335,67.878,50.375,11.751,0.000,0.000,50.375,11.751,0.000,0.000,-28.020,195.709,-0.411,0.912,91.887,32.914,-0.801,0.598,91.887,32.914,-0.801,0.598,195.370,160.223,-0.202,0.979,-1.000,0.000,0,0
55.063,96.977,-1.000,0.005,0,-3.344,95.087,58.813,0,625.775,587.006,0,0,528.646,90.866,67.444,45.326,6.634,0.000,0.000,45.326,6.634,0.000,0.000,-30.976,202.262,-0.411,0.912,86.011,37.053,-0.839,0.545,86.011,37.053,-0.839,0.545,193.919,167.264,-0.202,0.979,-1.000,0.000,0,0
40.674,96.977,-1.000,0.001,0,-16.876,96.685,57.932,0,640.129,572.717,0,0,515.420,95.461,68.487,40.277,1.517,0.000,0.000,40.277,1.517,0.000,0.000,-33.931,208.815,-0.411,0.912,79.899,40.835,-0.866,0.500,79.899,40.835,-0.866,0.500,192.467,174.304,-0.202,0.979,-1.000,0.000,0,0
26.285,96.977,-1.000,0.000,0,-30.017,98.238,56.705,0,654.485,558.432,0,0,502.598,100.974,70.801,35.228,-3.600,0.000,0.000,35.228,-3.600,0.000,0.000,-33.296,204.506,0.213,-0.977,73.609,44.315,-0.887,0.462,73.609,44.315,-0.887,0.462,191.015,181.345,-0.202,0.979,-1.000,0.000,0,0
11.897,96.977,-1.000,0.000,0,-42.774,99.745,55.141,0,668.842,544.153,0,0,490.170,107.264,74.168,30.179,-8.718,0.000,0.000,30.179,-8.718,0.000,0.000,-31.763,197.483,0.213,-0.977,67.183,47.537,-0.903,0.429,67.183,47.537,-0.903,0.429,189.564,188.385,-0.202,0.979,-1.000,0.000,0,0
-2.492,96.977,-1.000,0.000,0,-55.158,101.208,53.251,0,683.200,529.880,0,0,478.127,97.511,78.382,-30.231,190.460,0.213,-0.977,-30.231,190.460,0.213,-0.977,25.130,-13.835,0.000,0.000,60.651,50.537,-0.916,0.401,60.651,50.537,-0.916,0.401,188.112,195.426,-0.202,0.979,-1.000,0.000,0,0
-16.881,96.977,-1.000,0.000,0,-67.178,102.628,51.047,0,697.560,515.613,0,0,466.460,87.263,83.262,-28.698,183.436,0.213,-0.977,-28.698,183.436,0.213,-0.977,20.082,-18.952,0.000,0.000,54.034,53.347,-0.926,0.377,54.034,53.347,-0.926,0.377,108.800,-94.600,0.000,0.000,-1.000,0.000,0,0
-31.269,96.977,-1.000,0.000,0,-78.843,104.006,48.545,0,711.921,501.354,0,0,455.159,79.542,88.661,-27.165,176.413,0.213,-0.977,-27.165,176.413,0.213,-0.977,15.033,-24.069,0.000,0.000,47.350,55.992,-0.935,0.356,47.350,55.992,-0.935,0.356,108.800,-94.600,0.000,0.000,-1.000,0.000,0,0
-48.536,96.977,-1.000,0.000,0,-92.385,105.606,45.179,0,729.155,484.252,0,0,442.069,74.705,95.663,-25.326,167.985,0.213,-0.977,-25.326,167.985,0.213,-0.977,8.974,-30.210,0.000,0.000,39.257,58.979,-0.941,0.337,39.257,58.979,-0.941,0.337,108.800,-94.600,0.000,0.000,-1.000,0.000,0,0
-62.925,96.977,-1.000,0.000,0,-103.299,106.895,42.100,0,743.519,470.010,0,0,431.543,75.002,101.832,-23.793,160.961,0.213,-0.977,-23.793,160.961,0.213,-0.977,3.925,-35.327,-0.702,-0.712,32.465,61.333,-0.947,0.321,32.465,61.333,-0.947,0.321,108.800,-94.600,0.000,0.000,-1.000,0.000,0,0
-74.435,96.977,-1.000,0.000,0,-111.794,107.899,39.483,0,755.010,458.623,0,0,423.367,78.083,106.963,-22.567,155.343,0.213,-0.977,-22.567,155.343,0.213,-0.977,-0.114,-39.421,-0.702,-0.712,26.885,62.696,-0.978,0.210,26.885,62.696,-0.978,0.210,108.800,-94.600,0.000,0.000,-1.000,0.000,0,0
-88.824,96.977,-1.000,0.000,0,-122.124,109.119,36.060,0,769.375,444.398,0,0,413.445,85.038,113.514,-21.034,148.319,0.213,-0.977,-21.034,148.319,0.213,-0.977,-5.163,-44.538,-0.702,-0.712,19.857,64.206,-0.978,0.210,19.857,64.206,-0.978,0.210,108.800,-94.600,0.000,0.000,-1.000,0.000,0,0
-106.091,96.977,-1.000,0.000,1,-121.224,96.977,15.133,1,786.614,427.342,0,0,412.409,96.915,121.523,-19.195,139.891,0.213,-0.977,-19.195,139.891,0.213,-0.977,-11.222,-50.679,-0.702,-0.712,11.423,66.018,-0.978,0.210,11.423,66.018,-0.978,0.210,108.800,-94.600,0.000,0.000,-1.000,1.000,0,0
-114.230,105.116,-0.864,0.504,1,-127.303,112.740,15.133,1,794.363,420.668,0,0,409.273,100.580,125.869,-17.969,134.273,0.213,-0.977,-17.969,134.273,0.213,-0.977,-15.261,-54.772,-0.702,-0.712,5.800,67.226,-0.978,0.210,5.800,67.226,-0.978,0.210,108.800,-94.600,0.000,0.000,-1.000,1.000,0,0
-124.404,115.291,-0.757,0.654,0,-135.857,125.182,15.133,0,804.177,412.625,0,0,403.625,108.628,131.680,-16.436,127.249,0.000,0.000,-16.436,127.249,0.000,0.000,-20.310,-59.890,-0.702,-0.712,-1.228,68.736,-0.978,0.210,-1.228,68.736,-0.978,0.210,140.000,279.000,0.000,0.000,-1.000,1.000,0,1
-136.532,127.444,-0.719,0.695,0,-140.857,145.027,18.175,0,816.050,403.505,0,0,403.863,122.239,139.043,-14.597,118.821,0.213,-0.977,-14.597,118.821,0.213,-0.977,-325.558,228.051,0.118,0.993,-9.662,70.548,-0.978,0.210,-9.662,70.548,-0.978,0.210,140.000,279.000,0.000,0.000,-1.000,1.000,0,0
-135.689,136.426,-0.192,0.981,0,-144.722,160.957,26.295,0,815.142,406.561,0,0,404.948,125.073,135.023,-13.064,111.798,0.213,-0.977,-13.064,111.798,0.213,-0.977,-324.706,235.189,0.118,0.993,-15.907,74.109,-0.869,0.495,-15.907,74.109,-0.869,0.495,140.000,279.000,0.000,0.000,1.000,0.000,0,0
-121.300,136.426,0.893,0.449,0,-148.492,176.493,48.602,0,800.756,420.462,0,0,406.642,114.241,115.251,-11.532,104.774,0.213,-0.977,-11.532,104.774,0.213,-0.977,-323.854,242.327,0.118,0.993,-22.152,77.669,-0.869,0.495,-22.152,77.669,-0.869,0.495,140.000,279.000,0.000,0.000,1.000,0.000,0,0
-118.422,136.426,0.949,0.315,0,-151.440,188.645,62.007,0,797.879,423.247,0,0,408.400,114.361,107.036,-10.305,99.156,0.213,-0.977,-10.305,99.156,0.213,-0.977,-40.506,-80.358,-0.702,-0.712,-27.149,80.517,-0.869,0.495,-27.149,80.517,-0.869,0.495,140.000,279.000,0.000,0.000,0.000,0.000,0,0
-118.422,136.426,0.949,0.315,0,-155.043,203.495,76.712,0,797.879,423.247,0,0,411.056,118.258,99.851,-8.773,92.132,0.213,-0.977,-8.773,92.132,0.213,-0.977,-296.000,285.000,0.000,0.000,-33.394,84.078,-0.869,0.495,-33.394,84.078,-0.869,0.495,140.000,279.000,0.000,0.000,0.000,0.000,0,0
-118.422,136.426,0.949,0.315,0,-159.166,216.828,90.380,0,797.879,423.247,0,0,413.147,122.454,92.667,-7.240,85.109,0.213,-0.977,-7.240,85.109,0.213,-0.977,-296.000,285.000,0.000,0.000,-39.639,87.638,-0.869,0.495,-39.639,87.638,-0.869,0.495,140.000,279.000,0.000,0.000,0.000,0.000,0,0
-118.422,147.937,0.456,0.890,0,-164.036,232.375,96.200,0,797.941,426.262,0,0,416.107,133.609,90.671,-5.401,76.681,0.213,-0.977,-5.401,76.681,0.213,-0.977,-296.000,285.000,0.000,0.000,-47.133,91.911,-0.869,0.495,-47.133,91.911,-0.869,0.495,140.000,279.000,0.000,0.000,0.000,1.000,0,0
-118.422,159.448,0.158,0.987,0,-167.232,242.425,96.496,0,798.169,429.565,0,0,418.305,144.446,92.626,-4.175,71.062,0.213,-0.977,-4.175,71.062,0.213,-0.977,-296.000,285.000,0.000,0.000,-52.129,94.759,-0.869,0.495,-52.129,94.759,-0.869,0.495,140.000,279.000,0.000,0.000,0.000,1.000,0,0
-118.422,176.715,0.037,0.999,0,-171.953,257.039,96.755,0,798.821,435.045,0,0,421.891,162.759,97.427,-2.335,62.634,0.213,-0.977,-2.335,62.634,0.213,-0.977,-296.000,285.000,0.000,0.000,-59.623,99.031,-0.869,0.495,-59.623,99.031,-0.869,0.495,140.000,279.000,0.000,0.000,0.000,1.000,0,0
-116.387,190.260,0.181,0.984,0,-175.800,268.813,98.713,0,797.564,441.666,0,0,425.124,177.455,101.183,-0.803,55.611,0.213,-0.977,-0.803,55.611,0.213,-0.977,-296.000,285.000,0.000,0.000,-65.868,102.592,-0.869,0.495,-65.868,102.592,-0.869,0.495,140.000,279.000,0.000,0.000,1.000,1.000,0,0
-106.213,200.435,0.580,0.815,0,-179.534,280.240,108.576,0,788.156,454.856,0,0,428.581,185.727,100.260,0.730,48.587,0.213,-0.977,0.730,48.587,0.213,-0.977,-296.000,285.000,0.000,0.000,-72.113,106.152,-0.869,0.495,-72.113,106.152,-0.869,0.495,140.000,279.000,0.000,0.000,1.000,1.000,0,0
-100.109,209.417,0.484,0.875,0,-182.442,289.138,114.796,0,782.841,463.905,0,0,431.486,195.250,103.017,1.956,42.968,0.213,-0.977,1.956,42.968,0.213,-0.977,-296.000,285.000,0.000,0.000,-77.109,109.001,-0.869,0.495,-77.109,109.001,-0.869,0.495,140.000,279.000,0.000,0.000,0.000,1.000,0,0
-102.143,222.963,-0.010,1.000,0,-185.979,299.962,114.024,0,786.217,467.429,0,0,435.265,203.541,111.989,-296.000,285.000,0.000,0.000,-296.000,285.000,0.000,0.000,3.489,35.945,0.213,-0.977,-83.354,112.561,-0.869,0.495,-83.354,112.561,-0.869,0.495,140.000,279.000,0.000,0.000,-1.000,1.000,0,0
-112.318,233.137,-0.534,0.845,0,-189.411,310.464,109.393,0,797.481,462.536,0,0,439.183,190.864,119.201,-296.000,285.000,0.000,0.000,-296.000,285.000,0.000,0.000,-334.665,194.710,-0.207,-0.978,-89.599,116.121,-0.869,0.495,-89.599,116.121,-0.869,0.495,140.000,279.000,0.000,0.000,-1.000,1.000,0,0
-122.492,243.312,-0.663,0.749,0,-192.740,320.651,104.691,0,808.845,458.043,0,0,443.213,178.446,126.469,-296.000,285.000,0.000,0.000,-296.000,285.000,0.000,0.000,-336.153,187.677,-0.207,-0.978,-95.844,119.682,-0.869,0.495,-95.844,119.682,-0.869,0.495,140.000,279.000,0.000,0.000,-1.000,1.000,0,0
-134.701,255.521,-0.697,0.717,0,-196.603,332.470,98.980,0,822.606,453.196,0,0,448.164,163.971,135.253,-296.000,285.000,0.000,0.000,-296.000,285.000,0.000,0.000,-337.939,179.237,-0.207,-0.978,-103.338,123.954,-0.869,0.495,-103.338,123.954,-0.869,0.495,129.649,300.197,-0.709,-0.705,-1.000,1.000,0,0
-144.876,265.695,-0.704,0.710,0,-199.714,341.990,94.193,0,834.173,449.623,0,0,452.362,152.353,142.616,-296.000,285.000,0.000,0.000,-296.000,285.000,0.000,0.000,-339.427,172.204,-0.207,-0.978,-109.583,127.515,-0.869,0.495,-109.583,127.515,-0.869,0.495,124.550,295.129,-0.709,-0.705,-1.000,1.000,0,0
-155.050,275.870,-0.706,0.708,0,-202.731,351.220,89.416,0,845.827,446.486,0,0,456.605,141.246,150.013,-296.000,285.000,0.000,0.000,-296.000,285.000,0.000,0.000,-340.915,165.171,-0.207,-0.978,-115.828,131.075,-0.869,0.495,-115.828,131.075,-0.869,0.495,119.452,290.061,-0.709,-0.705,-1.000,1.000,0,0
-163.189,284.009,-0.707,0.707,0,-205.077,358.400,85.630,0,855.210,444.296,0,0,460.020,132.814,155.950,-296.000,285.000,0.000,0.000,-296.000,285.000,0.000,0.000,-342.106,159.545,-0.207,-0.978,-120.824,133.924,-0.869,0.495,-120.824,133.924,-0.869,0.495,115.373,286.007,-0.709,-0.705,-1.000,1.000,0,0
-173.364,294.184,-0.707,0.707,0,-207.928,367.124,80.988,0,867.011,441.965,0,0,464.301,122.980,163.395,-296.000,285.000,0.000,0.000,-296.000,285.000,0.000,0.000,-343.594,152.512,-0.207,-0.978,-127.069,137.484,-0.869,0.495,-127.069,137.484,-0.869,0.495,110.275,280.939,-0.709,-0.705,-1.000,1.000,0,0
-183.538,304.358,-0.707,0.707,0,-210.691,375.578,76.509,0,878.889,440.092,0,0,468.584,114.116,170.862,-296.000,285.000,0.000,0.000,-296.000,285.000,0.000,0.000,-345.082,145.479,-0.207,-0.978,-133.314,141.044,-0.869,0.495,-133.314,141.044,-0.869,0.495,105.177,275.871,-0.709,-0.705,-1.000,1.000,0,0
-193.712,314.532,-0.707,0.707,0,-213.367,383.767,72.276,0,890.841,438.684,0,0,472.855,106.466,178.348,-296.000,285.000,0.000,0.000,-296.000,285.000,0.000,0.000,-346.570,138.446,-0.207,-0.978,-139.560,144.605,-0.869,0.495,-139.560,144.605,-0.869,0.495,100.078,270.803,-0.709,-0.705,-1.000,1.000,0,0
-205.922,326.742,-0.707,0.707,0,-216.468,393.254,67.670,0,905.277,437.613,0,0,477.950,99.280,187.353,-296.000,285.000,0.000,0.000,-296.000,285.000,0.000,0.000,-348.355,130.006,-0.207,-0.978,-147.054,148.877,-0.869,0.495,-147.054,148.877,-0.869,0.495,93.960,264.722,-0.709,-0.705,-1.000,1.000,0,0
-207.956,337.410,-0.432,0.902,0,-218.469,399.378,63.203,0,909.547,443.423,0,0,481.320,102.462,193.918,-296.000,285.000,0.000,0.000,-296.000,285.000,0.000,0.000,-349.546,124.380,-0.207,-0.978,-152.050,151.726,-0.869,0.495,-152.050,151.726,-0.869,0.495,89.881,260.667,-0.709,-0.705,0.000,1.000,0,0
-207.956,354.676,-0.095,0.995,0,-221.375,408.271,55.646,0,913.490,455.529,0,0,486.324,112.279,204.492,-296.000,285.000,0.000,0.000,-296.000,285.000,0.000,0.000,-351.331,115.940,-0.207,-0.978,-159.544,155.998,-0.869,0.495,-159.544,155.998,-0.869,0.495,83.763,254.586,-0.709,-0.705,0.000,1.000,0,0
-207.956,366.187,-0.033,0.999,0,-223.250,414.009,50.644,0,916.290,463.782,0,0,489.620,119.763,211.838,-296.000,285.000,0.000,0.000,-296.000,285.000,0.000,0.000,-352.522,110.314,-0.207,-0.978,-164.540,158.847,-0.869,0.495,-164.540,158.847,-0.869,0.495,79.685,250.532,-0.709,-0.705,0.000,1.000,0,0
-207.956,380.576,-0.009,1.000,0,-225.526,420.971,44.547,0,919.980,474.288,0,0,493.690,129.948,221.313,-296.000,285.000,0.000,0.000,-296.000,285.000,0.000,0.000,-354.010,103.281,-0.207,-0.978,-170.785,162.407,-0.869,0.495,-170.785,162.407,-0.869,0.495,74.586,245.464,-0.709,-0.705,0.000,1.000,0,0
-207.956,394.965,-0.003,1.000,0,-227.727,427.706,38.818,0,923.880,484.994,0,0,497.697,140.868,231.076,-296.000,285.000,0.000,0.000,-296.000,285.000,0.000,0.000,-355.498,96.248,-0.207,-0.978,-177.030,165.967,-0.869,0.495,-177.030,165.967,-0.869,0.495,69.488,240.396,-0.709,-0.705,0.000,1.000,0,0
-207.956,409.353,-0.001,1.000,0,-229.855,434.219,33.792,0,927.986,495.886,0,0,501.637,152.366,241.092,-296.000,285.000,0.000,0.000,-296.000,285.000,0.000,0.000,-356.986,89.215,-0.207,-0.978,-183.275,169.528,-0.869,0.495,-183.275,169.528,-0.869,0.495,64.390,235.328,-0.709,-0.705,0.000,1.000,0,0
-216.590,417.987,-0.671,0.742,1,-226.742,429.209,15.133,1,938.784,497.052,0,0,499.655,154.892,245.548,-296.000,285.000,0.000,0.000,-296.000,285.000,0.000,0.000,-358.772,80.775,-0.207,-0.978,-190.769,173.800,-0.869,0.495,-190.769,173.800,-0.869,0.495,58.272,229.246,-0.709,-0.705,-1.000,0.000,0,0
-230.135,415.952,-1.000,0.020,1,-245.266,416.248,15.133,1,951.122,487.069,0,0,478.204,146.583,240.879,-296.000,285.000,0.000,0.000,-296.000,285.000,0.000,0.000,-360.260,73.742,-0.207,-0.978,-197.014,177.361,-0.869,0.495,-197.014,177.361,-0.869,0.495,53.173,224.178,-0.709,-0.705,-1.000,-1.000,0,0
-236.240,406.970,-0.834,-0.552,1,-248.861,398.619,15.133,1,954.390,476.235,0,0,461.935,135.823,229.330,-296.000,285.000,0.000,0.000,-296.000,285.000,0.000,0.000,-361.451,68.116,-0.207,-0.978,-202.010,180.209,-0.869,0.495,-202.010,180.209,-0.869,0.495,49.095,220.124,-0.709,-0.705,0.000,-1.000,0,0
-236.240,392.581,-0.280,-0.960,1,-240.481,378.054,15.133,1,950.433,464.957,0,0,451.033,123.065,210.678,-296.000,285.000,0.000,0.000,-296.000,285.000,0.000,0.000,-362.939,61.083,-0.207,-0.978,-208.255,183.770,-0.869,0.495,-208.255,183.770,-0.869,0.495,43.996,215.056,-0.709,-0.705,0.000,-1.000,0,0
-236.240,375.314,-0.059,-0.998,1,-237.136,360.208,15.133,1,945.953,451.656,0,0,439.652,108.296,188.390,-296.000,285.000,0.000,0.000,-296.000,285.000,0.000,0.000,-364.724,52.644,-0.207,-0.978,-215.749,188.042,-0.869,0.495,-215.749,188.042,-0.869,0.495,37.878,208.974,-0.709,-0.705,0.000,-1.000,0,0
-236.240,363.803,-0.022,-1.000,1,-236.567,348.674,15.133,1,943.130,442.941,0,0,431.464,98.900,173.606,-296.000,285.000,0.000,0.000,-296.000,285.000,0.000,0.000,-365.915,47.017,-0.207,-0.978,-220.745,190.890,-0.869,0.495,-220.745,190.890,-0.869,0.495,33.800,204.920,-0.709,-0.705,1.000,-1.000,0,0
-224.031,351.594,0.551,-0.835,1,-215.694,338.964,15.133,1,928.396,442.143,0,0,438.960,98.053,156.488,-296.000,285.000,0.000,0.000,-296.000,285.000,0.000,0.000,-367.701,38.578,-0.207,-0.978,-228.239,195.163,-0.869,0.495,-228.239,195.163,-0.869,0.495,27.682,198.838,-0.709,-0.705,1.000,-1.000,0,0
-215.891,343.455,0.659,-0.752,1,-205.920,332.071,15.133,1,918.623,441.985,0,0,441.234,99.168,146.474,-296.000,285.000,0.000,0.000,-296.000,285.000,0.000,0.000,-368.891,32.951,-0.207,-0.978,-233.235,198.011,-0.869,0.495,-233.235,198.011,-0.869,0.495,23.603,194.784,-0.709,-0.705,1.000,-1.000,0,0
-203.682,331.246,0.696,-0.718,1,-193.147,320.382,15.133,1,904.040,442.309,0,0,442.916,103.254,134.178,-296.000,285.000,0.000,0.000,-296.000,285.000,0.000,0.000,-370.677,24.512,-0.207,-0.978,-240.729,202.284,-0.869,0.495,-240.729,202.284,-0.869,0.495,17.485,188.702,-0.709,-0.705,1.000,-1.000,0,0
-203.682,319.735,0.285,-0.959,1,-199.370,305.229,15.133,1,901.648,434.575,0,0,428.371,98.636,122.071,-296.000,285.000,0.000,0.000,-296.000,285.000,0.000,0.000,-371.867,18.885,-0.207,-0.978,-245.725,205.132,-0.869,0.495,-245.725,205.132,-0.869,0.495,13.406,184.648,-0.709,-0.705,0.000,-1.000,0,0
-203.682,305.346,0.087,-0.996,1,-202.364,290.270,15.133,1,898.857,425.148,0,0,416.605,94.534,108.045,-296.000,285.000,0.000,0.000,-296.000,285.000,0.000,0.000,-373.356,11.852,-0.207,-0.978,-251.970,208.692,-0.869,0.495,-251.970,208.692,-0.869,0.495,8.308,179.580,-0.709,-0.705,0.000,-1.000,0,0
-203.682,288.080,0.019,-1.000,1,-203.391,272.949,15.133,1,895.801,414.212,0,0,405.224,92.369,93.562,-296.000,285.000,0.000,0.000,-296.000,285.000,0.000,0.000,-375.141,3.413,-0.207,-0.978,-259.464,212.965,-0.869,0.495,-259.464,212.965,-0.869,0.495,2.190,173.498,-0.709,-0.705,0.000,-1.000,0,0
-197.577,279.097,0.422,-0.907,1,-191.196,265.375,15.133,1,888.312,413.556,0,0,410.687,98.600,92.077,-296.000,285.000,0.000,0.000,-296.000,285.000,0.000,0.000,-376.332,-2.214,-0.207,-0.978,-264.460,215.813,-0.869,0.495,-264.460,215.813,-0.869,0.495,-1.889,169.444,-0.709,-0.705,1.000,-1.000,0,0
-187.403,268.923,0.637,-0.771,1,-177.759,257.260,15.133,1,876.692,415.824,0,0,417.319,109.781,96.925,-296.000,285.000,0.000,0.000,-296.000,285.000,0.000,0.000,-377.820,-9.247,-0.207,-0.978,-270.706,219.374,-0.869,0.495,-270.706,219.374,-0.869,0.495,-6.987,164.376,-0.709,-0.705,1.000,0.000,0,0
-173.014,268.923,0.958,-0.286,1,-158.512,264.598,15.133,1,862.470,427.689,0,0,437.474,124.032,113.656,-296.000,285.000,0.000,0.000,-296.000,285.000,0.000,0.000,-379.308,-16.280,-0.207,-0.978,-276.951,222.934,0.943,0.332,-276.951,222.934,0.943,0.332,-12.086,159.308,-0.709,-0.705,1.000,0.000,0,0
-158.626,268.923,0.997,-0.074,1,-143.534,267.796,15.133,1,848.254,439.705,0,0,451.864,138.312,119.764,-296.000,285.000,0.000,0.000,-296.000,285.000,0.000,0.000,-380.796,-23.313,-0.207,-0.978,-270.160,225.293,0.948,0.318,-270.160,225.293,0.948,0.318,-17.184,154.240,-0.709,-0.705,1.000,0.000,0,0
-144.237,268.923,1.000,-0.023,1,-129.108,268.579,15.133,1,834.043,451.859,0,0,464.601,152.612,126.081,-296.000,285.000,0.000,0.000,-296.000,285.000,0.000,0.000,-382.284,-30.346,-0.207,-0.978,-263.322,227.508,0.956,0.293,-263.322,227.508,0.956,0.293,-22.282,149.172,-0.709,-0.705,1.000,0.000,0,0
-129.848,268.923,1.000,-0.006,1,-114.715,268.828,15.133,1,819.839,464.142,0,0,477.139,166.928,132.563,-296.000,285.000,0.000,0.000,-296.000,285.000,0.000,0.000,-383.772,-37.379,-0.207,-0.978,-256.426,229.538,0.964,0.267,-256.426,229.538,0.964,0.267,-27.381,144.104,-0.709,-0.705,1.000,0.000,0,0
-115.460,268.923,1.000,-0.002,1,-100.326,268.897,15.133,1,805.641,476.542,0,0,489.689,181.255,139.177,-296.000,285.000,0.000,0.000,-296.000,285.000,0.000,0.000,44.000,-93.000,0.000,0.000,-249.480,231.390,0.970,0.244,-249.480,231.390,0.970,0.244,-32.479,139.036,-0.709,-0.705,1.000,-1.000,0,0
-105.285,258.749,0.842,-0.540,1,-92.547,250.579,15.133,1,793.994,480.469,0,0,487.982,192.513,139.583,-296.000,285.000,0.000,0.000,-296.000,285.000,0.000,0.000,44.000,-93.000,0.000,0.000,-242.425,232.747,0.993,0.118,-242.425,232.747,0.993,0.118,-37.578,133.969,-0.709,-0.705,1.000,-1.000,0,0
-92.582,254.679,0.943,-0.334,1,-78.316,249.631,15.133,1,780.825,489.810,0,0,500.307,205.665,135.317,-296.000,285.000,0.000,0.000,-296.000,285.000,0.000,0.000,44.000,-93.000,0.000,0.000,-42.676,128.901,-0.709,-0.705,-42.676,128.901,-0.709,-0.705,-235.272,233.451,0.995,0.103,1.000,-1.000,0,0
-82.408,244.504,0.820,-0.572,1,-69.992,235.852,15.133,1,769.293,494.396,0,0,502.021,217.397,125.544,-296.000,285.000,0.000,0.000,-296.000,285.000,0.000,0.000,44.000,-93.000,0.000,0.000,-47.774,123.833,-0.709,-0.705,-47.774,123.833,-0.709,-0.705,-228.102,233.934,1.000,0.012,1.000,-1.000,0,0
-66.827,240.435,0.959,-0.284,1,-52.319,236.131,15.133,1,753.304,506.787,0,0,518.305,233.466,123.364,-296.000,285.000,0.000,0.000,-296.000,285.000,0.000,0.000,44.000,-93.000,0.000,0.000,-53.892,117.751,-0.709,-0.705,-53.892,117.751,-0.709,-0.705,-219.476,233.910,1.000,0.008,1.000,-1.000,0,0
-58.688,232.295,0.818,-0.575,1,-46.307,223.592,15.133,1,744.167,510.942,0,0,519.043,243.094,118.601,-296.000,285.000,0.000,0.000,-296.000,285.000,0.000,0.000,44.000,-93.000,0.000,0.000,-57.971,113.697,-0.709,-0.705,-57.971,113.697,-0.709,-0.705,-213.727,233.806,0.998,-0.061,1.000,-1.000,0,0
-43.107,228.226,0.966,-0.257,1,-28.482,224.337,15.133,1,728.202,523.743,0,0,535.895,259.188,122.422,-296.000,285.000,0.000,0.000,-296.000,285.000,0.000,0.000,44.000,-93.000,0.000,0.000,-64.089,107.615,-0.709,-0.705,-64.089,107.615,-0.709,-0.705,-205.123,233.201,0.998,-0.056,1.000,0.000,0,0
-31.596,228.226,0.996,-0.088,1,-16.522,226.890,15.133,1,716.784,534.418,0,0,547.969,270.431,129.918,-296.000,285.000,0.000,0.000,-296.000,285.000,0.000,0.000,44.000,-93.000,0.000,0.000,-68.168,103.561,-0.709,-0.705,-68.168,103.561,-0.709,-0.705,-199.377,232.958,0.999,-0.033,1.000,0.000,0,0
-17.207,228.226,1.000,-0.025,1,-2.079,227.854,15.133,1,702.516,547.809,0,0,561.811,284.515,141.326,-296.000,285.000,0.000,0.000,-296.000,285.000,0.000,0.000,44.000,-93.000,0.000,0.000,-73.266,98.493,-0.709,-0.705,-73.266,98.493,-0.709,-0.705,140.000,279.000,0.000,0.000,1.000,0.000,0,0
-4.504,224.156,0.955,-0.297,1,9.944,219.655,15.133,1,689.403,558.250,0,0,570.316,297.778,150.153,-296.000,285.000,0.000,0.000,-296.000,285.000,0.000,0.000,44.000,-93.000,0.000,0.000,-78.364,93.425,-0.709,-0.705,-78.364,93.425,-0.709,-0.705,140.000,279.000,0.000,0.000,1.000,-1.000,0,0
7.705,211.947,0.780,-0.626,1,19.510,202.478,15.133,1,675.848,565.690,0,0,573.980,302.264,148.318,127.058,-65.755,-0.375,0.927,127.058,-65.755,-0.375,0.927,44.000,-93.000,0.000,0.000,140.000,279.000,0.000,0.000,140.000,279.000,0.000,0.000,-84.483,87.343,-0.709,-0.705,1.000,-1.000,0,0
17.879,201.772,0.728,-0.685,1,28.903,191.405,15.133,1,664.684,572.214,0,0,579.785,281.760,144.491,124.424,-59.066,-0.360,0.933,124.424,-59.066,-0.360,0.933,44.000,-93.000,0.000,0.000,140.000,279.000,0.000,0.000,140.000,279.000,0.000,0.000,-89.581,82.275,-0.709,-0.705,1.000,-1.000,0,0
17.879,190.261,0.303,-0.953,1,22.460,175.838,15.133,1,663.677,568.883,0,0,569.439,265.389,150.957,122.283,-53.729,-0.399,0.917,122.283,-53.729,-0.399,0.917,44.000,-93.000,0.000,0.000,140.000,279.000,0.000,0.000,140.000,279.000,0.000,0.000,-93.660,78.221,-0.709,-0.705,0.000,-1.000,0,0
17.879,175.873,0.088,-0.996,1,19.204,160.798,15.133,1,662.697,565.021,0,0,562.631,245.036,152.915,119.312,-47.184,-0.434,0.901,119.312,-47.184,-0.434,0.901,44.000,-93.000,0.000,0.000,-97.565,75.594,0.121,0.993,-97.565,75.594,0.121,0.993,140.000,279.000,0.000,0.000,0.000,-1.000,0,0
17.879,161.484,0.025,-1.000,1,18.255,146.355,15.133,1,662.028,561.502,0,0,558.545,224.827,139.031,116.109,-40.748,-0.463,0.886,116.109,-40.748,-0.463,0.886,44.000,-93.000,0.000,0.000,-96.696,82.730,0.121,0.993,-96.696,82.730,0.121,0.993,140.000,279.000,0.000,0.000,1.000,-1.000,0,0
28.896,153.345,0.608,-0.794,1,38.094,141.327,15.133,1,650.778,570.416,0,0,576.979,205.603,139.949,112.956,-34.290,-0.392,0.920,112.956,-34.290,-0.392,0.920,44.000,-93.000,0.000,0.000,-95.828,89.866,0.121,0.993,-95.828,89.866,0.121,0.993,140.000,279.000,0.000,0.000,1.000,0.000,0,0
43.285,153.345,0.967,-0.254,1,57.920,149.493,15.133,1,636.397,584.472,0,0,598.009,192.967,149.285,110.487,-27.542,-0.285,0.959,110.487,-27.542,-0.285,0.959,44.000,-93.000,0.000,0.000,-94.960,97.002,0.121,0.993,-94.960,97.002,0.121,0.993,140.000,279.000,0.000,0.000,1.000,0.000,0,0
57.674,153.345,0.998,-0.070,1,72.770,152.290,15.133,1,622.017,598.543,0,0,613.114,181.256,150.223,108.678,-20.587,-0.203,0.979,108.678,-20.587,-0.203,0.979,44.000,-93.000,0.000,0.000,140.000,279.000,0.000,0.000,140.000,279.000,0.000,0.000,-94.092,104.138,0.121,0.993,1.000,0.000,0,0
72.062,153.345,1.000,-0.019,1,87.193,153.052,15.133,1,607.638,612.630,0,0,627.400,170.562,142.846,107.451,-13.506,-0.121,0.993,107.451,-13.506,-0.121,0.993,44.000,-93.000,0.000,0.000,140.000,279.000,0.000,0.000,140.000,279.000,0.000,0.000,-93.224,111.274,0.121,0.993,1.000,0.000,0,0
86.451,153.345,1.000,-0.005,1,101.584,153.262,15.133,1,593.259,626.730,0,0,641.558,160.986,136.590,106.832,-6.346,-0.033,0.999,106.832,-6.346,-0.033,0.999,44.000,-93.000,0.000,0.000,140.000,279.000,0.000,0.000,140.000,279.000,0.000,0.000,-92.355,118.410,0.121,0.993,1.000,0.000,0,0
100.840,153.345,1.000,-0.002,1,115.973,153.320,15.133,1,578.881,640.843,0,0,655.695,152.623,131.616,106.860,0.840,0.060,0.998,106.860,0.840,0.060,0.998,44.000,-93.000,0.000,0.000,140.000,279.000,0.000,0.000,140.000,279.000,0.000,0.000,-91.487,125.546,0.121,0.993,1.000,0.000,0,0
118.106,153.345,1.000,0.000,1,133.239,153.339,15.133,1,561.627,657.795,0,0,672.664,144.302,127.549,107.785,9.412,0.155,0.988,107.785,9.412,0.155,0.988,53.840,-93.442,0.296,0.955,140.000,279.000,0.000,0.000,140.000,279.000,0.000,0.000,-90.445,134.110,0.121,0.993,1.000,0.000,0,0
129.617,153.345,1.000,0.000,1,144.750,153.343,15.133,1,550.125,669.105,0,0,683.983,139.838,126.084,108.952,15.042,0.251,0.968,108.952,15.042,0.251,0.968,55.688,-87.996,0.346,0.938,140.000,279.000,0.000,0.000,140.000,279.000,0.000,0.000,-89.751,139.819,0.121,0.993,1.000,0.000,0,0
140.634,145.205,0.898,-0.440,1,154.225,138.549,15.133,1,538.945,678.517,0,0,690.845,126.789,133.797,111.032,21.920,0.347,0.938,111.032,21.920,0.347,0.938,58.331,-81.312,0.400,0.917,140.000,279.000,0.000,0.000,140.000,279.000,0.000,0.000,-88.882,146.955,0.121,0.993,1.000,-1.000,0,0
150.809,135.031,0.765,-0.644,1,162.384,125.282,15.133,1,528.734,686.930,0,0,696.983,112.729,144.375,113.811,28.546,0.449,0.894,113.811,28.546,0.449,0.894,61.350,-74.789,0.451,0.893,140.000,279.000,0.000,0.000,140.000,279.000,0.000,0.000,108.800,-94.600,0.000,0.000,1.000,-1.000,0,0
160.983,124.856,0.724,-0.690,1,171.940,114.418,15.133,1,518.720,695.538,0,0,705.081,100.073,155.565,117.366,34.789,0.565,0.825,117.366,34.789,0.565,0.825,64.747,-68.454,0.506,0.863,140.000,279.000,0.000,0.000,140.000,279.000,0.000,0.000,108.800,-94.600,0.000,0.000,1.000,-1.000,0,0
163.018,108.433,0.253,-0.968,1,166.839,93.790,15.133,1,517.362,695.532,0,0,697.857,78.065,172.113,122.574,41.661,0.632,0.775,122.574,41.661,0.632,0.775,69.237,-61.089,0.529,0.849,140.000,279.000,0.000,0.000,140.000,279.000,0.000,0.000,108.800,-94.600,0.000,0.000,0.000,-1.000,0,0
163.018,96.922,0.089,-0.996,1,164.366,81.849,15.133,1,518.145,694.343,0,0,694.416,62.767,183.527,126.445,45.911,0.726,0.688,126.445,45.911,0.726,0.688,72.343,-56.249,0.555,0.832,140.000,279.000,0.000,0.000,140.000,279.000,0.000,0.000,108.800,-94.600,0.000,0.000,1.000,-1.000,0,0
173.192,86.748,0.540,-0.842,1,181.362,74.009,15.133,1,508.930,703.589,0,0,710.845,54.947,192.440,132.248,50.104,0.899,0.438,132.248,50.104,0.899,0.438,76.600,-50.462,0.644,0.765,108.800,-94.600,0.000,0.000,108.800,-94.600,0.000,0.000,140.000,279.000,0.000,0.000,1.000,0.000,0,0
187.581,86.748,0.945,-0.328,1,201.875,81.778,15.133,1,494.623,717.930,0,0,731.815,59.265,197.720,138.759,53.150,0.911,0.413,138.759,53.150,0.911,0.413,81.378,-45.092,0.689,0.725,108.800,-94.600,0.000,0.000,108.800,-94.600,0.000,0.000,140.000,279.000,0.000,0.000,1.000,0.000,0,0
201.970,86.748,0.996,-0.094,1,217.036,85.327,15.133,1,480.322,732.272,0,0,747.187,64.418,201.993,145.339,56.044,0.926,0.378,145.339,56.044,0.926,0.378,86.420,-39.969,0.722,0.692,140.000,279.000,0.000,0.000,140.000,279.000,0.000,0.000,108.800,-94.600,0.000,0.000,1.000,0.000,0,0
216.707,92.852,0.930,0.367,1,230.783,98.410,15.133,1,465.047,747.446,0,0,761.943,71.715,201.333,153.319,59.312,0.905,0.425,153.319,59.312,0.905,0.425,92.727,-34.085,0.727,0.687,140.000,279.000,0.000,0.000,140.000,279.000,0.000,0.000,108.800,-94.600,0.000,0.000,1.000,1.000,0,0
224.847,100.992,0.806,0.591,1,237.049,109.943,15.133,1,456.221,756.267,0,0,769.282,77.038,197.195,158.359,62.079,0.854,0.520,158.359,62.079,0.854,0.520,96.840,-30.065,0.708,0.707,140.000,279.000,0.000,0.000,140.000,279.000,0.000,0.000,108.800,-94.600,0.000,0.000,1.000,1.000,0,0
238.393,103.026,0.962,0.272,1,252.954,107.148,15.133,1,442.564,769.940,0,0,784.825,82.725,201.613,164.592,65.651,0.905,0.425,164.592,65.651,0.905,0.425,102.017,-25.080,0.752,0.659,140.000,279.000,0.000,0.000,140.000,279.000,0.000,0.000,108.800,-94.600,0.000,0.000,1.000,0.000,0,0
252.781,103.026,0.997,0.076,1,267.871,104.177,15.133,1,428.231,784.264,0,0,799.392,88.596,209.013,171.208,68.457,0.938,0.347,171.208,68.457,0.938,0.347,107.540,-20.480,0.789,0.614,140.000,279.000,0.000,0.000,140.000,279.000,0.000,0.000,108.800,-94.600,0.000,0.000,1.000,0.000,0,0
266.676,94.887,0.889,-0.457,1,280.135,87.967,15.133,1,415.158,797.404,0,0,810.300,100.584,223.483,170.750,64.633,-0.550,-0.835,170.750,64.633,-0.550,-0.835,109.090,-24.430,-0.127,-0.992,140.000,279.000,0.000,0.000,140.000,279.000,0.000,0.000,427.000,279.000,0.000,0.000,1.000,-1.000,0,0
274.816,86.747,0.778,-0.628,1,286.592,77.242,15.133,1,408.010,804.910,0,0,816.060,110.554,234.811,167.589,59.829,-0.550,-0.835,167.589,59.829,-0.550,-0.835,108.362,-30.135,-0.127,-0.992,140.000,279.000,0.000,0.000,140.000,279.000,0.000,0.000,424.800,-106.500,0.000,0.000,1.000,-1.000,0,0
287.519,82.678,0.946,-0.324,1,301.834,77.770,15.133,1,395.967,817.313,0,0,831.306,127.197,233.740,163.638,53.823,-0.550,-0.835,163.638,53.823,-0.550,-0.835,107.452,-37.266,-0.127,-0.992,424.800,-106.500,0.000,0.000,424.800,-106.500,0.000,0.000,427.000,279.000,0.000,0.000,1.000,0.000,0,0
304.785,82.678,0.997,-0.073,1,319.878,81.573,15.133,1,378.891,834.542,0,0,849.537,150.279,224.035,158.897,46.617,-0.550,-0.835,158.897,46.617,-0.550,-0.835,106.359,-45.823,-0.127,-0.992,424.800,-106.500,0.000,0.000,424.800,-106.500,0.000,0.000,427.000,279.000,0.000,0.000,1.000,0.000,0,0
319.174,82.678,1.000,-0.021,1,334.304,82.367,15.133,1,364.675,848.901,0,0,863.982,169.530,216.668,154.946,40.611,-0.550,-0.835,154.946,40.611,-0.550,-0.835,105.449,-52.953,-0.127,-0.992,424.800,-106.500,0.000,0.000,424.800,-106.500,0.000,0.000,427.000,279.000,0.000,0.000,1.000,0.000,0,0
333.563,82.678,1.000,-0.006,0,350.880,82.457,17.318,0,350.473,863.261,0,0,880.531,188.791,210.030,150.995,34.606,-0.550,-0.835,150.995,34.606,-0.550,-0.835,104.538,-60.084,-0.127,-0.992,424.800,-106.500,0.000,0.000,424.800,-106.500,0.000,0.000,427.000,279.000,0.000,0.000,1.000,0.000,1,0
333.563,82.678,1.000,-0.005,0,370.384,82.270,36.824,0,350.473,863.261,0,0,899.988,194.200,210.030,147.044,28.600,-0.550,-0.835,147.044,28.600,-0.550,-0.835,103.628,-67.215,-0.127,-0.992,424.800,-106.500,0.000,0.000,424.800,-106.500,0.000,0.000,427.000,279.000,0.000,0.000,0.000,0.000,0,0
333.563,82.678,1.000,-0.005,0,389.406,82.087,55.847,0,350.473,863.261,0,0,918.963,199.722,210.030,143.093,22.594,-0.550,-0.835,143.093,22.594,-0.550,-0.835,102.718,-74.346,-0.127,-0.992,424.800,-106.500,0.000,0.000,424.800,-106.500,0.000,0.000,427.000,279.000,0.000,0.000,0.000,0.000,0,0
333.563,82.678,1.000,-0.005,0,404.284,81.945,70.727,0,350.473,863.261,0,0,933.805,204.214,210.030,139.932,17.790,-0.550,-0.835,139.932,17.790,-0.550,-0.835,101.989,-80.051,-0.127,-0.992,424.800,-106.500,0.000,0.000,424.800,-106.500,0.000,0.000,427.000,279.000,0.000,0.000,0.000,0.000,0,0
333.563,82.678,1.000,-0.005,0,422.467,81.770,88.913,0,350.473,863.261,0,0,951.943,209.915,210.030,135.981,11.784,-0.550,-0.835,135.981,11.784,-0.550,-0.835,101.079,-87.181,-0.127,-0.992,424.800,-106.500,0.000,0.000,424.800,-106.500,0.000,0.000,427.000,279.000,0.000,0.000,0.000,0.000,0,0
333.563,82.678,1.000,-0.005,0,440.199,81.600,106.650,0,350.473,863.261,0,0,969.633,215.705,210.030,132.030,5.779,-0.550,-0.835,132.030,5.779,-0.550,-0.835,100.169,-94.312,-0.127,-0.992,424.800,-106.500,0.000,0.000,424.800,-106.500,0.000,0.000,427.000,279.000,0.000,0.000,0.000,0.000,0,0
333.563,82.678,1.000,-0.005,0,460.900,81.402,127.359,0,350.473,863.261,0,0,990.285,222.761,210.030,127.289,-1.428,-0.550,-0.835,127.289,-1.428,-0.550,-0.835,99.076,-102.869,-0.127,-0.992,424.800,-106.500,0.000,0.000,424.800,-106.500,0.000,0.000,427.000,279.000,0.000,0.000,0.000,0.000,0,0
333.563,82.678,1.000,-0.005,0,474.359,81.273,140.825,0,350.473,863.261,0,0,1003.712,227.525,210.030,124.129,-6.233,-0.550,-0.835,124.129,-6.233,-0.550,-0.835,98.348,-108.574,-0.127,-0.992,424.800,-106.500,0.000,0.000,424.800,-106.500,0.000,0.000,427.000,279.000,0.000,0.000,0.000,0.000,0,0
333.563,82.678,1.000,-0.005,0,494.048,81.084,160.527,0,350.473,863.261,0,0,1023.355,234.754,210.030,119.387,-13.439,-0.550,-0.835,119.387,-13.439,-0.550,-0.835,97.255,-117.131,-0.127,-0.992,424.800,-106.500,0.000,0.000,424.800,-106.500,0.000,0.000,427.000,279.000,0.000,0.000,0.000,0.000,0,0
333.563,82.678,1.000,-0.005,0,506.849,80.961,173.339,0,350.473,863.261,0,0,1036.126,239.625,210.030,116.227,-18.244,-0.550,-0.835,116.227,-18.244,-0.550,-0.835,96.527,-122.835,-0.127,-0.992,424.800,-106.500,0.000,0.000,424.800,-106.500,0.000,0.000,427.000,279.000,0.000,0.000,0.000,0.000,0,0
333.563,82.678,1.000,-0.005,0,522.493,80.811,188.999,0,350.473,863.261,0,0,1051.735,245.767,210.030,112.276,-24.249,-0.550,-0.835,112.276,-24.249,-0.550,-0.835,95.617,-129.966,-0.127,-0.992,424.800,-106.500,0.000,0.000,424.800,-106.500,0.000,0.000,427.000,279.000,0.000,0.000,0.000,0.000,0,0
333.563,82.678,1.000,-0.005,0,540.755,80.636,207.286,0,350.473,863.261,0,0,1069.957,253.210,210.030,107.534,-31.456,-0.550,-0.835,107.534,-31.456,-0.550,-0.835,94.524,-138.523,-0.127,-0.992,424.800,-106.500,0.000,0.000,424.800,-106.500,0.000,0.000,427.000,279.000,0.000,0.000,0.000,0.000,0,0
333.563,82.678,1.000,-0.005,0,552.629,80.522,219.179,0,350.473,863.261,0,0,1081.805,258.213,210.030,104.374,-36.260,-0.550,-0.835,104.374,-36.260,-0.550,-0.835,93.796,-144.228,-0.127,-0.992,424.800,-106.500,0.000,0.000,424.800,-106.500,0.000,0.000,427.000,279.000,0.000,0.000,0.000,0.000,0,0
333.563,82.678,1.000,-0.005,0,569.184,80.363,235.726,0,350.473,863.261,0,0,1098.337,265.774,210.030,99.632,-43.467,-0.550,-0.835,99.632,-43.467,-0.550,-0.835,92.703,-152.785,-0.127,-0.992,424.800,-106.500,0.000,0.000,424.800,-106.500,0.000,0.000,427.000,279.000,0.000,0.000,0.000,0.000,0,0
333.563,82.678,1.000,-0.005,0,582.572,80.235,249.110,0,350.473,863.261,0,0,1111.705,272.124,210.030,95.681,-49.473,-0.550,-0.835,95.681,-49.473,-0.550,-0.835,44.000,-93.000,0.000,0.000,424.800,-106.500,0.000,0.000,424.800,-106.500,0.000,0.000,127.088,146.757,0.989,-0.145,0.000,0.000,0,0
333.563,82.678,1.000,-0.005,0,593.002,80.135,259.536,0,350.473,863.261,0,0,1122.120,277.233,210.030,92.521,-54.277,-0.550,-0.835,92.521,-54.277,-0.550,-0.835,44.000,-93.000,0.000,0.000,424.800,-106.500,0.000,0.000,424.800,-106.500,0.000,0.000,132.780,145.933,0.990,-0.142,0.000,0.000,0,0
333.563,82.678,1.000,-0.005,0,605.696,80.013,272.227,0,350.473,863.261,0,0,1134.796,283.654,203.424,88.570,-60.283,-0.550,-0.835,88.570,-60.283,-0.550,-0.835,44.000,-93.000,0.000,0.000,139.897,144.925,0.990,-0.138,139.897,144.925,0.990,-0.138,424.800,-106.500,0.000,0.000,0.000,0.000,0,0
333.563,82.678,1.000,-0.005,0,608.444,79.689,274.898,2,350.473,863.261,0,0,1137.600,291.406,197.790,83.829,-67.490,-0.550,-0.835,83.829,-67.490,-0.550,-0.835,44.000,-93.000,0.000,0.000,145.648,144.393,0.991,-0.136,145.648,144.393,0.991,-0.136,424.800,-106.500,0.000,0.000,0.000,0.000,0,0
333.563,76.922,0.881,-0.472,0,609.286,74.000,275.739,2,351.426,862.935,0,0,1138.211,293.635,194.030,80.668,-72.294,-0.550,-0.835,80.668,-72.294,-0.550,-0.835,44.000,-93.000,0.000,0.000,151.340,143.572,0.989,-0.150,151.340,143.572,0.989,-0.150,424.800,-106.500,0.000,0.000,0.000,-1.000,0,0
333.563,62.534,0.285,-0.959,0,610.339,66.888,276.810,2,354.206,862.287,0,0,1139.016,292.923,192.085,76.717,-78.300,-0.550,-0.835,76.717,-78.300,-0.550,-0.835,44.000,-93.000,0.000,0.000,424.800,-106.500,0.000,0.000,424.800,-106.500,0.000,0.000,158.440,142.450,0.986,-0.165,0.000,-1.000,0,0
337.633,49.831,0.405,-0.914,0,611.391,59.777,273.939,2,353.186,865.983,0,0,1139.865,293.488,178.990,72.110,-75.199,-0.664,0.748,72.110,-75.199,-0.664,0.748,44.000,-93.000,0.000,0.000,424.800,-106.500,0.000,0.000,424.800,-106.500,0.000,0.000,165.523,141.222,0.984,-0.180,1.000,-1.000,0,0
337.633,34.250,-0.020,-1.000,0,612.654,51.244,275.546,2,357.390,865.782,0,0,1140.944,290.145,165.556,66.384,-68.747,-0.664,0.748,66.384,-68.747,-0.664,0.748,44.000,-93.000,0.000,0.000,424.800,-106.500,0.000,0.000,424.800,-106.500,0.000,0.000,173.997,139.608,0.981,-0.195,-1.000,-1.000,0,0
326.122,34.250,-0.850,-0.526,0,613.496,45.555,287.596,2,368.410,854.273,0,0,1141.698,281.428,171.895,62.567,-64.445,-0.664,0.748,62.567,-64.445,-0.664,0.748,44.000,-93.000,0.000,0.000,424.800,-106.500,0.000,0.000,424.800,-106.500,0.000,0.000,179.630,138.446,0.978,-0.209,-1.000,0.000,0,0
317.488,34.250,-0.974,-0.228,0,614.759,37.021,297.283,2,376.695,845.642,0,0,1142.883,276.488,164.999,56.842,-57.992,-0.664,0.748,56.842,-57.992,-0.664,0.748,44.000,-93.000,0.000,0.000,188.051,136.576,0.975,-0.224,188.051,136.576,0.975,-0.224,424.800,-106.500,0.000,0.000,0.000,0.000,0,0
317.488,34.250,-0.974,-0.228,0,614.263,35.400,296.777,2,376.695,845.642,0,0,1142.380,279.271,158.508,52.071,-52.615,-0.664,0.748,52.071,-52.615,-0.664,0.748,44.000,-93.000,0.000,0.000,195.043,134.908,0.972,-0.234,195.043,134.908,0.972,-0.234,424.800,-106.500,0.000,0.000,0.000,0.000,0,0
326.122,34.250,-0.466,-0.885,0,612.008,40.690,285.959,2,368.410,854.273,0,0,1140.159,289.875,160.049,48.254,-48.314,-0.664,0.748,48.254,-48.314,-0.664,0.748,44.000,-93.000,0.000,0.000,200.644,133.603,0.975,-0.220,200.644,133.603,0.975,-0.220,424.800,-106.500,0.000,0.000,1.000,0.000,0,0
340.510,34.250,0.629,-0.777,0,609.189,47.303,268.996,2,354.640,868.660,0,0,1137.417,306.893,164.059,43.482,-42.937,-0.664,0.748,43.482,-42.937,-0.664,0.748,44.000,-93.000,0.000,0.000,424.800,-106.500,0.000,0.000,424.800,-106.500,0.000,0.000,207.665,132.058,0.978,-0.207,1.000,0.000,0,0
349.144,34.250,0.987,-0.162,0,606.371,53.916,257.978,2,346.402,877.291,0,0,1134.713,318.630,159.795,38.711,-37.560,-0.664,0.748,38.711,-37.560,-0.664,0.748,44.000,-93.000,0.000,0.000,424.800,-106.500,0.000,0.000,424.800,-106.500,0.000,0.000,214.707,130.615,0.981,-0.192,0.000,0.000,0,0
349.144,34.250,0.987,-0.162,0,603.552,60.529,255.762,2,346.402,877.291,0,0,1132.049,322.128,158.915,33.940,-32.183,-0.664,0.748,33.940,-32.183,-0.664,0.748,44.000,-93.000,0.000,0.000,221.770,129.276,0.984,-0.177,221.770,129.276,0.984,-0.177,424.800,-106.500,0.000,0.000,0.000,0.000,0,0
349.144,34.250,0.987,-0.162,0,600.170,68.465,253.347,2,346.402,877.291,0,0,1128.905,326.486,151.277,28.214,-25.730,-0.664,0.748,28.214,-25.730,-0.664,0.748,44.000,-93.000,0.000,0.000,230.271,127.814,0.987,-0.162,230.271,127.814,0.987,-0.162,424.800,-106.500,0.000,0.000,0.000,0.000,0,0
349.144,34.250,0.987,-0.162,0,597.351,75.078,251.543,2,346.402,877.291,0,0,1126.328,330.246,145.062,23.443,-20.353,-0.664,0.748,23.443,-20.353,-0.664,0.748,44.000,-93.000,0.000,0.000,237.376,126.722,0.989,-0.145,237.376,126.722,0.989,-0.145,424.800,-106.500,0.000,0.000,0.000,0.000,0,0
349.144,34.250,0.987,-0.162,0,595.097,80.369,250.240,2,346.402,877.291,0,0,1124.296,330.613,140.203,44.000,-93.000,0.000,0.000,44.000,-93.000,0.000,0.000,19.626,-16.051,-0.664,0.748,243.073,125.934,0.992,-0.128,243.073,125.934,0.992,-0.128,424.800,-106.500,0.000,0.000,0.000,0.000,0,0
349.144,34.250,0.987,-0.162,0,591.714,88.305,248.521,2,346.402,877.291,0,0,1121.295,330.613,133.137,44.000,-93.000,0.000,0.000,44.000,-93.000,0.000,0.000,13.901,-9.599,-0.664,0.748,251.638,124.903,0.994,-0.111,251.638,124.903,0.994,-0.111,424.800,-106.500,0.000,0.000,0.000,0.000,0,0
349.144,34.250,0.987,-0.162,0,589.807,90.851,247.229,2,346.402,877.291,0,0,1119.524,330.613,128.596,44.000,-93.000,0.000,0.000,44.000,-93.000,0.000,0.000,10.084,-5.297,-0.664,0.748,257.359,124.320,0.995,-0.100,257.359,124.320,0.995,-0.100,424.800,-106.500,0.000,0.000,0.000,0.000,0,0
349.144,34.250,0.987,-0.162,0,588.723,83.745,244.638,2,346.402,877.291,0,0,1118.083,330.613,123.029,44.000,-93.000,0.000,0.000,44.000,-93.000,0.000,0.000,5.313,0.080,-0.664,0.748,264.505,123.537,0.993,-0.122,264.505,123.537,0.993,-0.122,424.800,-106.500,0.000,0.000,0.000,1.000,0,0
349.144,48.639,0.612,0.791,0,587.639,76.638,240.133,2,342.372,877.464,0,0,1116.687,336.414,107.136,44.000,-93.000,0.000,0.000,44.000,-93.000,0.000,0.000,0.542,5.457,-0.664,0.748,271.632,122.598,0.990,-0.144,271.632,122.598,0.990,-0.144,424.800,-106.500,0.000,0.000,0.000,1.000,0,0
349.144,63.027,0.164,0.986,0,586.555,69.532,237.500,2,338.906,877.873,0,0,1115.335,342.720,91.522,44.000,-93.000,0.000,0.000,44.000,-93.000,0.000,0.000,-4.640,9.306,-0.949,-0.315,278.736,121.499,0.986,-0.166,278.736,121.499,0.986,-0.166,424.800,-106.500,0.000,0.000,0.000,1.000,0,0
355.248,74.887,0.453,0.892,0,585.471,62.425,230.559,2,330.497,884.483,0,0,1114.028,353.641,82.933,44.000,-93.000,0.000,0.000,44.000,-93.000,0.000,0.000,73.773,-162.466,-0.093,0.996,285.812,120.237,0.982,-0.189,285.812,120.237,0.982,-0.189,424.800,-106.500,0.000,0.000,1.000,0.000,0,0
369.637,74.887,0.940,0.341,0,584.170,53.897,215.557,2,316.401,898.852,0,0,1112.519,366.368,87.084,44.000,-93.000,0.000,0.000,44.000,-93.000,0.000,0.000,72.973,-153.877,-0.093,0.996,294.262,118.502,0.977,-0.213,294.262,118.502,0.977,-0.213,424.800,-106.500,0.000,0.000,0.000,0.000,0,0
369.637,74.887,0.940,0.341,0,583.250,51.046,214.940,2,316.401,898.852,0,0,1111.545,366.368,81.604,44.000,-93.000,0.000,0.000,44.000,-93.000,0.000,0.000,72.441,-148.151,-0.093,0.996,299.866,117.210,0.974,-0.227,299.866,117.210,0.974,-0.227,424.800,-106.500,0.000,0.000,0.000,0.000,0,0
369.637,74.887,0.940,0.341,0,581.906,58.108,212.931,2,316.401,898.852,0,0,1110.351,366.368,74.827,44.000,-93.000,0.000,0.000,44.000,-93.000,0.000,0.000,71.775,-140.993,-0.093,0.996,306.881,115.640,0.979,-0.205,306.881,115.640,0.979,-0.205,424.800,-106.500,0.000,0.000,0.000,0.000,0,0
369.637,74.887,0.940,0.341,0,580.292,66.582,210.819,2,316.401,898.852,0,0,1108.978,363.550,66.899,70.975,-132.404,-0.093,0.996,70.975,-132.404,-0.093,0.996,44.000,-93.000,0.000,0.000,315.345,113.976,0.983,-0.181,315.345,113.976,0.983,-0.181,424.800,-106.500,0.000,0.000,0.000,0.000,0,0
369.637,74.887,0.940,0.341,0,579.217,72.231,209.597,2,316.401,898.852,0,0,1108.100,360.757,61.784,70.442,-126.678,-0.093,0.996,70.442,-126.678,-0.093,0.996,44.000,-93.000,0.000,0.000,321.014,113.006,0.988,-0.156,321.014,113.006,0.988,-0.156,424.800,-106.500,0.000,0.000,0.000,0.000,0,0
369.637,74.887,0.940,0.341,0,577.872,79.293,208.282,2,316.401,898.852,0,0,1107.042,357.366,55.655,69.776,-119.520,-0.093,0.996,69.776,-119.520,-0.093,0.996,44.000,-93.000,0.000,0.000,328.126,111.960,0.992,-0.130,328.126,111.960,0.992,-0.130,424.800,-106.500,0.000,0.000,0.000,0.000,0,0
369.637,74.887,0.940,0.341,0,576.837,86.380,207.518,2,316.401,898.852,0,0,1106.341,354.088,49.933,69.110,-112.362,-0.093,0.996,69.110,-112.362,-0.093,0.996,44.000,-93.000,0.000,0.000,335.263,111.106,0.995,-0.102,335.263,111.106,0.995,-0.102,424.800,-106.500,0.000,0.000,0.000,0.000,0,0
369.637,74.887,0.940,0.341,0,577.347,93.549,208.547,2,316.401,898.852,0,0,1107.233,350.927,44.788,68.444,-105.204,-0.093,0.996,68.444,-105.204,-0.093,0.996,44.000,-93.000,0.000,0.000,342.423,110.460,0.997,-0.072,342.423,110.460,0.997,-0.072,424.800,-106.500,0.000,0.000,0.000,0.000,0,0
369.637,74.887,0.940,0.341,0,577.935,100.713,209.893,2,316.401,898.852,0,0,1108.248,347.886,40.456,67.778,-98.046,-0.093,0.996,67.778,-98.046,-0.093,0.996,44.000,-93.000,0.000,0.000,349.598,110.032,0.999,-0.041,349.598,110.032,0.999,-0.041,424.800,-106.500,0.000,0.000,0.000,0.000,0,0
380.654,83.027,0.831,0.556,0,578.640,109.311,199.723,2,304.053,910.284,0,0,1109.526,357.970,34.942,66.979,-89.457,-0.093,0.996,66.979,-89.457,-0.093,0.996,44.000,-93.000,0.000,0.000,358.222,109.818,1.000,-0.009,358.222,109.818,1.000,-0.009,424.800,-106.500,0.000,0.000,1.000,1.000,0,0
390.829,93.201,0.746,0.666,0,577.493,110.415,187.457,0,292.338,921.073,0,0,1108.460,368.932,30.368,66.313,-82.299,-0.093,0.996,66.313,-82.299,-0.093,0.996,44.000,-93.000,0.000,0.000,365.410,109.819,1.000,0.002,365.410,109.819,1.000,0.002,427.000,279.000,0.000,0.000,1.000,1.000,0,0
398.968,101.341,0.720,0.694,0,576.801,111.090,178.100,0,283.144,929.774,0,0,1107.817,377.714,29.077,65.780,-76.573,-0.093,0.996,65.780,-76.573,-0.093,0.996,44.000,-93.000,0.000,0.000,371.161,109.842,1.000,0.006,371.161,109.842,1.000,0.006,427.000,279.000,0.000,0.000,1.000,1.000,0,0
409.143,111.515,0.711,0.703,0,575.954,111.915,166.813,0,271.899,940.735,0,0,1107.030,388.705,30.835,65.114,-69.415,-0.093,0.996,65.114,-69.415,-0.093,0.996,44.000,-93.000,0.000,0.000,378.350,109.897,1.000,0.010,378.350,109.897,1.000,0.010,427.000,279.000,0.000,0.000,1.000,1.000,0,0
419.317,121.689,0.708,0.706,0,575.129,112.719,156.072,0,260.963,951.788,0,0,1106.261,399.710,35.750,64.448,-62.258,-0.093,0.996,64.448,-62.258,-0.093,0.996,44.000,-93.000,0.000,0.000,385.538,109.983,1.000,0.014,385.538,109.983,1.000,0.014,427.000,279.000,0.000,0.000,1.000,1.000,0,0
435.741,123.724,0.966,0.258,0,574.166,113.659,138.795,0,244.479,968.329,0,0,1105.364,412.214,43.745,63.649,-53.668,-0.093,0.996,63.649,-53.668,-0.093,0.996,44.000,-93.000,0.000,0.000,394.163,110.126,1.000,0.019,394.163,110.126,1.000,0.019,427.000,279.000,0.000,0.000,1.000,0.000,0,0
447.252,123.724,0.996,0.090,0,573.539,114.270,126.651,0,233.013,979.786,0,0,1104.780,420.749,49.220,63.116,-47.942,-0.093,0.996,63.116,-47.942,-0.093,0.996,44.000,-93.000,0.000,0.000,399.913,110.246,1.000,0.023,399.913,110.246,1.000,0.023,597.886,93.038,0.122,-0.992,1.000,0.000,0,0
461.640,123.724,1.000,0.025,0,572.773,115.016,111.495,0,218.688,994.109,0,0,1104.066,429.800,56.139,65.541,-43.109,0.982,0.187,65.541,-43.109,0.982,0.187,44.000,-93.000,0.000,0.000,407.099,110.426,1.000,0.028,407.099,110.426,1.000,0.028,598.765,85.904,0.122,-0.992,1.000,0.000,0,0
476.029,123.724,1.000,0.008,0,572.027,115.744,96.370,0,204.372,1008.434,0,0,1103.370,436.049,63.116,72.603,-41.762,0.982,0.187,72.603,-41.762,0.982,0.187,20.348,-22.662,0.939,-0.344,414.285,110.638,0.999,0.032,414.285,110.638,0.999,0.032,599.645,78.769,0.122,-0.992,1.000,0.000,0,0
493.296,123.724,1.000,0.002,0,571.155,116.594,78.274,0,187.207,1025.626,0,0,1102.556,443.597,71.541,81.076,-40.147,0.982,0.187,81.076,-40.147,0.982,0.187,28.448,-25.628,0.939,-0.344,422.906,110.938,0.999,0.037,422.906,110.938,0.999,0.037,600.700,70.207,0.122,-0.992,1.000,0.000,0,0
504.807,123.724,1.000,0.001,0,570.589,117.146,66.255,0,175.775,1037.089,0,0,1102.027,448.657,77.183,86.726,-39.070,0.982,0.187,86.726,-39.070,0.982,0.187,33.849,-27.605,0.939,-0.344,428.653,111.166,0.999,0.042,428.653,111.166,0.999,0.042,601.404,64.500,0.122,-0.992,1.000,0.000,0,0
522.073,123.724,1.000,0.000,0,569.760,117.954,48.343,0,158.648,1054.285,0,0,1101.254,456.289,85.672,95.199,-37.454,0.982,0.187,95.199,-37.454,0.982,0.187,41.949,-30.571,0.939,-0.344,437.270,111.551,0.999,0.047,437.270,111.551,0.999,0.047,602.252,55.915,0.098,-0.995,1.000,0.000,0,0
533.584,123.724,1.000,0.000,0,569.221,118.480,36.556,0,147.248,1065.751,0,0,1100.751,461.403,91.347,100.849,-36.377,0.982,0.187,100.849,-36.377,0.982,0.187,47.350,-32.549,0.939,-0.344,443.014,111.838,0.999,0.053,443.014,111.838,0.999,0.053,602.818,50.192,0.098,-0.995,1.000,0.000,0,0
547.973,123.724,1.000,0.000,0,563.106,123.724,15.133,0,133.025,1080.084,0,0,1095.160,467.823,97.961,107.910,-35.031,0.982,0.187,107.910,-35.031,0.982,0.187,54.100,-35.020,0.939,-0.344,603.525,43.038,0.098,-0.995,450.175,112.442,0.995,0.099,450.175,112.442,0.995,0.099,1.000,0.000,1,0
556.606,123.724,1.000,0.000,0,582.808,123.725,26.202,0,124.510,1088.685,0,0,1114.790,468.848,99.839,114.972,-33.684,0.982,0.187,114.972,-33.684,0.982,0.187,60.850,-37.492,0.939,-0.344,457.333,113.110,0.996,0.084,457.333,113.110,0.996,0.084,604.232,35.884,0.098,-0.995,0.000,0.000,0,0
556.606,123.724,1.000,0.000,0,602.022,123.725,45.417,0,124.510,1088.685,0,0,1133.935,461.746,92.653,122.033,-32.338,0.982,0.187,122.033,-32.338,0.982,0.187,67.601,-39.964,0.939,-0.344,464.498,113.682,0.997,0.073,464.498,113.682,0.997,0.073,604.939,28.730,0.098,-0.995,0.000,0.000,0,0
556.606,123.724,1.000,0.000,0,620.761,123.725,64.157,0,124.510,1088.685,0,0,1152.607,454.646,85.471,129.095,-30.991,0.982,0.187,129.095,-30.991,0.982,0.187,74.351,-42.435,0.939,-0.344,471.670,114.178,0.998,0.064,471.670,114.178,0.998,0.064,605.647,21.577,0.098,-0.995,0.000,0.000,0,0
556.606,123.724,1.000,0.000,0,639.036,123.725,82.434,0,124.510,1088.685,0,0,1170.817,447.549,78.292,136.156,-29.645,0.982,0.187,136.156,-29.645,0.982,0.187,81.102,-44.907,0.939,-0.344,478.845,114.616,0.998,0.057,478.845,114.616,0.998,0.057,606.354,14.423,0.098,-0.995,0.000,0.000,0,0
39.000,287.000,0.897,0.443,0,660.370,123.726,642.464,0,657.611,622.345,0,0,1192.077,124.004,101.316,-85.000,286.000,0.000,0.000,-85.000,286.000,0.000,0.000,-296.000,285.000,0.000,0.000,140.000,279.000,0.000,0.000,140.000,279.000,0.000,0.000,290.700,275.300,0.000,0.000,0.000,0.000,0,0
39.000,287.000,0.897,0.443,0,670.599,123.726,652.364,0,657.619,622.354,0,0,1202.270,124.004,101.316,-85.000,286.000,0.000,0.000,-85.000,286.000,0.000,0.000,-296.000,285.000,0.000,0.000,140.000,279.000,0.000,0.000,140.000,279.000,0.000,0.000,290.700,275.300,0.000,0.000,0.000,0.000,0,0
39.000,287.000,0.897,0.443,0,669.814,123.726,651.605,0,657.619,622.354,0,0,1201.482,124.004,101.316,-85.000,286.000,0.000,0.000,-85.000,286.000,0.000,0.000,-296.000,285.000,0.000,0.000,140.000,279.000,0.000,0.000,140.000,279.000,0.000,0.000,290.700,275.300,0.000,0.000,0.000,0.000,0,0
39.000,287.000,0.897,0.443,0,669.806,123.726,651.600,0,657.619,622.354,0,0,1201.469,124.004,101.316,-85.000,286.000,0.000,0.000,-85.000,286.000,0.000,0.000,-296.000,285.000,0.000,0.000,140.000,279.000,0.000,0.000,140.000,279.000,0.000,0.000,290.700,275.300,0.000,0.000,0.000,0.000,0,0
39.000,287.000,0.897,0.443,0,669.806,123.726,651.602,0,657.619,622.354,0,0,1201.462,124.004,101.316,-85.000,286.000,0.000,0.000,-85.000,286.000,0.000,0.000,-296.000,285.000,0.000,0.000,140.000,279.000,0.000,0.000,140.000,279.000,0.000,0.000,290.700,275.300,0.000,0.000,0.000,0.000,0,0
39.000,275.489,0.923,-0.384,0,669.806,123.726,648.818,0,655.105,617.706,0,0,1201.455,124.445,101.061,-85.000,286.000,0.000,0.000,-85.000,286.000,0.000,0.000,-296.000,285.000,0.000,0.000,140.000,279.000,0.000,0.000,140.000,279.000,0.000,0.000,290.700,275.300,0.000,0.000,0.000,-1.000,0,0
39.000,261.100,0.174,-0.985,0,669.806,123.727,645.609,0,652.235,612.151,0,0,1201.448,126.475,102.574,-85.000,286.000,0.000,0.000,-85.000,286.000,0.000,0.000,-296.000,285.000,0.000,0.000,140.000,279.000,0.000,0.000,140.000,279.000,0.000,0.000,290.700,275.300,0.000,0.000,0.000,-1.000,0,0
39.000,246.712,0.049,-0.999,0,669.806,123.727,642.708,0,649.671,606.887,0,0,1201.440,130.075,106.036,-85.000,286.000,0.000,0.000,-85.000,286.000,0.000,0.000,-296.000,285.000,0.000,0.000,140.000,279.000,0.000,0.000,140.000,279.000,0.000,0.000,290.700,275.300,0.000,0.000,0.000,-1.000,0,0
39.000,232.323,0.014,-1.000,0,669.806,123.727,640.120,0,647.416,601.920,0,0,1201.432,135.119,111.264,-85.000,286.000,0.000,0.000,-85.000,286.000,0.000,0.000,44.000,-93.000,0.000,0.000,140.000,279.000,0.000,0.000,140.000,279.000,0.000,0.000,290.700,275.300,0.000,0.000,0.000,-1.000,0,0
41.035,218.777,0.085,-0.996,0,669.726,123.727,635.871,0,643.562,599.455,0,0,1201.352,142.842,115.849,-85.000,286.000,0.000,0.000,-85.000,286.000,0.000,0.000,44.000,-93.000,0.000,0.000,140.000,279.000,0.000,0.000,140.000,279.000,0.000,0.000,290.700,275.300,0.000,0.000,1.000,-1.000,0,0
51.209,208.603,0.555,-0.832,0,59.000,80.600,128.397,0,632.254,606.061,0,0,589.175,156.663,113.312,-85.000,286.000,0.000,0.000,-85.000,286.000,0.000,0.000,44.000,-93.000,0.000,0.000,140.000,279.000,0.000,0.000,140.000,279.000,0.000,0.000,290.700,275.300,0.000,0.000,1.000,-1.000,0,0
61.384,198.429,0.667,-0.745,0,59.000,80.600,118.028,0,621.074,612.933,0,0,589.174,170.578,112.571,-85.000,286.000,0.000,0.000,-85.000,286.000,0.000,0.000,44.000,-93.000,0.000,0.000,140.000,279.000,0.000,0.000,140.000,279.000,0.000,0.000,290.700,275.300,0.000,0.000,1.000,-1.000,0,0
71.558,188.254,0.696,-0.718,0,59.000,80.600,108.585,0,610.028,620.063,0,0,589.171,184.566,113.662,-85.000,286.000,0.000,0.000,-85.000,286.000,0.000,0.000,44.000,-93.000,0.000,0.000,140.000,279.000,0.000,0.000,140.000,279.000,0.000,0.000,290.700,275.300,0.000,0.000,1.000,-1.000,0,0
77.663,176.394,0.473,-0.881,0,59.000,80.600,97.820,0,603.073,623.092,0,0,589.171,196.144,120.058,-85.000,286.000,0.000,0.000,-85.000,286.000,0.000,0.000,44.000,-93.000,0.000,0.000,140.000,279.000,0.000,0.000,140.000,279.000,0.000,0.000,290.700,275.300,0.000,0.000,-1.000,-1.000,0,0
67.488,166.220,-0.390,-0.921,0,59.000,80.600,86.295,0,612.669,610.873,0,0,589.171,193.907,134.080,-85.000,286.000,0.000,0.000,-85.000,286.000,0.000,0.000,44.000,-93.000,0.000,0.000,140.000,279.000,0.000,0.000,140.000,279.000,0.000,0.000,290.700,275.300,0.000,0.000,-1.000,-1.000,0,0
57.314,156.045,-0.632,-0.775,0,59.000,80.600,75.755,0,622.450,598.750,0,0,589.171,192.721,148.172,-85.000,286.000,0.000,0.000,-85.000,286.000,0.000,0.000,44.000,-93.000,0.000,0.000,140.000,279.000,0.000,0.000,140.000,279.000,0.000,0.000,108.800,-94.600,0.000,0.000,0.000,-1.000,0,0
57.314,141.657,-0.212,-0.977,0,59.000,80.600,61.439,0,622.197,595.909,0,0,589.171,202.702,160.313,-85.000,286.000,0.000,0.000,-85.000,286.000,0.000,0.000,44.000,-93.000,0.000,0.000,140.000,279.000,0.000,0.000,140.000,279.000,0.000,0.000,108.800,-94.600,0.000,0.000,0.000,-1.000,0,0
57.314,127.268,-0.062,-0.998,0,59.000,80.600,47.167,0,622.276,593.403,0,0,589.171,213.188,172.799,-85.000,286.000,0.000,0.000,-85.000,286.000,0.000,0.000,44.000,-93.000,0.000,0.000,140.000,279.000,0.000,0.000,140.000,279.000,0.000,0.000,108.800,-94.600,0.000,0.000,0.000,-1.000,0,0
57.314,110.002,-0.014,-1.000,1,57.096,94.870,15.133,1,622.811,590.845,0,0,588.793,203.438,188.142,44.000,-93.000,0.000,0.000,44.000,-93.000,0.000,0.000,-85.000,286.000,0.000,0.000,140.000,279.000,0.000,0.000,140.000,279.000,0.000,0.000,108.800,-94.600,0.000,0.000,0.000,-1.000,0,0
61.384,100.177,0.235,-0.972,1,64.942,85.467,15.133,1,619.267,593.650,0,0,595.655,193.957,195.342,44.000,-93.000,0.000,0.000,44.000,-93.000,0.000,0.000,-85.000,286.000,0.000,0.000,140.000,279.000,0.000,0.000,140.000,279.000,0.000,0.000,108.800,-94.600,0.000,0.000,1.000,-1.000,0,0
71.558,90.002,0.584,-0.812,1,80.397,77.718,15.133,1,609.830,602.670,0,0,610.398,185.065,188.321,44.000,-93.000,0.000,0.000,44.000,-93.000,0.000,0.000,-67.000,-108.000,0.000,0.000,108.800,-94.600,0.000,0.000,108.800,-94.600,0.000,0.000,140.000,279.000,0.000,0.000,1.000,-1.000,0,0
83.418,83.898,0.850,-0.527,1,96.278,75.920,15.133,1,598.531,613.913,0,0,626.097,181.236,180.293,44.000,-93.000,0.000,0.000,44.000,-93.000,0.000,0.000,-67.000,-108.000,0.000,0.000,108.800,-94.600,0.000,0.000,108.800,-94.600,0.000,0.000,140.000,279.000,0.000,0.000,1.000,0.000,0,0
97.807,83.898,0.987,-0.162,1,112.741,81.450,15.133,1,584.208,628.244,0,0,642.924,184.900,178.836,44.000,-93.000,0.000,0.000,44.000,-93.000,0.000,0.000,-67.000,-108.000,0.000,0.000,108.800,-94.600,0.000,0.000,108.800,-94.600,0.000,0.000,140.000,279.000,0.000,0.000,1.000,0.000,0,0
112.195,83.898,0.999,-0.046,1,127.312,83.197,15.133,1,569.888,642.578,0,0,657.584,189.587,178.530,44.000,-93.000,0.000,0.000,44.000,-93.000,0.000,0.000,-67.000,-108.000,0.000,0.000,108.800,-94.600,0.000,0.000,108.800,-94.600,0.000,0.000,140.000,279.000,0.000,0.000,1.000,0.000,0,0
126.584,83.898,1.000,-0.012,1,141.716,83.717,15.133,1,555.571,656.915,0,0,671.980,195.225,179.381,44.000,-93.000,0.000,0.000,44.000,-93.000,0.000,0.000,-67.000,-108.000,0.000,0.000,108.800,-94.600,0.000,0.000,108.800,-94.600,0.000,0.000,140.000,279.000,0.000,0.000,1.000,0.000,0,0
140.973,83.898,1.000,-0.004,1,156.106,83.842,15.133,1,541.258,671.253,0,0,686.332,201.734,181.374,44.000,-93.000,0.000,0.000,44.000,-93.000,0.000,0.000,-67.000,-108.000,0.000,0.000,108.800,-94.600,0.000,0.000,108.800,-94.600,0.000,0.000,140.000,279.000,0.000,0.000,1.000,0.000,0,0
153.676,87.967,0.960,0.279,1,168.208,92.189,15.133,1,528.225,684.241,0,0,699.078,211.608,188.002,44.000,-93.000,0.000,0.000,44.000,-93.000,0.000,0.000,-67.000,-108.000,0.000,0.000,108.800,-94.600,0.000,0.000,108.800,-94.600,0.000,0.000,140.000,279.000,0.000,0.000,1.000,1.000,0,0
163.850,98.142,0.801,0.599,1,175.972,107.200,15.133,1,517.221,695.288,0,0,708.270,225.608,182.424,44.000,-93.000,0.000,0.000,44.000,-93.000,0.000,0.000,-67.000,-108.000,0.000,0.000,140.000,279.000,0.000,0.000,140.000,279.000,0.000,0.000,108.800,-94.600,0.000,0.000,1.000,1.000,0,0
179.431,102.211,0.959,0.282,1,193.950,106.478,15.133,1,501.389,711.190,0,0,726.066,237.590,181.133,44.000,-93.000,0.000,0.000,44.000,-93.000,0.000,0.000,-85.000,286.000,0.000,0.000,140.000,279.000,0.000,0.000,140.000,279.000,0.000,0.000,290.700,275.300,0.000,0.000,1.000,0.000,0,0
193.819,102.211,0.997,0.080,1,208.904,103.419,15.133,1,487.045,725.504,0,0,740.631,246.076,184.799,44.000,-93.000,0.000,0.000,44.000,-93.000,0.000,0.000,-85.000,286.000,0.000,0.000,140.000,279.000,0.000,0.000,140.000,279.000,0.000,0.000,290.700,275.300,0.000,0.000,1.000,0.000,0,0
205.330,102.211,1.000,0.028,1,220.457,102.638,15.133,1,475.572,736.958,0,0,752.052,253.249,188.474,44.000,-93.000,0.000,0.000,44.000,-93.000,0.000,0.000,-83.675,285.442,0.922,-0.388,140.000,279.000,0.000,0.000,140.000,279.000,0.000,0.000,290.139,273.976,-0.377,-0.926,1.000,0.000,0,0
218.033,98.142,0.946,-0.323,1,232.357,93.258,15.133,1,463.245,749.223,0,0,763.072,258.501,182.862,44.000,-93.000,0.000,0.000,44.000,-93.000,0.000,0.000,-58.396,-108.616,0.997,-0.071,287.637,267.239,-0.303,-0.953,287.637,267.239,-0.303,-0.953,140.000,279.000,0.000,0.000,1.000,-1.000,0,0
228.208,87.967,0.798,-0.603,1,240.280,78.842,15.133,1,454.121,758.521,0,0,769.935,258.228,178.905,44.000,-93.000,0.000,0.000,44.000,-93.000,0.000,0.000,-51.225,-109.129,0.997,-0.071,287.112,-80.963,-0.281,0.960,287.112,-80.963,-0.281,0.960,285.637,260.335,-0.242,-0.970,1.000,-1.000,0,0
236.347,76.950,0.665,-0.747,1,246.409,65.646,15.133,1,447.404,765.895,0,0,775.348,256.672,158.690,44.000,-93.000,0.000,0.000,44.000,-93.000,0.000,0.000,-44.055,-109.642,0.997,-0.071,285.185,-74.038,-0.267,0.964,285.185,-74.038,-0.267,0.964,284.064,253.322,-0.197,-0.980,0.000,-1.000,0,0
236.347,59.684,0.171,-0.985,1,238.941,44.774,15.133,1,450.081,765.051,0,0,767.228,245.580,133.743,44.000,-93.000,0.000,0.000,44.000,-93.000,0.000,0.000,-35.450,-110.257,0.997,-0.071,282.486,-65.849,-0.353,0.936,282.486,-65.849,-0.353,0.936,282.288,244.880,-0.212,-0.977,0.000,-1.000,0,0
236.347,48.173,0.059,-0.998,1,237.243,33.066,15.133,1,452.223,764.704,0,0,765.408,238.594,117.253,44.000,-93.000,0.000,0.000,44.000,-93.000,0.000,0.000,-29.714,-110.668,0.997,-0.071,280.267,-60.544,-0.418,0.909,280.267,-60.544,-0.418,0.909,108.800,-94.600,0.000,0.000,1.000,-1.000,0,0
251.928,44.103,0.881,-0.473,1,265.262,36.946,15.133,1,437.827,780.198,0,0,793.441,249.061,99.837,44.000,-93.000,0.000,0.000,44.000,-93.000,0.000,0.000,-21.110,-111.283,0.997,-0.071,277.571,-52.384,-0.182,0.983,277.571,-52.384,-0.182,0.983,279.766,230.739,-0.094,-0.996,1.000,0.000,0,0
263.439,44.103,0.986,-0.168,1,278.357,41.562,15.133,1,426.599,791.705,0,0,806.581,258.748,91.785,44.000,-93.000,0.000,0.000,44.000,-93.000,0.000,0.000,-15.373,-111.694,0.997,-0.071,277.126,-46.656,0.014,1.000,277.126,-46.656,0.014,1.000,279.488,224.996,-0.006,-1.000,1.000,0.000,0,0
275.299,50.208,0.947,0.322,1,289.624,55.086,15.133,1,413.709,803.685,0,0,818.134,272.043,89.729,44.000,-93.000,0.000,0.000,44.000,-93.000,0.000,0.000,-8.203,-112.207,0.997,-0.071,277.642,-39.491,0.126,0.992,277.642,-39.491,0.126,0.992,279.660,217.811,0.061,-0.998,1.000,1.000,0,0
285.473,60.382,0.789,0.614,1,297.418,69.674,15.133,1,401.692,814.160,0,0,826.478,286.069,93.010,44.000,-93.000,0.000,0.000,44.000,-93.000,0.000,0.000,-1.033,-112.720,0.997,-0.071,278.700,-32.381,0.180,0.984,278.700,-32.381,0.180,0.984,280.261,210.648,0.121,-0.993,1.000,1.000,0,0
295.648,70.556,0.731,0.682,1,306.714,80.879,15.133,1,389.836,824.752,0,0,836.357,300.129,97.143,44.000,-93.000,0.000,0.000,44.000,-93.000,0.000,0.000,6.138,-113.233,0.997,-0.071,280.177,-25.347,0.242,0.970,280.177,-25.347,0.242,0.970,281.354,203.545,0.202,-0.979,1.000,1.000,0,0
306.665,78.696,0.774,0.634,1,318.373,88.285,15.133,1,377.637,836.181,0,0,848.462,313.803,100.176,44.000,-93.000,0.000,0.000,44.000,-93.000,0.000,0.000,13.308,-113.746,0.997,-0.071,282.090,-18.419,0.322,0.947,282.090,-18.419,0.322,0.947,283.090,196.572,0.310,-0.951,1.000,0.000,0,0
321.054,78.696,0.980,0.197,1,335.889,81.683,15.133,1,363.447,850.544,0,0,865.524,325.942,97.461,44.000,-93.000,0.000,0.000,44.000,-93.000,0.000,0.000,20.479,-114.259,0.997,-0.071,284.899,-11.811,0.479,0.878,284.899,-11.811,0.479,0.878,285.668,189.867,0.421,-0.907,1.000,0.000,0,0
335.442,78.696,0.999,0.053,1,350.554,79.502,15.133,1,349.272,864.908,0,0,880.038,338.258,96.487,44.000,-93.000,0.000,0.000,44.000,-93.000,0.000,0.000,27.649,-114.772,0.997,-0.071,288.672,-5.698,0.588,0.809,288.672,-5.698,0.588,0.809,288.954,183.476,0.510,-0.860,1.000,0.000,0,0
352.709,78.696,1.000,0.012,1,367.841,78.882,15.133,1,332.287,882.145,0,0,897.263,353.243,97.324,44.000,-93.000,0.000,0.000,44.000,-93.000,0.000,0.000,36.253,-115.387,0.997,-0.071,294.119,0.983,0.673,0.740,294.119,0.983,0.673,0.740,293.705,176.282,0.591,-0.807,1.000,0.000,0,0
367.098,78.696,1.000,0.004,0,384.415,78.834,17.318,0,318.156,896.511,0,0,913.809,365.885,99.429,44.000,-93.000,0.000,0.000,44.000,-93.000,0.000,0.000,43.424,-115.900,0.997,-0.071,299.261,6.003,0.745,0.668,299.261,6.003,0.745,0.668,298.270,170.732,0.667,-0.745,1.000,0.000,1,0
369.975,78.696,1.000,0.003,0,403.920,78.950,33.946,0,315.333,899.384,0,0,933.289,368.428,94.298,44.000,-93.000,0.000,0.000,44.000,-93.000,0.000,0.000,50.594,-116.413,0.997,-0.071,304.916,10.436,0.812,0.584,304.916,10.436,0.812,0.584,303.409,165.710,0.744,-0.668,0.000,0.000,0,0
369.975,78.696,1.000,0.003,0,419.176,79.042,49.202,0,315.333,899.384,0,0,948.525,368.428,88.709,44.000,-93.000,0.000,0.000,44.000,-93.000,0.000,0.000,56.330,-116.824,0.997,-0.071,309.727,13.585,0.858,0.513,309.727,13.585,0.858,0.513,307.863,162.074,0.802,-0.598,0.000,0.000,0,0
369.975,78.696,1.000,0.003,0,437.821,79.153,67.849,0,315.333,899.384,0,0,967.145,363.807,81.902,63.501,-117.337,0.997,-0.071,63.501,-117.337,0.997,-0.071,44.000,-93.000,0.000,0.000,315.998,17.097,0.891,0.454,315.998,17.097,0.891,0.454,313.755,157.958,0.844,-0.536,0.000,0.000,0,0
369.975,78.696,1.000,0.003,0,459.586,79.283,89.618,0,315.333,899.384,0,0,988.881,356.927,74.065,72.105,-117.952,0.997,-0.071,72.105,-117.952,0.997,-0.071,43.531,231.879,0.922,-0.388,323.790,20.794,0.915,0.404,323.790,20.794,0.915,0.404,321.179,153.568,0.876,-0.483,0.000,0.000,0,0
369.975,78.696,1.000,0.003,0,477.231,79.389,107.267,0,315.333,899.384,0,0,1006.502,351.253,67.877,79.276,-118.465,0.997,-0.071,79.276,-118.465,0.997,-0.071,50.156,229.089,0.922,-0.388,330.442,23.519,0.932,0.363,330.442,23.519,0.932,0.363,327.581,150.301,0.900,-0.437,0.000,0.000,0,0
369.975,78.696,1.000,0.003,0,491.031,79.471,121.073,0,315.333,899.384,0,0,1020.283,346.755,63.203,85.012,-118.876,0.997,-0.071,85.012,-118.876,0.997,-0.071,55.456,226.857,0.922,-0.388,335.839,25.505,0.945,0.328,335.839,25.505,0.945,0.328,332.810,147.908,0.918,-0.397,0.000,0.000,0,0
369.975,78.696,1.000,0.003,0,507.898,79.572,137.947,0,315.333,899.384,0,0,1037.125,340.487,57.782,62.082,224.067,0.922,-0.388,62.082,224.067,0.922,-0.388,92.182,-119.389,0.997,-0.071,342.658,27.779,0.954,0.299,342.658,27.779,0.954,0.299,339.450,145.155,0.932,-0.363,0.000,0.000,0,0
369.975,78.696,1.000,0.003,0,524.346,79.671,154.406,0,315.333,899.384,0,0,1053.551,333.305,52.944,68.707,221.278,0.922,-0.388,68.707,221.278,0.922,-0.388,99.353,-119.902,0.997,-0.071,349.541,29.855,0.962,0.274,349.541,29.855,0.962,0.274,346.182,142.634,0.943,-0.333,0.000,0.000,0,0
369.975,78.696,1.000,0.003,0,543.548,79.785,173.624,0,315.333,899.384,0,0,1072.726,324.687,48.121,76.657,217.930,0.922,-0.388,76.657,217.930,0.922,-0.388,107.957,-120.518,0.997,-0.071,357.863,32.124,0.968,0.253,357.863,32.124,0.968,0.253,354.355,139.873,0.952,-0.307,0.000,0.000,0,0
369.975,78.696,1.000,0.003,0,559.115,79.878,189.208,0,315.333,899.384,0,0,1088.271,317.506,45.131,83.283,215.140,0.922,-0.388,83.283,215.140,0.922,-0.388,115.127,-121.031,0.997,-0.071,364.839,33.858,0.972,0.234,364.839,33.858,0.972,0.234,361.226,137.762,0.959,-0.285,0.000,0.000,0,0
369.975,78.696,1.000,0.003,0,571.290,79.951,201.399,0,315.333,899.384,0,0,1100.430,311.761,43.543,88.583,212.908,0.922,-0.388,88.583,212.908,0.922,-0.388,120.864,-121.441,0.997,-0.071,370.442,35.155,0.976,0.218,370.442,35.155,0.976,0.218,366.756,136.182,0.964,-0.265,0.000,0.000,0,0
369.975,78.696,1.000,0.003,0,586.170,80.040,216.302,0,315.333,899.384,0,0,1115.290,304.580,42.680,95.208,210.118,0.922,-0.388,95.208,210.118,0.922,-0.388,128.034,-121.954,0.997,-0.071,377.467,36.678,0.979,0.203,377.467,36.678,0.979,0.203,373.701,134.328,0.969,-0.248,0.000,0.000,0,0
369.975,90.207,0.663,0.748,0,602.726,80.139,233.062,0,313.376,900.069,0,0,1131.834,291.167,43.757,103.159,206.771,0.922,-0.388,103.159,206.771,0.922,-0.388,136.639,-122.570,0.997,-0.071,382.075,132.257,0.973,-0.233,382.075,132.257,0.973,-0.233,385.924,38.380,0.982,0.191,0.000,1.000,0,0
372.010,103.753,0.383,0.924,0,608.807,84.124,237.609,2,309.582,903.091,0,0,1138.161,280.729,31.029,109.784,203.981,0.922,-0.388,109.784,203.981,0.922,-0.388,143.809,-123.083,0.997,-0.071,386.282,131.305,0.977,-0.214,386.282,131.305,0.977,-0.214,390.197,39.885,0.981,0.192,1.000,1.000,0,0
383.870,109.857,0.801,0.599,0,589.635,88.659,206.853,0,297.175,915.418,0,0,1119.236,282.626,22.084,116.409,201.191,0.922,-0.388,116.409,201.191,0.922,-0.388,150.979,-123.596,0.997,-0.071,393.316,129.820,0.979,-0.206,393.316,129.820,0.979,-0.206,397.219,41.422,0.973,0.230,1.000,0.000,0,0
395.381,109.857,0.978,0.210,0,574.638,92.206,180.124,0,285.734,926.885,0,0,1104.451,287.812,19.122,121.709,198.959,0.922,-0.388,121.709,198.959,0.922,-0.388,156.715,-124.006,0.997,-0.071,398.945,128.644,0.979,-0.203,398.945,128.644,0.979,-0.203,402.784,42.872,0.961,0.276,1.000,0.000,0,0
408.927,107.822,0.993,-0.119,0,556.311,96.541,147.816,0,272.496,940.211,0,0,1086.405,294.173,19.593,128.335,196.170,0.922,-0.388,128.335,196.170,0.922,-0.388,163.886,-124.519,0.997,-0.071,405.986,127.193,0.980,-0.200,405.986,127.193,0.980,-0.200,409.647,45.009,0.943,0.331,1.000,-1.000,0,0
425.351,105.787,0.996,-0.094,0,534.916,101.601,109.648,0,256.455,956.417,0,0,1065.370,301.884,22.519,136.285,192.822,0.922,-0.388,136.285,192.822,0.922,-0.388,172.490,-125.135,0.997,-0.071,414.442,125.488,0.981,-0.196,414.442,125.488,0.981,-0.196,417.677,48.154,0.917,0.399,1.000,0.000,0,0
439.740,105.787,1.000,-0.026,0,517.572,105.704,77.842,0,242.215,970.761,0,0,1048.345,308.553,25.853,142.910,190.032,0.922,-0.388,142.910,190.032,0.922,-0.388,179.661,-125.648,0.997,-0.071,421.497,124.106,0.982,-0.190,421.497,124.106,0.982,-0.190,424.099,51.377,0.875,0.483,1.000,0.000,0,0
451.251,105.787,1.000,-0.009,0,504.007,108.912,52.873,0,230.837,982.236,0,0,1035.047,313.942,29.641,148.210,187.800,0.922,-0.388,148.210,187.800,0.922,-0.388,185.397,-126.059,0.997,-0.071,427.148,123.039,0.984,-0.181,427.148,123.039,0.984,-0.181,428.962,54.443,0.809,0.587,1.000,0.000,0,0
465.639,105.787,1.000,-0.002,1,480.773,105.750,15.133,1,216.633,996.582,0,0,1011.668,320.742,35.250,154.836,185.011,0.922,-0.388,154.836,185.011,0.922,-0.388,192.567,-126.572,0.997,-0.071,434.225,121.777,0.946,-0.326,434.225,121.777,0.946,-0.326,434.499,59.015,0.704,0.711,1.000,0.000,0,0
480.028,105.787,1.000,-0.001,0,496.264,105.770,16.235,0,202.456,1010.929,0,0,1027.117,327.608,41.334,161.461,182.221,0.922,-0.388,161.461,182.221,0.922,-0.388,199.737,-127.085,0.997,-0.071,441.097,119.674,0.970,-0.244,441.097,119.674,0.970,-0.244,439.845,63.813,0.802,0.597,1.000,0.000,1,0
494.417,105.787,1.000,0.000,0,515.867,105.752,21.450,0,188.311,1025.276,0,0,1046.664,334.537,47.917,168.086,179.431,0.922,-0.388,168.086,179.431,0.922,-0.388,206.908,-127.598,0.997,-0.071,448.114,118.122,0.984,-0.180,448.114,118.122,0.984,-0.180,445.859,67.739,0.879,0.477,1.000,0.000,0,0
503.050,105.787,1.000,0.000,0,534.985,105.734,31.936,0,179.842,1033.886,0,0,1065.729,335.896,49.129,174.712,176.641,0.922,-0.388,174.712,176.641,0.922,-0.388,214.078,-128.111,0.997,-0.071,455.207,116.957,0.990,-0.139,455.207,116.957,0.990,-0.139,452.313,70.898,0.922,0.388,0.000,0.000,0,0
503.050,105.787,1.000,0.000,0,557.304,105.714,54.257,0,179.842,1033.886,0,0,1087.985,327.423,40.559,182.662,173.294,0.922,-0.388,182.662,173.294,0.922,-0.388,222.683,-128.727,0.997,-0.071,463.766,115.877,0.994,-0.112,463.766,115.877,0.994,-0.112,460.378,73.953,0.947,0.322,0.000,0.000,0,0
503.050,105.787,1.000,0.000,0,575.396,105.697,72.353,0,179.842,1033.886,0,0,1106.027,320.367,33.470,189.287,170.504,0.922,-0.388,189.287,170.504,0.922,-0.388,229.853,-129.240,0.997,-0.071,470.918,115.155,0.996,-0.093,470.918,115.155,0.996,-0.093,467.254,76.049,0.962,0.273,0.000,0.000,0,0
503.050,105.787,1.000,0.000,0,589.547,105.684,86.507,0,179.842,1033.886,0,0,1120.140,314.728,27.854,194.588,168.272,0.922,-0.388,194.588,168.272,0.922,-0.388,235.589,-129.650,0.997,-0.071,476.648,114.661,0.997,-0.079,476.648,114.661,0.997,-0.079,472.818,77.503,0.972,0.235,0.000,0.000,0,0
503.050,105.787,1.000,0.000,0,606.842,105.668,103.808,0,179.842,1033.886,0,0,1137.387,307.684,20.963,201.213,165.482,0.922,-0.388,201.213,165.482,0.922,-0.388,242.759,-130.163,0.997,-0.071,483.816,114.124,0.998,-0.069,483.816,114.124,0.998,-0.069,479.826,79.100,0.979,0.205,0.000,0.000,0,0
503.050,105.787,1.000,0.000,0,623.709,105.653,120.684,0,179.842,1033.886,0,0,1154.208,300.647,14.400,207.838,162.692,0.922,-0.388,207.838,162.692,0.922,-0.388,249.930,-130.676,0.997,-0.071,490.990,113.656,0.998,-0.060,490.990,113.656,0.998,-0.060,486.877,80.500,0.984,0.181,0.000,0.000,0,0
503.050,105.787,1.000,0.000,0,643.398,105.634,140.387,0,179.842,1033.886,0,0,1173.846,292.212,8.145,215.788,159.345,0.922,-0.388,215.788,159.345,0.922,-0.388,258.534,-131.292,0.997,-0.071,499.602,113.167,0.999,-0.053,499.602,113.167,0.999,-0.053,495.377,81.973,0.987,0.161,0.000,0.000,0,0
39.000,287.000,0.897,0.443,0,656.200,105.623,643.307,0,657.606,622.340,0,0,1186.614,124.004,101.316,-85.000,286.000,0.000,0.000,-85.000,286.000,0.000,0.000,-296.000,285.000,0.000,0.000,140.000,279.000,0.000,0.000,140.000,279.000,0.000,0.000,290.700,275.300,0.000,0.000,0.000,0.000,0,0
39.000,287.000,0.897,0.443,0,671.644,105.606,658.154,0,657.619,622.354,0,0,1202.017,124.004,101.316,-85.000,286.000,0.000,0.000,-85.000,286.000,0.000,0.000,-296.000,285.000,0.000,0.000,140.000,279.000,0.000,0.000,140.000,279.000,0.000,0.000,290.700,275.300,0.000,0.000,0.000,0.000,0,0
39.000,287.000,0.897,0.443,0,670.844,105.598,657.391,0,657.619,622.354,0,0,1201.214,124.004,101.316,-85.000,286.000,0.000,0.000,-85.000,286.000,0.000,0.000,-296.000,285.000,0.000,0.000,140.000,279.000,0.000,0.000,140.000,279.000,0.000,0.000,290.700,275.300,0.000,0.000,0.000,0.000,0,0
39.000,287.000,0.897,0.443,0,669.854,105.589,656.448,0,657.619,622.354,0,0,1200.218,124.004,101.316,-85.000,286.000,0.000,0.000,-85.000,286.000,0.000,0.000,-296.000,285.000,0.000,0.000,140.000,279.000,0.000,0.000,140.000,279.000,0.000,0.000,290.700,275.300,0.000,0.000,0.000,0.000,0,0
39.000,287.000,0.897,0.443,0,669.769,105.579,656.375,0,657.619,622.354,0,0,1200.129,124.004,101.316,-85.000,286.000,0.000,0.000,-85.000,286.000,0.000,0.000,-296.000,285.000,0.000,0.000,140.000,279.000,0.000,0.000,140.000,279.000,0.000,0.000,290.700,275.300,0.000,0.000,0.000,0.000,0,0
39.000,275.489,0.828,-0.560,0,669.548,105.572,653.075,0,655.105,617.706,0,0,1199.908,124.445,101.061,-85.000,286.000,0.000,0.000,-85.000,286.000,0.000,0.000,-296.000,285.000,0.000,0.000,140.000,279.000,0.000,0.000,140.000,279.000,0.000,0.000,290.700,275.300,0.000,0.000,0.000,-1.000,0,0
39.000,261.100,0.148,-0.989,0,669.368,105.565,649.306,0,652.235,612.151,0,0,1199.728,126.475,102.574,-85.000,286.000,0.000,0.000,-85.000,286.000,0.000,0.000,-296.000,285.000,0.000,0.000,140.000,279.000,0.000,0.000,140.000,279.000,0.000,0.000,290.700,275.300,0.000,0.000,0.000,-1.000,0,0
39.000,249.589,0.050,-0.999,0,669.226,105.560,646.508,0,650.159,607.916,0,0,1199.586,129.235,105.195,-85.000,286.000,0.000,0.000,-85.000,286.000,0.000,0.000,-296.000,285.000,0.000,0.000,140.000,279.000,0.000,0.000,140.000,279.000,0.000,0.000,290.700,275.300,0.000,0.000,0.000,-1.000,0,0
39.000,235.201,0.015,-1.000,0,669.052,105.554,643.287,0,647.842,602.889,0,0,1199.412,134.002,110.088,-85.000,286.000,0.000,0.000,-85.000,286.000,0.000,0.000,44.000,-93.000,0.000,0.000,140.000,279.000,0.000,0.000,140.000,279.000,0.000,0.000,290.700,275.300,0.000,0.000,1.000,-1.000,0,0
49.174,225.026,0.512,-0.859,0,668.881,105.548,631.154,0,636.315,609.150,0,0,1199.241,147.379,105.653,-85.000,286.000,0.000,0.000,-85.000,286.000,0.000,0.000,44.000,-93.000,0.000,0.000,140.000,279.000,0.000,0.000,140.000,279.000,0.000,0.000,290.700,275.300,0.000,0.000,1.000,-1.000,0,0
59.349,214.852,0.657,-0.754,0,59.000,80.600,134.403,0,624.907,615.682,0,0,589.175,160.930,103.051,-85.000,286.000,0.000,0.000,-85.000,286.000,0.000,0.000,44.000,-93.000,0.000,0.000,140.000,279.000,0.000,0.000,140.000,279.000,0.000,0.000,290.700,275.300,0.000,0.000,1.000,-1.000,0,0
61.384,200.114,0.210,-0.978,0,59.000,80.600,119.713,0,621.240,613.396,0,0,589.173,169.719,111.371,-85.000,286.000,0.000,0.000,-85.000,286.000,0.000,0.000,44.000,-93.000,0.000,0.000,140.000,279.000,0.000,0.000,140.000,279.000,0.000,0.000,290.700,275.300,0.000,0.000,-1.000,-1.000,0,0
53.244,191.975,-0.448,-0.894,0,59.000,80.600,111.719,0,628.584,603.355,0,0,589.171,167.189,122.882,-85.000,286.000,0.000,0.000,-85.000,286.000,0.000,0.000,44.000,-93.000,0.000,0.000,140.000,279.000,0.000,0.000,140.000,279.000,0.000,0.000,290.700,275.300,0.000,0.000,-1.000,-1.000,0,0
43.070,181.800,-0.639,-0.769,0,59.000,80.600,102.661,0,637.937,590.880,0,0,589.171,165.104,137.271,-85.000,286.000,0.000,0.000,-85.000,286.000,0.000,0.000,44.000,-93.000,0.000,0.000,140.000,279.000,0.000,0.000,140.000,279.000,0.000,0.000,290.700,275.300,0.000,0.000,0.000,-1.000,0,0
43.070,164.534,-0.146,-0.989,0,59.000,80.600,85.690,0,636.982,586.708,0,0,589.171,176.510,149.993,-85.000,286.000,0.000,0.000,-85.000,286.000,0.000,0.000,44.000,-93.000,0.000,0.000,140.000,279.000,0.000,0.000,140.000,279.000,0.000,0.000,108.800,-94.600,0.000,0.000,1.000,-1.000,0,0
53.244,154.360,0.493,-0.870,0,59.000,80.600,74.281,0,626.470,594.420,0,0,589.171,190.894,151.861,-85.000,286.000,0.000,0.000,-85.000,286.000,0.000,0.000,44.000,-93.000,0.000,0.000,140.000,279.000,0.000,0.000,140.000,279.000,0.000,0.000,108.800,-94.600,0.000,0.000,1.000,-1.000,0,0
57.314,141.657,0.349,-0.937,0,59.000,80.600,61.439,0,622.197,595.909,0,0,589.171,202.702,160.313,-85.000,286.000,0.000,0.000,-85.000,286.000,0.000,0.000,44.000,-93.000,0.000,0.000,140.000,279.000,0.000,0.000,140.000,279.000,0.000,0.000,108.800,-94.600,0.000,0.000,0.000,-1.000,0,0
57.314,130.146,0.130,-0.992,0,59.000,80.600,50.016,0,622.234,593.877,0,0,589.171,211.054,170.278,-85.000,286.000,0.000,0.000,-85.000,286.000,0.000,0.000,44.000,-93.000,0.000,0.000,140.000,279.000,0.000,0.000,140.000,279.000,0.000,0.000,108.800,-94.600,0.000,0.000,-1.000,-1.000,0,0
47.139,119.972,-0.492,-0.871,0,59.000,80.600,41.651,0,632.611,582.209,0,0,589.171,212.194,184.155,-85.000,286.000,0.000,0.000,-85.000,286.000,0.000,0.000,44.000,-93.000,0.000,0.000,140.000,279.000,0.000,0.000,140.000,279.000,0.000,0.000,108.800,-94.600,0.000,0.000,-1.000,-1.000,0,0
41.035,106.919,-0.262,-0.965,0,59.000,80.600,32.549,0,639.210,574.306,0,0,589.171,199.941,198.509,44.000,-93.000,0.000,0.000,44.000,-93.000,0.000,0.000,-85.000,286.000,0.000,0.000,140.000,279.000,0.000,0.000,140.000,279.000,0.000,0.000,108.800,-94.600,0.000,0.000,1.000,-1.000,0,0
51.209,96.745,0.483,-0.876,1,58.514,83.492,15.133,1,629.635,583.152,0,0,589.078,189.882,199.824,44.000,-93.000,0.000,0.000,44.000,-93.000,0.000,0.000,-85.000,286.000,0.000,0.000,108.800,-94.600,0.000,0.000,108.800,-94.600,0.000,0.000,140.000,279.000,0.000,0.000,1.000,-1.000,0,0
63.912,92.675,0.895,-0.446,1,77.457,85.925,15.133,1,617.248,595.335,0,0,608.156,186.740,192.580,44.000,-93.000,0.000,0.000,44.000,-93.000,0.000,0.000,-67.000,-108.000,0.000,0.000,108.800,-94.600,0.000,0.000,108.800,-94.600,0.000,0.000,140.000,279.000,0.000,0.000,1.000,0.000,0,0
78.301,92.675,0.992,-0.122,1,93.320,90.824,15.133,1,602.904,609.643,0,0,624.402,188.817,189.743,44.000,-93.000,0.000,0.000,44.000,-93.000,0.000,0.000,-67.000,-108.000,0.000,0.000,108.800,-94.600,0.000,0.000,108.800,-94.600,0.000,0.000,140.000,279.000,0.000,0.000,1.000,0.000,0,0
92.690,92.675,0.999,-0.036,1,107.813,92.136,15.133,1,588.562,623.955,0,0,638.949,191.953,187.967,44.000,-93.000,0.000,0.000,44.000,-93.000,0.000,0.000,-67.000,-108.000,0.000,0.000,108.800,-94.600,0.000,0.000,108.800,-94.600,0.000,0.000,140.000,279.000,0.000,0.000,1.000,0.000,0,0
102.515,96.745,0.962,0.271,1,117.080,100.852,15.133,1,578.466,634.139,0,0,649.053,198.563,186.070,44.000,-93.000,0.000,0.000,44.000,-93.000,0.000,0.000,-67.000,-108.000,0.000,0.000,140.000,279.000,0.000,0.000,140.000,279.000,0.000,0.000,108.800,-94.600,0.000,0.000,1.000,1.000,0,0
112.689,106.919,0.803,0.595,1,124.847,115.930,15.133,1,567.676,645.375,0,0,658.550,211.391,174.234,44.000,-93.000,0.000,0.000,44.000,-93.000,0.000,0.000,-85.000,286.000,0.000,0.000,140.000,279.000,0.000,0.000,140.000,279.000,0.000,0.000,108.800,-94.600,0.000,0.000,1.000,1.000,0,0
124.549,113.024,0.895,0.445,1,138.099,119.763,15.133,1,555.531,657.885,0,0,672.185,221.211,166.694,44.000,-93.000,0.000,0.000,44.000,-93.000,0.000,0.000,-85.000,286.000,0.000,0.000,140.000,279.000,0.000,0.000,140.000,279.000,0.000,0.000,108.800,-94.600,0.000,0.000,1.000,0.000,0,0
141.816,113.024,0.995,0.102,1,156.870,114.568,15.133,1,538.290,675.015,0,0,690.141,228.065,165.986,44.000,-93.000,0.000,0.000,44.000,-93.000,0.000,0.000,-85.000,286.000,0.000,0.000,140.000,279.000,0.000,0.000,140.000,279.000,0.000,0.000,108.800,-94.600,0.000,0.000,1.000,0.000,0,0
149.955,104.885,0.900,-0.435,1,163.581,98.300,15.133,1,530.607,682.162,0,0,695.036,224.466,174.400,44.000,-93.000,0.000,0.000,44.000,-93.000,0.000,0.000,-85.000,286.000,0.000,0.000,140.000,279.000,0.000,0.000,140.000,279.000,0.000,0.000,108.800,-94.600,0.000,0.000,1.000,-1.000,0,0
160.129,94.710,0.768,-0.640,1,171.754,85.021,15.133,1,521.202,691.261,0,0,702.021,220.729,185.386,44.000,-93.000,0.000,0.000,44.000,-93.000,0.000,0.000,-67.000,-108.000,0.000,0.000,140.000,279.000,0.000,0.000,140.000,279.000,0.000,0.000,108.800,-94.600,0.000,0.000,1.000,-1.000,0,0
172.339,82.501,0.722,-0.691,1,183.272,72.038,15.133,1,510.222,702.414,0,0,712.635,217.420,188.154,44.000,-93.000,0.000,0.000,44.000,-93.000,0.000,0.000,-64.132,-108.205,0.997,-0.071,108.800,-94.600,0.000,0.000,108.800,-94.600,0.000,0.000,140.000,279.000,0.000,0.000,1.000,-1.000,0,0
176.408,69.798,0.409,-0.913,1,182.593,55.986,15.133,1,507.726,705.657,0,0,711.210,209.846,177.757,44.000,-93.000,0.000,0.000,44.000,-93.000,0.000,0.000,-56.961,-108.718,0.997,-0.071,108.800,-94.600,0.000,0.000,108.800,-94.600,0.000,0.000,286.481,-87.585,-0.571,0.821,0.000,-1.000,0,0
178.443,59.130,0.248,-0.969,1,182.195,44.469,15.133,1,507.257,707.182,0,0,710.499,203.023,168.769,44.000,-93.000,0.000,0.000,44.000,-93.000,0.000,0.000,-51.225,-109.129,0.997,-0.071,108.800,-94.600,0.000,0.000,108.800,-94.600,0.000,0.000,282.990,-83.016,-0.620,0.784,1.000,-1.000,0,0
188.618,48.956,0.606,-0.796,1,197.787,36.917,15.133,1,498.927,717.018,0,0,725.982,202.647,155.057,44.000,-93.000,0.000,0.000,44.000,-93.000,0.000,0.000,-44.055,-109.642,0.997,-0.071,278.678,-77.265,-0.578,0.816,278.678,-77.265,-0.578,0.816,108.800,-94.600,0.000,0.000,1.000,0.000,0,0
205.884,48.956,0.977,-0.211,1,220.676,45.758,15.133,1,481.956,734.275,0,0,748.989,215.309,137.094,44.000,-93.000,0.000,0.000,44.000,-93.000,0.000,0.000,-35.450,-110.257,0.997,-0.071,274.308,-69.842,-0.443,0.896,274.308,-69.842,-0.443,0.896,108.800,-94.600,0.000,0.000,1.000,0.000,0,0
217.395,48.956,0.997,-0.073,1,232.488,47.851,15.133,1,470.654,745.780,0,0,760.840,224.092,125.985,44.000,-93.000,0.000,0.000,44.000,-93.000,0.000,0.000,-29.714,-110.668,0.997,-0.071,272.080,-64.542,-0.332,0.943,272.080,-64.542,-0.332,0.943,108.800,-94.600,0.000,0.000,1.000,0.000,0,0
231.784,48.956,1.000,-0.020,1,246.914,48.657,15.133,1,456.541,760.161,0,0,775.277,235.402,113.265,44.000,-93.000,0.000,0.000,44.000,-93.000,0.000,0.000,-22.544,-111.181,0.997,-0.071,270.027,-57.657,-0.212,0.977,270.027,-57.657,-0.212,0.977,108.800,-94.600,0.000,0.000,1.000,1.000,0,0
243.993,61.165,0.826,0.564,1,256.491,69.697,15.133,1,442.299,772.746,0,0,785.608,252.515,113.032,44.000,-93.000,0.000,0.000,44.000,-93.000,0.000,0.000,-13.939,-111.796,0.997,-0.071,268.633,-49.149,-0.118,0.993,268.633,-49.149,-0.118,0.993,273.919,225.268,-0.120,-0.993,1.000,1.000,0,0
252.975,67.269,0.806,0.593,1,265.165,76.237,15.133,1,432.423,781.980,0,0,794.616,263.357,111.726,44.000,-93.000,0.000,0.000,44.000,-93.000,0.000,0.000,-8.203,-112.207,0.997,-0.071,268.186,-43.416,-0.025,1.000,268.186,-43.416,-0.025,1.000,273.362,219.544,-0.057,-0.998,1.000,0.000,0,0
270.242,67.269,0.989,0.150,1,285.204,69.535,15.133,1,415.410,799.225,0,0,814.274,277.257,102.096,44.000,-93.000,0.000,0.000,44.000,-93.000,0.000,0.000,0.401,-112.822,0.997,-0.071,268.649,-34.814,0.128,0.992,268.649,-34.814,0.128,0.992,273.412,210.925,0.062,-0.998,1.000,0.000,0,0
284.630,67.269,0.999,0.042,1,299.750,67.899,15.133,1,401.249,813.596,0,0,828.726,289.118,96.158,44.000,-93.000,0.000,0.000,44.000,-93.000,0.000,0.000,7.572,-113.335,0.997,-0.071,270.179,-27.796,0.268,0.963,270.179,-27.796,0.268,0.963,274.301,203.794,0.164,-0.986,1.000,0.000,0,0
296.141,67.269,1.000,0.014,1,311.273,67.484,15.133,1,389.932,825.094,0,0,840.218,298.767,92.816,44.000,-93.000,0.000,0.000,44.000,-93.000,0.000,0.000,13.308,-113.746,0.997,-0.071,272.106,-22.380,0.400,0.917,272.106,-22.380,0.400,0.917,275.532,198.178,0.264,-0.965,1.000,0.000,0,0
310.530,67.269,1.000,0.004,0,330.725,67.388,20.196,0,375.803,839.466,0,0,859.644,311.006,88.947,44.000,-93.000,0.000,0.000,44.000,-93.000,0.000,0.000,21.913,-114.361,0.997,-0.071,276.081,-14.735,0.525,0.851,276.081,-14.735,0.525,0.851,278.238,189.994,0.368,-0.930,0.000,0.000,1,0
310.530,67.269,1.000,0.004,0,346.369,67.469,35.839,0,375.803,839.466,0,0,875.273,311.006,83.372,44.000,-93.000,0.000,0.000,44.000,-93.000,0.000,0.000,27.649,-114.772,0.997,-0.071,279.491,-10.109,0.653,0.757,279.491,-10.109,0.653,0.757,280.712,184.804,0.488,-0.873,0.000,0.000,0,0
310.530,67.269,1.000,0.004,0,369.253,67.587,58.725,0,375.803,839.466,0,0,898.135,311.006,75.496,44.000,-93.000,0.000,0.000,44.000,-93.000,0.000,0.000,36.253,-115.387,0.997,-0.071,285.540,-3.971,0.745,0.667,285.540,-3.971,0.745,0.667,285.369,177.552,0.589,-0.808,0.000,0.000,0,0
310.530,67.269,1.000,0.004,0,387.805,67.683,77.278,0,375.803,839.466,0,0,916.668,311.006,69.545,44.000,-93.000,0.000,0.000,44.000,-93.000,0.000,0.000,43.424,-115.900,0.997,-0.071,291.191,0.468,0.810,0.586,291.191,0.468,0.810,0.586,289.962,172.026,0.670,-0.742,0.000,0.000,0,0
310.530,67.269,1.000,0.004,0,405.897,67.776,95.373,0,375.803,839.466,0,0,934.742,311.006,64.288,44.000,-93.000,0.000,0.000,44.000,-93.000,0.000,0.000,50.594,-116.413,0.997,-0.071,297.224,4.373,0.856,0.516,297.224,4.373,0.856,0.516,295.064,166.964,0.734,-0.679,0.000,0.000,0,0
310.530,67.269,1.000,0.004,0,423.542,67.867,113.022,0,375.803,839.466,0,0,952.367,311.006,59.853,44.000,-93.000,0.000,0.000,44.000,-93.000,0.000,0.000,57.764,-116.926,0.997,-0.071,303.527,7.828,0.889,0.458,303.527,7.828,0.889,0.458,300.565,162.339,0.784,-0.620,0.000,0.000,0,0
310.530,67.269,1.000,0.004,0,437.342,67.938,126.828,0,375.803,839.466,0,0,966.153,308.388,56.983,63.501,-117.337,0.997,-0.071,63.501,-117.337,0.997,-0.071,44.000,-93.000,0.000,0.000,308.711,10.315,0.913,0.409,308.711,10.315,0.913,0.409,305.194,158.928,0.824,-0.567,0.000,0.000,0,0
310.530,67.269,1.000,0.004,0,454.209,68.025,143.702,0,375.803,839.466,0,0,983.000,302.987,54.350,70.671,-117.850,0.997,-0.071,70.671,-117.850,0.997,-0.071,44.000,-93.000,0.000,0.000,315.325,13.131,0.930,0.368,315.325,13.131,0.930,0.368,311.208,154.991,0.854,-0.520,0.000,0.000,0,0
310.530,67.269,1.000,0.004,0,473.898,68.127,163.404,0,375.803,839.466,0,0,1002.667,296.608,52.717,79.276,-118.465,0.997,-0.071,79.276,-118.465,0.997,-0.071,50.156,229.089,0.922,-0.388,323.406,16.149,0.943,0.333,323.406,16.149,0.943,0.333,318.686,150.694,0.879,-0.477,0.000,0.000,0,0
310.530,67.269,1.000,0.004,0,489.860,68.209,179.379,0,375.803,839.466,0,0,1018.610,291.379,52.680,86.446,-118.978,0.997,-0.071,86.446,-118.978,0.997,-0.071,56.781,226.299,0.922,-0.388,330.229,18.411,0.953,0.303,330.229,18.411,0.953,0.303,325.088,147.425,0.898,-0.440,0.000,0.000,0,0
310.530,67.269,1.000,0.004,0,505.426,68.289,194.962,0,375.803,839.466,0,0,1034.158,286.236,53.815,93.616,-119.492,0.997,-0.071,93.616,-119.492,0.997,-0.071,63.407,223.509,0.922,-0.388,337.114,20.479,0.961,0.278,337.114,20.479,0.961,0.278,331.611,144.404,0.913,-0.407,0.000,0.000,0,0
310.530,67.269,1.000,0.004,0,520.607,68.367,210.163,0,375.803,839.466,0,0,1049.323,281.183,56.021,100.787,-120.005,0.997,-0.071,100.787,-120.005,0.997,-0.071,70.032,220.720,0.922,-0.388,344.046,22.380,0.967,0.256,344.046,22.380,0.967,0.256,338.232,141.605,0.926,-0.378,0.000,0.000,0,0
310.530,67.269,1.000,0.004,0,532.481,68.429,222.055,0,375.803,839.466,0,0,1061.184,277.208,58.462,106.523,-120.415,0.997,-0.071,106.523,-120.415,0.997,-0.071,75.332,218.488,0.922,-0.388,349.620,23.797,0.971,0.237,349.620,23.797,0.971,0.237,343.586,139.507,0.936,-0.352,0.000,0.000,0,0
310.530,67.269,1.000,0.004,0,546.312,68.500,235.879,0,375.803,839.466,0,0,1075.008,272.329,62.227,113.693,-120.928,0.997,-0.071,113.693,-120.928,0.997,-0.071,81.958,215.698,0.922,-0.388,356.615,25.455,0.975,0.221,356.615,25.455,0.975,0.221,350.338,137.040,0.944,-0.330,0.000,0.000,0,0
310.530,67.269,1.000,0.004,0,559.780,68.569,249.341,0,375.803,839.466,0,0,1088.470,265.464,66.643,88.583,212.908,0.922,-0.388,88.583,212.908,0.922,-0.388,120.864,-121.441,0.997,-0.071,363.634,27.004,0.978,0.207,363.634,27.004,0.978,0.207,357.144,134.725,0.951,-0.310,0.000,0.000,0,0
310.530,67.269,1.000,0.004,0,572.856,68.637,262.413,0,375.803,839.466,0,0,1101.540,258.398,71.580,95.208,210.118,0.922,-0.388,95.208,210.118,0.922,-0.388,128.034,-121.954,0.997,-0.071,370.674,28.458,0.981,0.195,370.674,28.458,0.981,0.195,363.994,132.546,0.956,-0.293,0.000,0.000,0,0
310.530,67.269,1.000,0.004,0,585.550,68.702,275.104,0,375.803,839.466,0,0,1114.229,251.338,76.928,101.833,207.329,0.922,-0.388,101.833,207.329,0.922,-0.388,135.204,-122.467,0.997,-0.071,377.731,29.827,0.983,0.184,377.731,29.827,0.983,0.184,370.882,130.489,0.961,-0.277,0.000,0.000,0,0
310.530,67.269,1.000,0.004,0,597.872,68.766,287.423,0,375.803,839.466,0,0,1126.546,244.286,82.603,108.459,204.539,0.922,-0.388,108.459,204.539,0.922,-0.388,142.375,-122.980,0.997,-0.071,384.803,31.120,0.985,0.174,384.803,31.120,0.985,0.174,377.803,128.543,0.965,-0.262,0.000,0.000,0,0
310.530,67.269,1.000,0.004,0,609.832,68.828,299.379,0,375.803,839.466,0,0,1138.500,237.242,88.536,115.084,201.749,0.922,-0.388,115.084,201.749,0.922,-0.388,149.545,-123.493,0.997,-0.071,391.886,32.344,0.986,0.165,391.886,32.344,0.986,0.165,384.750,126.697,0.969,-0.249,0.000,0.000,0,0
310.530,67.269,1.000,0.004,0,621.437,68.887,310.982,0,375.803,839.466,0,0,1150.101,230.208,94.675,121.709,198.959,0.922,-0.388,121.709,198.959,0.922,-0.388,156.715,-124.006,0.997,-0.071,398.980,33.508,0.988,0.157,398.980,33.508,0.988,0.157,391.721,124.942,0.971,-0.237,0.000,0.000,0,0
310.530,67.269,1.000,0.004,0,632.697,68.945,322.240,0,375.803,839.466,0,0,1161.356,223.183,100.979,128.335,196.170,0.922,-0.388,128.335,196.170,0.922,-0.388,163.886,-124.519,0.997,-0.071,406.083,34.615,0.989,0.150,406.083,34.615,0.989,0.150,398.713,123.270,0.974,-0.226,0.000,0.000,0,0
310.530,67.269,1.000,0.004,0,643.621,69.002,333.161,0,375.803,839.466,0,0,1172.275,216.168,107.416,134.960,193.380,0.922,-0.388,134.960,193.380,0.922,-0.388,171.056,-125.033,0.997,-0.071,413.194,35.673,0.990,0.143,413.194,35.673,0.990,0.143,405.722,121.674,0.976,-0.216,0.000,0.000,0,0
39.000,287.000,0.897,0.443,0,654.216,69.056,652.709,0,657.611,622.345,0,0,1182.866,124.004,101.316,-85.000,286.000,0.000,0.000,-85.000,286.000,0.000,0.000,-296.000,285.000,0.000,0.000,140.000,279.000,0.000,0.000,140.000,279.000,0.000,0.000,290.700,275.300,0.000,0.000,0.000,0.000,0,0
39.000,287.000,0.897,0.443,0,664.491,69.109,662.389,0,657.619,622.354,0,0,1193.137,124.004,101.316,-85.000,286.000,0.000,0.000,-85.000,286.000,0.000,0.000,-296.000,285.000,0.000,0.000,140.000,279.000,0.000,0.000,140.000,279.000,0.000,0.000,290.700,275.300,0.000,0.000,0.000,0.000,0,0
39.000,287.000,0.897,0.443,0,670.105,69.156,667.674,0,657.619,622.354,0,0,1198.753,124.004,101.316,-85.000,286.000,0.000,0.000,-85.000,286.000,0.000,0.000,-296.000,285.000,0.000,0.000,140.000,279.000,0.000,0.000,140.000,279.000,0.000,0.000,290.700,275.300,0.000,0.000,0.000,0.000,0,0
39.000,287.000,0.897,0.443,0,669.806,69.192,667.373,0,657.619,622.354,0,0,1198.462,124.004,101.316,-85.000,286.000,0.000,0.000,-85.000,286.000,0.000,0.000,-296.000,285.000,0.000,0.000,140.000,279.000,0.000,0.000,140.000,279.000,0.000,0.000,290.700,275.300,0.000,0.000,0.000,0.000,0,0
39.000,287.000,0.897,0.443,0,669.806,69.228,667.356,0,657.619,622.354,0,0,1198.469,124.004,101.316,-85.000,286.000,0.000,0.000,-85.000,286.000,0.000,0.000,-296.000,285.000,0.000,0.000,140.000,279.000,0.000,0.000,140.000,279.000,0.000,0.000,290.700,275.300,0.000,0.000,0.000,0.000,0,0
39.000,287.000,0.897,0.443,0,669.806,69.264,667.340,0,657.619,622.354,0,0,1198.476,124.004,101.316,-85.000,286.000,0.000,0.000,-85.000,286.000,0.000,0.000,-296.000,285.000,0.000,0.000,140.000,279.000,0.000,0.000,140.000,279.000,0.000,0.000,290.700,275.300,0.000,0.000,0.000,0.000,0,0
39.000,287.000,0.897,0.443,0,669.806,69.305,667.324,0,657.619,622.354,0,0,1198.483,124.004,101.316,-85.000,286.000,0.000,0.000,-85.000,286.000,0.000,0.000,-296.000,285.000,0.000,0.000,140.000,279.000,0.000,0.000,140.000,279.000,0.000,0.000,290.700,275.300,0.000,0.000,0.000,0.000,0,0
39.000,287.000,0.897,0.443,0,669.806,69.332,667.314,0,657.619,622.354,0,0,1198.486,124.004,101.316,-85.000,286.000,0.000,0.000,-85.000,286.000,0.000,0.000,-296.000,285.000,0.000,0.000,140.000,279.000,0.000,0.000,140.000,279.000,0.000,0.000,290.700,275.300,0.000,0.000,0.000,0.000,0,0
39.000,287.000,0.897,0.443,0,669.806,69.364,667.302,0,657.619,622.354,0,0,1198.490,124.004,101.316,-85.000,286.000,0.000,0.000,-85.000,286.000,0.000,0.000,-296.000,285.000,0.000,0.000,140.000,279.000,0.000,0.000,140.000,279.000,0.000,0.000,290.700,275.300,0.000,0.000,0.000,0.000,0,0
39.000,287.000,0.897,0.443,0,669.806,69.396,667.291,0,657.619,622.354,0,0,1198.493,124.004,101.316,-85.000,286.000,0.000,0.000,-85.000,286.000,0.000,0.000,-296.000,285.000,0.000,0.000,140.000,279.000,0.000,0.000,140.000,279.000,0.000,0.000,290.700,275.300,0.000,0.000,0.000,0.000,0,0
39.000,281.245,0.997,0.079,0,59.000,80.600,201.739,0,656.338,620.007,0,0,589.175,124.091,101.025,-85.000,286.000,0.000,0.000,-85.000,286.000,0.000,0.000,-296.000,285.000,0.000,0.000,140.000,279.000,0.000,0.000,140.000,279.000,0.000,0.000,290.700,275.300,0.000,0.000,0.000,-1.000,0,0
39.000,263.978,0.228,-0.974,0,59.000,80.600,184.580,0,652.785,613.239,0,0,589.173,125.940,102.111,-85.000,286.000,0.000,0.000,-85.000,286.000,0.000,0.000,-296.000,285.000,0.000,0.000,140.000,279.000,0.000,0.000,140.000,279.000,0.000,0.000,290.700,275.300,0.000,0.000,0.000,-1.000,0,0
39.000,249.589,0.064,-0.998,0,59.000,80.600,170.298,0,650.159,607.916,0,0,589.171,129.235,105.195,-85.000,286.000,0.000,0.000,-85.000,286.000,0.000,0.000,-296.000,285.000,0.000,0.000,140.000,279.000,0.000,0.000,140.000,279.000,0.000,0.000,290.700,275.300,0.000,0.000,0.000,-1.000,0,0
39.000,238.078,0.023,-1.000,0,59.000,80.600,158.882,0,648.281,603.871,0,0,589.171,132.938,108.975,-85.000,286.000,0.000,0.000,-85.000,286.000,0.000,0.000,44.000,-93.000,0.000,0.000,140.000,279.000,0.000,0.000,140.000,279.000,0.000,0.000,290.700,275.300,0.000,0.000,0.000,-1.000,0,0
39.000,223.690,0.007,-1.000,0,59.000,80.600,144.633,0,646.213,599.087,0,0,589.171,138.775,115.153,-85.000,286.000,0.000,0.000,-85.000,286.000,0.000,0.000,44.000,-93.000,0.000,0.000,140.000,279.000,0.000,0.000,140.000,279.000,0.000,0.000,290.700,275.300,0.000,0.000,0.000,-1.000,0,0
39.000,206.423,0.001,-1.000,0,59.000,80.600,127.576,0,644.149,593.755,0,0,589.171,147.338,124.372,-85.000,286.000,0.000,0.000,-85.000,286.000,0.000,0.000,44.000,-93.000,0.000,0.000,140.000,279.000,0.000,0.000,140.000,279.000,0.000,0.000,290.700,275.300,0.000,0.000,0.000,-1.000,0,0
39.000,194.912,0.001,-1.000,0,59.000,80.600,116.238,0,643.026,590.455,0,0,589.171,153.860,131.422,-85.000,286.000,0.000,0.000,-85.000,286.000,0.000,0.000,44.000,-93.000,0.000,0.000,140.000,279.000,0.000,0.000,140.000,279.000,0.000,0.000,290.700,275.300,0.000,0.000,-1.000,-1.000,0,0
28.826,184.738,-0.540,-0.842,0,59.000,80.600,108.624,0,652.349,577.900,0,0,589.171,152.349,145.757,-85.000,286.000,0.000,0.000,-85.000,286.000,0.000,0.000,44.000,-93.000,0.000,0.000,140.000,279.000,0.000,0.000,140.000,279.000,0.000,0.000,290.700,275.300,0.000,0.000,-1.000,-1.000,0,0
22.721,172.878,-0.463,-0.886,0,59.000,80.600,99.375,0,657.698,568.946,0,0,589.171,156.206,158.165,-85.000,286.000,0.000,0.000,-85.000,286.000,0.000,0.000,44.000,-93.000,0.000,0.000,140.000,279.000,0.000,0.000,140.000,279.000,0.000,0.000,108.800,-94.600,0.000,0.000,0.000,-1.000,0,0
22.721,155.612,-0.109,-0.994,0,59.000,80.600,83.588,0,657.006,564.885,0,0,589.171,169.130,170.232,-85.000,286.000,0.000,0.000,-85.000,286.000,0.000,0.000,44.000,-93.000,0.000,0.000,140.000,279.000,0.000,0.000,140.000,279.000,0.000,0.000,108.800,-94.600,0.000,0.000,0.000,-1.000,0,0
22.721,141.223,-0.031,-1.000,0,59.000,80.600,70.960,0,656.776,561.883,0,0,589.171,180.456,180.933,-85.000,286.000,0.000,0.000,-85.000,286.000,0.000,0.000,44.000,-93.000,0.000,0.000,140.000,279.000,0.000,0.000,140.000,279.000,0.000,0.000,108.800,-94.600,0.000,0.000,0.000,-1.000,0,0
22.721,129.712,-0.011,-1.000,0,59.000,80.600,61.418,0,656.819,559.737,0,0,589.171,189.815,189.845,-85.000,286.000,0.000,0.000,-85.000,286.000,0.000,0.000,44.000,-93.000,0.000,0.000,140.000,279.000,0.000,0.000,140.000,279.000,0.000,0.000,108.800,-94.600,0.000,0.000,0.000,-1.000,0,0
22.721,115.323,-0.003,-1.000,0,59.000,80.600,50.654,0,657.156,557.377,0,0,589.171,201.828,201.356,-85.000,286.000,0.000,0.000,-85.000,286.000,0.000,0.000,44.000,-93.000,0.000,0.000,140.000,279.000,0.000,0.000,140.000,279.000,0.000,0.000,108.800,-94.600,0.000,0.000,0.000,-1.000,0,0
16.616,103.463,-0.390,-0.921,0,59.000,80.600,48.612,0,663.764,549.655,0,0,589.171,198.363,214.562,44.000,-93.000,0.000,0.000,44.000,-93.000,0.000,0.000,-85.000,286.000,0.000,0.000,140.000,279.000,0.000,0.000,140.000,279.000,0.000,0.000,108.800,-94.600,0.000,0.000,-1.000,-1.000,0,0
18.651,90.411,0.157,-0.988,0,59.000,80.600,42.051,0,662.540,550.106,0,0,589.171,185.155,205.806,44.000,-93.000,0.000,0.000,44.000,-93.000,0.000,0.000,-67.000,-108.000,0.000,0.000,108.800,-94.600,0.000,0.000,108.800,-94.600,0.000,0.000,140.000,279.000,0.000,0.000,1.000,-1.000,0,0
26.791,82.272,0.532,-0.847,0,59.000,80.600,32.928,0,655.065,557.387,0,0,589.171,176.115,194.959,44.000,-93.000,0.000,0.000,44.000,-93.000,0.000,0.000,-67.000,-108.000,0.000,0.000,108.800,-94.600,0.000,0.000,108.800,-94.600,0.000,0.000,140.000,279.000,0.000,0.000,1.000,0.000,0,0
44.057,82.272,0.976,-0.219,1,58.824,78.960,15.133,1,637.868,574.575,0,0,588.999,175.272,188.349,44.000,-93.000,0.000,0.000,44.000,-93.000,0.000,0.000,-67.000,-108.000,0.000,0.000,108.800,-94.600,0.000,0.000,108.800,-94.600,0.000,0.000,140.000,279.000,0.000,0.000,1.000,0.000,0,0
55.568,82.272,0.997,-0.078,1,70.656,81.095,15.133,1,626.405,586.036,0,0,600.963,175.653,184.709,44.000,-93.000,0.000,0.000,44.000,-93.000,0.000,0.000,-67.000,-108.000,0.000,0.000,108.800,-94.600,0.000,0.000,108.800,-94.600,0.000,0.000,140.000,279.000,0.000,0.000,1.000,1.000,0,0
65.743,92.446,0.865,0.502,1,78.835,100.036,15.133,1,615.440,597.132,0,0,610.963,186.716,191.938,44.000,-93.000,0.000,0.000,44.000,-93.000,0.000,0.000,-67.000,-108.000,0.000,0.000,108.800,-94.600,0.000,0.000,108.800,-94.600,0.000,0.000,140.000,279.000,0.000,0.000,1.000,1.000,0,0
77.603,98.551,0.936,0.353,1,91.761,103.893,15.133,1,603.188,609.573,0,0,624.244,194.476,190.933,44.000,-93.000,0.000,0.000,44.000,-93.000,0.000,0.000,-85.000,286.000,0.000,0.000,140.000,279.000,0.000,0.000,140.000,279.000,0.000,0.000,108.800,-94.600,0.000,0.000,1.000,0.000,0,0
91.991,98.551,0.995,0.101,1,107.047,100.083,15.133,1,588.836,623.870,0,0,638.998,197.471,186.727,44.000,-93.000,0.000,0.000,44.000,-93.000,0.000,0.000,-82.350,284.884,0.922,-0.388,140.000,279.000,0.000,0.000,140.000,279.000,0.000,0.000,108.800,-94.600,0.000,0.000,1.000,-1.000,0,0
104.201,86.342,0.850,-0.526,1,117.071,78.381,15.133,1,577.621,634.822,0,0,647.007,189.176,181.000,44.000,-93.000,0.000,0.000,44.000,-93.000,0.000,0.000,-55.527,-108.821,0.997,-0.071,108.800,-94.600,0.000,0.000,108.800,-94.600,0.000,0.000,140.000,279.000,0.000,0.000,1.000,-1.000,0,0
114.375,76.167,0.750,-0.661,1,125.725,66.157,15.133,1,568.506,644.160,0,0,654.864,183.222,170.858,44.000,-93.000,0.000,0.000,44.000,-93.000,0.000,0.000,-48.357,-109.334,0.997,-0.071,108.800,-94.600,0.000,0.000,108.800,-94.600,0.000,0.000,140.000,279.000,0.000,0.000,0.000,-1.000,0,0
110.305,66.342,0.032,-0.999,1,110.790,51.217,15.133,1,573.693,639.482,0,0,639.307,172.587,160.949,44.000,-93.000,0.000,0.000,44.000,-93.000,0.000,0.000,-42.621,-109.744,0.997,-0.071,108.800,-94.600,0.000,0.000,108.800,-94.600,0.000,0.000,140.000,279.000,0.000,0.000,-1.000,-1.000,0,0
93.882,64.307,-0.904,-0.427,1,80.200,57.840,15.133,1,590.236,622.977,0,0,609.000,165.026,159.606,44.000,-93.000,0.000,0.000,44.000,-93.000,0.000,0.000,-34.016,-110.360,0.997,-0.071,108.800,-94.600,0.000,0.000,108.800,-94.600,0.000,0.000,140.000,279.000,0.000,0.000,-1.000,0.000,0,0
82.371,64.307,-0.988,-0.152,1,67.414,62.000,15.133,1,601.655,611.487,0,0,596.434,161.919,161.090,44.000,-93.000,0.000,0.000,44.000,-93.000,0.000,0.000,-28.280,-110.770,0.997,-0.071,108.800,-94.600,0.000,0.000,108.800,-94.600,0.000,0.000,140.000,279.000,0.000,0.000,-1.000,1.000,0,0
78.301,79.888,-0.538,0.843,1,70.158,92.643,15.133,1,603.998,608.480,0,0,601.542,176.258,177.133,44.000,-93.000,0.000,0.000,44.000,-93.000,0.000,0.000,-19.676,-111.386,0.997,-0.071,108.800,-94.600,0.000,0.000,108.800,-94.600,0.000,0.000,140.000,279.000,0.000,0.000,0.000,1.000,0,0
84.405,88.870,0.211,0.977,1,87.601,103.662,15.133,1,597.119,615.345,0,0,620.086,186.304,185.085,44.000,-93.000,0.000,0.000,44.000,-93.000,0.000,0.000,-35.973,265.356,0.922,-0.388,108.800,-94.600,0.000,0.000,108.800,-94.600,0.000,0.000,140.000,279.000,0.000,0.000,1.000,1.000,0,0
96.615,101.079,0.617,0.787,1,105.947,112.992,15.133,1,584.060,628.742,0,0,639.434,201.085,183.134,44.000,-93.000,0.000,0.000,44.000,-93.000,0.000,0.000,-28.022,262.008,0.922,-0.388,140.000,279.000,0.000,0.000,140.000,279.000,0.000,0.000,108.800,-94.600,0.000,0.000,1.000,1.000,0,0
106.789,111.254,0.683,0.731,1,117.122,122.310,15.133,1,573.347,640.048,0,0,651.756,195.768,171.002,-21.397,259.218,0.922,-0.388,-21.397,259.218,0.922,-0.388,44.000,-93.000,0.000,0.000,140.000,279.000,0.000,0.000,140.000,279.000,0.000,0.000,241.528,227.215,-0.764,-0.645,1.000,1.000,0,0
116.963,121.428,0.700,0.714,1,127.563,132.229,15.133,1,562.798,651.476,0,0,663.534,188.625,156.235,-14.772,256.429,0.922,-0.388,-14.772,256.429,0.922,-0.388,44.000,-93.000,0.000,0.000,236.023,222.592,-0.767,-0.641,236.023,222.592,-0.767,-0.641,140.000,279.000,0.000,0.000,1.000,1.000,0,0
127.138,131.602,0.705,0.709,1,137.810,142.331,15.133,1,552.423,663.019,0,0,675.254,182.194,134.710,-8.147,253.639,0.922,-0.388,-8.147,253.639,0.922,-0.388,44.000,-93.000,0.000,0.000,230.484,218.010,-0.773,-0.634,230.484,218.010,-0.773,-0.634,140.000,279.000,0.000,0.000,1.000,1.000,0,0
135.277,139.742,0.706,0.708,1,145.968,150.452,15.133,1,544.254,672.333,0,0,684.671,177.615,117.498,-2.846,251.407,0.922,-0.388,-2.846,251.407,0.922,-0.388,44.000,-93.000,0.000,0.000,226.016,214.390,-0.781,-0.624,226.016,214.390,-0.781,-0.624,140.000,279.000,0.000,0.000,1.000,0.000,0,0
152.544,139.742,0.983,0.182,1,167.424,142.498,15.133,1,526.995,689.372,0,0,704.497,182.951,96.133,5.104,248.059,0.922,-0.388,5.104,248.059,0.922,-0.388,44.000,-93.000,0.000,0.000,219.864,208.368,-0.649,-0.761,219.864,208.368,-0.649,-0.761,140.000,279.000,0.000,0.000,1.000,-1.000,0,0
162.718,129.568,0.866,-0.499,1,175.831,122.013,15.133,1,516.889,697.907,0,0,709.878,190.222,90.177,11.729,245.269,0.922,-0.388,11.729,245.269,0.922,-0.388,44.000,-93.000,0.000,0.000,215.968,202.344,-0.474,-0.880,215.968,202.344,-0.474,-0.880,140.000,279.000,0.000,0.000,1.000,-1.000,0,0
162.718,115.179,0.320,-0.947,1,167.568,100.844,15.133,1,517.321,696.019,0,0,699.253,192.474,94.990,18.355,242.480,0.922,-0.388,18.355,242.480,0.922,-0.388,44.000,-93.000,0.000,0.000,212.822,195.880,-0.433,-0.902,212.822,195.880,-0.433,-0.902,222.645,-10.865,-0.424,0.906,1.000,-1.000,0,0
176.264,113.144,0.900,-0.435,1,189.889,106.559,15.133,1,503.891,709.224,0,0,722.037,197.233,83.288,24.980,239.690,0.922,-0.388,24.980,239.690,0.922,-0.388,44.000,-93.000,0.000,0.000,210.274,189.171,-0.276,-0.961,210.274,189.171,-0.276,-0.961,219.944,-4.216,-0.296,0.955,1.000,0.000,0,0
187.775,113.144,0.989,-0.149,1,202.738,110.883,15.133,1,492.400,720.656,0,0,735.271,200.645,73.573,30.280,237.458,0.922,-0.388,30.280,237.458,0.922,-0.388,44.000,-93.000,0.000,0.000,209.214,183.524,-0.089,-0.996,209.214,183.524,-0.089,-0.996,218.701,1.395,-0.144,0.990,1.000,0.000,0,0
205.041,113.144,0.999,-0.035,1,220.165,112.612,15.133,1,475.166,737.808,0,0,752.778,206.055,61.929,38.231,234.110,0.922,-0.388,38.231,234.110,0.922,-0.388,44.000,-93.000,0.000,0.000,209.359,174.922,0.126,-0.992,209.359,174.922,0.126,-0.992,218.044,9.987,-0.007,1.000,1.000,0.000,0,0
216.552,113.144,1.000,-0.012,1,231.684,112.959,15.133,1,463.677,749.246,0,0,764.265,209.843,56.502,43.531,231.879,0.922,-0.388,43.531,231.879,0.922,-0.388,44.000,-93.000,0.000,0.000,210.729,169.345,0.348,-0.937,210.729,169.345,0.348,-0.937,218.409,15.723,0.135,0.991,1.000,0.000,0,0
230.941,113.144,1.000,-0.003,1,246.074,113.094,15.133,1,449.318,763.546,0,0,778.584,214.770,52.591,50.156,229.089,0.922,-0.388,50.156,229.089,0.922,-0.388,79.276,-118.465,0.997,-0.071,213.819,162.869,0.544,-0.839,213.819,162.869,0.544,-0.839,219.797,22.770,0.279,0.960,1.000,0.000,0,0
248.207,113.144,1.000,-0.001,1,263.340,113.132,15.133,1,432.090,780.711,0,0,795.757,220.944,51.872,58.106,225.741,0.922,-0.388,58.106,225.741,0.922,-0.388,87.880,-119.081,0.997,-0.071,219.180,156.134,0.693,-0.721,219.180,156.134,0.693,-0.721,222.804,30.844,0.416,0.909,1.000,0.000,0,0
259.718,113.144,1.000,0.000,1,274.851,113.140,15.133,1,420.607,792.156,0,0,807.206,225.208,53.367,63.407,223.509,0.922,-0.388,63.407,223.509,0.922,-0.388,93.616,-119.492,0.997,-0.071,223.481,152.322,0.795,-0.606,223.481,152.322,0.795,-0.606,225.557,35.890,0.538,0.843,1.000,0.000,0,0
276.984,113.144,1.000,0.000,1,292.118,113.143,15.133,1,403.384,809.328,0,0,824.381,231.809,57.704,71.357,220.162,0.922,-0.388,71.357,220.162,0.922,-0.388,102.221,-120.107,0.997,-0.071,230.647,147.533,0.862,-0.506,230.647,147.533,0.862,-0.506,230.651,42.842,0.640,0.768,1.000,0.000,0,0
288.495,113.144,1.000,0.000,1,303.629,113.144,15.133,1,391.904,820.778,0,0,835.834,236.338,61.558,76.657,217.930,0.922,-0.388,76.657,217.930,0.922,-0.388,107.957,-120.518,0.997,-0.071,235.743,144.870,0.906,-0.423,235.743,144.870,0.906,-0.423,234.580,47.039,0.722,0.692,1.000,0.000,0,0
302.884,113.144,1.000,0.000,1,318.017,113.144,15.133,1,377.558,835.093,0,0,850.151,242.132,67.077,83.283,215.140,0.922,-0.388,83.283,215.140,0.922,-0.388,115.127,-121.031,0.997,-0.071,242.344,142.027,0.934,-0.357,242.344,142.027,0.934,-0.357,239.966,51.796,0.786,0.618,1.000,0.000,0,0
317.273,113.144,1.000,0.000,1,332.406,113.144,15.133,1,363.214,849.410,0,0,864.471,248.066,73.118,89.908,212.350,0.922,-0.388,89.908,212.350,0.922,-0.388,122.298,-121.544,0.997,-0.071,249.118,139.624,0.953,-0.303,249.118,139.624,0.953,-0.303,245.766,56.040,0.835,0.550,1.000,-1.000,0,0
327.447,102.970,0.838,-0.546,1,340.130,94.714,15.133,1,353.933,858.622,0,0,870.615,254.328,79.313,96.533,209.560,0.922,-0.388,96.533,209.560,0.922,-0.388,129.468,-122.057,0.997,-0.071,255.783,136.951,0.894,-0.448,255.783,136.951,0.894,-0.448,252.080,59.451,0.928,0.372,1.000,-1.000,0,0
340.499,92.795,0.778,-0.628,1,352.277,83.293,15.133,1,342.152,870.844,0,0,881.975,261.853,85.890,104.484,206.213,0.922,-0.388,104.484,206.213,0.922,-0.388,138.073,-122.672,0.997,-0.071,260.280,62.104,0.968,0.253,260.280,62.104,0.968,0.253,263.403,132.909,0.879,-0.477,1.000,-1.000,0,0
350.674,82.621,0.728,-0.686,1,361.686,72.241,15.133,1,333.615,880.335,0,0,890.785,268.299,85.520,111.109,203.423,0.922,-0.388,111.109,203.423,0.922,-0.388,145.243,-123.186,0.997,-0.071,267.358,63.330,0.993,0.119,267.358,63.330,0.993,0.119,269.607,129.279,0.854,-0.520,1.000,-1.000,0,0
360.848,72.447,0.713,-0.701,1,371.637,61.835,15.133,1,325.490,889.958,0,0,900.306,274.839,86.758,117.734,200.633,0.922,-0.388,117.734,200.633,0.922,-0.388,152.413,-123.699,0.997,-0.071,274.535,63.672,1.000,0.002,274.535,63.672,1.000,0.002,275.668,125.415,0.837,-0.548,1.000,-1.000,0,0
371.516,70.412,0.929,-0.370,1,385.577,64.817,15.133,1,315.489,900.521,0,0,914.342,279.508,91.491,123.034,198.401,0.922,-0.388,123.034,198.401,0.922,-0.388,158.150,-124.109,0.997,-0.071,280.284,63.546,1.000,0.012,280.284,63.546,1.000,0.012,280.519,122.329,0.877,-0.480,1.000,0.000,0,0
385.905,70.412,0.995,-0.105,1,400.955,68.827,15.133,1,301.468,914.894,0,0,929.862,285.196,98.661,129.660,195.612,0.922,-0.388,129.660,195.612,0.922,-0.388,165.320,-124.622,0.997,-0.071,287.469,63.751,0.999,0.045,287.469,63.751,0.999,0.045,286.950,119.121,0.915,-0.404,1.000,0.000,0,0
391.661,70.412,0.998,-0.059,0,414.694,69.059,23.073,0,295.870,920.644,0,0,943.597,283.198,97.217,136.285,192.822,0.922,-0.388,136.285,192.822,0.922,-0.388,172.490,-125.135,0.997,-0.071,294.650,64.085,0.999,0.041,294.650,64.085,0.999,0.041,293.578,116.340,0.932,-0.364,0.000,0.000,1,0
391.661,70.412,0.998,-0.059,0,438.002,67.690,46.422,0,295.870,920.644,0,0,966.828,274.582,88.595,144.235,189.474,0.922,-0.388,144.235,189.474,0.922,-0.388,181.095,-125.751,0.997,-0.071,303.271,64.377,1.000,0.027,303.271,64.377,1.000,0.027,301.679,113.377,0.946,-0.325,0.000,0.000,0,0
391.661,70.412,0.998,-0.059,0,456.897,66.581,65.350,0,295.870,920.644,0,0,985.664,267.402,81.415,150.861,186.684,0.922,-0.388,150.861,186.684,0.922,-0.388,188.265,-126.264,0.997,-0.071,310.459,64.522,1.000,0.016,310.459,64.522,1.000,0.016,308.524,111.182,0.956,-0.293,0.000,0.000,0,0
391.661,70.412,0.998,-0.059,0,475.325,65.499,83.811,0,295.870,920.644,0,0,1004.034,260.223,74.242,157.486,183.895,0.922,-0.388,157.486,183.895,0.922,-0.388,195.435,-126.777,0.997,-0.071,317.647,64.598,1.000,0.007,317.647,64.598,1.000,0.007,315.430,109.186,0.963,-0.268,0.000,0.000,0,0
391.661,70.412,0.998,-0.059,0,489.737,64.652,98.251,0,295.870,920.644,0,0,1018.404,254.480,68.508,162.786,181.663,0.922,-0.388,162.786,181.663,0.922,-0.388,201.172,-127.187,0.997,-0.071,323.398,64.619,1.000,0.000,323.398,64.619,1.000,0.000,320.987,107.706,0.969,-0.247,0.000,0.000,0,0
391.661,70.412,0.998,-0.059,0,507.352,63.618,115.899,0,295.870,920.644,0,0,1035.968,247.303,61.350,169.411,178.873,0.922,-0.388,169.411,178.873,0.922,-0.388,208.342,-127.700,0.997,-0.071,330.586,64.603,1.000,-0.006,330.586,64.603,1.000,-0.006,327.965,105.981,0.973,-0.230,0.000,0.000,0,0
391.661,70.412,0.998,-0.059,0,524.531,62.609,133.113,0,295.870,920.644,0,0,1053.098,240.125,54.204,176.037,176.083,0.922,-0.388,176.037,176.083,0.922,-0.388,215.512,-128.213,0.997,-0.071,337.775,64.549,1.000,-0.010,337.775,64.549,1.000,-0.010,334.972,104.372,0.977,-0.215,0.000,0.000,0,0
391.661,70.412,0.998,-0.059,0,541.284,61.625,149.903,0,295.870,920.644,0,0,1069.806,232.949,47.075,182.662,173.294,0.922,-0.388,182.662,173.294,0.922,-0.388,222.683,-128.727,0.997,-0.071,344.963,64.462,1.000,-0.014,344.963,64.462,1.000,-0.014,342.000,102.863,0.979,-0.203,0.000,0.000,0,0
391.661,70.412,0.998,-0.059,0,557.622,60.666,166.281,0,295.870,920.644,0,0,1086.102,225.773,39.972,189.287,170.504,0.922,-0.388,189.287,170.504,0.922,-0.388,229.853,-129.240,0.997,-0.071,352.151,64.348,1.000,-0.018,352.151,64.348,1.000,-0.018,349.046,101.438,0.981,-0.192,0.000,0.000,0,0
391.661,70.412,0.998,-0.059,0,573.557,59.730,182.255,0,295.870,920.644,0,0,1101.995,218.598,32.912,195.913,167.714,0.922,-0.388,195.913,167.714,0.922,-0.388,237.023,-129.753,0.997,-0.071,359.338,64.210,1.000,-0.021,359.338,64.210,1.000,-0.021,356.107,100.086,0.983,-0.182,0.000,0.000,0,0
391.661,70.412,0.998,-0.059,0,589.097,58.817,197.838,0,295.870,920.644,0,0,1117.497,211.424,25.927,202.538,164.924,0.922,-0.388,202.538,164.924,0.922,-0.388,244.194,-130.266,0.997,-0.071,366.525,64.052,1.000,-0.024,366.525,64.052,1.000,-0.024,363.179,98.799,0.985,-0.174,0.000,0.000,0,0
391.661,70.412,0.998,-0.059,0,604.252,57.927,213.039,0,295.870,920.644,0,0,1132.617,204.251,19.102,209.163,162.135,0.922,-0.388,209.163,162.135,0.922,-0.388,251.364,-130.779,0.997,-0.071,373.712,63.876,1.000,-0.026,373.712,63.876,1.000,-0.026,370.261,97.567,0.986,-0.167,0.000,0.000,0,0
391.661,70.412,0.998,-0.059,0,618.877,57.068,227.705,0,295.870,920.644,0,0,1147.211,197.079,12.692,215.788,159.345,0.922,-0.388,215.788,159.345,0.922,-0.388,258.534,-131.292,0.997,-0.071,380.898,63.685,1.000,-0.028,380.898,63.685,1.000,-0.028,377.352,96.386,0.987,-0.161,0.000,0.000,0,0
391.661,70.412,0.998,-0.059,0,632.633,56.261,241.479,0,295.870,920.644,0,0,1160.946,189.908,7.800,222.414,156.555,0.922,-0.388,222.414,156.555,0.922,-0.388,265.705,-131.805,0.997,-0.071,388.084,63.480,1.000,-0.030,388.084,63.480,1.000,-0.030,384.450,95.247,0.988,-0.155,0.000,0.000,0,0
391.661,70.412,0.998,-0.059,0,645.999,55.476,254.863,0,295.870,920.644,0,0,1174.291,182.739,8.007,229.039,153.765,0.922,-0.388,229.039,153.765,0.922,-0.388,272.875,-132.318,0.997,-0.071,395.269,63.264,1.000,-0.031,395.269,63.264,1.000,-0.031,391.554,94.146,0.989,-0.150,0.000,0.000,0,0
39.000,287.000,0.897,0.443,0,658.976,54.714,662.094,0,657.616,622.350,0,0,1187.249,124.004,101.316,-85.000,286.000,0.000,0.000,-85.000,286.000,0.000,0.000,-296.000,285.000,0.000,0.000,140.000,279.000,0.000,0.000,140.000,279.000,0.000,0.000,290.700,275.300,0.000,0.000,0.000,0.000,0,0
39.000,287.000,0.897,0.443,0,671.573,53.974,674.162,0,657.619,622.354,0,0,1199.830,124.004,101.316,-85.000,286.000,0.000,0.000,-85.000,286.000,0.000,0.000,-296.000,285.000,0.000,0.000,140.000,279.000,0.000,0.000,140.000,279.000,0.000,0.000,290.700,275.300,0.000,0.000,0.000,0.000,0,0
39.000,287.000,0.897,0.443,0,670.573,53.482,673.388,0,657.619,622.354,0,0,1198.826,124.004,101.316,-85.000,286.000,0.000,0.000,-85.000,286.000,0.000,0.000,-296.000,285.000,0.000,0.000,140.000,279.000,0.000,0.000,140.000,279.000,0.000,0.000,290.700,275.300,0.000,0.000,0.000,0.000,0,0
39.000,287.000,0.897,0.443,0,669.813,52.999,672.838,0,657.619,622.354,0,0,1198.061,124.004,101.316,-85.000,286.000,0.000,0.000,-85.000,286.000,0.000,0.000,-296.000,285.000,0.000,0.000,140.000,279.000,0.000,0.000,140.000,279.000,0.000,0.000,290.700,275.300,0.000,0.000,0.000,0.000,0,0
39.000,287.000,0.897,0.443,0,669.806,52.446,673.021,0,657.619,622.354,0,0,1198.049,124.004,101.316,-85.000,286.000,0.000,0.000,-85.000,286.000,0.000,0.000,-296.000,285.000,0.000,0.000,140.000,279.000,0.000,0.000,140.000,279.000,0.000,0.000,290.700,275.300,0.000,0.000,0.000,0.000,0,0
39.000,287.000,0.897,0.443,0,669.806,51.997,673.175,0,657.619,622.354,0,0,1198.043,124.004,101.316,-85.000,286.000,0.000,0.000,-85.000,286.000,0.000,0.000,-296.000,285.000,0.000,0.000,140.000,279.000,0.000,0.000,140.000,279.000,0.000,0.000,290.700,275.300,0.000,0.000,0.000,0.000,0,0
39.000,275.489,0.941,-0.339,0,669.806,51.559,669.389,0,655.105,617.706,0,0,1198.037,124.445,101.061,-85.000,286.000,0.000,0.000,-85.000,286.000,0.000,0.000,-296.000,285.000,0.000,0.000,140.000,279.000,0.000,0.000,140.000,279.000,0.000,0.000,290.700,275.300,0.000,0.000,0.000,-1.000,0,0
39.000,263.978,0.236,-0.972,0,669.806,51.217,665.735,0,652.785,613.239,0,0,1198.032,125.940,102.111,-85.000,286.000,0.000,0.000,-85.000,286.000,0.000,0.000,-296.000,285.000,0.000,0.000,140.000,279.000,0.000,0.000,140.000,279.000,0.000,0.000,290.700,275.300,0.000,0.000,0.000,-1.000,0,0
39.000,249.589,0.062,-0.998,0,669.806,50.798,661.403,0,650.159,607.916,0,0,1198.025,129.235,105.195,-85.000,286.000,0.000,0.000,-85.000,286.000,0.000,0.000,-296.000,285.000,0.000,0.000,140.000,279.000,0.000,0.000,140.000,279.000,0.000,0.000,290.700,275.300,0.000,0.000,0.000,-1.000,0,0
39.000,235.201,0.017,-1.000,0,669.806,50.390,657.337,0,647.842,602.889,0,0,1198.017,134.002,110.088,-85.000,286.000,0.000,0.000,-85.000,286.000,0.000,0.000,44.000,-93.000,0.000,0.000,140.000,279.000,0.000,0.000,140.000,279.000,0.000,0.000,290.700,275.300,0.000,0.000,0.000,-1.000,0,0
41.035,221.655,0.095,-0.996,0,59.000,80.600,142.337,0,643.929,600.363,0,0,589.175,141.510,114.379,-85.000,286.000,0.000,0.000,-85.000,286.000,0.000,0.000,44.000,-93.000,0.000,0.000,140.000,279.000,0.000,0.000,140.000,279.000,0.000,0.000,290.700,275.300,0.000,0.000,1.000,-1.000,0,0
51.209,211.481,0.551,-0.835,0,59.000,80.600,131.273,0,632.582,606.911,0,0,589.173,155.261,111.547,-85.000,286.000,0.000,0.000,-85.000,286.000,0.000,0.000,44.000,-93.000,0.000,0.000,140.000,279.000,0.000,0.000,140.000,279.000,0.000,0.000,290.700,275.300,0.000,0.000,1.000,-1.000,0,0
49.174,201.306,-0.096,-0.995,0,59.000,80.600,121.287,0,633.503,602.010,0,0,589.171,158.669,119.523,-85.000,286.000,0.000,0.000,-85.000,286.000,0.000,0.000,44.000,-93.000,0.000,0.000,140.000,279.000,0.000,0.000,140.000,279.000,0.000,0.000,290.700,275.300,0.000,0.000,-1.000,-1.000,0,0
39.000,191.132,-0.555,-0.832,0,59.000,80.600,112.522,0,642.702,589.416,0,0,589.171,156.128,133.872,-85.000,286.000,0.000,0.000,-85.000,286.000,0.000,0.000,44.000,-93.000,0.000,0.000,140.000,279.000,0.000,0.000,140.000,279.000,0.000,0.000,290.700,275.300,0.000,0.000,-1.000,-1.000,0,0
28.826,180.958,-0.667,-0.745,0,59.000,80.600,105.005,0,652.088,576.906,0,0,589.171,154.888,148.230,-85.000,286.000,0.000,0.000,-85.000,286.000,0.000,0.000,44.000,-93.000,0.000,0.000,140.000,279.000,0.000,0.000,140.000,279.000,0.000,0.000,290.700,275.300,0.000,0.000,0.000,-1.000,0,0
36.965,169.940,0.249,-0.968,0,59.000,80.600,92.256,0,643.326,582.036,0,0,589.171,168.361,150.034,-85.000,286.000,0.000,0.000,-85.000,286.000,0.000,0.000,44.000,-93.000,0.000,0.000,140.000,279.000,0.000,0.000,140.000,279.000,0.000,0.000,108.800,-94.600,0.000,0.000,1.000,-1.000,0,0
47.139,159.766,0.593,-0.805,0,59.000,80.600,80.324,0,632.734,589.610,0,0,589.171,182.745,151.129,-85.000,286.000,0.000,0.000,-85.000,286.000,0.000,0.000,44.000,-93.000,0.000,0.000,140.000,279.000,0.000,0.000,140.000,279.000,0.000,0.000,108.800,-94.600,0.000,0.000,1.000,-1.000,0,0
57.314,149.592,0.676,-0.737,0,59.000,80.600,69.330,0,622.295,597.434,0,0,589.171,197.131,153.569,-85.000,286.000,0.000,0.000,-85.000,286.000,0.000,0.000,44.000,-93.000,0.000,0.000,140.000,279.000,0.000,0.000,140.000,279.000,0.000,0.000,108.800,-94.600,0.000,0.000,1.000,-1.000,0,0
69.523,137.383,0.700,-0.714,0,59.000,80.600,58.129,0,609.980,607.141,0,0,589.171,214.393,158.185,-85.000,286.000,0.000,0.000,-85.000,286.000,0.000,0.000,44.000,-93.000,0.000,0.000,140.000,279.000,0.000,0.000,140.000,279.000,0.000,0.000,108.800,-94.600,0.000,0.000,1.000,-1.000,0,0
75.628,128.400,0.558,-0.830,0,59.000,80.600,51.042,0,603.952,611.654,0,0,589.171,223.648,163.781,44.000,-93.000,0.000,0.000,44.000,-93.000,0.000,0.000,-85.000,286.000,0.000,0.000,140.000,279.000,0.000,0.000,140.000,279.000,0.000,0.000,108.800,-94.600,0.000,0.000,0.000,-1.000,0,0
73.593,111.977,0.038,-0.999,0,59.000,80.600,35.234,0,606.466,607.236,0,0,589.171,207.102,179.741,44.000,-93.000,0.000,0.000,44.000,-93.000,0.000,0.000,-85.000,286.000,0.000,0.000,140.000,279.000,0.000,0.000,140.000,279.000,0.000,0.000,108.800,-94.600,0.000,0.000,-1.000,-1.000,0,0
65.453,103.837,-0.481,-0.877,1,58.175,90.569,15.133,1,614.993,598.126,0,0,589.414,198.003,190.366,44.000,-93.000,0.000,0.000,44.000,-93.000,0.000,0.000,-85.000,286.000,0.000,0.000,140.000,279.000,0.000,0.000,140.000,279.000,0.000,0.000,108.800,-94.600,0.000,0.000,-1.000,-1.000,0,0
55.279,93.663,-0.653,-0.757,1,45.399,82.199,15.133,1,625.785,586.857,0,0,575.905,187.003,195.723,44.000,-93.000,0.000,0.000,44.000,-93.000,0.000,0.000,-67.000,-108.000,0.000,0.000,108.800,-94.600,0.000,0.000,108.800,-94.600,0.000,0.000,140.000,279.000,0.000,0.000,-1.000,0.000,0,0
40.890,93.663,-0.973,-0.232,1,26.169,90.156,15.133,1,640.134,572.558,0,0,557.550,186.689,200.137,44.000,-93.000,0.000,0.000,44.000,-93.000,0.000,0.000,-67.000,-108.000,0.000,0.000,108.800,-94.600,0.000,0.000,108.800,-94.600,0.000,0.000,140.000,279.000,0.000,0.000,-1.000,0.000,0,0
26.502,93.663,-0.998,-0.066,1,11.401,92.663,15.133,1,654.485,558.264,0,0,543.154,187.481,205.465,44.000,-93.000,0.000,0.000,44.000,-93.000,0.000,0.000,-67.000,-108.000,0.000,0.000,108.800,-94.600,0.000,0.000,108.800,-94.600,0.000,0.000,140.000,279.000,0.000,0.000,-1.000,0.000,0,0
15.484,101.802,-0.896,0.444,1,1.927,108.526,15.133,1,664.983,548.316,0,0,535.813,196.878,216.571,44.000,-93.000,0.000,0.000,44.000,-93.000,0.000,0.000,-85.000,286.000,0.000,0.000,140.000,279.000,0.000,0.000,140.000,279.000,0.000,0.000,108.800,-94.600,0.000,0.000,-1.000,1.000,0,0
3.275,114.012,-0.756,0.655,1,-8.160,123.923,15.133,1,676.630,537.967,0,0,528.332,193.320,214.278,-85.000,286.000,0.000,0.000,-85.000,286.000,0.000,0.000,44.000,-93.000,0.000,0.000,140.000,279.000,0.000,0.000,140.000,279.000,0.000,0.000,108.800,-94.600,0.000,0.000,-1.000,1.000,0,0
-6.899,124.186,-0.721,0.693,1,-17.810,134.672,15.133,1,686.517,529.619,0,0,520.874,179.676,213.417,-85.000,286.000,0.000,0.000,-85.000,286.000,0.000,0.000,44.000,-93.000,0.000,0.000,140.000,279.000,0.000,0.000,140.000,279.000,0.000,0.000,108.800,-94.600,0.000,0.000,-1.000,1.000,0,0
-15.039,132.325,-0.712,0.702,0,-25.346,144.563,16.000,0,694.539,523.129,0,0,515.585,168.851,213.426,-85.000,286.000,0.000,0.000,-85.000,286.000,0.000,0.000,44.000,-93.000,0.000,0.000,140.000,279.000,0.000,0.000,140.000,279.000,0.000,0.000,108.800,-94.600,0.000,0.000,-1.000,1.000,0,1
-25.213,142.500,-0.709,0.706,0,-32.965,162.625,21.567,0,704.704,515.264,0,0,512.501,155.457,214.308,-85.000,286.000,0.000,0.000,-85.000,286.000,0.000,0.000,44.000,-93.000,0.000,0.000,140.000,279.000,0.000,0.000,140.000,279.000,0.000,0.000,108.800,-94.600,0.000,0.000,0.000,1.000,0,1
-25.213,145.377,-0.645,0.764,0,-40.394,180.241,38.026,0,704.729,515.895,0,0,510.198,152.805,212.486,-85.000,286.000,0.000,0.000,-85.000,286.000,0.000,0.000,44.000,-93.000,0.000,0.000,140.000,279.000,0.000,0.000,140.000,279.000,0.000,0.000,108.800,-94.600,0.000,0.000,0.000,0.000,0,0
-25.213,145.377,-0.645,0.764,0,-47.640,197.420,56.672,0,704.729,515.895,0,0,508.632,152.805,212.486,-85.000,286.000,0.000,0.000,-85.000,286.000,0.000,0.000,44.000,-93.000,0.000,0.000,140.000,279.000,0.000,0.000,140.000,279.000,0.000,0.000,108.800,-94.600,0.000,0.000,0.000,0.000,0,0
-25.213,142.500,-0.819,0.574,0,-54.706,214.175,77.511,0,704.704,515.264,0,0,507.757,155.457,214.308,-85.000,286.000,0.000,0.000,-85.000,286.000,0.000,0.000,44.000,-93.000,0.000,0.000,140.000,279.000,0.000,0.000,140.000,279.000,0.000,0.000,108.800,-94.600,0.000,0.000,0.000,-1.000,0,0
-31.318,127.762,-0.725,-0.688,0,-62.956,233.733,110.603,0,710.864,506.284,0,0,507.556,167.096,228.523,-85.000,286.000,0.000,0.000,-85.000,286.000,0.000,0.000,44.000,-93.000,0.000,0.000,140.000,279.000,0.000,0.000,140.000,279.000,0.000,0.000,108.800,-94.600,0.000,0.000,-1.000,-1.000,0,0
-41.492,117.587,-0.712,-0.702,0,-69.643,249.589,134.984,0,721.250,494.422,0,0,508.041,173.942,242.885,-85.000,286.000,0.000,0.000,-85.000,286.000,0.000,0.000,44.000,-93.000,0.000,0.000,140.000,279.000,0.000,0.000,140.000,279.000,0.000,0.000,108.800,-94.600,0.000,0.000,-1.000,-1.000,0,0
-49.631,109.448,-0.709,-0.705,0,-71.053,280.127,172.018,1,729.656,485.030,0,0,520.733,180.060,254.378,-85.000,286.000,0.000,0.000,-85.000,286.000,0.000,0.000,-28.280,-110.770,0.997,-0.071,140.000,279.000,0.000,0.000,140.000,279.000,0.000,0.000,108.800,-94.600,0.000,0.000,-1.000,-1.000,0,0
-59.806,99.274,-0.708,-0.707,0,-71.053,280.127,181.203,1,740.282,473.422,0,0,520.733,188.418,256.934,-85.000,286.000,0.000,0.000,-85.000,286.000,0.000,0.000,-21.110,-111.283,0.997,-0.071,108.800,-94.600,0.000,0.000,108.800,-94.600,0.000,0.000,140.000,279.000,0.000,0.000,-1.000,-1.000,0,0
-61.841,84.536,-0.094,-0.996,0,-71.053,280.127,195.808,1,743.226,469.499,0,0,520.733,202.535,247.402,-12.505,-111.899,0.997,-0.071,-12.505,-111.899,0.997,-0.071,-85.000,286.000,0.000,0.000,108.800,-94.600,0.000,0.000,108.800,-94.600,0.000,0.000,140.000,279.000,0.000,0.000,1.000,-1.000,0,0
-51.666,74.361,0.514,-0.858,0,-71.053,280.127,206.677,1,733.891,478.571,0,0,520.733,192.434,233.018,-5.335,-112.412,0.997,-0.071,-5.335,-112.412,0.997,-0.071,44.000,-93.000,0.000,0.000,108.800,-94.600,0.000,0.000,108.800,-94.600,0.000,0.000,140.000,279.000,0.000,0.000,1.000,-1.000,0,0
-45.562,65.379,0.568,-0.823,0,-71.053,280.127,216.256,1,728.651,483.925,0,0,520.733,181.948,222.308,44.000,-93.000,0.000,0.000,44.000,-93.000,0.000,0.000,0.401,-112.822,0.997,-0.071,108.800,-94.600,0.000,0.000,108.800,-94.600,0.000,0.000,140.000,279.000,0.000,0.000,0.000,-1.000,0,0
-53.701,54.362,-0.262,-0.965,0,-71.053,280.127,226.431,1,737.914,475.140,0,0,520.733,176.808,220.446,44.000,-93.000,0.000,0.000,44.000,-93.000,0.000,0.000,7.572,-113.335,0.997,-0.071,108.800,-94.600,0.000,0.000,108.800,-94.600,0.000,0.000,140.000,279.000,0.000,0.000,-1.000,-1.000,0,0
-63.875,44.188,-0.599,-0.801,0,-71.053,280.127,236.049,1,749.226,464.582,0,0,520.733,174.521,221.537,44.000,-93.000,0.000,0.000,44.000,-93.000,0.000,0.000,14.742,-113.848,0.997,-0.071,108.800,-94.600,0.000,0.000,108.800,-94.600,0.000,0.000,233.401,-38.816,-0.690,0.723,-1.000,-1.000,0,0
-69.980,32.327,-0.477,-0.879,0,-71.053,280.127,247.802,1,756.845,458.293,0,0,520.733,169.406,219.255,44.000,-93.000,0.000,0.000,44.000,-93.000,0.000,0.000,21.913,-114.361,0.997,-0.071,108.800,-94.600,0.000,0.000,108.800,-94.600,0.000,0.000,228.437,-33.616,-0.690,0.723,1.000,-1.000,0,0
-56.434,30.293,0.718,-0.696,0,-71.053,280.127,250.262,1,743.729,471.829,0,0,520.733,159.022,207.124,44.000,-93.000,0.000,0.000,44.000,-93.000,0.000,0.000,29.083,-114.874,0.997,-0.071,108.800,-94.600,0.000,0.000,108.800,-94.600,0.000,0.000,223.473,-28.416,-0.690,0.723,1.000,0.000,0,0
-42.046,30.293,0.985,-0.171,0,-71.053,280.127,251.513,1,729.498,486.210,0,0,520.733,150.349,195.838,44.000,-93.000,0.000,0.000,44.000,-93.000,0.000,0.000,36.253,-115.387,0.997,-0.071,108.800,-94.600,0.000,0.000,108.800,-94.600,0.000,0.000,218.510,-23.216,-0.690,0.723,1.000,0.000,0,0
-28.500,32.327,0.992,0.125,0,-71.053,280.127,251.427,1,715.803,499.750,0,0,520.733,144.787,186.981,44.000,-93.000,0.000,0.000,44.000,-93.000,0.000,0.000,43.424,-115.900,0.997,-0.071,108.800,-94.600,0.000,0.000,108.800,-94.600,0.000,0.000,213.546,-18.016,-0.690,0.723,1.000,1.000,0,0
-18.325,45.380,0.761,0.649,0,-71.053,280.127,240.596,1,703.910,510.123,0,0,520.733,151.767,189.090,44.000,-93.000,0.000,0.000,44.000,-93.000,0.000,0.000,52.028,-116.516,0.997,-0.071,108.800,-94.600,0.000,0.000,108.800,-94.600,0.000,0.000,207.589,-11.777,-0.690,0.723,1.000,1.000,0,0
-8.151,55.554,0.722,0.692,0,-71.053,280.127,233.216,1,692.544,520.671,0,0,520.733,157.442,190.325,44.000,-93.000,0.000,0.000,44.000,-93.000,0.000,0.000,59.199,-117.029,0.997,-0.071,108.800,-94.600,0.000,0.000,108.800,-94.600,0.000,0.000,202.626,-6.577,-0.690,0.723,1.000,1.000,0,0
-6.116,66.222,0.332,0.943,0,-71.053,280.127,223.545,1,689.334,523.315,0,0,520.733,166.923,197.660,44.000,-93.000,0.000,0.000,44.000,-93.000,0.000,0.000,64.935,-117.439,0.997,-0.071,108.800,-94.600,0.000,0.000,108.800,-94.600,0.000,0.000,198.655,-2.417,-0.690,0.723,0.000,1.000,0,0
-6.116,83.488,0.080,0.997,0,-63.102,276.779,201.516,1,687.753,524.763,0,0,526.151,183.466,211.946,44.000,-93.000,0.000,0.000,44.000,-93.000,0.000,0.000,-77.050,282.652,0.000,0.000,108.800,-94.600,0.000,0.000,108.800,-94.600,0.000,0.000,192.722,3.846,-0.685,0.729,0.000,1.000,0,0
-10.186,93.314,-0.331,0.944,0,-57.802,274.548,187.385,1,691.105,521.800,0,0,529.809,194.033,216.483,44.000,-93.000,0.000,0.000,44.000,-93.000,0.000,0.000,-71.749,280.421,0.922,-0.388,188.799,8.051,-0.679,0.734,188.799,8.051,-0.679,0.734,108.800,-94.600,0.000,0.000,-1.000,1.000,0,0
-20.360,106.366,-0.550,0.835,0,-49.852,271.200,167.452,1,700.547,513.460,0,0,535.367,176.147,223.155,-63.799,277.073,0.922,-0.388,-63.799,277.073,0.922,-0.388,44.000,-93.000,0.000,0.000,182.967,14.407,-0.673,0.740,182.967,14.407,-0.673,0.740,136.124,272.650,-1.000,-0.005,1.000,1.000,0,0
-12.221,114.505,0.322,0.947,0,-44.552,268.968,157.810,1,692.096,522.748,0,0,539.117,166.881,212.885,-58.499,274.841,0.922,-0.388,-58.499,274.841,0.922,-0.388,44.000,-93.000,0.000,0.000,130.374,272.578,-1.000,-0.021,130.374,272.578,-1.000,-0.021,179.115,18.678,-0.666,0.746,1.000,1.000,0,0
0.482,118.575,0.871,0.491,0,-37.926,266.178,152.519,1,679.275,535.937,0,0,543.853,162.161,196.755,-51.874,272.051,0.922,-0.388,-51.874,272.051,0.922,-0.388,44.000,-93.000,0.000,0.000,123.188,272.379,-0.999,-0.038,123.188,272.379,-0.999,-0.038,174.345,24.056,-0.659,0.752,1.000,0.000,0,0
14.871,118.575,0.988,0.157,0,-31.301,263.389,151.996,1,664.897,550.130,0,0,548.643,162.237,178.571,-45.248,269.261,0.922,-0.388,-45.248,269.261,0.922,-0.388,44.000,-93.000,0.000,0.000,169.628,29.480,-0.652,0.759,169.628,29.480,-0.652,0.759,116.007,272.046,-0.998,-0.059,1.000,0.000,0,0
26.382,118.575,0.998,0.056,0,-23.351,260.041,149.953,1,653.394,561.493,0,0,554.459,160.511,160.499,-37.298,265.914,0.922,-0.388,-37.298,265.914,0.922,-0.388,44.000,-93.000,0.000,0.000,164.042,36.054,-0.643,0.766,164.042,36.054,-0.643,0.766,107.402,271.442,-0.997,-0.082,0.000,0.000,0,0
26.382,118.575,0.998,0.056,0,-18.050,257.809,146.152,1,653.394,561.493,0,0,558.376,156.410,155.085,-31.998,263.682,0.922,-0.388,-31.998,263.682,0.922,-0.388,44.000,-93.000,0.000,0.000,160.367,40.477,-0.635,0.773,160.367,40.477,-0.635,0.773,101.677,270.897,-0.994,-0.109,1.000,0.000,0,0
40.771,118.575,1.000,0.015,0,-11.425,255.019,146.087,1,639.016,575.704,0,0,563.318,156.937,136.009,-25.372,260.892,0.922,-0.388,-25.372,260.892,0.922,-0.388,44.000,-93.000,0.000,0.000,155.833,46.056,-0.625,0.781,155.833,46.056,-0.625,0.781,94.541,270.028,-0.990,-0.140,1.000,0.000,0,0
55.159,118.575,1.000,0.005,0,-4.800,252.230,146.488,1,624.638,589.923,0,0,568.307,157.893,117.175,-18.747,258.102,0.922,-0.388,-18.747,258.102,0.922,-0.388,44.000,-93.000,0.000,0.000,151.370,51.691,-0.614,0.789,151.370,51.691,-0.614,0.789,87.439,268.915,-0.984,-0.178,1.000,0.000,0,0
69.548,118.575,1.000,0.001,0,1.825,249.440,147.350,1,610.261,604.151,0,0,573.343,159.271,98.694,-12.122,255.313,0.922,-0.388,-12.122,255.313,0.922,-0.388,44.000,-93.000,0.000,0.000,146.986,57.388,-0.603,0.798,146.986,57.388,-0.603,0.798,80.390,267.509,-0.975,-0.224,1.000,0.000,0,0
82.600,128.749,0.868,0.497,0,9.776,246.092,138.104,1,596.978,618.591,0,0,579.447,150.703,87.530,-4.171,251.965,0.922,-0.388,-4.171,251.965,0.922,-0.388,44.000,-93.000,0.000,0.000,141.838,64.310,-0.590,0.807,141.838,64.310,-0.590,0.807,72.044,265.334,-0.959,-0.282,1.000,1.000,0,0
90.739,136.889,0.769,0.639,0,15.076,243.860,131.026,1,588.772,627.949,0,0,583.551,144.097,83.012,1.129,249.733,0.922,-0.388,1.129,249.733,0.922,-0.388,44.000,-93.000,0.000,0.000,138.481,68.980,-0.577,0.817,138.481,68.980,-0.577,0.817,66.591,263.510,-0.934,-0.356,1.000,1.000,0,0
100.914,147.063,0.725,0.689,0,21.701,241.071,122.931,1,578.673,639.745,0,0,588.720,136.583,79.561,7.754,246.943,0.922,-0.388,7.754,246.943,0.922,-0.388,44.000,-93.000,0.000,0.000,134.380,74.883,-0.561,0.828,134.380,74.883,-0.561,0.828,59.987,260.680,-0.890,-0.456,1.000,1.000,0,0
111.088,157.237,0.712,0.702,0,40.418,249.965,116.587,2,568.759,651.646,0,0,609.374,130.027,78.774,14.379,244.154,0.922,-0.388,14.379,244.154,0.922,-0.388,44.000,-93.000,0.000,0.000,130.394,80.866,-0.470,0.883,130.394,80.866,-0.470,0.883,53.799,257.035,-0.990,0.140,1.000,1.000,0,0
121.262,167.412,0.709,0.706,0,36.131,245.563,115.564,0,559.039,663.645,0,0,603.796,124.581,80.445,21.005,241.364,0.922,-0.388,21.005,241.364,0.922,-0.388,44.000,-93.000,0.000,0.000,126.934,87.167,-0.497,0.868,126.934,87.167,-0.497,0.868,140.000,279.000,0.000,0.000,1.000,1.000,0,0
123.297,182.150,0.174,0.985,0,42.101,245.673,103.092,0,557.983,668.814,0,0,609.415,109.728,87.441,28.773,237.876,0.915,-0.402,28.773,237.876,0.915,-0.402,44.000,-93.000,0.000,0.000,122.750,94.710,-0.475,0.880,122.750,94.710,-0.475,0.880,140.000,279.000,0.000,0.000,-1.000,1.000,0,0
113.123,192.324,-0.505,0.863,0,45.704,249.367,88.313,0,569.005,661.320,0,0,614.089,88.712,90.748,35.394,235.079,0.922,-0.388,35.394,235.079,0.922,-0.388,44.000,-93.000,0.000,0.000,140.000,279.000,0.000,0.000,140.000,279.000,0.000,0.000,119.434,101.088,-0.451,0.893,-1.000,1.000,0,0
102.949,202.498,-0.655,0.756,0,49.342,253.202,73.789,0,580.174,654.057,0,0,618.850,67.823,85.002,42.020,232.292,0.922,-0.388,42.020,232.292,0.922,-0.388,44.000,-93.000,0.000,0.000,140.000,279.000,0.000,0.000,140.000,279.000,0.000,0.000,116.312,107.563,-0.423,0.906,-1.000,1.000,0,0
94.809,210.638,-0.689,0.725,0,52.186,256.201,62.396,0,589.210,648.417,0,0,622.578,51.307,81.949,47.321,230.062,0.922,-0.388,47.321,230.062,0.922,-0.388,44.000,-93.000,0.000,0.000,140.000,279.000,0.000,0.000,140.000,279.000,0.000,0.000,18.452,262.219,-0.990,0.139,-1.000,1.000,0,0
84.635,220.812,-0.702,0.712,0,55.663,259.867,48.639,0,600.624,641.589,0,0,627.140,31.360,80.319,53.948,227.275,0.922,-0.388,53.948,227.275,0.922,-0.388,44.000,-93.000,0.000,0.000,140.000,279.000,0.000,0.000,140.000,279.000,0.000,0.000,11.334,263.221,-0.990,0.139,-1.000,1.000,0,0
72.426,233.021,-0.706,0.708,0,59.722,264.147,33.657,0,614.485,633.729,0,0,632.472,13.908,76.388,61.900,223.931,0.922,-0.388,61.900,223.931,0.922,-0.388,44.000,-93.000,0.000,0.000,2.791,264.424,-0.990,0.139,2.791,264.424,-0.990,0.139,140.000,279.000,0.000,0.000,-1.000,1.000,0,0
64.286,244.038,-0.557,0.831,1,55.859,256.608,15.133,1,624.304,629.666,0,0,626.166,23.284,71.869,68.526,221.144,0.922,-0.388,68.526,221.144,0.922,-0.388,44.000,-93.000,0.000,0.000,-4.327,265.426,-0.990,0.139,-4.327,265.426,-0.990,0.139,140.000,279.000,0.000,0.000,0.000,1.000,0,0
60.216,256.741,-0.478,0.879,1,52.988,270.037,15.133,1,630.584,630.278,0,0,628.475,41.188,72.314,75.152,218.357,0.922,-0.388,75.152,218.357,0.922,-0.388,44.000,-93.000,0.000,0.000,-11.446,266.428,-0.990,0.139,-11.446,266.428,-0.990,0.139,140.000,279.000,0.000,0.000,-1.000,1.000,0,0
49.548,258.776,-0.908,0.419,1,35.807,265.115,15.133,1,641.441,621.078,0,0,610.723,52.669,67.222,80.454,216.127,0.922,-0.388,80.454,216.127,0.922,-0.388,-296.000,285.000,0.000,0.000,-17.140,267.230,-0.990,0.139,-17.140,267.230,-0.990,0.139,140.000,279.000,0.000,0.000,-1.000,0.000,0,0
36.845,254.707,-0.993,-0.118,1,21.818,252.920,15.133,1,653.177,607.773,0,0,593.161,65.075,62.583,87.080,213.340,0.922,-0.388,87.080,213.340,0.922,-0.388,-296.000,285.000,0.000,0.000,-24.259,268.232,-0.990,0.139,-24.259,268.232,-0.990,0.139,140.000,279.000,0.000,0.000,-1.000,-1.000,0,0
26.671,244.532,-0.826,-0.564,1,14.178,235.992,15.133,1,661.470,594.598,0,0,579.886,75.155,63.086,93.707,210.553,0.922,-0.388,93.707,210.553,0.922,-0.388,-296.000,285.000,0.000,0.000,-31.377,269.234,-0.990,0.139,-31.377,269.234,-0.990,0.139,92.223,157.778,-0.706,0.708,-1.000,-1.000,0,0
16.497,231.480,-0.666,-0.746,1,6.419,220.191,15.133,1,669.562,580.480,0,0,567.171,88.553,68.560,101.658,207.209,0.922,-0.388,101.658,207.209,0.922,-0.388,-296.000,285.000,0.000,0.000,-39.920,270.437,-0.990,0.139,-39.920,270.437,-0.990,0.139,85.728,163.440,-0.798,0.603,0.000,-1.000,0,0
16.497,217.091,-0.197,-0.980,1,13.514,202.255,15.133,1,667.703,575.666,0,0,568.197,92.658,80.434,108.285,204.422,0.922,-0.388,108.285,204.422,0.922,-0.388,44.000,-93.000,0.000,0.000,79.678,167.313,-0.870,0.494,79.678,167.313,-0.870,0.494,-47.038,271.439,-0.990,0.139,0.000,-1.000,0,0
16.497,205.581,-0.070,-0.998,1,15.434,190.485,15.133,1,666.436,572.047,0,0,566.600,97.148,68.158,113.586,202.192,0.922,-0.388,113.586,202.192,0.922,-0.388,44.000,-93.000,0.000,0.000,74.464,169.730,-0.943,0.332,74.464,169.730,-0.943,0.332,-52.733,272.240,-0.990,0.139,0.000,-1.000,0,0
16.497,191.192,-0.019,-1.000,1,16.212,176.061,15.133,1,665.129,567.819,0,0,563.459,104.041,54.691,120.213,199.405,0.922,-0.388,120.213,199.405,0.922,-0.388,44.000,-93.000,0.000,0.000,67.505,171.463,-0.996,0.089,67.505,171.463,-0.996,0.089,-59.851,273.243,-0.990,0.139,0.000,-1.000,0,0
6.322,178.140,-0.524,-0.852,1,-1.604,165.248,15.133,1,674.363,554.462,0,0,543.498,123.153,53.002,128.164,196.061,0.922,-0.388,128.164,196.061,0.922,-0.388,44.000,-93.000,0.000,0.000,58.893,171.391,-0.997,-0.079,58.893,171.391,-0.997,-0.079,-68.394,274.445,-0.990,0.139,-1.000,-1.000,0,0
-3.852,167.965,-0.660,-0.752,1,-13.833,156.590,15.133,1,683.994,542.002,0,0,529.541,140.934,55.684,134.791,193.274,0.922,-0.388,134.791,193.274,0.922,-0.388,44.000,-93.000,0.000,0.000,51.780,170.370,-0.983,-0.185,51.780,170.370,-0.983,-0.185,-75.512,275.447,-0.990,0.139,-1.000,-1.000,0,0
-14.026,157.791,-0.694,-0.720,1,-24.532,146.899,15.133,1,693.790,529.640,0,0,516.898,158.845,59.825,141.417,190.487,0.922,-0.388,141.417,190.487,0.922,-0.388,44.000,-93.000,0.000,0.000,44.812,168.615,-0.960,-0.282,44.812,168.615,-0.960,-0.282,-82.631,276.449,-0.990,0.139,-1.000,-1.000,0,0
-14.026,146.280,-0.293,-0.956,1,-18.462,131.812,15.133,1,693.556,527.000,0,0,519.673,166.135,57.200,146.718,188.257,0.922,-0.388,146.718,188.257,0.922,-0.388,44.000,-93.000,0.000,0.000,39.513,166.416,-0.859,-0.513,39.513,166.416,-0.859,-0.513,-88.325,277.251,-0.990,0.139,0.000,-1.000,0,0
-14.026,131.892,-0.084,-0.996,0,-15.302,116.812,15.133,0,693.531,524.038,0,0,520.084,175.738,56.542,153.345,185.470,0.000,0.000,153.345,185.470,0.000,0.000,44.000,-93.000,0.000,0.000,33.700,162.209,-0.734,-0.680,33.700,162.209,-0.734,-0.680,-95.444,278.253,-0.990,0.139,0.000,-1.000,0,1
-14.005,114.701,-0.019,-1.000,0,-0.750,98.774,20.742,0,693.872,521.020,0,0,531.807,181.698,58.804,153.345,185.470,0.000,0.000,153.345,185.470,0.000,0.000,44.000,-93.000,0.000,0.000,28.335,155.510,-0.505,-0.863,28.335,155.510,-0.505,-0.863,-103.986,279.456,-0.990,0.139,0.000,-1.000,0,1
-14.005,111.823,-0.015,-1.000,0,11.097,84.306,37.284,0,693.974,520.565,0,0,541.919,182.838,54.306,153.345,185.470,0.000,0.000,153.345,185.470,0.000,0.000,44.000,-93.000,0.000,0.000,25.747,148.823,-0.266,-0.964,25.747,148.823,-0.266,-0.964,-111.105,280.458,-0.990,0.139,0.000,0.000,0,0
-14.005,111.823,-0.015,-1.000,0,20.364,72.990,51.909,0,693.974,520.565,0,0,550.141,182.838,49.895,153.345,185.470,0.000,0.000,153.345,185.470,0.000,0.000,44.000,-93.000,0.000,0.000,24.829,143.152,-0.064,-0.998,24.829,143.152,-0.064,-0.998,-116.799,281.259,-0.990,0.139,0.000,0.000,0,0
-11.127,111.823,0.243,-0.970,0,31.689,59.161,67.946,0,691.099,523.406,0,0,560.543,180.208,43.319,153.345,185.470,0.000,0.000,153.345,185.470,0.000,0.000,44.000,-93.000,0.000,0.000,24.838,135.970,0.089,-0.996,24.838,135.970,0.089,-0.996,-123.918,282.262,-0.990,0.139,1.000,0.000,0,0
3.262,111.823,0.943,-0.334,0,42.734,45.674,77.142,0,676.724,537.620,0,0,571.044,167.179,28.260,153.345,185.470,0.000,0.000,153.345,185.470,0.000,0.000,44.000,-93.000,0.000,0.000,25.815,128.852,0.199,-0.980,25.815,128.852,0.199,-0.980,140.000,279.000,0.000,0.000,1.000,0.000,0,0
17.650,111.823,0.995,-0.097,0,53.506,32.521,87.184,0,662.351,551.843,0,0,581.604,154.392,14.060,153.345,185.470,0.000,0.000,153.345,185.470,0.000,0.000,44.000,-93.000,0.000,0.000,27.493,121.864,0.280,-0.960,27.493,121.864,0.280,-0.960,140.000,279.000,0.000,0.000,1.000,0.000,0,0
32.039,111.823,1.000,-0.027,0,64.011,19.693,97.720,0,647.978,566.074,0,0,592.193,141.912,3.970,153.345,185.470,0.000,0.000,153.345,185.470,0.000,0.000,44.000,-93.000,0.000,0.000,29.683,115.019,0.339,-0.941,29.683,115.019,0.339,-0.941,140.000,279.000,0.000,0.000,1.000,0.000,0,0
46.428,111.823,1.000,-0.008,0,73.730,7.358,108.178,0,633.605,580.313,0,0,602.260,129.827,14.609,153.345,185.470,0.000,0.000,153.345,185.470,0.000,0.000,44.000,-93.000,0.000,0.000,32.249,108.304,0.380,-0.925,32.249,108.304,0.380,-0.925,140.000,279.000,0.000,0.000,1.000,0.000,0,0
60.816,111.823,1.000,-0.002,0,82.853,-4.595,118.672,0,619.233,594.560,0,0,611.952,118.260,27.666,153.345,185.470,0.000,0.000,153.345,185.470,0.000,0.000,44.000,-93.000,0.000,0.000,35.071,101.693,0.410,-0.912,35.071,101.693,0.410,-0.912,140.000,279.000,0.000,0.000,1.000,0.000,0,0
78.083,111.823,1.000,-0.001,0,93.398,-18.535,131.422,0,601.988,611.664,0,0,623.428,105.301,43.269,153.345,185.470,0.000,0.000,153.345,185.470,0.000,0.000,199.792,-51.962,-0.710,0.704,38.712,93.873,0.433,-0.901,38.712,93.873,0.433,-0.901,140.000,279.000,0.000,0.000,1.000,0.000,0,0
88.751,109.789,0.984,-0.178,0,100.209,-27.573,137.998,0,591.428,621.975,0,0,630.990,99.499,51.954,153.345,185.470,0.000,0.000,153.345,185.470,0.000,0.000,195.707,-47.913,-0.710,0.704,41.261,88.718,0.452,-0.892,41.261,88.718,0.452,-0.892,140.000,279.000,0.000,0.000,1.000,-1.000,0,0
98.925,99.614,0.817,-0.577,0,108.502,-38.577,138.681,0,581.849,630.876,0,0,640.347,101.650,57.049,153.345,185.470,0.000,0.000,153.345,185.470,0.000,0.000,190.602,-42.852,-0.710,0.704,44.557,82.329,0.468,-0.884,44.557,82.329,0.468,-0.884,140.000,279.000,0.000,0.000,1.000,-1.000,0,0
109.100,89.440,0.740,-0.673,0,116.554,-49.262,139.061,0,572.473,639.977,0,0,649.584,105.733,62.604,153.345,185.470,0.000,0.000,153.345,185.470,0.000,0.000,185.496,-37.792,-0.710,0.704,47.956,75.995,0.480,-0.877,47.956,75.995,0.480,-0.877,108.800,-94.600,0.000,0.000,1.000,-1.000,0,0
111.134,75.894,0.284,-0.959,0,124.372,-59.637,136.337,0,571.756,640.910,0,0,658.688,117.425,60.013,153.345,185.470,0.000,0.000,153.345,185.470,0.000,0.000,180.391,-32.731,-0.710,0.704,51.441,69.708,0.491,-0.871,51.441,69.708,0.491,-0.871,108.800,-94.600,0.000,0.000,0.000,-1.000,0,0
113.169,59.471,0.165,-0.986,0,95.209,-101.255,161.726,2,571.754,641.999,0,0,637.261,105.597,57.887,174.264,-26.658,-0.710,0.704,174.264,-26.658,-0.710,0.704,153.345,185.470,0.000,0.000,55.340,62.065,0.237,-0.971,55.340,62.065,0.237,-0.971,108.800,-94.600,0.000,0.000,1.000,-1.000,0,0
123.344,49.296,0.580,-0.815,0,95.209,-101.255,153.158,2,563.193,651.793,0,0,637.261,84.409,66.550,169.159,-21.597,-0.710,0.704,169.159,-21.597,-0.710,0.704,153.345,185.470,0.000,0.000,57.045,55.081,0.237,-0.971,57.045,55.081,0.237,-0.971,108.800,-94.600,0.000,0.000,1.000,-1.000,0,0
133.518,39.122,0.673,-0.739,0,95.209,-101.255,145.511,2,554.872,661.756,0,0,637.261,63.484,75.305,164.053,-16.537,-0.710,0.704,164.053,-16.537,-0.710,0.704,153.345,185.470,0.000,0.000,58.750,48.097,0.237,-0.971,58.750,48.097,0.237,-0.971,108.800,-94.600,0.000,0.000,1.000,-1.000,0,0
143.692,28.947,0.698,-0.716,0,95.209,-101.255,138.937,2,546.804,671.880,0,0,637.261,43.206,84.122,158.948,-11.476,-0.710,0.704,158.948,-11.476,-0.710,0.704,153.345,185.470,0.000,0.000,60.455,41.114,0.237,-0.971,60.455,41.114,0.237,-0.971,108.800,-94.600,0.000,0.000,1.000,-1.000,0,0
153.867,18.773,0.705,-0.710,0,95.209,-101.255,133.595,2,538.999,682.156,0,0,637.261,25.188,92.984,153.842,-6.415,-0.710,0.704,153.842,-6.415,-0.710,0.704,44.000,-93.000,0.000,0.000,62.159,34.130,0.237,-0.971,62.159,34.130,0.237,-0.971,108.800,-94.600,0.000,0.000,1.000,-1.000,0,0
155.901,8.105,0.337,-0.941,0,95.209,-101.255,125.073,2,539.482,684.462,0,0,637.261,12.141,94.612,149.758,-2.367,-0.710,0.704,149.758,-2.367,-0.710,0.704,44.000,-93.000,0.000,0.000,63.523,28.543,0.237,-0.971,63.523,28.543,0.237,-0.971,108.800,-94.600,0.000,0.000,-1.000,-1.000,0,0
145.727,-2.069,-0.459,-0.888,0,95.209,-101.255,111.310,2,551.851,674.717,0,0,637.261,4.883,83.895,144.652,2.694,-0.710,0.704,144.652,2.694,-0.710,0.704,44.000,-93.000,0.000,0.000,65.228,21.560,0.237,-0.971,65.228,21.560,0.237,-0.971,108.800,-94.600,0.000,0.000,-1.000,-1.000,0,0
135.553,-12.244,-0.643,-0.766,0,95.209,-101.255,97.728,2,564.316,665.140,0,0,637.261,20.393,73.675,139.547,7.755,-0.710,0.704,139.547,7.755,-0.710,0.704,44.000,-93.000,0.000,0.000,66.933,14.576,0.237,-0.971,66.933,14.576,0.237,-0.971,108.800,-94.600,0.000,0.000,-1.000,-1.000,0,0
125.378,-22.418,-0.690,-0.724,0,95.209,-101.255,84.413,2,576.870,655.739,0,0,637.261,36.381,64.188,134.441,12.816,-0.710,0.704,134.441,12.816,-0.710,0.704,44.000,-93.000,0.000,0.000,68.638,7.592,0.237,-0.971,68.638,7.592,0.237,-0.971,108.800,-94.600,0.000,0.000,-1.000,-1.000,0,0
115.204,-32.592,-0.702,-0.712,0,95.209,-101.255,71.515,2,589.508,646.522,0,0,637.261,52.410,55.811,129.336,17.876,-0.710,0.704,129.336,17.876,-0.710,0.704,44.000,-93.000,0.000,0.000,70.342,0.609,0.237,-0.971,70.342,0.609,0.237,-0.971,108.800,-94.600,0.000,0.000,-1.000,-1.000,0,0
105.030,-42.767,-0.706,-0.708,0,95.209,-101.255,59.307,2,602.225,637.496,0,0,637.261,68.452,49.114,124.230,22.937,-0.710,0.704,124.230,22.937,-0.710,0.704,44.000,-93.000,0.000,0.000,72.047,-6.375,0.237,-0.971,72.047,-6.375,0.237,-0.971,108.800,-94.600,0.000,0.000,-1.000,-1.000,0,0
92.820,-54.976,-0.707,-0.707,0,95.209,-101.255,46.341,2,617.582,626.930,0,0,637.261,61.881,42.725,44.000,-93.000,0.000,0.000,44.000,-93.000,0.000,0.000,118.104,29.010,-0.710,0.704,108.800,-94.600,0.000,0.000,108.800,-94.600,0.000,0.000,74.093,-14.755,0.237,-0.971,-1.000,-1.000,0,0
84.681,-63.115,-0.707,-0.707,0,95.209,-101.255,39.566,2,627.875,620.052,0,0,637.261,50.478,39.661,44.000,-93.000,0.000,0.000,44.000,-93.000,0.000,0.000,114.019,33.059,-0.710,0.704,108.800,-94.600,0.000,0.000,108.800,-94.600,0.000,0.000,75.457,-20.342,0.237,-0.971,-1.000,-1.000,0,0
74.507,-73.290,-0.707,-0.707,0,95.209,-101.255,34.794,2,640.799,611.652,0,0,637.261,36.320,40.375,44.000,-93.000,0.000,0.000,44.000,-93.000,0.000,0.000,108.914,38.119,-0.710,0.704,108.800,-94.600,0.000,0.000,108.800,-94.600,0.000,0.000,77.162,-27.326,0.237,-0.971,0.000,-1.000,0,0
74.507,-87.678,-0.199,-0.980,1,71.495,-102.509,15.133,1,645.684,614.266,0,0,614.362,30.967,34.985,44.000,-93.000,0.000,0.000,44.000,-93.000,0.000,0.000,70.000,-221.000,0.000,0.000,108.800,-94.600,0.000,0.000,108.800,-94.600,0.000,0.000,77.832,-34.369,-0.093,-0.996,0.000,-1.000,0,0
74.507,-104.945,-0.049,-0.999,1,73.769,-120.060,15.133,1,651.918,617.832,0,0,620.614,32.762,35.820,44.000,-93.000,0.000,0.000,44.000,-93.000,0.000,0.000,70.000,-221.000,0.000,0.000,108.800,-94.600,0.000,0.000,108.800,-94.600,0.000,0.000,77.246,-42.975,-0.049,-0.999,0.000,-1.000,0,0
74.507,-116.456,-0.017,-1.000,1,74.252,-131.587,15.133,1,656.292,620.464,0,0,623.985,38.482,40.666,44.000,-93.000,0.000,0.000,44.000,-93.000,0.000,0.000,70.000,-221.000,0.000,0.000,108.800,-94.600,0.000,0.000,108.800,-94.600,0.000,0.000,77.017,-48.721,-0.033,-0.999,0.000,-1.000,0,0
76.542,-132.879,0.112,-0.994,1,78.233,-147.918,15.133,1,660.974,626.532,0,0,632.252,51.471,50.059,44.000,-93.000,0.000,0.000,44.000,-93.000,0.000,0.000,70.000,-221.000,0.000,0.000,108.800,-94.600,0.000,0.000,108.800,-94.600,0.000,0.000,76.764,-57.344,-0.026,-1.000,1.000,-1.000,0,0
86.367,-136.949,0.730,-0.683,1,97.421,-147.285,15.133,1,653.728,637.077,0,0,650.499,61.045,47.924,44.000,-93.000,0.000,0.000,44.000,-93.000,0.000,0.000,70.000,-221.000,0.000,0.000,108.800,-94.600,0.000,0.000,108.800,-94.600,0.000,0.000,77.290,-63.062,0.232,-0.973,1.000,0.000,0,0
100.755,-136.949,0.979,-0.205,1,115.569,-140.044,15.133,1,640.706,650.964,0,0,666.071,71.782,43.106,44.000,-93.000,0.000,0.000,44.000,-93.000,0.000,0.000,70.000,-221.000,0.000,0.000,108.800,-94.600,0.000,0.000,108.800,-94.600,0.000,0.000,79.658,-69.832,0.455,-0.890,1.000,0.000,0,0
115.493,-130.844,0.935,0.355,1,129.638,-125.466,15.133,1,624.780,663.696,0,0,676.156,80.892,36.857,44.000,-93.000,0.000,0.000,44.000,-93.000,0.000,0.000,70.000,-221.000,0.000,0.000,108.800,-94.600,0.000,0.000,108.800,-94.600,0.000,0.000,84.342,-77.045,0.644,-0.765,1.000,1.000,0,0
123.633,-122.705,0.802,0.597,1,135.769,-113.665,15.133,1,613.945,669.677,0,0,679.512,84.993,31.779,44.000,-93.000,0.000,0.000,44.000,-93.000,0.000,0.000,70.000,-221.000,0.000,0.000,108.800,-94.600,0.000,0.000,108.800,-94.600,0.000,0.000,88.586,-80.912,0.821,-0.570,1.000,1.000,0,0
135.842,-110.496,0.730,0.683,0,95.209,-101.255,41.671,2,597.742,678.916,0,0,637.261,93.493,31.368,44.000,-93.000,0.000,0.000,44.000,-93.000,0.000,0.000,70.000,-221.000,0.000,0.000,108.800,-94.600,0.000,0.000,108.800,-94.600,0.000,0.000,92.251,-88.099,0.219,-0.976,1.000,1.000,0,0
143.981,-102.356,0.715,0.699,0,95.209,-101.255,48.785,2,586.973,685.247,0,0,637.261,100.418,36.026,44.000,-93.000,0.000,0.000,44.000,-93.000,0.000,0.000,70.000,-221.000,0.000,0.000,108.800,-94.600,0.000,0.000,108.800,-94.600,0.000,0.000,93.512,-93.710,0.219,-0.976,1.000,1.000,0,0
154.156,-92.182,0.709,0.705,0,95.209,-101.255,59.641,2,573.552,693.349,0,0,637.261,110.159,45.420,44.000,-93.000,0.000,0.000,44.000,-93.000,0.000,0.000,70.000,-221.000,0.000,0.000,108.800,-94.600,0.000,0.000,108.800,-94.600,0.000,0.000,95.089,-100.723,0.219,-0.976,1.000,1.000,0,0
164.330,-82.008,0.708,0.706,0,95.209,-101.255,71.751,2,560.180,701.653,0,0,637.261,120.831,56.940,44.000,-93.000,0.000,0.000,44.000,-93.000,0.000,0.000,70.000,-221.000,0.000,0.000,108.800,-94.600,0.000,0.000,108.800,-94.600,0.000,0.000,95.405,-102.126,-0.219,0.976,1.000,0.000,0,0
164.330,-82.008,0.584,0.812,0,95.209,-101.255,71.751,2,560.180,701.653,0,0,637.261,120.831,56.940,44.000,-93.000,0.000,0.000,44.000,-93.000,0.000,0.000,70.000,-221.000,0.000,0.000,108.800,-94.600,0.000,0.000,108.800,-94.600,0.000,0.000,95.405,-102.126,0.219,-0.976,-1.000,0.000,0,0
149.941,-82.008,-0.588,0.809,0,95.209,-101.255,58.018,2,573.435,687.459,0,0,637.261,106.510,43.025,44.000,-93.000,0.000,0.000,44.000,-93.000,0.000,0.000,70.000,-221.000,0.000,0.000,108.800,-94.600,0.000,0.000,108.800,-94.600,0.000,0.000,95.089,-100.723,-0.219,0.976,-1.000,0.000,0,0
135.553,-82.008,-0.989,0.151,0,95.209,-101.255,44.700,2,586.744,673.274,0,0,637.261,92.210,29.568,44.000,-93.000,0.000,0.000,44.000,-93.000,0.000,0.000,70.000,-221.000,0.000,0.000,108.800,-94.600,0.000,0.000,108.800,-94.600,0.000,0.000,95.405,-102.126,0.219,-0.976,-1.000,0.000,0,0
121.164,-82.008,-0.999,0.042,0,95.209,-101.255,32.313,2,600.103,659.098,0,0,637.261,77.943,17.648,44.000,-93.000,0.000,0.000,44.000,-93.000,0.000,0.000,70.000,-221.000,0.000,0.000,108.800,-94.600,0.000,0.000,108.800,-94.600,0.000,0.000,95.089,-100.723,-0.219,0.976,-1.000,0.000,0,0
106.775,-82.008,-1.000,0.012,1,91.643,-81.822,15.133,1,613.508,644.931,0,0,630.009,63.730,12.754,44.000,-93.000,0.000,0.000,44.000,-93.000,0.000,0.000,70.000,-221.000,0.000,0.000,108.800,-94.600,0.000,0.000,108.800,-94.600,0.000,0.000,96.166,-96.515,-0.111,0.994,-1.000,0.000,0,0
95.264,-82.008,-1.000,0.004,1,80.131,-81.942,15.133,1,624.263,633.604,0,0,618.712,52.430,9.946,44.000,-93.000,0.000,0.000,44.000,-93.000,0.000,0.000,70.000,-221.000,0.000,0.000,93.163,-91.729,-0.800,0.601,93.163,-91.729,-0.800,0.601,108.800,-94.600,0.000,0.000,-1.000,0.000,0,0
77.998,-82.008,-1.000,0.001,1,62.865,-81.994,15.133,1,640.446,616.628,0,0,601.759,35.731,9.571,44.000,-93.000,0.000,0.000,44.000,-93.000,0.000,0.000,70.000,-221.000,0.000,0.000,85.439,-88.028,-0.956,0.293,85.439,-88.028,-0.956,0.293,108.800,-94.600,0.000,0.000,-1.000,0.000,0,0
66.487,-82.008,-1.000,0.000,1,51.354,-82.003,15.133,1,651.266,605.319,0,0,590.462,25.030,14.167,44.000,-93.000,0.000,0.000,44.000,-93.000,0.000,0.000,70.000,-221.000,0.000,0.000,79.829,-86.770,-0.986,0.165,79.829,-86.770,-0.986,0.165,108.800,-94.600,0.000,0.000,-1.000,0.000,0,0
52.098,-82.008,-1.000,0.000,1,36.965,-82.006,15.133,1,664.823,591.194,0,0,576.352,13.653,20.954,44.000,-93.000,0.000,0.000,44.000,-93.000,0.000,0.000,70.000,-221.000,0.000,0.000,72.710,-85.779,-0.994,0.105,72.710,-85.779,-0.994,0.105,108.800,-94.600,0.000,0.000,-1.000,0.000,0,0
41.081,-73.868,-0.902,0.433,1,27.437,-67.321,15.133,1,672.620,578.859,0,0,564.275,19.353,26.754,44.000,-93.000,0.000,0.000,44.000,-93.000,0.000,0.000,59.211,61.824,0.436,-0.900,65.710,-84.318,-0.914,0.406,65.710,-84.318,-0.914,0.406,108.800,-94.600,0.000,0.000,-1.000,1.000,0,0
30.907,-63.694,-0.771,0.637,1,19.236,-54.060,15.133,1,679.192,567.074,0,0,554.016,32.098,33.281,44.000,-93.000,0.000,0.000,44.000,-93.000,0.000,0.000,62.345,55.355,0.436,-0.900,59.422,-80.854,-0.832,0.555,59.422,-80.854,-0.832,0.555,108.800,-94.600,0.000,0.000,-1.000,1.000,0,0
22.767,-52.677,-0.662,0.750,1,12.750,-41.334,15.133,1,683.815,557.295,0,0,545.780,45.572,39.052,44.000,-93.000,0.000,0.000,44.000,-93.000,0.000,0.000,65.479,48.885,0.436,-0.900,53.569,-76.682,-0.756,0.655,53.569,-76.682,-0.756,0.655,108.800,-94.600,0.000,0.000,0.000,1.000,0,0
24.802,-36.253,-0.052,0.999,1,24.016,-21.140,15.133,1,677.455,557.089,0,0,554.688,59.906,41.060,44.000,-93.000,0.000,0.000,44.000,-93.000,0.000,0.000,69.240,41.122,0.436,-0.900,48.170,-70.015,-0.521,0.854,48.170,-70.015,-0.521,0.854,108.800,-94.600,0.000,0.000,1.000,1.000,0,0
34.976,-26.079,0.522,0.853,1,42.876,-13.171,15.133,1,665.049,566.072,0,0,572.791,67.527,38.735,44.000,-93.000,0.000,0.000,44.000,-93.000,0.000,0.000,72.374,34.652,0.436,-0.900,46.212,-63.148,-0.126,0.992,46.212,-63.148,-0.126,0.992,108.800,-94.600,0.000,0.000,1.000,1.000,0,0
43.116,-17.939,0.646,0.764,1,52.887,-6.383,15.133,1,655.182,573.417,0,0,582.295,57.072,39.596,74.881,29.476,0.436,-0.900,74.881,29.476,0.436,-0.900,44.000,-93.000,0.000,0.000,46.293,-57.407,0.128,0.992,46.293,-57.407,0.128,0.992,108.800,-94.600,0.000,0.000,1.000,1.000,0,0
58.697,-13.870,0.948,0.318,1,73.045,-9.059,15.133,1,639.086,588.613,0,0,602.577,40.791,36.709,78.641,21.713,0.436,-0.900,78.641,21.713,0.436,-0.900,44.000,-93.000,0.000,0.000,48.639,-49.174,0.455,0.891,48.639,-49.174,0.455,0.891,108.800,-94.600,0.000,0.000,1.000,0.000,0,0
70.208,-13.870,0.993,0.116,1,85.238,-12.107,15.133,1,627.914,600.087,0,0,614.946,32.315,35.670,81.148,16.537,0.436,-0.900,81.148,16.537,0.436,-0.900,44.000,-93.000,0.000,0.000,52.105,-44.604,0.714,0.700,52.105,-44.604,0.714,0.700,108.800,-94.600,0.000,0.000,1.000,0.000,0,0
84.596,-13.870,1.000,0.030,1,99.723,-13.417,15.133,1,613.966,614.432,0,0,629.482,23.939,37.573,84.282,10.067,0.436,-0.900,84.282,10.067,0.436,-0.900,44.000,-93.000,0.000,0.000,57.668,-40.072,0.845,0.535,57.668,-40.072,0.845,0.535,108.800,-94.600,0.000,0.000,1.000,0.000,0,0
101.863,-13.870,1.000,0.007,1,116.996,-13.760,15.133,1,597.257,631.648,0,0,646.731,21.273,42.771,88.043,2.304,0.436,-0.900,88.043,2.304,0.436,-0.900,44.000,-93.000,0.000,0.000,65.260,-35.997,0.910,0.415,65.260,-35.997,0.910,0.415,108.800,-94.600,0.000,0.000,1.000,0.000,0,0
116.251,-13.870,1.000,0.002,1,131.385,-13.840,15.133,1,583.357,645.997,0,0,661.088,26.887,48.406,91.177,-4.166,0.436,-0.900,91.177,-4.166,0.436,-0.900,44.000,-93.000,0.000,0.000,71.964,-33.409,0.945,0.327,71.964,-33.409,0.945,0.327,108.800,-94.600,0.000,0.000,1.000,0.000,0,0
126.077,-9.800,0.952,0.307,1,140.480,-5.156,15.133,1,572.817,655.531,0,0,669.636,32.396,53.320,93.684,-9.342,0.436,-0.900,93.684,-9.342,0.436,-0.900,44.000,-93.000,0.000,0.000,77.438,-31.648,0.922,0.387,77.438,-31.648,0.922,0.387,108.800,-94.600,0.000,0.000,1.000,1.000,0,0
136.251,0.375,0.796,0.605,1,148.302,9.529,15.133,1,560.414,665.138,0,0,676.822,42.626,59.789,96.818,-15.811,0.436,-0.900,96.818,-15.811,0.436,-0.900,44.000,-93.000,0.000,0.000,83.873,-28.456,0.861,0.508,83.873,-28.456,0.861,0.508,108.800,-94.600,0.000,0.000,1.000,1.000,0,0
146.425,10.549,0.734,0.680,1,157.527,20.833,15.133,1,548.107,674.916,0,0,685.781,56.900,66.530,99.951,-22.281,0.436,-0.900,99.951,-22.281,0.436,-0.900,44.000,-93.000,0.000,0.000,89.965,-24.642,0.830,0.558,89.965,-24.642,0.830,0.558,108.800,-94.600,0.000,0.000,1.000,1.000,0,0
156.600,20.723,0.715,0.699,1,167.415,31.308,15.133,1,535.905,684.856,0,0,695.593,72.880,73.424,103.085,-28.751,0.436,-0.900,103.085,-28.751,0.436,-0.900,44.000,-93.000,0.000,0.000,95.867,-20.539,0.810,0.587,95.867,-20.539,0.810,0.587,108.800,-94.600,0.000,0.000,1.000,1.000,0,0
166.774,30.898,0.709,0.705,1,177.507,41.566,15.133,1,523.813,694.952,0,0,705.764,89.657,80.410,106.219,-35.220,0.436,-0.900,106.219,-35.220,0.436,-0.900,44.000,-93.000,0.000,0.000,101.645,-16.262,0.795,0.606,101.645,-16.262,0.795,0.606,108.800,-94.600,0.000,0.000,1.000,1.000,0,0
168.809,44.443,0.270,0.963,1,172.888,59.017,15.133,1,519.214,697.118,0,0,701.628,104.661,83.357,109.353,-41.690,0.436,-0.900,109.353,-41.690,0.436,-0.900,44.000,-93.000,0.000,0.000,107.090,-11.584,0.682,0.732,107.090,-11.584,0.682,0.732,108.800,-94.600,0.000,0.000,0.000,1.000,0,0
168.809,61.710,0.065,0.998,1,169.787,76.811,15.133,1,516.386,697.667,0,0,699.473,124.335,87.200,113.114,-49.454,0.436,-0.900,113.114,-49.454,0.436,-0.900,44.000,-93.000,0.000,0.000,112.557,-4.920,0.589,0.808,112.557,-4.920,0.589,0.808,108.800,-94.600,0.000,0.000,0.000,1.000,0,0
168.809,76.099,0.018,1.000,1,169.075,91.229,15.133,1,514.460,698.451,0,0,699.858,142.100,91.450,116.248,-55.923,0.436,-0.900,116.248,-55.923,0.436,-0.900,44.000,-93.000,0.000,0.000,116.471,1.107,0.517,0.856,116.471,1.107,0.517,0.856,108.800,-94.600,0.000,0.000,0.000,1.000,0,0
174.913,85.081,0.394,0.919,1,180.876,98.990,15.133,1,507.389,705.174,0,0,712.312,156.596,96.576,118.755,-61.099,0.436,-0.900,118.755,-61.099,0.436,-0.900,44.000,-93.000,0.000,0.000,119.403,6.053,0.552,0.834,119.403,6.053,0.552,0.834,108.800,-94.600,0.000,0.000,1.000,1.000,0,0
185.088,95.255,0.628,0.779,1,194.585,107.038,15.133,1,496.299,716.159,0,0,726.755,174.659,103.592,121.888,-67.569,0.436,-0.900,121.888,-67.569,0.436,-0.900,44.000,-93.000,0.000,0.000,123.530,11.938,0.599,0.801,123.530,11.938,0.599,0.801,140.000,279.000,0.000,0.000,1.000,1.000,0,0
195.262,105.430,0.685,0.728,1,205.635,116.448,15.133,1,485.381,727.262,0,0,738.774,192.723,110.652,125.022,-74.038,0.436,-0.900,125.022,-74.038,0.436,-0.900,419.421,76.215,-0.896,0.445,127.897,17.648,0.618,0.786,127.897,17.648,0.618,0.786,140.000,279.000,0.000,0.000,1.000,1.000,0,0
207.471,117.639,0.702,0.712,1,218.098,128.413,15.133,1,472.526,740.736,0,0,752.608,207.655,119.164,411.696,80.054,-0.896,0.445,411.696,80.054,-0.896,0.445,128.783,-81.802,0.436,-0.900,133.284,24.385,0.630,0.777,133.284,24.385,0.630,0.777,140.000,279.000,0.000,0.000,1.000,1.000,0,0
217.646,127.813,0.706,0.708,1,228.325,138.535,15.133,1,462.033,752.082,0,0,764.108,192.832,126.282,405.258,83.253,-0.896,0.445,405.258,83.253,-0.896,0.445,131.917,-88.271,0.436,-0.900,137.851,29.936,0.639,0.770,137.851,29.936,0.639,0.770,140.000,279.000,0.000,0.000,1.000,1.000,0,0
227.820,137.987,0.707,0.707,1,238.515,148.694,15.133,1,451.754,763.531,0,0,775.673,178.598,133.415,398.821,86.452,-0.896,0.445,398.821,86.452,-0.896,0.445,135.051,-94.741,0.436,-0.900,142.473,35.443,0.646,0.764,142.473,35.443,0.646,0.764,140.000,279.000,0.000,0.000,1.000,1.000,0,0
240.523,142.057,0.878,0.478,1,253.812,149.297,15.133,1,439.079,776.680,0,0,790.883,160.648,137.662,392.383,89.651,-0.896,0.445,392.383,89.651,-0.896,0.445,138.184,-101.211,0.436,-0.900,147.298,40.766,0.706,0.708,147.298,40.766,0.706,0.708,140.000,279.000,0.000,0.000,1.000,1.000,0,0
252.383,148.162,0.919,0.394,1,266.292,154.125,15.133,1,427.330,789.301,0,0,803.948,144.562,143.067,385.945,92.850,-0.896,0.445,385.945,92.850,-0.896,0.445,141.318,-107.680,0.436,-0.900,152.313,45.917,0.710,0.704,152.313,45.917,0.710,0.704,140.000,279.000,0.000,0.000,1.000,0.000,0,0
263.894,148.162,0.991,0.137,1,278.885,150.236,15.133,1,415.831,800.684,0,0,815.813,128.252,145.593,380.795,95.410,-0.896,0.445,380.795,95.410,-0.896,0.445,143.825,-112.856,0.436,-0.900,156.595,49.753,0.773,0.635,156.595,49.753,0.773,0.635,140.000,279.000,0.000,0.000,1.000,0.000,0,0
278.283,148.162,0.999,0.038,1,293.405,148.740,15.133,1,401.457,814.917,0,0,829.964,108.101,149.314,374.358,98.609,-0.896,0.445,374.358,98.609,-0.896,0.445,146.959,-119.326,0.436,-0.900,162.266,54.169,0.811,0.585,162.266,54.169,0.811,0.585,140.000,279.000,0.000,0.000,1.000,0.000,0,0
292.672,148.162,1.000,0.012,1,307.804,148.339,15.133,1,387.085,829.156,0,0,844.161,88.380,153.563,367.920,101.808,-0.896,0.445,367.920,101.808,-0.896,0.445,150.093,-125.795,0.436,-0.900,168.184,58.248,0.840,0.542,168.184,58.248,0.840,0.542,427.000,279.000,0.000,0.000,1.000,0.000,0,0
307.060,148.162,1.000,0.003,1,322.194,148.211,15.133,1,372.714,843.400,0,0,858.393,69.456,158.255,361.482,105.007,-0.896,0.445,361.482,105.007,-0.896,0.445,153.227,-132.265,0.436,-0.900,174.296,62.032,0.864,0.503,174.296,62.032,0.864,0.503,427.000,279.000,0.000,0.000,1.000,0.000,0,0
321.449,148.162,1.000,0.001,1,336.582,148.175,15.133,1,358.344,857.649,0,0,872.642,52.203,163.319,355.045,108.206,-0.896,0.445,355.045,108.206,-0.896,0.445,156.361,-138.735,0.436,-0.900,180.566,65.548,0.884,0.468,180.566,65.548,0.884,0.468,427.000,279.000,0.000,0.000,1.000,0.000,0,0
335.838,148.162,1.000,0.000,1,350.971,148.165,15.133,1,343.976,871.902,0,0,886.899,38.911,159.465,348.607,111.405,-0.896,0.445,348.607,111.405,-0.896,0.445,159.495,-145.204,0.436,-0.900,427.000,279.000,0.000,0.000,427.000,279.000,0.000,0.000,186.968,68.817,0.900,0.436,1.000,0.000,0,0
350.227,148.162,1.000,0.000,1,365.360,148.163,15.133,1,329.610,886.160,0,0,901.160,34.511,151.700,342.169,114.604,-0.896,0.445,342.169,114.604,-0.896,0.445,162.628,-151.674,0.436,-0.900,427.000,279.000,0.000,0.000,427.000,279.000,0.000,0.000,193.480,71.861,0.914,0.406,1.000,-1.000,0,0
360.401,137.987,0.851,-0.526,1,373.276,130.035,15.133,1,319.287,894.970,0,0,906.848,31.875,155.949,335.731,117.803,-0.896,0.445,335.731,117.803,-0.896,0.445,167.124,-148.713,0.673,0.740,427.000,279.000,0.000,0.000,427.000,279.000,0.000,0.000,200.178,74.461,0.952,0.306,1.000,-1.000,0,0
372.610,125.778,0.741,-0.671,1,383.829,115.622,15.133,1,307.333,905.731,0,0,915.892,44.795,162.589,328.006,121.642,-0.896,0.445,328.006,121.642,-0.896,0.445,172.928,-142.331,0.673,0.740,427.000,279.000,0.000,0.000,427.000,279.000,0.000,0.000,208.488,76.764,0.973,0.230,1.000,-1.000,0,0
382.785,115.604,0.717,-0.697,1,393.633,105.053,15.133,1,297.769,914.850,0,0,924.745,61.909,169.273,321.569,124.841,-0.896,0.445,321.569,124.841,-0.896,0.445,177.764,-137.012,0.673,0.740,427.000,279.000,0.000,0.000,427.000,279.000,0.000,0.000,215.546,78.124,0.987,0.163,1.000,-1.000,0,0
384.820,104.936,0.381,-0.924,1,390.591,90.947,15.133,1,296.738,915.952,0,0,920.687,71.996,165.638,316.418,127.401,-0.896,0.445,316.418,127.401,-0.896,0.445,181.633,-132.757,0.673,0.740,221.251,78.833,0.997,0.071,221.251,78.833,0.997,0.071,427.000,279.000,0.000,0.000,0.000,-1.000,0,0
389.732,91.390,0.472,-0.881,1,396.882,78.052,15.133,1,293.702,919.858,0,0,926.217,90.307,160.337,308.693,131.239,-0.896,0.445,308.693,131.239,-0.896,0.445,187.436,-126.375,0.673,0.740,229.871,79.052,1.000,-0.015,229.871,79.052,1.000,-0.015,427.000,279.000,0.000,0.000,1.000,0.000,0,0
401.243,91.390,0.937,-0.349,1,415.425,86.109,15.133,1,282.359,931.343,0,0,945.170,107.943,164.638,302.256,134.438,-0.896,0.445,302.256,134.438,-0.896,0.445,192.272,-121.056,0.673,0.740,237.057,79.198,0.999,0.039,237.057,79.198,0.999,0.039,427.000,279.000,0.000,0.000,0.000,0.000,0,0
404.121,91.390,0.952,-0.308,1,418.521,86.736,15.133,1,279.526,934.214,0,0,948.297,116.329,161.761,297.105,136.998,-0.896,0.445,297.105,136.998,-0.896,0.445,196.141,-116.801,0.673,0.740,242.804,79.420,0.999,0.042,242.804,79.420,0.999,0.042,427.000,279.000,0.000,0.000,1.000,0.000,0,0
418.510,91.390,0.996,-0.094,1,433.576,89.972,15.133,1,265.373,948.571,0,0,963.518,136.842,168.926,290.668,140.197,-0.896,0.445,290.668,140.197,-0.896,0.445,200.978,-111.482,0.673,0.740,249.984,79.772,0.998,0.055,249.984,79.772,0.998,0.055,427.000,279.000,0.000,0.000,1.000,0.000,0,0
427.143,91.390,0.999,-0.036,0,451.241,89.954,24.140,0,256.894,957.186,0,0,981.146,152.081,170.351,284.230,143.396,-0.896,0.445,284.230,143.396,-0.896,0.445,205.814,-106.164,0.673,0.740,257.162,80.170,0.999,0.050,257.162,80.170,0.999,0.050,427.000,279.000,0.000,0.000,0.000,0.000,1,0
427.143,91.390,0.999,-0.036,0,470.621,88.923,43.548,0,256.894,957.186,0,0,1000.427,159.227,163.164,277.792,146.595,-0.896,0.445,277.792,146.595,-0.896,0.445,210.650,-100.845,0.673,0.740,264.343,80.503,0.999,0.041,264.343,80.503,0.999,0.041,427.000,279.000,0.000,0.000,0.000,0.000,0,0
427.143,91.390,0.999,-0.036,0,493.246,87.718,66.206,0,256.894,957.186,0,0,1022.940,167.806,154.542,270.067,150.434,-0.896,0.445,270.067,150.434,-0.896,0.445,216.453,-94.463,0.673,0.740,272.963,80.820,0.999,0.033,272.963,80.820,0.999,0.033,427.000,279.000,0.000,0.000,0.000,0.000,0,0
427.143,91.390,0.999,-0.036,0,507.955,86.936,80.937,0,256.894,957.186,0,0,1037.579,173.529,148.795,264.917,152.993,-0.896,0.445,264.917,152.993,-0.896,0.445,220.322,-90.208,0.673,0.740,278.712,80.988,1.000,0.026,278.712,80.988,1.000,0.026,613.743,80.201,-0.151,0.988,0.000,0.000,0,0
427.143,91.390,0.999,-0.036,0,529.473,85.790,102.490,0,256.894,957.186,0,0,1058.998,182.116,140.179,257.192,156.832,-0.896,0.445,257.192,156.832,-0.896,0.445,226.126,-83.825,0.673,0.740,287.336,81.186,1.000,0.020,287.336,81.186,1.000,0.020,612.438,88.728,-0.151,0.988,0.000,0.000,0,0
427.143,91.390,0.999,-0.036,0,543.463,85.046,116.503,0,256.894,957.186,0,0,1072.925,187.842,134.437,252.042,159.391,-0.896,0.445,252.042,159.391,-0.896,0.445,229.995,-79.570,0.673,0.740,293.086,81.286,1.000,0.015,293.086,81.286,1.000,0.015,611.568,94.413,-0.151,0.988,0.000,0.000,0,0
427.143,91.390,0.999,-0.036,0,560.561,84.135,133.632,0,256.894,957.186,0,0,1089.948,195.002,127.263,245.604,162.590,-0.896,0.445,245.604,162.590,-0.896,0.445,234.831,-74.252,0.673,0.740,300.274,81.381,1.000,0.011,300.274,81.381,1.000,0.011,610.481,101.519,-0.151,0.988,0.000,0.000,0,0
427.143,91.390,0.999,-0.036,0,577.236,83.248,150.338,0,256.894,957.186,0,0,1106.552,202.165,120.093,239.166,165.789,-0.896,0.445,239.166,165.789,-0.896,0.445,239.667,-68.933,0.673,0.740,307.462,81.446,1.000,0.007,307.462,81.446,1.000,0.007,609.394,108.625,-0.151,0.988,0.000,0.000,0,0
427.143,91.390,0.999,-0.036,0,593.498,82.382,166.634,0,256.894,957.186,0,0,1122.746,209.329,112.927,232.729,168.989,-0.896,0.445,232.729,168.989,-0.896,0.445,244.503,-63.614,0.673,0.740,314.651,81.484,1.000,0.003,314.651,81.484,1.000,0.003,608.306,115.731,-0.151,0.988,0.000,0.000,0,0
427.143,91.390,0.999,-0.036,0,609.357,81.538,182.530,0,256.894,957.186,0,0,1138.542,216.494,105.767,226.291,172.188,-0.896,0.445,226.291,172.188,-0.896,0.445,249.340,-58.295,0.673,0.740,321.840,81.498,1.000,0.000,321.840,81.498,1.000,0.000,607.219,122.837,-0.151,0.988,0.000,0.000,0,0
427.143,91.390,0.999,-0.036,0,624.824,80.715,198.036,0,256.894,957.186,0,0,1153.949,223.662,98.613,219.853,175.387,-0.896,0.445,219.853,175.387,-0.896,0.445,254.176,-52.977,0.673,0.740,329.028,81.491,1.000,-0.003,329.028,81.491,1.000,-0.003,606.132,129.943,-0.151,0.988,0.000,0.000,0,0
427.143,91.390,0.999,-0.036,0,639.908,79.912,213.162,0,256.894,957.186,0,0,1168.976,218.180,91.466,259.012,-47.658,0.673,0.740,259.012,-47.658,0.673,0.740,213.416,178.586,-0.896,0.445,336.217,81.465,1.000,-0.005,336.217,81.465,1.000,-0.005,604.654,136.971,-0.242,0.970,0.000,0.000,0,0
39.000,287.000,0.897,0.443,0,654.331,79.145,649.518,0,657.606,622.340,0,0,1183.350,124.004,101.316,-85.000,286.000,0.000,0.000,-85.000,286.000,0.000,0.000,-296.000,285.000,0.000,0.000,140.000,279.000,0.000,0.000,140.000,279.000,0.000,0.000,290.700,275.300,0.000,0.000,0.000,0.000,0,0
39.000,287.000,0.897,0.443,0,670.707,78.273,665.331,0,657.619,622.354,0,0,1199.677,124.004,101.316,-85.000,286.000,0.000,0.000,-85.000,286.000,0.000,0.000,-296.000,285.000,0.000,0.000,140.000,279.000,0.000,0.000,140.000,279.000,0.000,0.000,290.700,275.300,0.000,0.000,0.000,0.000,0,0
39.000,287.000,0.897,0.443,0,669.826,77.750,664.655,0,657.619,622.354,0,0,1198.781,124.004,101.316,-85.000,286.000,0.000,0.000,-85.000,286.000,0.000,0.000,-296.000,285.000,0.000,0.000,140.000,279.000,0.000,0.000,140.000,279.000,0.000,0.000,290.700,275.300,0.000,0.000,0.000,0.000,0,0
39.000,287.000,0.897,0.443,0,669.806,77.239,664.793,0,657.619,622.354,0,0,1198.743,124.004,101.316,-85.000,286.000,0.000,0.000,-85.000,286.000,0.000,0.000,-296.000,285.000,0.000,0.000,140.000,279.000,0.000,0.000,140.000,279.000,0.000,0.000,290.700,275.300,0.000,0.000,0.000,0.000,0,0
39.000,287.000,0.897,0.443,0,669.806,76.743,664.948,0,657.619,622.354,0,0,1198.726,124.004,101.316,-85.000,286.000,0.000,0.000,-85.000,286.000,0.000,0.000,-296.000,285.000,0.000,0.000,140.000,279.000,0.000,0.000,140.000,279.000,0.000,0.000,290.700,275.300,0.000,0.000,0.000,0.000,0,0
39.000,272.611,0.756,-0.655,0,669.806,76.258,660.682,0,654.507,616.572,0,0,1198.709,124.721,101.202,-85.000,286.000,0.000,0.000,-85.000,286.000,0.000,0.000,-296.000,285.000,0.000,0.000,140.000,279.000,0.000,0.000,140.000,279.000,0.000,0.000,290.700,275.300,0.000,0.000,0.000,-1.000,0,0
39.000,258.223,0.133,-0.991,0,669.806,75.786,656.680,0,651.697,611.075,0,0,1198.692,127.073,103.115,-85.000,286.000,0.000,0.000,-85.000,286.000,0.000,0.000,-296.000,285.000,0.000,0.000,140.000,279.000,0.000,0.000,140.000,279.000,0.000,0.000,290.700,275.300,0.000,0.000,0.000,-1.000,0,0
39.000,243.834,0.038,-0.999,0,669.806,75.325,652.948,0,649.195,605.869,0,0,1198.674,130.973,106.947,-85.000,286.000,0.000,0.000,-85.000,286.000,0.000,0.000,44.000,-93.000,0.000,0.000,140.000,279.000,0.000,0.000,140.000,279.000,0.000,0.000,290.700,275.300,0.000,0.000,0.000,-1.000,0,0
36.965,230.288,-0.088,-0.996,0,669.806,74.876,651.668,0,649.136,599.324,0,0,1198.656,134.087,113.969,-85.000,286.000,0.000,0.000,-85.000,286.000,0.000,0.000,44.000,-93.000,0.000,0.000,140.000,279.000,0.000,0.000,140.000,279.000,0.000,0.000,290.700,275.300,0.000,0.000,-1.000,-1.000,0,0
28.826,222.149,-0.512,-0.859,0,669.806,74.525,657.786,0,656.096,588.964,0,0,1198.642,130.512,124.867,-85.000,286.000,0.000,0.000,-85.000,286.000,0.000,0.000,44.000,-93.000,0.000,0.000,140.000,279.000,0.000,0.000,140.000,279.000,0.000,0.000,290.700,275.300,0.000,0.000,-1.000,-1.000,0,0
18.651,211.974,-0.656,-0.755,0,59.000,80.600,137.578,0,664.975,576.076,0,0,589.175,127.371,138.629,-85.000,286.000,0.000,0.000,-85.000,286.000,0.000,0.000,44.000,-93.000,0.000,0.000,140.000,279.000,0.000,0.000,140.000,279.000,0.000,0.000,290.700,275.300,0.000,0.000,-1.000,-1.000,0,0
8.477,201.800,-0.694,-0.720,0,59.000,80.600,131.466,0,674.044,563.260,0,0,589.174,125.808,152.506,-85.000,286.000,0.000,0.000,-85.000,286.000,0.000,0.000,44.000,-93.000,0.000,0.000,140.000,279.000,0.000,0.000,140.000,279.000,0.000,0.000,290.700,275.300,0.000,0.000,-1.000,-1.000,0,0
-1.697,191.626,-0.703,-0.711,0,59.000,80.600,126.706,0,683.295,550.523,0,0,589.171,125.880,166.471,-85.000,286.000,0.000,0.000,-85.000,286.000,0.000,0.000,44.000,-93.000,0.000,0.000,140.000,279.000,0.000,0.000,140.000,279.000,0.000,0.000,290.700,275.300,0.000,0.000,-1.000,-1.000,0,0
-3.732,176.888,-0.245,-0.970,0,59.000,80.600,115.112,0,684.325,544.442,0,0,589.171,136.051,176.312,-85.000,286.000,0.000,0.000,-85.000,286.000,0.000,0.000,44.000,-93.000,0.000,0.000,140.000,279.000,0.000,0.000,140.000,279.000,0.000,0.000,108.800,-94.600,0.000,0.000,1.000,-1.000,0,0
4.407,168.748,0.415,-0.910,0,59.000,80.600,103.897,0,675.781,550.189,0,0,589.171,147.450,174.759,-85.000,286.000,0.000,0.000,-85.000,286.000,0.000,0.000,44.000,-93.000,0.000,0.000,140.000,279.000,0.000,0.000,140.000,279.000,0.000,0.000,108.800,-94.600,0.000,0.000,1.000,-1.000,0,0
12.547,157.731,0.558,-0.830,0,59.000,80.600,90.284,0,667.234,555.450,0,0,589.171,161.147,175.928,-85.000,286.000,0.000,0.000,-85.000,286.000,0.000,0.000,44.000,-93.000,0.000,0.000,140.000,279.000,0.000,0.000,140.000,279.000,0.000,0.000,108.800,-94.600,0.000,0.000,0.000,-1.000,0,0
12.547,140.465,0.129,-0.992,0,59.000,80.600,76.064,0,666.944,551.764,0,0,589.171,175.202,188.246,-85.000,286.000,0.000,0.000,-85.000,286.000,0.000,0.000,44.000,-93.000,0.000,0.000,140.000,279.000,0.000,0.000,140.000,279.000,0.000,0.000,108.800,-94.600,0.000,0.000,0.000,-1.000,0,0
12.547,128.954,0.047,-0.999,0,59.000,80.600,67.380,0,666.999,549.594,0,0,589.171,184.875,196.871,-85.000,286.000,0.000,0.000,-85.000,286.000,0.000,0.000,44.000,-93.000,0.000,0.000,140.000,279.000,0.000,0.000,140.000,279.000,0.000,0.000,108.800,-94.600,0.000,0.000,0.000,-1.000,0,0
12.547,114.565,0.012,-1.000,0,59.000,80.600,57.927,0,667.347,547.210,0,0,589.171,197.244,208.046,-85.000,286.000,0.000,0.000,-85.000,286.000,0.000,0.000,44.000,-93.000,0.000,0.000,140.000,279.000,0.000,0.000,140.000,279.000,0.000,0.000,108.800,-94.600,0.000,0.000,0.000,-1.000,0,0
18.651,102.705,0.350,-0.937,0,59.000,80.600,46.483,0,661.773,551.572,0,0,589.171,197.340,214.022,44.000,-93.000,0.000,0.000,44.000,-93.000,0.000,0.000,-85.000,286.000,0.000,0.000,140.000,279.000,0.000,0.000,140.000,279.000,0.000,0.000,108.800,-94.600,0.000,0.000,1.000,-1.000,0,0
33.389,96.600,0.866,-0.499,1,46.500,89.042,15.133,1,647.421,565.440,0,0,577.649,189.897,205.535,44.000,-93.000,0.000,0.000,44.000,-93.000,0.000,0.000,-85.000,286.000,0.000,0.000,108.800,-94.600,0.000,0.000,108.800,-94.600,0.000,0.000,140.000,279.000,0.000,0.000,1.000,0.000,0,0
44.900,96.600,0.986,-0.169,1,59.817,94.049,15.133,1,635.938,576.870,0,0,591.409,189.603,201.596,44.000,-93.000,0.000,0.000,44.000,-93.000,0.000,0.000,-85.000,286.000,0.000,0.000,108.800,-94.600,0.000,0.000,108.800,-94.600,0.000,0.000,140.000,279.000,0.000,0.000,1.000,0.000,0,0
62.167,96.600,0.999,-0.040,1,77.288,96.000,15.133,1,618.714,594.021,0,0,608.982,190.469,196.805,44.000,-93.000,0.000,0.000,44.000,-93.000,0.000,0.000,-85.000,286.000,0.000,0.000,108.800,-94.600,0.000,0.000,108.800,-94.600,0.000,0.000,140.000,279.000,0.000,0.000,1.000,0.000,0,0
76.555,96.600,1.000,-0.011,1,91.687,96.430,15.133,1,604.363,608.319,0,0,623.342,192.375,193.119,44.000,-93.000,0.000,0.000,44.000,-93.000,0.000,0.000,-85.000,286.000,0.000,0.000,140.000,279.000,0.000,0.000,140.000,279.000,0.000,0.000,108.800,-94.600,0.000,0.000,1.000,0.000,0,0
90.944,96.600,1.000,-0.003,1,106.077,96.553,15.133,1,590.014,622.620,0,0,637.661,195.326,188.881,44.000,-93.000,0.000,0.000,44.000,-93.000,0.000,0.000,-67.000,-108.000,0.000,0.000,140.000,279.000,0.000,0.000,140.000,279.000,0.000,0.000,108.800,-94.600,0.000,0.000,1.000,0.000,0,0
102.455,96.600,1.000,-0.001,1,117.588,96.584,15.133,1,578.536,634.065,0,0,649.112,198.407,186.224,44.000,-93.000,0.000,0.000,44.000,-93.000,0.000,0.000,-67.000,-108.000,0.000,0.000,140.000,279.000,0.000,0.000,140.000,279.000,0.000,0.000,108.800,-94.600,0.000,0.000,1.000,0.000,0,0
116.844,96.600,1.000,0.000,1,131.977,96.596,15.133,1,564.190,648.373,0,0,663.425,203.112,183.864,44.000,-93.000,0.000,0.000,44.000,-93.000,0.000,0.000,-67.000,-108.000,0.000,0.000,140.000,279.000,0.000,0.000,140.000,279.000,0.000,0.000,108.800,-94.600,0.000,0.000,1.000,0.000,0,0
129.547,100.670,0.955,0.296,1,143.999,105.157,15.133,1,551.238,661.425,0,0,676.273,211.722,178.636,44.000,-93.000,0.000,0.000,44.000,-93.000,0.000,0.000,-85.000,286.000,0.000,0.000,140.000,279.000,0.000,0.000,140.000,279.000,0.000,0.000,108.800,-94.600,0.000,0.000,1.000,1.000,0,0
139.721,110.845,0.797,0.604,1,151.779,119.988,15.133,1,540.486,672.674,0,0,685.773,225.200,168.156,44.000,-93.000,0.000,0.000,44.000,-93.000,0.000,0.000,-85.000,286.000,0.000,0.000,140.000,279.000,0.000,0.000,140.000,279.000,0.000,0.000,108.800,-94.600,0.000,0.000,1.000,1.000,0,0
152.424,114.914,0.923,0.385,1,166.389,120.744,15.133,1,527.612,685.772,0,0,700.354,234.487,164.555,44.000,-93.000,0.000,0.000,44.000,-93.000,0.000,0.000,-85.000,286.000,0.000,0.000,140.000,279.000,0.000,0.000,140.000,279.000,0.000,0.000,290.700,275.300,0.000,0.000,1.000,0.000,0,0
166.812,114.914,0.994,0.112,1,181.851,116.609,15.133,1,513.244,700.050,0,0,715.179,241.477,166.262,44.000,-93.000,0.000,0.000,44.000,-93.000,0.000,0.000,-85.000,286.000,0.995,0.101,140.000,279.000,0.000,0.000,140.000,279.000,0.000,0.000,290.700,275.300,-0.877,0.480,1.000,0.000,0,0
179.865,104.740,0.881,-0.473,1,193.201,97.588,15.133,1,500.783,711.880,0,0,724.449,239.917,178.762,44.000,-93.000,0.000,0.000,44.000,-93.000,0.000,0.000,-76.417,286.867,0.995,0.101,140.000,279.000,0.000,0.000,140.000,279.000,0.000,0.000,283.131,279.437,-0.877,0.480,1.000,-1.000,0,0
181.899,91.194,0.405,-0.914,1,188.030,77.358,15.133,1,499.837,712.629,0,0,717.709,230.095,192.423,44.000,-93.000,0.000,0.000,44.000,-93.000,0.000,0.000,-53.203,-100.270,0.872,0.489,140.000,279.000,0.000,0.000,140.000,279.000,0.000,0.000,108.800,-94.600,0.000,0.000,0.000,-1.000,0,0
181.899,76.805,0.118,-0.993,1,183.686,61.778,15.133,1,501.386,711.556,0,0,712.530,218.747,181.963,44.000,-93.000,0.000,0.000,44.000,-93.000,0.000,0.000,-46.931,-96.756,0.872,0.489,280.768,-75.954,-0.566,0.824,280.768,-75.954,-0.566,0.824,108.800,-94.600,0.000,0.000,0.000,-1.000,0,0
181.899,65.294,0.043,-0.999,1,182.543,50.175,15.133,1,502.918,710.906,0,0,710.979,209.937,166.664,44.000,-93.000,0.000,0.000,44.000,-93.000,0.000,0.000,-41.914,-93.945,0.872,0.489,277.369,-71.316,-0.615,0.788,277.369,-71.316,-0.615,0.788,108.800,-94.600,0.000,0.000,0.000,-1.000,0,0
190.039,51.400,0.438,-0.899,1,196.667,37.795,15.133,1,497.098,718.504,0,0,724.871,205.374,142.004,44.000,-93.000,0.000,0.000,44.000,-93.000,0.000,0.000,-34.388,-89.729,0.872,0.489,272.018,-64.550,-0.603,0.797,272.018,-64.550,-0.603,0.797,108.800,-94.600,0.000,0.000,1.000,-1.000,0,0
203.585,49.365,0.909,-0.417,1,217.343,43.061,15.133,1,484.140,731.987,0,0,745.608,213.857,125.715,44.000,-93.000,0.000,0.000,44.000,-93.000,0.000,0.000,-28.117,-86.215,0.872,0.489,268.120,-58.522,-0.478,0.879,268.120,-58.522,-0.478,0.879,108.800,-94.600,0.000,0.000,1.000,0.000,0,0
217.973,49.365,0.993,-0.120,1,232.998,47.553,15.133,1,470.009,746.368,0,0,761.343,224.799,111.794,44.000,-93.000,0.000,0.000,44.000,-93.000,0.000,0.000,-21.845,-82.702,0.872,0.489,265.319,-51.908,-0.336,0.942,265.319,-51.908,-0.336,0.942,108.800,-94.600,0.000,0.000,1.000,0.000,0,0
232.362,49.365,0.999,-0.033,1,247.487,48.862,15.133,1,455.895,760.749,0,0,775.855,236.110,99.331,44.000,-93.000,0.000,0.000,44.000,-93.000,0.000,0.000,-15.574,-79.188,0.872,0.489,263.494,-44.961,-0.198,0.980,263.494,-44.961,-0.198,0.980,108.800,-94.600,0.000,0.000,1.000,0.000,0,0
243.873,49.365,1.000,-0.012,1,259.005,49.191,15.133,1,444.616,772.254,0,0,787.375,245.391,90.618,44.000,-93.000,0.000,0.000,44.000,-93.000,0.000,0.000,-10.556,-76.377,0.872,0.489,262.792,-39.257,-0.043,0.999,262.792,-39.257,-0.043,0.999,108.800,-94.600,0.000,0.000,1.000,1.000,0,0
256.082,61.574,0.834,0.552,1,268.704,69.922,15.133,1,430.333,784.840,0,0,797.815,262.435,92.454,44.000,-93.000,0.000,0.000,44.000,-93.000,0.000,0.000,-3.031,-72.161,0.872,0.489,262.828,-30.634,0.044,0.999,262.828,-30.634,0.044,0.999,108.800,-94.600,0.000,0.000,1.000,1.000,0,0
264.222,69.713,0.754,0.657,1,275.634,79.652,15.133,1,420.936,793.328,0,0,805.265,273.812,94.620,44.000,-93.000,0.000,0.000,44.000,-93.000,0.000,0.000,1.987,-69.350,0.872,0.489,263.290,-24.902,0.117,0.993,263.290,-24.902,0.117,0.993,242.153,281.421,0.164,-0.987,1.000,1.000,0,0
276.431,81.922,0.718,0.696,1,287.304,92.449,15.133,1,407.044,806.201,0,0,817.775,290.899,99.011,44.000,-93.000,0.000,0.000,44.000,-93.000,0.000,0.000,9.512,-65.134,0.872,0.489,264.620,-16.382,0.190,0.982,264.620,-16.382,0.190,0.982,243.810,272.957,0.222,-0.975,1.000,1.000,0,0
284.571,90.062,0.711,0.703,1,295.333,100.701,15.133,1,397.929,814.874,0,0,826.437,302.301,102.552,44.000,-93.000,0.000,0.000,44.000,-93.000,0.000,0.000,14.530,-62.323,0.872,0.489,265.906,-10.777,0.255,0.967,265.906,-10.777,0.255,0.967,245.270,267.395,0.288,-0.958,1.000,1.000,0,0
297.623,100.236,0.772,0.636,1,309.299,109.863,15.133,1,383.854,828.679,0,0,841.161,317.820,106.831,22.055,-58.106,0.872,0.489,22.055,-58.106,0.872,0.489,44.000,-93.000,0.000,0.000,268.353,-2.507,0.311,0.950,268.353,-2.507,0.311,0.950,248.063,259.236,0.361,-0.933,1.000,0.000,0,0
312.011,100.236,0.982,0.188,1,326.874,103.084,15.133,1,369.550,843.015,0,0,858.061,323.186,104.455,28.327,-54.593,0.872,0.489,28.327,-54.593,0.872,0.489,44.000,-93.000,0.000,0.000,271.298,4.042,0.466,0.885,271.298,4.042,0.466,0.885,251.018,252.685,0.439,-0.898,1.000,0.000,0,0
326.400,100.236,0.999,0.052,1,341.513,101.021,15.133,1,355.253,857.354,0,0,872.478,328.701,103.680,34.598,-51.079,0.872,0.489,34.598,-51.079,0.872,0.489,44.000,-93.000,0.000,0.000,275.121,10.125,0.572,0.820,275.121,10.125,0.572,0.820,254.447,246.369,0.502,-0.865,1.000,0.000,0,0
332.156,100.236,1.000,0.029,0,351.261,100.786,19.113,0,349.536,863.089,0,0,882.174,328.075,100.921,39.616,-48.268,0.872,0.489,39.616,-48.268,0.872,0.489,44.000,-93.000,0.000,0.000,278.635,14.676,0.645,0.764,278.635,14.676,0.645,0.764,257.488,241.488,0.555,-0.832,0.000,0.000,1,0
332.156,100.236,1.000,0.029,0,374.717,101.460,42.579,0,349.536,863.089,0,0,905.605,319.456,92.495,47.142,-44.052,0.872,0.489,47.142,-44.052,0.872,0.489,44.000,-93.000,0.000,0.000,284.586,20.911,0.731,0.682,284.586,20.911,0.731,0.682,262.609,234.551,0.631,-0.776,0.000,0.000,0,0
332.156,100.236,1.000,0.029,0,389.967,101.899,57.835,0,349.536,863.089,0,0,920.839,313.710,87.077,52.159,-41.241,0.872,0.489,52.159,-41.241,0.872,0.489,44.000,-93.000,0.000,0.000,288.985,24.614,0.794,0.608,288.985,24.614,0.794,0.608,266.423,230.249,0.693,-0.720,0.000,0.000,0,0
332.156,100.236,1.000,0.029,0,408.604,102.435,76.482,0,349.536,863.089,0,0,939.455,306.528,80.606,58.430,-37.728,0.872,0.489,58.430,-37.728,0.872,0.489,0.420,183.086,0.529,-0.849,294.832,28.792,0.839,0.543,294.832,28.792,0.839,0.543,271.562,225.224,0.745,-0.667,0.000,0.000,0,0
332.156,100.236,1.000,0.029,0,426.780,102.957,94.668,0,349.536,863.089,0,0,957.611,299.347,74.539,64.702,-34.214,0.872,0.489,64.702,-34.214,0.872,0.489,4.222,176.985,0.529,-0.849,300.968,32.535,0.873,0.488,300.968,32.535,0.873,0.488,277.041,220.572,0.786,-0.618,0.000,0.000,0,0
332.156,100.236,1.000,0.029,0,444.506,103.467,112.405,0,349.536,863.089,0,0,975.317,292.165,68.958,70.973,-30.700,0.872,0.489,70.973,-30.700,0.872,0.489,8.024,170.884,0.529,-0.849,307.316,35.908,0.897,0.442,307.316,35.908,0.897,0.442,282.795,216.265,0.820,-0.572,0.000,0.000,0,0
332.156,100.236,1.000,0.029,0,461.794,103.964,129.705,0,349.536,863.089,0,0,992.584,284.985,63.955,77.245,-27.187,0.872,0.489,77.245,-27.187,0.872,0.489,11.826,164.783,0.529,-0.849,313.821,38.966,0.916,0.402,313.821,38.966,0.916,0.402,288.774,212.274,0.848,-0.531,0.000,0.000,0,0
332.156,100.236,1.000,0.029,0,478.653,104.449,146.579,0,349.536,863.089,0,0,1009.424,277.804,59.640,83.516,-23.673,0.872,0.489,83.516,-23.673,0.872,0.489,15.628,158.682,0.529,-0.849,320.445,41.757,0.930,0.368,320.445,41.757,0.930,0.368,294.934,208.570,0.870,-0.493,0.000,0.000,0,0
332.156,100.236,1.000,0.029,0,495.096,104.922,163.038,0,349.536,863.089,0,0,1025.847,270.624,56.139,89.788,-20.160,0.872,0.489,89.788,-20.160,0.872,0.489,19.430,152.581,0.529,-0.849,327.161,44.320,0.941,0.339,327.161,44.320,0.941,0.339,301.243,205.125,0.888,-0.459,0.000,0.000,0,0
332.156,100.236,1.000,0.029,0,511.131,105.383,179.092,0,349.536,863.089,0,0,1041.864,263.444,53.580,96.059,-16.646,0.872,0.489,96.059,-16.646,0.872,0.489,23.232,146.480,0.529,-0.849,333.949,46.686,0.949,0.314,333.949,46.686,0.949,0.314,307.674,201.913,0.903,-0.429,0.000,0.000,0,0
332.156,100.236,1.000,0.029,0,526.769,105.833,194.752,0,349.536,863.089,0,0,1057.484,256.265,52.075,102.331,-13.132,0.872,0.489,102.331,-13.132,0.872,0.489,27.034,140.379,0.529,-0.849,340.794,48.882,0.956,0.293,340.794,48.882,0.956,0.293,314.206,198.913,0.916,-0.401,0.000,0.000,0,0
332.156,100.236,1.000,0.029,0,545.025,106.358,213.039,0,349.536,863.089,0,0,1075.720,247.651,51.752,109.857,-8.916,0.872,0.489,109.857,-8.916,0.872,0.489,31.596,133.058,0.529,-0.849,349.067,51.325,0.962,0.274,349.067,51.325,0.962,0.274,322.154,195.561,0.927,-0.376,0.000,0.000,0,0
332.156,100.236,1.000,0.029,0,559.669,106.779,227.705,0,349.536,863.089,0,0,1090.351,240.473,52.717,116.128,-5.402,0.872,0.489,116.128,-5.402,0.872,0.489,35.398,126.957,0.529,-0.849,356.001,53.221,0.966,0.257,356.001,53.221,0.966,0.257,328.854,192.955,0.935,-0.354,0.000,0.000,0,0
332.156,100.236,1.000,0.029,0,573.444,107.175,241.479,0,349.536,863.089,0,0,1104.119,233.296,54.724,122.400,-1.889,0.872,0.489,122.400,-1.889,0.872,0.489,39.200,120.856,0.529,-0.849,362.964,55.009,0.970,0.243,362.964,55.009,0.970,0.243,335.609,190.496,0.942,-0.334,0.000,0.000,0,0
332.156,100.236,1.000,0.029,0,586.827,107.560,254.863,0,349.536,863.089,0,0,1117.496,226.120,57.651,128.671,1.625,0.872,0.489,128.671,1.625,0.872,0.489,43.002,114.755,0.529,-0.849,369.950,56.702,0.973,0.231,369.950,56.702,0.973,0.231,342.411,188.170,0.949,-0.317,0.000,0.000,0,0
332.156,100.236,1.000,0.029,0,597.252,107.859,265.289,0,349.536,863.089,0,0,1127.918,220.379,60.561,133.688,4.436,0.872,0.489,133.688,4.436,0.872,0.489,46.044,109.874,0.529,-0.849,375.554,57.996,0.976,0.219,375.554,57.996,0.976,0.219,347.881,186.397,0.954,-0.300,0.000,0.000,0,0
332.156,100.236,1.000,0.029,0,609.942,108.224,277.980,0,349.536,863.089,0,0,1140.602,213.204,64.791,139.960,7.949,0.872,0.489,139.960,7.949,0.872,0.489,49.846,103.773,0.529,-0.849,382.574,59.543,0.978,0.209,382.574,59.543,0.978,0.209,354.752,184.281,0.958,-0.286,0.000,0.000,0,0
332.156,100.236,1.000,0.029,0,622.259,108.578,290.299,0,349.536,863.089,0,0,1152.915,206.030,69.560,146.232,11.463,0.872,0.489,146.232,11.463,0.872,0.489,53.648,97.672,0.529,-0.849,389.609,61.022,0.980,0.200,389.609,61.022,0.980,0.200,361.652,182.267,0.962,-0.272,0.000,0.000,0,0
332.156,100.236,1.000,0.029,0,634.214,108.922,302.256,0,349.536,863.089,0,0,1164.865,198.858,74.761,152.503,14.976,0.872,0.489,152.503,14.976,0.872,0.489,57.450,91.571,0.529,-0.849,396.657,62.437,0.981,0.192,396.657,62.437,0.981,0.192,368.580,180.348,0.966,-0.260,0.000,0.000,0,0
332.156,100.236,1.000,0.029,0,645.814,109.256,313.858,0,349.536,863.089,0,0,1176.462,191.686,80.304,158.775,18.490,0.872,0.489,158.775,18.490,0.872,0.489,61.252,85.470,0.529,-0.849,403.716,63.796,0.983,0.185,403.716,63.796,0.983,0.185,375.531,178.514,0.969,-0.248,0.000,0.000,0,0
39.000,287.000,0.897,0.443,0,659.280,109.643,645.172,0,657.618,622.353,0,0,1189.923,124.004,101.316,-85.000,286.000,0.000,0.000,-85.000,286.000,0.000,0.000,-296.000,285.000,0.000,0.000,140.000,279.000,0.000,0.000,140.000,279.000,0.000,0.000,290.700,275.300,0.000,0.000,0.000,0.000,0,0
39.000,287.000,0.897,0.443,0,670.133,109.955,655.529,0,657.619,622.354,0,0,1200.773,124.004,101.316,-85.000,286.000,0.000,0.000,-85.000,286.000,0.000,0.000,-296.000,285.000,0.000,0.000,140.000,279.000,0.000,0.000,140.000,279.000,0.000,0.000,290.700,275.300,0.000,0.000,0.000,0.000,0,0
39.000,287.000,0.897,0.443,0,669.807,110.135,655.160,0,657.619,622.354,0,0,1200.464,124.004,101.316,-85.000,286.000,0.000,0.000,-85.000,286.000,0.000,0.000,-296.000,285.000,0.000,0.000,140.000,279.000,0.000,0.000,140.000,279.000,0.000,0.000,290.700,275.300,0.000,0.000,0.000,0.000,0,0
39.000,287.000,0.897,0.443,0,669.806,110.399,655.082,0,657.619,622.354,0,0,1200.488,124.004,101.316,-85.000,286.000,0.000,0.000,-85.000,286.000,0.000,0.000,-296.000,285.000,0.000,0.000,140.000,279.000,0.000,0.000,140.000,279.000,0.000,0.000,290.700,275.300,0.000,0.000,0.000,0.000,0,0
39.000,287.000,0.897,0.443,0,669.806,110.613,655.020,0,657.619,622.354,0,0,1200.506,124.004,101.316,-85.000,286.000,0.000,0.000,-85.000,286.000,0.000,0.000,-296.000,285.000,0.000,0.000,140.000,279.000,0.000,0.000,140.000,279.000,0.000,0.000,290.700,275.300,0.000,0.000,0.000,0.000,0,0
39.000,281.245,0.997,0.078,0,669.806,110.780,653.447,0,656.338,620.007,0,0,1200.521,124.091,101.025,-85.000,286.000,0.000,0.000,-85.000,286.000,0.000,0.000,-296.000,285.000,0.000,0.000,140.000,279.000,0.000,0.000,140.000,279.000,0.000,0.000,290.700,275.300,0.000,0.000,0.000,-1.000,0,0
39.000,266.856,0.451,-0.892,0,669.806,110.984,649.791,0,653.346,614.339,0,0,1200.538,125.469,101.728,-85.000,286.000,0.000,0.000,-85.000,286.000,0.000,0.000,-296.000,285.000,0.000,0.000,140.000,279.000,0.000,0.000,140.000,279.000,0.000,0.000,290.700,275.300,0.000,0.000,0.000,-1.000,0,0
39.000,249.589,0.070,-0.998,0,669.806,111.223,645.814,0,650.159,607.916,0,0,1200.556,129.235,105.195,-85.000,286.000,0.000,0.000,-85.000,286.000,0.000,0.000,-296.000,285.000,0.000,0.000,140.000,279.000,0.000,0.000,140.000,279.000,0.000,0.000,290.700,275.300,0.000,0.000,0.000,-1.000,0,0
39.000,235.201,0.019,-1.000,0,669.806,111.417,642.847,0,647.842,602.889,0,0,1200.570,134.002,110.088,-85.000,286.000,0.000,0.000,-85.000,286.000,0.000,0.000,44.000,-93.000,0.000,0.000,140.000,279.000,0.000,0.000,140.000,279.000,0.000,0.000,290.700,275.300,0.000,0.000,0.000,-1.000,0,0
39.000,220.812,0.005,-1.000,0,669.806,111.605,640.200,0,645.838,598.167,0,0,1200.583,140.091,116.563,-85.000,286.000,0.000,0.000,-85.000,286.000,0.000,0.000,44.000,-93.000,0.000,0.000,140.000,279.000,0.000,0.000,140.000,279.000,0.000,0.000,290.700,275.300,0.000,0.000,0.000,-1.000,0,0
30.861,212.673,-0.440,-0.898,0,59.000,80.600,135.187,0,652.926,587.890,0,0,589.175,137.115,127.714,-85.000,286.000,0.000,0.000,-85.000,286.000,0.000,0.000,44.000,-93.000,0.000,0.000,140.000,279.000,0.000,0.000,140.000,279.000,0.000,0.000,290.700,275.300,0.000,0.000,-1.000,-1.000,0,0
18.651,200.463,-0.656,-0.754,0,59.000,80.600,126.641,0,663.791,572.562,0,0,589.172,134.388,144.546,-85.000,286.000,0.000,0.000,-85.000,286.000,0.000,0.000,44.000,-93.000,0.000,0.000,140.000,279.000,0.000,0.000,140.000,279.000,0.000,0.000,290.700,275.300,0.000,0.000,-1.000,-1.000,0,0
10.512,192.324,-0.690,-0.724,0,59.000,80.600,121.973,0,671.184,562.406,0,0,589.171,133.782,155.820,-85.000,286.000,0.000,0.000,-85.000,286.000,0.000,0.000,44.000,-93.000,0.000,0.000,140.000,279.000,0.000,0.000,140.000,279.000,0.000,0.000,290.700,275.300,0.000,0.000,-1.000,-1.000,0,0
-1.697,180.115,-0.703,-0.711,0,59.000,80.600,116.753,0,682.486,547.273,0,0,589.171,134.726,172.790,-85.000,286.000,0.000,0.000,-85.000,286.000,0.000,0.000,44.000,-93.000,0.000,0.000,140.000,279.000,0.000,0.000,140.000,279.000,0.000,0.000,108.800,-94.600,0.000,0.000,-1.000,-1.000,0,0
-11.872,169.940,-0.706,-0.708,0,59.000,80.600,114.230,0,692.093,534.760,0,0,589.171,137.177,186.973,-85.000,286.000,0.000,0.000,-85.000,286.000,0.000,0.000,44.000,-93.000,0.000,0.000,140.000,279.000,0.000,0.000,140.000,279.000,0.000,0.000,108.800,-94.600,0.000,0.000,-1.000,-1.000,0,0
-13.907,159.272,-0.418,-0.909,0,59.000,80.600,107.465,0,693.715,530.113,0,0,589.171,145.307,194.992,-85.000,286.000,0.000,0.000,-85.000,286.000,0.000,0.000,44.000,-93.000,0.000,0.000,140.000,279.000,0.000,0.000,140.000,279.000,0.000,0.000,108.800,-94.600,0.000,0.000,1.000,-1.000,0,0
-3.732,149.098,0.436,-0.900,0,59.000,80.600,93.120,0,683.305,537.657,0,0,589.171,159.206,193.736,-85.000,286.000,0.000,0.000,-85.000,286.000,0.000,0.000,44.000,-93.000,0.000,0.000,140.000,279.000,0.000,0.000,140.000,279.000,0.000,0.000,108.800,-94.600,0.000,0.000,1.000,-1.000,0,0
6.442,138.924,0.636,-0.771,0,59.000,80.600,78.791,0,673.043,545.477,0,0,589.171,173.185,193.544,-85.000,286.000,0.000,0.000,-85.000,286.000,0.000,0.000,44.000,-93.000,0.000,0.000,140.000,279.000,0.000,0.000,140.000,279.000,0.000,0.000,108.800,-94.600,0.000,0.000,1.000,-1.000,0,0
10.512,127.906,0.369,-0.929,0,59.000,80.600,68.066,0,669.048,547.406,0,0,589.171,184.705,198.989,-85.000,286.000,0.000,0.000,-85.000,286.000,0.000,0.000,44.000,-93.000,0.000,0.000,140.000,279.000,0.000,0.000,140.000,279.000,0.000,0.000,108.800,-94.600,0.000,0.000,-1.000,-1.000,0,0
0.337,117.732,-0.463,-0.887,0,59.000,80.600,69.743,0,679.444,535.657,0,0,589.171,188.671,213.338,-85.000,286.000,0.000,0.000,-85.000,286.000,0.000,0.000,44.000,-93.000,0.000,0.000,140.000,279.000,0.000,0.000,140.000,279.000,0.000,0.000,108.800,-94.600,0.000,0.000,-1.000,-1.000,0,0
-1.697,105.872,-0.138,-0.990,0,59.000,80.600,66.082,0,681.932,531.849,0,0,589.171,198.458,223.722,-85.000,286.000,0.000,0.000,-85.000,286.000,0.000,0.000,44.000,-93.000,0.000,0.000,140.000,279.000,0.000,0.000,140.000,279.000,0.000,0.000,108.800,-94.600,0.000,0.000,1.000,-1.000,0,0
11.848,103.837,0.845,-0.535,0,59.000,80.600,52.983,0,668.506,544.981,0,0,589.171,199.446,217.037,44.000,-93.000,0.000,0.000,44.000,-93.000,0.000,0.000,-85.000,286.000,0.000,0.000,140.000,279.000,0.000,0.000,140.000,279.000,0.000,0.000,108.800,-94.600,0.000,0.000,1.000,0.000,0,0
26.237,103.837,0.987,-0.158,0,59.000,80.600,40.711,0,654.140,559.237,0,0,589.171,197.637,208.864,44.000,-93.000,0.000,0.000,44.000,-93.000,0.000,0.000,-85.000,286.000,0.000,0.000,140.000,279.000,0.000,0.000,140.000,279.000,0.000,0.000,108.800,-94.600,0.000,0.000,1.000,0.000,0,0
40.626,103.837,0.999,-0.050,1,55.740,103.075,15.133,1,639.776,573.501,0,0,588.396,196.866,201.388,44.000,-93.000,0.000,0.000,44.000,-93.000,0.000,0.000,-85.000,286.000,0.000,0.000,140.000,279.000,0.000,0.000,140.000,279.000,0.000,0.000,108.800,-94.600,0.000,0.000,1.000,0.000,0,0
55.015,103.837,1.000,-0.014,1,70.146,103.633,15.133,1,625.412,587.770,0,0,602.758,197.145,194.691,44.000,-93.000,0.000,0.000,44.000,-93.000,0.000,0.000,-85.000,286.000,0.000,0.000,140.000,279.000,0.000,0.000,140.000,279.000,0.000,0.000,108.800,-94.600,0.000,0.000,1.000,0.000,0,0
69.403,103.837,1.000,-0.004,1,84.536,103.783,15.133,1,611.050,602.045,0,0,617.058,198.470,188.854,44.000,-93.000,0.000,0.000,44.000,-93.000,0.000,0.000,-85.000,286.000,0.000,0.000,140.000,279.000,0.000,0.000,140.000,279.000,0.000,0.000,108.800,-94.600,0.000,0.000,1.000,0.000,0,0
83.792,103.837,1.000,-0.001,1,98.925,103.822,15.133,1,596.689,616.325,0,0,631.348,200.819,183.960,44.000,-93.000,0.000,0.000,44.000,-93.000,0.000,0.000,-85.000,286.000,0.000,0.000,140.000,279.000,0.000,0.000,140.000,279.000,0.000,0.000,108.800,-94.600,0.000,0.000,1.000,0.000,0,0
98.181,103.837,1.000,0.000,1,113.314,103.833,15.133,1,582.330,630.611,0,0,645.640,204.158,180.086,44.000,-93.000,0.000,0.000,44.000,-93.000,0.000,0.000,-85.000,286.000,0.000,0.000,140.000,279.000,0.000,0.000,140.000,279.000,0.000,0.000,108.800,-94.600,0.000,0.000,1.000,0.000,0,0
112.569,103.837,1.000,0.000,1,127.703,103.836,15.133,1,567.972,644.901,0,0,659.934,208.439,177.298,44.000,-93.000,0.000,0.000,44.000,-93.000,0.000,0.000,-85.000,286.000,0.000,0.000,140.000,279.000,0.000,0.000,140.000,279.000,0.000,0.000,108.800,-94.600,0.000,0.000,1.000,0.000,0,0
123.587,111.977,0.892,0.453,1,137.081,118.826,15.133,1,556.541,656.800,0,0,671.053,219.885,167.828,44.000,-93.000,0.000,0.000,44.000,-93.000,0.000,0.000,-85.000,286.000,0.000,0.000,140.000,279.000,0.000,0.000,140.000,279.000,0.000,0.000,108.800,-94.600,0.000,0.000,0.000,1.000,0,0
123.587,126.365,0.306,0.952,1,128.216,140.773,15.133,1,556.056,658.731,0,0,665.536,233.356,153.515,44.000,-93.000,0.000,0.000,44.000,-93.000,0.000,0.000,-82.536,282.460,0.571,-0.821,140.000,279.000,0.000,0.000,140.000,279.000,0.000,0.000,287.480,272.431,-0.771,-0.637,0.000,1.000,0,0
123.587,140.754,0.088,0.996,1,124.914,155.829,15.133,1,555.944,660.970,0,0,664.945,243.421,139.217,-78.430,276.559,0.571,-0.821,-78.430,276.559,0.571,-0.821,44.000,-93.000,0.000,0.000,140.000,279.000,0.000,0.000,140.000,279.000,0.000,0.000,281.812,268.012,-0.813,-0.582,0.000,1.000,0,0
135.097,143.632,0.844,0.536,1,147.872,151.745,15.133,1,544.460,672.796,0,0,686.771,243.622,135.457,-73.503,269.478,0.571,-0.821,-73.503,269.478,0.571,-0.821,44.000,-93.000,0.000,0.000,140.000,279.000,0.000,0.000,140.000,279.000,0.000,0.000,274.876,262.889,-0.771,-0.637,1.000,0.000,0,0
149.486,143.632,0.987,0.158,1,164.429,146.023,15.133,1,530.079,686.982,0,0,702.111,249.593,135.700,-69.397,263.577,0.571,-0.821,-69.397,263.577,0.571,-0.821,44.000,-93.000,0.000,0.000,140.000,279.000,0.000,0.000,140.000,279.000,0.000,0.000,269.677,257.929,-0.697,-0.717,1.000,0.000,0,0
158.469,137.527,0.923,-0.386,1,172.431,131.690,15.133,1,521.070,694.879,0,0,707.821,255.260,142.673,-66.112,258.857,0.571,-0.821,-66.112,258.857,0.571,-0.821,44.000,-93.000,0.000,0.000,140.000,279.000,0.000,0.000,140.000,279.000,0.000,0.000,265.894,253.601,-0.608,-0.794,1.000,-1.000,0,0
160.503,125.667,0.411,-0.912,1,166.718,111.869,15.133,1,519.180,695.173,0,0,699.597,247.767,154.698,44.000,-93.000,0.000,0.000,44.000,-93.000,0.000,0.000,-62.006,252.956,0.571,-0.821,140.000,279.000,0.000,0.000,140.000,279.000,0.000,0.000,261.710,247.756,-0.573,-0.820,-1.000,-1.000,0,0
150.329,115.493,-0.441,-0.898,1,143.662,101.907,15.133,1,529.679,683.765,0,0,675.588,234.041,163.833,44.000,-93.000,0.000,0.000,44.000,-93.000,0.000,0.000,-57.900,247.055,0.571,-0.821,140.000,279.000,0.000,0.000,140.000,279.000,0.000,0.000,257.386,242.016,-0.630,-0.776,-1.000,-1.000,0,0
135.591,109.388,-0.899,-0.438,1,121.984,102.765,15.133,1,544.683,668.402,0,0,654.135,222.148,169.669,44.000,-93.000,0.000,0.000,44.000,-93.000,0.000,0.000,-52.973,239.974,0.571,-0.821,140.000,279.000,0.000,0.000,140.000,279.000,0.000,0.000,251.770,235.472,-0.684,-0.729,-1.000,0.000,0,0
124.080,109.388,-0.987,-0.163,1,109.148,106.928,15.133,1,556.174,656.976,0,0,641.862,214.564,170.357,-49.689,235.254,0.571,-0.821,-49.689,235.254,0.571,-0.821,44.000,-93.000,0.000,0.000,140.000,279.000,0.000,0.000,140.000,279.000,0.000,0.000,247.640,231.471,-0.744,-0.669,-1.000,0.000,0,0
111.028,119.563,-0.889,0.458,1,97.579,126.500,15.133,1,568.786,645.342,0,0,633.037,189.912,162.048,-44.761,228.173,0.571,-0.821,-44.761,228.173,0.571,-0.821,44.000,-93.000,0.000,0.000,140.000,279.000,0.000,0.000,140.000,279.000,0.000,0.000,240.947,226.039,-0.810,-0.586,-1.000,1.000,0,0
102.889,127.702,-0.784,0.621,0,88.006,136.790,17.439,0,576.716,638.466,0,0,625.239,175.909,155.783,-43.119,225.813,0.000,0.000,-43.119,225.813,0.000,0.000,-0.522,-70.755,0.872,0.489,140.000,279.000,0.000,0.000,140.000,279.000,0.000,0.000,236.130,222.899,-0.865,-0.503,-1.000,1.000,0,1
86.465,129.737,-0.977,0.213,0,68.689,149.905,26.885,0,593.100,622.562,0,0,608.640,161.315,158.573,-43.119,225.813,0.000,0.000,-43.119,225.813,0.000,0.000,7.004,-66.539,0.872,0.489,140.000,279.000,0.000,0.000,140.000,279.000,0.000,0.000,228.467,218.948,-0.910,-0.414,-1.000,-1.000,0,0
84.430,119.069,-0.681,-0.732,0,56.130,158.431,48.481,0,595.376,618.945,0,0,598.089,166.322,169.310,-43.119,225.813,0.000,0.000,-43.119,225.813,0.000,0.000,12.021,-63.728,0.872,0.489,140.000,279.000,0.000,0.000,140.000,279.000,0.000,0.000,223.129,216.813,-0.944,-0.330,0.000,-1.000,0,0
94.256,109.244,0.460,-0.888,0,37.757,170.905,83.634,0,585.958,627.366,0,0,583.018,180.167,159.961,-43.119,225.813,0.000,0.000,-43.119,225.813,0.000,0.000,19.547,-59.512,0.872,0.489,214.879,214.304,-0.968,-0.253,214.879,214.304,-0.968,-0.253,140.000,279.000,0.000,0.000,1.000,0.000,0,0
108.644,109.244,0.960,-0.279,0,22.863,181.017,111.852,0,571.592,641.640,0,0,571.140,184.838,143.405,25.818,-55.998,0.872,0.489,25.818,-55.998,0.872,0.489,-43.119,225.813,0.000,0.000,207.852,212.795,-0.983,-0.182,207.852,212.795,-0.983,-0.182,226.636,-12.961,-0.723,0.691,1.000,0.000,0,0
120.155,109.244,0.995,-0.101,0,11.214,188.926,134.980,0,560.100,653.063,0,0,562.075,185.369,131.417,30.836,-53.187,0.872,0.489,30.836,-53.187,0.872,0.489,-43.119,225.813,0.000,0.000,202.167,211.930,-0.993,-0.120,202.167,211.930,-0.993,-0.120,222.459,-9.009,-0.730,0.684,1.000,0.000,0,0
131.666,109.244,0.999,-0.033,0,-5.828,200.495,165.033,0,548.609,664.489,0,0,549.193,183.678,119.234,38.361,-48.971,0.872,0.489,38.361,-48.971,0.872,0.489,-43.119,225.813,0.000,0.000,193.578,211.143,-0.998,-0.064,193.578,211.143,-0.998,-0.064,216.137,-3.139,-0.736,0.677,-1.000,0.000,0,0
117.277,109.244,0.268,-0.963,0,-34.475,213.391,184.053,1,562.973,650.207,0,0,526.419,170.908,122.959,44.633,-45.457,0.872,0.489,44.633,-45.457,0.872,0.489,-43.119,225.813,0.000,0.000,186.394,210.939,-1.000,0.011,186.394,210.939,-1.000,0.011,210.802,1.678,-0.757,0.653,-1.000,0.000,0,0
105.767,109.244,-0.672,-0.741,0,-34.475,213.391,174.684,1,574.465,638.784,0,0,526.419,161.925,126.339,49.650,-42.647,0.872,0.489,49.650,-42.647,0.872,0.489,-43.119,225.813,0.000,0.000,180.643,211.003,-1.000,0.011,180.643,211.003,-1.000,0.011,206.448,5.436,-0.757,0.653,-1.000,0.000,0,0
91.378,109.244,-0.997,-0.080,0,-34.475,213.391,163.357,1,588.831,624.511,0,0,526.419,152.554,130.797,55.922,-39.133,0.872,0.489,55.922,-39.133,0.872,0.489,-43.119,225.813,0.000,0.000,173.455,211.082,-1.000,0.011,173.455,211.082,-1.000,0.011,201.007,10.133,-0.757,0.653,-1.000,0.000,0,0
80.361,117.383,-0.915,0.404,0,-34.475,213.391,149.682,1,599.497,614.679,0,0,526.419,154.077,127.179,62.193,-35.619,0.872,0.489,62.193,-35.619,0.872,0.489,-43.119,225.813,0.000,0.000,166.267,211.162,-1.000,0.011,166.267,211.162,-1.000,0.011,195.565,14.830,-0.757,0.653,-1.000,1.000,0,0
65.623,123.488,-0.954,0.301,0,-34.475,213.391,134.544,0,614.048,601.006,0,0,526.419,149.316,127.165,-43.119,225.813,0.000,0.000,-43.119,225.813,0.000,0.000,69.719,-31.403,0.872,0.489,157.641,211.258,-1.000,0.011,157.641,211.258,-1.000,0.011,189.035,20.467,-0.757,0.653,-1.000,0.000,1,0
66.815,130.435,-0.652,0.758,0,-23.222,197.219,112.101,0,612.733,603.291,0,0,531.704,145.541,116.190,-43.119,225.813,0.000,0.000,-43.119,225.813,0.000,0.000,75.991,-27.889,0.872,0.489,150.456,211.084,-0.998,-0.061,150.456,211.084,-0.998,-0.061,183.560,25.126,-0.766,0.643,1.000,1.000,1,0
74.605,132.470,0.175,0.985,0,-12.247,181.447,99.710,0,604.924,611.308,0,0,537.500,150.239,103.768,-43.119,225.813,0.000,0.000,-43.119,225.813,0.000,0.000,82.262,-24.376,0.872,0.489,143.322,210.224,-0.987,-0.161,143.322,210.224,-0.987,-0.161,177.998,29.680,-0.779,0.627,-1.000,0.000,0,0
63.094,132.470,-0.611,0.792,0,-3.663,169.111,76.153,0,616.431,599.964,0,0,542.463,141.400,106.875,-43.119,225.813,0.000,0.000,-43.119,225.813,0.000,0.000,87.279,-21.565,0.872,0.489,137.708,208.988,-0.962,-0.271,137.708,208.988,-0.962,-0.271,173.477,33.235,-0.793,0.609,-1.000,0.000,0,0
51.234,126.365,-0.981,-0.193,0,6.827,154.035,52.327,0,628.369,587.259,0,0,549.025,137.085,113.135,-43.119,225.813,0.000,0.000,-43.119,225.813,0.000,0.000,93.551,-18.051,0.872,0.489,130.899,206.697,-0.921,-0.391,130.899,206.697,-0.921,-0.391,167.727,37.549,-0.810,0.586,-1.000,-1.000,0,0
41.060,116.191,-0.822,-0.569,0,17.058,139.333,33.360,0,638.803,575.631,0,0,555.931,138.213,120.759,-43.119,225.813,0.000,0.000,-43.119,225.813,0.000,0.000,99.822,-14.538,0.872,0.489,124.448,203.536,-0.858,-0.513,124.448,203.536,-0.858,-0.513,161.851,41.689,-0.829,0.559,-1.000,-1.000,0,0
30.885,103.139,-0.659,-0.752,1,20.912,91.757,15.133,1,649.537,563.755,0,0,552.500,136.820,128.669,107.348,-10.321,0.872,0.489,107.348,-10.321,0.872,0.489,-43.119,225.813,0.000,0.000,118.198,197.649,-0.695,-0.719,118.198,197.649,-0.695,-0.719,154.035,45.280,-0.936,0.352,0.000,-1.000,0,0
30.885,88.750,-0.193,-0.981,1,27.961,73.902,15.133,1,650.465,562.092,0,0,557.843,126.397,123.422,113.620,-6.808,0.872,0.489,113.620,-6.808,0.872,0.489,-43.119,225.813,0.000,0.000,147.146,47.318,-0.971,0.240,147.146,47.318,-0.971,0.240,113.638,192.097,-0.600,-0.800,1.000,-1.000,0,0
39.868,82.646,0.592,-0.806,1,48.821,70.445,15.133,1,642.008,570.438,0,0,578.389,117.096,107.231,118.637,-3.997,0.872,0.489,118.637,-3.997,0.872,0.489,-43.119,225.813,0.000,0.000,141.520,48.510,-0.973,0.230,141.520,48.510,-0.973,0.230,110.533,187.262,-0.467,-0.884,1.000,0.000,0,0
54.256,82.646,0.966,-0.258,1,68.877,78.742,15.133,1,627.679,584.763,0,0,598.999,109.097,86.541,124.908,-0.483,0.872,0.489,124.908,-0.483,0.872,0.489,-41.477,223.452,0.571,-0.821,134.671,50.665,-0.920,0.392,134.671,50.665,-0.920,0.392,107.512,180.744,-0.354,-0.935,1.000,1.000,0,0
62.396,93.663,0.846,0.534,1,75.193,101.741,15.133,1,618.689,593.931,0,0,607.542,113.778,76.944,131.180,3.030,0.872,0.489,131.180,3.030,0.872,0.489,-37.371,217.552,0.571,-0.821,128.583,54.424,-0.748,0.663,128.583,54.424,-0.748,0.663,104.995,174.010,-0.381,-0.924,-1.000,1.000,0,0
52.223,103.836,-0.322,0.947,1,47.352,118.164,15.133,1,628.199,585.001,0,0,582.145,129.343,80.693,137.451,6.544,0.872,0.489,137.451,6.544,0.872,0.489,-33.265,211.651,0.571,-0.821,101.164,167.992,-0.734,-0.679,101.164,167.992,-0.734,-0.679,123.188,59.174,-0.789,0.614,-1.000,1.000,0,0
42.049,114.010,-0.610,0.792,1,32.817,126.002,15.133,1,637.893,576.290,0,0,569.042,116.132,72.904,-29.159,205.750,0.571,-0.821,-29.159,205.750,0.571,-0.821,143.723,10.057,0.872,0.489,95.497,163.591,-0.858,-0.514,95.497,163.591,-0.858,-0.514,117.457,63.513,-0.805,0.594,-1.000,1.000,0,0
31.874,124.184,-0.681,0.732,1,21.567,135.264,15.133,1,647.762,567.811,0,0,559.610,94.688,67.690,-25.053,199.849,0.571,-0.821,-25.053,199.849,0.571,-0.821,149.994,13.571,0.872,0.489,89.082,160.368,-0.937,-0.349,89.082,160.368,-0.937,-0.349,111.682,67.794,-0.800,0.599,-1.000,1.000,0,0
25.770,136.044,-0.508,0.861,1,18.078,149.077,15.133,1,653.723,563.883,0,0,558.941,74.400,60.674,-20.947,193.949,0.571,-0.821,-20.947,193.949,0.571,-0.821,156.266,17.085,0.872,0.489,82.188,158.366,-0.990,-0.143,82.188,158.366,-0.990,-0.143,105.975,72.165,-0.753,0.659,0.000,1.000,0,0
25.770,153.311,-0.116,0.993,1,24.019,168.342,15.133,1,653.901,567.356,0,0,569.089,53.595,48.097,-16.019,186.868,0.571,-0.821,-16.019,186.868,0.571,-0.821,163.792,21.301,0.872,0.489,73.602,158.349,-0.990,0.140,73.602,158.349,-0.990,0.140,99.918,78.295,-0.659,0.752,0.000,1.000,0,0
25.770,167.699,-0.032,0.999,1,25.286,182.825,15.133,1,654.399,570.634,0,0,573.982,39.951,41.639,-11.913,180.967,0.571,-0.821,-11.913,180.967,0.571,-0.821,170.063,24.815,0.872,0.489,66.797,160.588,-0.907,0.422,66.797,160.588,-0.907,0.422,95.483,83.950,-0.591,0.807,0.000,1.000,0,0
25.770,179.210,-0.011,1.000,1,25.603,194.343,15.133,1,655.024,573.502,0,0,577.440,34.526,39.386,-8.629,176.247,0.571,-0.821,-8.629,176.247,0.571,-0.821,175.080,27.625,0.872,0.489,61.972,163.698,-0.765,0.644,61.972,163.698,-0.765,0.644,92.254,88.708,-0.534,0.846,0.000,1.000,0,0
25.770,193.599,-0.003,1.000,1,25.722,208.732,15.133,1,656.088,577.391,0,0,581.790,38.188,39.819,-4.523,170.346,0.571,-0.821,-4.523,170.346,0.571,-0.821,181.352,31.139,0.872,0.489,56.912,168.786,-0.615,0.788,56.912,168.786,-0.615,0.788,88.566,94.877,-0.483,0.875,1.000,1.000,0,0
36.787,201.738,0.577,0.817,1,45.522,214.096,15.133,1,645.869,590.269,0,0,602.276,52.677,31.496,-0.417,164.445,0.571,-0.821,-0.417,164.445,0.571,-0.821,187.624,34.653,0.872,0.489,53.572,175.088,-0.202,0.979,53.572,175.088,-0.202,0.979,85.514,101.378,-0.334,0.942,1.000,0.000,0,0
51.176,201.738,0.970,0.245,0,48.292,196.479,5.998,2,631.556,604.051,0,0,599.814,64.193,19.627,3.689,158.544,0.571,-0.821,3.689,158.544,0.571,-0.821,193.895,38.166,0.872,0.489,53.414,182.239,0.031,1.000,53.414,182.239,0.031,1.000,83.148,108.157,-0.367,0.930,1.000,0.000,0,0
65.564,201.739,0.997,0.074,0,48.516,203.665,17.157,2,617.248,617.861,0,0,602.052,75.813,17.143,7.795,152.644,0.571,-0.821,7.795,152.644,0.571,-0.821,200.167,41.680,0.872,0.489,53.638,189.425,0.031,1.000,53.638,189.425,0.031,1.000,80.588,114.875,-0.340,0.941,1.000,0.000,0,0
82.831,201.739,1.000,0.016,0,48.785,212.287,35.643,2,600.082,634.467,0,0,604.838,89.838,29.159,12.723,145.563,0.571,-0.821,12.723,145.563,0.571,-0.821,207.692,45.896,0.872,0.489,53.907,198.047,0.031,1.000,53.907,198.047,0.031,1.000,77.770,123.028,-0.314,0.949,1.000,0.000,0,0
94.342,201.739,1.000,0.005,0,48.964,218.035,48.216,2,588.642,645.556,0,0,606.757,99.220,40.308,16.007,140.842,0.571,-0.821,16.007,140.842,0.571,-0.821,212.710,48.707,0.872,0.489,54.086,203.795,0.031,1.000,54.086,203.795,0.031,1.000,76.036,128.511,-0.289,0.957,1.000,0.000,0,0
108.731,201.739,1.000,0.001,0,46.365,226.236,67.004,0,574.346,659.439,0,0,606.875,111.036,55.372,20.934,133.761,0.571,-0.821,20.934,133.761,0.571,-0.821,220.235,52.923,0.872,0.489,54.379,212.321,0.031,1.000,54.379,212.321,0.031,1.000,73.555,136.773,-0.290,0.957,0.000,0.000,0,0
97.220,201.739,0.646,-0.764,0,44.061,232.195,61.265,0,585.782,648.331,0,0,606.643,103.285,46.173,25.040,127.861,0.571,-0.821,25.040,127.861,0.571,-0.821,226.507,56.437,0.872,0.489,54.602,219.506,0.031,1.000,54.602,219.506,0.031,1.000,71.451,143.647,-0.295,0.956,-1.000,0.000,0,0
82.831,201.739,-0.541,-0.841,0,41.814,238.006,54.753,0,600.082,634.467,0,0,606.478,96.159,37.510,29.146,121.960,0.571,-0.821,29.146,121.960,0.571,-0.821,232.778,59.951,0.872,0.489,54.825,226.692,0.031,1.000,54.825,226.692,0.031,1.000,69.314,150.510,-0.299,0.954,-1.000,1.000,0,0
74.691,209.878,-0.998,0.065,0,40.057,242.552,47.619,0,609.082,628.902,0,0,606.393,101.823,29.944,32.431,117.239,0.571,-0.821,32.431,117.239,0.571,-0.821,237.796,62.761,0.872,0.489,55.003,232.440,0.031,1.000,55.003,232.440,0.031,1.000,67.583,155.994,-0.303,0.953,-1.000,1.000,0,0
64.517,220.052,-0.780,0.626,0,37.909,248.107,38.681,0,620.447,622.176,0,0,606.339,112.257,21.666,36.537,111.339,0.571,-0.821,36.537,111.339,0.571,-0.821,244.067,66.275,0.872,0.489,55.226,239.625,0.031,1.000,55.226,239.625,0.031,1.000,65.393,162.842,-0.307,0.952,-1.000,1.000,0,0
52.308,232.262,-0.726,0.688,0,50.371,262.487,30.288,2,634.249,614.452,0,0,623.213,128.462,16.300,41.464,104.258,0.571,-0.821,41.464,104.258,0.571,-0.821,251.593,70.491,0.872,0.489,55.494,248.247,0.031,1.000,55.494,248.247,0.031,1.000,63.058,171.128,-0.140,0.990,-1.000,1.000,0,0
42.133,242.436,-0.712,0.702,0,50.594,269.672,28.521,2,645.877,608.315,0,0,626.124,144.120,18.799,45.570,98.357,0.571,-0.821,45.570,98.357,0.571,-0.821,257.864,74.005,0.872,0.489,55.717,255.432,0.031,1.000,55.717,255.432,0.031,1.000,62.106,178.253,-0.127,0.992,-1.000,1.000,0,0
33.151,248.540,-0.827,0.562,0,50.773,275.421,32.141,2,655.742,602.085,0,0,628.503,155.698,26.020,48.855,93.637,0.571,-0.821,48.855,93.637,0.571,-0.821,262.882,76.816,0.872,0.489,55.895,261.181,0.031,1.000,55.895,261.181,0.031,1.000,61.408,183.962,-0.116,0.993,-1.000,0.000,0,0
15.885,248.540,-0.990,0.143,0,51.040,284.043,49.963,2,672.762,586.025,0,0,632.153,166.359,45.545,53.782,86.556,0.571,-0.821,53.782,86.556,0.571,-0.821,270.408,81.032,0.872,0.489,56.162,269.803,0.031,1.000,56.162,269.803,0.031,1.000,60.459,192.536,-0.104,0.995,-1.000,-1.000,0,0
5.710,238.366,-0.863,-0.505,0,46.032,289.472,65.097,0,681.223,572.832,0,0,629.776,166.118,63.676,57.888,80.655,0.571,-0.821,57.888,80.655,0.571,-0.821,-296.000,285.000,0.000,0.000,56.406,276.897,0.031,1.000,56.406,276.897,0.031,1.000,60.459,192.536,0.000,0.000,-1.000,-1.000,0,0
-5.801,238.366,-0.977,-0.214,0,42.291,293.334,73.036,0,692.607,562.123,0,0,627.970,175.697,76.501,61.173,75.934,0.571,-0.821,61.173,75.934,0.571,-0.821,-296.000,285.000,0.000,0.000,56.583,282.645,0.031,1.000,56.583,282.645,0.031,1.000,60.459,192.536,0.000,0.000,-1.000,0.000,0,0
-17.661,244.471,-0.925,0.379,0,37.720,298.054,77.060,0,705.237,553.450,0,0,625.817,193.151,87.193,65.279,70.034,0.571,-0.821,65.279,70.034,0.571,-0.821,-296.000,285.000,0.000,0.000,56.805,289.831,0.031,1.000,56.805,289.831,0.031,1.000,60.459,192.536,0.000,0.000,-1.000,1.000,0,0
-27.835,254.645,-0.787,0.617,0,33.262,302.657,77.707,0,716.880,548.156,0,0,623.774,213.884,94.851,69.385,64.133,0.571,-0.821,69.385,64.133,0.571,-0.821,-296.000,285.000,0.000,0.000,57.026,297.016,0.031,1.000,57.026,297.016,0.031,1.000,60.459,192.536,0.000,0.000,-1.000,1.000,0,0
-40.044,266.854,-0.726,0.688,0,28.057,308.031,79.591,0,730.981,542.239,0,0,621.461,238.944,104.779,74.312,57.052,0.571,-0.821,74.312,57.052,0.571,-0.821,-296.000,285.000,0.000,0.000,57.292,305.638,0.031,1.000,57.292,305.638,0.031,1.000,60.459,192.536,0.000,0.000,-1.000,1.000,0,0
-50.219,277.029,-0.712,0.702,0,23.838,312.387,82.082,0,742.834,537.682,0,0,619.644,245.911,113.523,-296.000,285.000,0.000,0.000,-296.000,285.000,0.000,0.000,78.418,51.152,0.571,-0.821,57.514,312.823,0.031,1.000,57.514,312.823,0.031,1.000,60.459,192.536,0.000,0.000,-1.000,1.000,0,0
-52.253,286.011,-0.340,0.941,0,20.538,315.794,78.678,0,746.562,540.060,0,0,618.259,243.749,114.665,-296.000,285.000,0.000,0.000,-296.000,285.000,0.000,0.000,81.703,46.431,0.571,-0.821,57.691,318.572,0.031,1.000,57.691,318.572,0.031,1.000,60.459,192.536,0.000,0.000,1.000,1.000,0,0
-42.079,296.186,0.440,0.898,0,16.506,319.958,63.286,0,738.708,553.844,0,0,616.611,254.167,104.273,-296.000,285.000,0.000,0.000,-296.000,285.000,0.000,0.000,85.809,40.530,0.571,-0.821,57.913,325.757,0.031,1.000,57.913,325.757,0.031,1.000,60.459,192.536,0.000,0.000,1.000,1.000,0,0
-29.870,308.395,0.655,0.756,0,11.798,324.819,44.938,0,729.547,570.425,0,0,614.749,267.156,91.802,-296.000,285.000,0.000,0.000,-296.000,285.000,0.000,0.000,90.736,33.450,0.571,-0.821,58.178,334.379,0.031,1.000,58.178,334.379,0.031,1.000,60.459,192.536,0.000,0.000,1.000,1.000,0,0
-19.696,318.569,0.693,0.721,1,-9.211,329.482,15.133,1,722.139,584.273,0,0,598.783,278.336,81.411,-296.000,285.000,0.000,0.000,-296.000,285.000,0.000,0.000,88.519,40.288,-0.308,0.951,58.400,341.564,0.031,1.000,58.400,341.564,0.031,1.000,60.459,192.536,0.000,0.000,1.000,0.000,0,0
-5.307,318.569,0.975,0.223,1,9.447,321.937,15.133,1,708.220,596.833,0,0,611.391,286.485,70.694,86.301,47.126,-0.308,0.951,86.301,47.126,-0.308,0.951,-296.000,285.000,0.000,0.000,58.622,348.749,0.031,1.000,58.622,348.749,0.031,1.000,60.459,192.536,0.000,0.000,1.000,0.000,0,0
4.518,314.499,0.961,-0.277,1,19.057,310.301,15.133,1,697.686,603.533,0,0,614.479,273.852,66.916,84.527,52.596,-0.308,0.951,84.527,52.596,-0.308,0.951,-296.000,285.000,0.000,0.000,61.163,350.123,0.853,-0.522,61.163,350.123,0.853,-0.522,59.006,196.597,0.000,0.000,1.000,-1.000,0,0
8.588,301.796,0.553,-0.833,1,16.956,289.187,15.133,1,690.626,601.298,0,0,603.272,253.326,73.713,82.310,59.434,-0.308,0.951,82.310,59.434,-0.308,0.951,-296.000,285.000,0.000,0.000,67.296,346.372,0.853,-0.522,67.296,346.372,0.853,-0.522,56.525,203.341,0.000,0.000,0.000,-1.000,0,0
12.658,286.216,0.414,-0.910,1,18.923,272.440,15.133,1,683.123,598.118,0,0,598.092,228.611,83.314,79.649,67.640,-0.308,0.951,79.649,67.640,-0.308,0.951,-296.000,285.000,0.000,0.000,74.655,341.871,0.853,-0.522,74.655,341.871,0.853,-0.522,52.354,210.883,0.000,0.000,1.000,-1.000,0,0
22.832,276.041,0.633,-0.774,1,32.409,264.324,15.133,1,671.030,603.124,0,0,607.284,208.827,64.352,77.431,74.478,-0.308,0.951,77.431,74.478,-0.308,0.951,-296.000,285.000,0.000,0.000,49.322,217.394,0.000,0.000,49.322,217.394,0.000,0.000,80.787,338.120,0.853,-0.522,1.000,-1.000,0,0
28.937,267.059,0.606,-0.796,1,38.106,255.020,15.133,1,663.251,605.143,0,0,609.060,192.855,47.971,75.657,79.949,-0.308,0.951,75.657,79.949,-0.308,0.951,-296.000,285.000,0.000,0.000,47.673,222.898,0.000,0.000,47.673,222.898,0.000,0.000,85.693,335.119,0.853,-0.522,-1.000,-1.000,0,0
16.728,254.850,-0.449,-0.893,0,42.722,237.702,31.141,2,672.999,589.177,0,0,607.239,175.936,44.693,72.996,88.154,-0.308,0.951,72.996,88.154,-0.308,0.951,-296.000,285.000,0.000,0.000,49.002,223.934,0.000,0.000,49.002,223.934,0.000,0.000,93.052,330.618,0.853,-0.522,-1.000,-1.000,0,0
5.217,254.850,-0.922,-0.387,0,47.217,234.115,46.840,2,684.334,578.551,0,0,610.262,174.213,59.342,71.222,93.625,-0.308,0.951,71.222,93.625,-0.308,0.951,-296.000,285.000,0.000,0.000,53.497,220.347,0.000,0.000,53.497,220.347,0.000,0.000,97.958,327.618,0.853,-0.522,-1.000,0.000,0,0
-9.172,254.850,-0.994,-0.111,0,56.614,251.432,65.875,0,698.512,565.317,0,0,625.023,173.051,78.633,69.004,100.463,-0.308,0.951,69.004,100.463,-0.308,0.951,-296.000,285.000,0.000,0.000,59.116,215.863,0.782,-0.624,59.116,215.863,0.782,-0.624,97.958,327.618,0.000,0.000,-1.000,0.000,0,0
-26.439,254.850,-1.000,-0.027,0,67.585,271.647,95.512,0,715.536,549.514,0,0,642.588,173.140,102.407,66.343,108.669,-0.308,0.951,66.343,108.669,-0.308,0.951,-296.000,285.000,0.000,0.000,65.859,210.482,0.782,-0.624,65.859,210.482,0.782,-0.624,97.958,327.618,0.000,0.000,-1.000,0.000,0,0
-37.949,254.850,-1.000,-0.009,0,74.717,284.790,116.577,0,726.892,539.028,0,0,654.187,174.096,118.445,64.569,114.139,-0.308,0.951,64.569,114.139,-0.308,0.951,-296.000,285.000,0.000,0.000,70.354,206.895,0.782,-0.624,70.354,206.895,0.782,-0.624,101.638,325.367,0.853,-0.522,-1.000,-1.000,0,0
-46.089,243.832,-0.802,-0.597,0,83.433,300.852,141.520,0,733.252,527.092,0,0,668.542,163.868,128.898,62.352,120.977,-0.308,0.951,62.352,120.977,-0.308,0.951,-296.000,285.000,0.000,0.000,75.973,202.411,0.782,-0.624,75.973,202.411,0.782,-0.624,107.770,321.616,0.853,-0.522,0.000,-1.000,0,0
-37.949,232.815,0.198,-0.980,0,108.781,332.105,177.167,2,723.674,530.252,0,0,704.601,143.685,124.528,60.134,127.816,-0.308,0.951,60.134,127.816,-0.308,0.951,-296.000,285.000,0.000,0.000,81.592,197.927,0.782,-0.624,81.592,197.927,0.782,-0.624,113.903,317.865,0.853,-0.522,1.000,-1.000,0,0
-21.526,230.780,0.934,-0.358,0,116.140,327.604,168.305,2,707.129,544.716,0,0,709.364,123.370,116.323,57.473,136.021,-0.308,0.951,57.473,136.021,-0.308,0.951,-296.000,285.000,0.000,0.000,88.334,192.547,0.782,-0.624,88.334,192.547,0.782,-0.624,121.262,313.364,0.853,-0.522,1.000,0.000,0,0
-9.666,236.885,0.967,0.255,0,122.272,323.853,158.023,2,696.218,557.986,0,0,713.389,114.261,114.545,55.255,142.859,-0.308,0.951,55.255,142.859,-0.308,0.951,-296.000,285.000,0.000,0.000,93.953,188.063,0.782,-0.624,93.953,188.063,0.782,-0.624,127.394,309.613,0.853,-0.522,1.000,1.000,0,0
-1.526,245.024,0.827,0.562,0,127.178,320.853,149.381,2,689.382,568.570,0,0,716.644,111.246,116.881,53.481,148.330,-0.308,0.951,53.481,148.330,-0.308,0.951,-296.000,285.000,0.000,0.000,98.448,184.476,0.782,-0.624,98.448,184.476,0.782,-0.624,140.000,279.000,0.000,0.000,1.000,1.000,0,0
8.648,255.199,0.744,0.668,0,133.311,317.102,139.186,2,681.015,581.850,0,0,720.757,108.730,121.495,51.264,155.168,-0.308,0.951,51.264,155.168,-0.308,0.951,-296.000,285.000,0.000,0.000,104.067,179.992,0.782,-0.624,104.067,179.992,0.782,-0.624,140.000,279.000,0.000,0.000,1.000,1.000,0,0
20.857,267.408,0.715,0.699,0,137.726,311.757,125.001,0,671.243,597.853,0,0,722.717,107.671,119.705,48.603,163.374,-0.308,0.951,48.603,163.374,-0.308,0.951,-296.000,285.000,0.000,0.000,140.000,279.000,0.000,0.000,140.000,279.000,0.000,0.000,145.802,298.315,0.853,-0.521,1.000,1.000,0,0
28.997,275.548,0.710,0.704,0,136.968,306.624,112.354,0,664.898,608.560,0,0,720.035,108.183,111.057,46.829,168.844,-0.308,0.951,46.829,168.844,-0.308,0.951,-296.000,285.000,0.000,0.000,140.000,279.000,0.000,0.000,140.000,279.000,0.000,0.000,150.709,295.316,0.853,-0.521,1.000,1.000,0,0
39.171,285.722,0.708,0.706,0,136.040,300.349,97.968,0,657.164,621.985,0,0,716.793,110.174,101.053,44.611,175.683,-0.308,0.951,44.611,175.683,-0.308,0.951,-296.000,285.000,0.000,0.000,140.000,279.000,0.000,0.000,140.000,279.000,0.000,0.000,156.843,291.567,0.853,-0.521,1.000,1.000,0,0
51.380,297.931,0.707,0.707,0,134.377,294.037,83.090,0,648.183,638.150,0,0,712.892,114.432,90.629,41.950,183.888,-0.308,0.951,41.950,183.888,-0.308,0.951,-296.000,285.000,0.000,0.000,140.007,278.986,0.460,-0.888,140.007,278.986,0.460,-0.888,164.204,287.069,0.853,-0.521,1.000,1.000,0,0
59.520,306.071,0.707,0.707,0,131.448,293.040,73.103,0,642.384,648.958,0,0,709.798,118.365,84.946,41.563,189.076,0.654,0.756,41.563,189.076,0.654,0.756,-296.000,285.000,0.000,0.000,140.023,278.956,0.460,-0.888,140.023,278.956,0.460,-0.888,169.111,284.071,0.853,-0.521,1.000,0.000,0,0
73.908,306.071,0.970,0.243,0,127.869,291.821,55.822,0,628.513,662.013,0,0,706.015,114.912,71.460,46.233,194.541,0.643,0.766,46.233,194.541,0.643,0.766,404.096,170.134,-0.983,-0.185,140.023,278.954,0.000,0.000,140.023,278.954,0.000,0.000,175.245,280.322,0.853,-0.521,1.000,0.000,0,0
91.175,306.071,0.998,0.055,0,123.690,290.398,36.135,0,611.899,677.750,0,0,701.596,112.052,55.870,51.726,201.193,0.631,0.776,51.726,201.193,0.631,0.776,395.618,168.540,-0.983,-0.185,140.023,278.954,0.000,0.000,140.023,278.954,0.000,0.000,172.345,272.198,-0.336,-0.942,1.000,0.000,0,0
102.686,306.071,1.000,0.021,1,117.816,306.392,15.133,1,600.844,688.282,0,0,702.297,110.936,46.145,54.974,205.919,0.530,0.848,54.974,205.919,0.530,0.848,389.966,167.478,-0.983,-0.185,140.023,278.954,0.000,0.000,140.023,278.954,0.000,0.000,170.411,266.782,-0.336,-0.942,1.000,0.000,0,0
117.075,306.071,1.000,0.005,0,129.293,268.283,39.714,2,587.049,701.490,0,0,699.023,110.817,35.524,59.564,211.345,0.775,0.632,59.564,211.345,0.775,0.632,382.901,166.150,-0.983,-0.185,140.023,278.954,0.000,0.000,140.023,278.954,0.000,0.000,167.994,260.012,-0.336,-0.942,1.000,0.000,0,0
131.463,306.071,1.000,0.002,0,129.293,268.283,37.850,2,573.284,714.744,0,0,699.023,111.947,28.435,65.132,215.892,0.775,0.632,65.132,215.892,0.775,0.632,375.836,164.822,-0.983,-0.185,140.023,278.954,0.000,0.000,140.023,278.954,0.000,0.000,165.577,253.241,-0.336,-0.942,1.000,1.000,0,0
141.638,316.245,0.865,0.502,0,129.293,268.283,49.525,2,566.689,728.069,0,0,699.023,119.210,37.326,70.700,220.439,0.775,0.632,70.700,220.439,0.775,0.632,368.771,163.494,-0.983,-0.185,140.023,278.954,0.000,0.000,140.023,278.954,0.000,0.000,163.159,246.471,-0.336,-0.942,1.000,1.000,0,0
156.375,322.350,0.932,0.363,0,129.293,268.283,60.470,2,554.725,744.016,0,0,699.023,124.674,46.374,77.382,225.895,0.775,0.632,77.382,225.895,0.775,0.632,360.293,161.900,-0.983,-0.185,140.023,278.954,0.000,0.000,140.023,278.954,0.000,0.000,160.259,238.347,-0.336,-0.942,1.000,0.000,0,0
167.886,322.350,0.992,0.129,0,129.293,268.283,66.428,2,543.888,754.618,0,0,699.023,126.569,51.570,81.836,229.532,0.775,0.632,81.836,229.532,0.775,0.632,354.641,160.838,-0.983,-0.185,140.023,278.954,0.000,0.000,140.023,278.954,0.000,0.000,158.325,232.931,-0.336,-0.942,0.000,0.000,0,0
156.375,322.350,0.568,0.823,0,129.293,268.283,60.470,2,554.725,744.016,0,0,699.023,112.021,46.374,87.405,234.079,0.775,0.632,87.405,234.079,0.775,0.632,347.576,159.510,-0.983,-0.185,140.023,278.954,0.000,0.000,140.023,278.954,0.000,0.000,155.908,226.161,-0.336,-0.942,-1.000,0.000,0,0
141.987,322.350,-0.685,0.729,0,129.293,268.283,55.537,2,568.309,730.803,0,0,699.023,97.016,43.440,92.973,238.626,0.775,0.632,92.973,238.626,0.775,0.632,340.511,158.182,-0.983,-0.185,140.023,278.954,0.000,0.000,140.023,278.954,0.000,0.000,153.491,219.391,-0.336,-0.942,-1.000,0.000,0,0
127.598,322.350,-0.996,0.092,0,129.293,268.283,54.093,2,581.932,717.635,0,0,699.023,84.341,45.139,98.541,243.173,0.775,0.632,98.541,243.173,0.775,0.632,333.446,156.854,-0.983,-0.185,140.023,278.954,0.000,0.000,140.023,278.954,0.000,0.000,151.074,212.621,-0.336,-0.942,-1.000,0.000,0,0
114.052,320.315,-0.997,-0.075,0,115.831,257.291,63.049,1,594.162,704.443,0,0,682.656,73.273,48.838,104.109,247.719,-0.886,0.463,104.109,247.719,-0.886,0.463,326.381,155.526,-0.983,-0.185,140.023,278.954,0.000,0.000,140.023,278.954,0.000,0.000,148.657,205.851,-0.336,-0.942,-1.000,-1.000,0,0
101.843,308.106,-0.813,-0.582,0,92.796,266.396,42.680,1,602.225,688.326,0,0,664.149,56.649,48.037,96.463,251.713,-0.886,0.463,96.463,251.713,-0.886,0.463,317.904,153.932,-0.983,-0.185,140.023,278.954,0.000,0.000,140.023,278.954,0.000,0.000,145.756,197.727,-0.336,-0.942,-1.000,-1.000,0,0
93.704,299.966,-0.745,-0.667,0,78.947,263.025,39.779,1,607.813,677.613,0,0,650.012,45.650,50.863,91.365,254.376,-0.886,0.463,91.365,254.376,-0.886,0.463,312.252,152.870,-0.983,-0.185,140.023,278.954,0.000,0.000,140.023,278.954,0.000,0.000,143.822,192.311,-0.336,-0.942,-1.000,-1.000,0,0
83.529,289.792,-0.719,-0.695,0,71.813,265.139,27.296,1,615.030,664.260,0,0,644.120,32.121,57.524,84.994,257.704,-0.886,0.463,84.994,257.704,-0.886,0.463,305.187,151.542,-0.983,-0.185,140.023,278.954,0.000,0.000,140.023,278.954,0.000,0.000,141.405,185.540,-0.336,-0.942,-1.000,-1.000,0,0
73.355,279.617,-0.710,-0.704,0,65.266,268.148,14.035,1,622.496,650.950,0,0,639.139,19.317,66.672,78.622,261.032,-0.886,0.463,78.622,261.032,-0.886,0.463,298.122,150.214,-0.983,-0.185,140.023,278.954,0.000,0.000,140.023,278.954,0.000,0.000,138.988,178.770,-0.336,-0.942,-1.000,-1.000,0,0
61.495,273.513,-0.885,-0.465,0,58.851,271.395,3.387,1,632.710,637.662,0,0,634.413,14.122,78.717,72.250,264.361,-0.886,0.463,72.250,264.361,-0.886,0.463,291.057,148.886,-0.983,-0.185,140.023,278.954,0.000,0.000,140.023,278.954,0.000,0.000,136.571,172.000,-0.336,-0.942,-1.000,0.000,0,0
47.106,273.513,-0.989,-0.148,0,52.468,274.702,5.493,1,646.767,624.384,0,0,629.786,19.655,93.077,65.878,267.689,-0.886,0.463,65.878,267.689,-0.886,0.463,283.992,147.558,-0.983,-0.185,140.023,278.954,0.000,0.000,140.023,278.954,0.000,0.000,134.154,165.230,-0.336,-0.942,-1.000,0.000,0,0
29.840,273.513,-0.999,-0.032,0,44.819,278.691,15.849,1,663.655,608.518,0,0,624.316,28.451,110.318,58.232,271.683,-0.886,0.463,58.232,271.683,-0.886,0.463,275.514,145.965,-0.983,-0.185,140.023,278.954,0.000,0.000,140.023,278.954,0.000,0.000,131.253,157.106,-0.336,-0.942,-1.000,0.000,0,0
15.451,273.513,-1.000,-0.009,0,38.447,282.018,24.518,1,677.742,595.355,0,0,619.815,36.440,124.691,51.860,275.011,-0.886,0.463,51.860,275.011,-0.886,0.463,268.449,144.637,-0.983,-0.185,140.023,278.954,0.000,0.000,140.023,278.954,0.000,0.000,128.836,150.336,-0.336,-0.942,-1.000,0.000,0,0
1.062,273.513,-1.000,-0.003,0,34.936,276.472,34.003,1,691.842,582.251,0,0,614.370,48.945,139.068,49.987,274.895,0.678,-0.735,49.987,274.895,0.678,-0.735,261.384,143.309,-0.983,-0.185,140.023,278.954,0.000,0.000,140.023,278.954,0.000,0.000,126.419,143.566,-0.336,-0.942,-1.000,0.000,0,0
-13.326,273.513,-1.000,-0.001,0,44.740,258.362,60.011,1,705.953,569.208,0,0,616.456,68.301,153.446,54.863,269.612,0.678,-0.735,54.863,269.612,0.678,-0.735,-296.000,285.000,0.000,0.000,140.023,278.954,0.000,0.000,140.023,278.954,0.000,0.000,124.001,136.796,-0.336,-0.942,-1.000,0.000,0,0
-27.715,273.513,-1.000,0.000,0,62.877,249.525,93.714,1,720.076,556.232,0,0,630.222,87.934,167.827,59.738,264.329,0.678,-0.735,59.738,264.329,0.678,-0.735,-296.000,285.000,0.000,0.000,140.023,278.954,0.000,0.000,140.023,278.954,0.000,0.000,121.584,130.026,-0.336,-0.942,-1.000,0.000,0,0
-42.104,273.513,-1.000,0.000,0,74.580,247.658,119.514,1,734.209,543.327,0,0,640.574,107.693,182.209,64.613,259.046,0.678,-0.735,64.613,259.046,0.678,-0.735,-296.000,285.000,0.000,0.000,140.023,278.954,0.000,0.000,140.023,278.954,0.000,0.000,121.236,123.049,0.143,-0.990,-1.000,0.000,0,0
-52.772,271.478,-0.995,-0.097,0,78.678,243.609,134.372,1,744.325,532.886,0,0,643.080,122.424,192.940,68.513,254.820,0.678,-0.735,68.513,254.820,0.678,-0.735,-296.000,285.000,0.000,0.000,140.023,278.954,0.000,0.000,140.023,278.954,0.000,0.000,122.060,117.357,0.143,-0.990,-1.000,-1.000,0,0
-62.946,261.303,-0.828,-0.561,0,83.627,238.393,148.353,1,752.599,519.239,0,0,646.056,136.842,203.736,73.389,249.537,0.678,-0.735,73.389,249.537,0.678,-0.735,-296.000,285.000,0.000,0.000,140.023,278.954,0.000,0.000,140.023,278.954,0.000,0.000,58.520,60.569,-0.880,-0.476,0.000,-1.000,0,0
-62.946,246.915,-0.291,-0.957,0,88.521,233.127,152.093,1,750.374,513.016,0,0,649.031,141.235,205.483,78.264,244.254,0.678,-0.735,78.264,244.254,0.678,-0.735,-296.000,285.000,0.000,0.000,140.023,278.954,0.000,0.000,140.023,278.954,0.000,0.000,52.197,57.150,-0.880,-0.476,0.000,-1.000,0,0
-62.946,232.526,-0.082,-0.997,0,93.401,227.848,156.417,1,748.419,507.125,0,0,652.055,146.228,208.212,83.139,238.971,0.678,-0.735,83.139,238.971,0.678,-0.735,-296.000,285.000,0.000,0.000,140.023,278.954,0.000,0.000,140.023,278.954,0.000,0.000,45.874,53.730,-0.880,-0.476,0.000,-1.000,0,0
-60.911,216.103,0.066,-0.998,0,99.252,221.510,160.255,1,744.497,502.712,0,0,655.763,150.809,193.790,88.989,232.632,0.678,-0.735,88.989,232.632,0.678,-0.735,-296.000,285.000,0.000,0.000,38.286,49.626,-0.880,-0.476,38.286,49.626,-0.880,-0.476,140.023,278.954,0.000,0.000,1.000,-1.000,0,0
-50.737,205.928,0.559,-0.829,0,104.128,216.227,155.207,1,733.369,508.589,0,0,658.923,146.180,179.863,93.865,227.349,0.678,-0.735,93.865,227.349,0.678,-0.735,-296.000,285.000,0.000,0.000,31.963,46.206,-0.880,-0.476,31.963,46.206,-0.880,-0.476,140.023,278.954,0.000,0.000,1.000,-1.000,0,0
-40.069,203.893,0.881,-0.473,0,108.028,212.001,148.319,1,722.561,517.930,0,0,661.496,139.169,173.842,97.765,223.122,0.678,-0.735,97.765,223.122,0.678,-0.735,192.147,130.294,-0.983,-0.185,26.905,43.470,-0.880,-0.476,26.905,43.470,-0.880,-0.476,140.023,278.954,0.000,0.000,1.000,0.000,0,0
-25.680,203.893,0.990,-0.138,0,112.903,206.718,138.612,1,708.237,531.507,0,0,664.768,129.076,170.249,102.640,217.839,0.678,-0.735,102.640,217.839,0.678,-0.735,185.082,128.966,-0.983,-0.185,20.582,40.050,-0.880,-0.476,20.582,40.050,-0.880,-0.476,140.023,278.954,0.000,0.000,1.000,0.000,0,0
-11.292,203.893,0.999,-0.038,0,117.779,201.435,129.094,1,693.916,545.126,0,0,668.102,119.122,168.909,107.515,212.557,0.678,-0.735,107.515,212.557,0.678,-0.735,178.017,127.638,-0.983,-0.185,140.023,278.954,0.000,0.000,140.023,278.954,0.000,0.000,14.259,36.630,-0.880,-0.476,1.000,0.000,0,0
3.097,203.893,1.000,-0.011,0,122.654,196.152,119.807,1,679.598,558.783,0,0,671.496,109.346,156.151,112.391,207.274,0.678,-0.735,112.391,207.274,0.678,-0.735,170.952,126.310,-0.983,-0.185,140.023,278.954,0.000,0.000,140.023,278.954,0.000,0.000,7.935,33.211,-0.880,-0.476,1.000,0.000,0,0
16.149,214.068,0.854,0.520,0,128.504,189.813,114.943,1,667.696,574.366,0,0,675.647,102.933,139.840,118.241,200.934,0.678,-0.735,118.241,200.934,0.678,-0.735,162.474,124.717,-0.983,-0.185,140.023,278.954,0.000,0.000,140.023,278.954,0.000,0.000,0.348,29.107,-0.880,-0.476,1.000,1.000,0,0
26.324,224.242,0.752,0.659,0,133.379,184.530,114.184,1,658.848,587.285,0,0,679.171,100.927,126.179,123.116,195.651,0.678,-0.735,123.116,195.651,0.678,-0.735,155.409,123.389,-0.983,-0.185,140.023,278.954,0.000,0.000,140.023,278.954,0.000,0.000,-5.975,25.687,-0.880,-0.476,1.000,1.000,0,0
36.992,226.277,0.936,0.351,0,137.280,180.304,110.323,1,648.551,598.026,0,0,682.031,96.536,115.717,127.016,191.425,0.678,-0.735,127.016,191.425,0.678,-0.735,149.757,122.326,-0.983,-0.185,140.023,278.954,0.000,0.000,140.023,278.954,0.000,0.000,-11.034,22.951,-0.880,-0.476,1.000,0.000,0,0
51.380,226.277,0.995,0.100,0,142.155,175.021,104.246,1,634.304,611.638,0,0,685.657,89.960,103.114,131.892,186.142,0.678,-0.735,131.892,186.142,0.678,-0.735,142.692,120.998,-0.983,-0.185,140.023,278.954,0.000,0.000,140.023,278.954,0.000,0.000,-17.357,19.531,-0.880,-0.476,1.000,0.000,0,0
65.769,226.277,1.000,0.028,0,147.030,169.738,98.995,1,620.063,625.285,0,0,689.340,84.282,91.042,136.767,180.859,0.678,-0.735,136.767,180.859,0.678,-0.735,135.627,119.670,-0.983,-0.185,140.023,278.954,0.000,0.000,140.023,278.954,0.000,0.000,136.487,17.755,0.143,-0.990,1.000,0.000,0,0
83.035,226.277,1.000,0.007,0,152.880,163.398,93.979,1,602.984,641.704,0,0,693.831,78.923,77.605,142.617,174.520,0.678,-0.735,142.617,174.520,0.678,-0.735,127.149,118.077,-0.983,-0.185,140.023,278.954,0.000,0.000,140.023,278.954,0.000,0.000,137.723,9.218,0.143,-0.990,1.000,0.000,0,0
94.546,226.277,1.000,0.002,0,156.781,159.172,91.521,1,591.604,652.675,0,0,696.869,76.388,69.592,146.518,170.293,0.678,-0.735,146.518,170.293,0.678,-0.735,121.497,117.014,-0.983,-0.185,140.023,278.954,0.000,0.000,140.023,278.954,0.000,0.000,138.548,3.526,0.143,-0.990,1.000,0.000,0,0
108.935,226.277,1.000,0.001,0,161.656,153.889,89.551,1,577.386,666.413,0,0,700.713,74.540,61.167,151.393,165.010,0.678,-0.735,151.393,165.010,0.678,-0.735,114.432,115.686,-0.983,-0.185,140.023,278.954,0.000,0.000,140.023,278.954,0.000,0.000,-23.516,37.677,0.008,1.000,1.000,0.000,0,0
123.324,226.277,1.000,0.000,0,166.531,148.606,88.880,1,563.177,680.178,0,0,704.611,74.257,55.261,156.268,159.728,0.678,-0.735,156.268,159.728,0.678,-0.735,107.367,114.358,-0.983,-0.185,140.023,278.954,0.000,0.000,140.023,278.954,0.000,0.000,-23.461,44.865,0.008,1.000,1.000,0.000,0,0
140.590,226.277,1.000,0.000,0,172.381,142.267,89.824,1,546.138,696.730,0,0,709.355,76.002,52.681,162.118,153.388,0.678,-0.735,162.118,153.388,0.678,-0.735,98.889,112.765,-0.983,-0.185,140.023,278.954,0.000,0.000,140.023,278.954,0.000,0.000,-23.396,53.491,0.008,1.000,1.000,0.000,0,0
154.979,226.277,1.000,0.000,0,177.257,136.984,92.030,1,531.950,710.549,0,0,713.364,79.090,54.759,166.994,148.105,0.678,-0.735,166.994,148.105,0.678,-0.735,91.824,111.437,-0.983,-0.185,140.023,278.954,0.000,0.000,140.023,278.954,0.000,0.000,-23.341,60.680,0.008,1.000,1.000,0.000,0,0
163.961,220.172,0.899,-0.438,0,181.157,132.758,89.090,1,522.102,717.553,0,0,716.608,76.608,63.469,170.894,143.879,0.678,-0.735,170.894,143.879,0.678,-0.735,86.172,110.374,-0.983,-0.185,140.023,278.954,0.000,0.000,140.023,278.954,0.000,0.000,-23.297,66.431,0.008,1.000,1.000,-1.000,0,0
176.170,207.963,0.761,-0.649,0,187.007,126.418,82.262,1,508.228,726.261,0,0,721.531,70.426,79.664,176.744,137.539,0.678,-0.735,176.744,137.539,0.678,-0.735,77.694,108.781,-0.983,-0.185,140.023,278.954,0.000,0.000,140.023,278.954,0.000,0.000,-23.232,75.057,0.008,1.000,1.000,-1.000,0,0
186.345,197.789,0.722,-0.692,0,191.882,121.135,76.853,1,496.829,733.749,0,0,725.687,65.702,93.453,181.619,132.256,0.678,-0.735,181.619,132.256,0.678,-0.735,70.629,107.453,-0.983,-0.185,140.023,278.954,0.000,0.000,140.023,278.954,0.000,0.000,-23.177,82.245,0.008,1.000,1.000,-1.000,0,0
194.484,189.649,0.712,-0.702,0,195.783,116.909,72.752,1,487.824,739.887,0,0,729.045,62.268,104.601,185.520,128.030,0.678,-0.735,185.520,128.030,0.678,-0.735,64.977,106.390,-0.983,-0.185,140.023,278.954,0.000,0.000,140.023,278.954,0.000,0.000,-23.133,87.996,0.008,1.000,1.000,-1.000,0,0
204.659,179.475,0.709,-0.706,0,200.658,111.626,67.967,1,476.719,747.737,0,0,733.285,58.494,118.633,190.395,122.747,0.678,-0.735,190.395,122.747,0.678,-0.735,57.912,105.062,-0.983,-0.185,140.023,278.954,0.000,0.000,140.023,278.954,0.000,0.000,-23.078,95.185,0.008,1.000,1.000,-1.000,0,0
216.868,167.266,0.707,-0.707,0,206.508,105.286,62.839,1,463.631,757.411,0,0,738.433,54.880,135.571,196.245,116.408,0.678,-0.735,196.245,116.408,0.678,-0.735,49.435,103.469,-0.983,-0.185,140.023,278.954,0.000,0.000,140.023,278.954,0.000,0.000,427.000,279.000,0.000,0.000,1.000,-1.000,0,0
225.007,159.126,0.707,-0.707,0,210.408,101.060,59.873,1,455.061,764.009,0,0,741.901,53.122,146.905,200.145,112.181,0.678,-0.735,200.145,112.181,0.678,-0.735,43.783,102.406,-0.983,-0.185,140.023,278.954,0.000,0.000,140.023,278.954,0.000,0.000,427.000,279.000,0.000,0.000,1.000,-1.000,0,0
235.182,148.952,0.707,-0.707,0,215.284,95.777,56.776,1,444.535,772.419,0,0,746.276,51.751,161.108,205.021,106.898,0.678,-0.735,205.021,106.898,0.678,-0.735,36.718,101.078,-0.983,-0.185,140.023,278.954,0.000,0.000,140.023,278.954,0.000,0.000,427.000,279.000,0.000,0.000,1.000,-1.000,0,0
237.217,135.406,0.286,-0.958,0,220.159,90.494,48.042,1,442.371,772.480,0,0,750.694,43.454,173.357,209.896,101.615,0.678,-0.735,209.896,101.615,0.678,-0.735,29.653,99.750,-0.983,-0.185,140.023,278.954,0.000,0.000,140.023,278.954,0.000,0.000,427.000,279.000,0.000,0.000,0.000,-1.000,0,0
237.217,121.018,0.078,-0.997,0,225.034,85.211,37.822,1,442.686,770.666,0,0,755.154,33.364,185.447,214.771,96.333,0.678,-0.735,214.771,96.333,0.678,-0.735,22.588,98.422,-0.983,-0.185,140.023,278.954,0.000,0.000,140.023,278.954,0.000,0.000,152.974,-96.076,0.143,-0.990,0.000,-1.000,0,0
237.217,106.629,0.022,-1.000,0,229.910,79.928,27.682,1,443.468,769.116,0,0,759.657,23.482,197.845,219.646,91.050,0.678,-0.735,219.646,91.050,0.678,-0.735,15.523,97.094,-0.983,-0.185,140.023,278.954,0.000,0.000,140.023,278.954,0.000,0.000,154.005,-103.191,0.143,-0.990,0.000,-1.000,0,0
237.217,92.240,0.007,-1.000,0,234.785,74.645,17.762,1,444.714,767.833,0,0,764.200,14.250,210.497,224.522,85.767,0.678,-0.735,224.522,85.767,0.678,-0.735,8.458,95.766,-0.983,-0.185,140.023,278.954,0.000,0.000,140.023,278.954,0.000,0.000,155.035,-110.305,0.143,-0.990,0.000,-1.000,0,0
243.321,77.502,0.350,-0.937,0,240.635,68.306,9.581,1,440.424,772.888,0,0,769.706,13.092,214.776,230.372,79.427,0.678,-0.735,230.372,79.427,0.678,-0.735,-0.020,94.173,-0.983,-0.185,156.272,-118.842,0.143,-0.990,156.272,-118.842,0.143,-0.990,108.800,-94.600,0.000,0.000,1.000,-1.000,0,0
251.461,69.363,0.594,-0.804,0,244.535,64.080,8.711,1,433.580,780.568,0,0,773.408,18.153,215.640,234.272,75.201,0.678,-0.735,234.272,75.201,0.678,-0.735,-5.672,93.110,-0.983,-0.185,157.096,-124.534,0.143,-0.990,157.096,-124.534,0.143,-0.990,108.800,-94.600,0.000,0.000,1.000,-1.000,0,0
261.635,59.189,0.677,-0.736,0,249.411,58.797,12.231,1,425.308,790.299,0,0,778.070,24.916,216.724,239.147,69.918,0.678,-0.735,239.147,69.918,0.678,-0.735,44.000,-93.000,0.000,0.000,156.486,-130.318,-0.998,-0.064,156.486,-130.318,-0.998,-0.064,108.800,-94.600,0.000,0.000,1.000,-1.000,0,0
273.845,46.979,0.700,-0.714,0,255.261,52.457,19.374,1,415.823,802.160,0,0,783.716,33.282,215.275,244.998,63.578,0.678,-0.735,244.998,63.578,0.678,-0.735,44.000,-93.000,0.000,0.000,424.800,-106.500,0.000,0.000,424.800,-106.500,0.000,0.000,108.800,-94.600,0.000,0.000,1.000,-1.000,0,0
281.984,38.840,0.705,-0.709,0,259.161,48.231,24.680,1,409.781,810.176,0,0,787.509,38.929,203.765,248.898,59.352,0.678,-0.735,248.898,59.352,0.678,-0.735,44.000,-93.000,0.000,0.000,424.800,-106.500,0.000,0.000,424.800,-106.500,0.000,0.000,108.800,-94.600,0.000,0.000,1.000,-1.000,0,0
294.193,26.631,0.707,-0.708,0,265.011,41.891,32.931,1,401.168,822.355,0,0,793.244,47.454,186.499,254.748,53.013,0.678,-0.735,254.748,53.013,0.678,-0.735,44.000,-93.000,0.000,0.000,424.800,-106.500,0.000,0.000,424.800,-106.500,0.000,0.000,108.800,-94.600,0.000,0.000,1.000,-1.000,0,0
302.333,18.491,0.707,-0.707,0,268.912,37.665,38.531,1,395.741,830.575,0,0,797.096,53.161,174.989,258.648,48.786,0.678,-0.735,258.648,48.786,0.678,-0.735,44.000,-93.000,0.000,0.000,424.800,-106.500,0.000,0.000,424.800,-106.500,0.000,0.000,108.800,-94.600,0.000,0.000,1.000,-1.000,0,0
312.507,8.317,0.707,-0.707,0,273.787,32.382,45.590,1,389.328,840.958,0,0,801.943,60.312,160.601,263.524,43.503,0.678,-0.735,263.524,43.503,0.678,-0.735,44.000,-93.000,0.000,0.000,424.800,-106.500,0.000,0.000,424.800,-106.500,0.000,0.000,108.800,-94.600,0.000,0.000,1.000,-1.000,0,0
322.682,-1.858,0.707,-0.707,0,278.662,27.099,52.690,1,383.349,851.458,0,0,806.824,67.475,146.213,268.399,38.220,0.678,-0.735,268.399,38.220,0.678,-0.735,44.000,-93.000,0.000,0.000,424.800,-106.500,0.000,0.000,424.800,-106.500,0.000,0.000,108.800,-94.600,0.000,0.000,1.000,-1.000,0,0
332.856,-12.032,0.707,-0.707,0,283.537,21.816,59.817,1,377.824,862.070,0,0,811.741,74.648,131.825,273.274,32.938,0.678,-0.735,273.274,32.938,0.678,-0.735,44.000,-93.000,0.000,0.000,424.800,-106.500,0.000,0.000,424.800,-106.500,0.000,0.000,108.800,-94.600,0.000,0.000,1.000,-1.000,0,0
334.891,-25.578,0.332,-0.943,0,290.136,14.665,60.187,0,381.563,864.881,0,0,818.449,77.803,120.963,278.149,27.655,0.678,-0.735,278.149,27.655,0.678,-0.735,44.000,-93.000,0.000,0.000,424.800,-106.500,0.000,0.000,424.800,-106.500,0.000,0.000,108.800,-94.600,0.000,0.000,0.000,-1.000,1,0
334.891,-39.966,0.097,-0.995,0,303.431,0.259,51.066,0,387.946,865.939,0,0,832.143,81.094,111.850,283.025,22.372,0.678,-0.735,283.025,22.372,0.678,-0.735,44.000,-93.000,0.000,0.000,424.800,-106.500,0.000,0.000,424.800,-106.500,0.000,0.000,108.800,-94.600,0.000,0.000,0.000,-1.000,0,0
325.909,-51.826,-0.607,-0.795,0,318.951,-16.559,35.948,0,401.409,858.051,0,0,848.421,77.307,112.999,288.875,16.032,0.678,-0.735,288.875,16.032,0.678,-0.735,44.000,-93.000,0.000,0.000,424.800,-106.500,0.000,0.000,424.800,-106.500,0.000,0.000,108.800,-94.600,0.000,0.000,-1.000,0.000,0,0
331.664,-51.826,-0.152,-0.988,1,329.362,-66.784,15.133,1,396.352,863.779,0,0,863.052,73.166,107.998,293.750,10.749,0.678,-0.735,293.750,10.749,0.678,-0.735,44.000,-93.000,0.000,0.000,424.800,-106.500,0.000,0.000,424.800,-106.500,0.000,0.000,108.800,-94.600,0.000,0.000,1.000,0.000,0,0
343.175,-51.826,0.760,-0.650,1,354.674,-61.665,15.133,1,386.295,875.236,0,0,887.654,74.008,98.244,297.650,6.523,0.678,-0.735,297.650,6.523,0.678,-0.735,44.000,-93.000,0.000,0.000,424.800,-106.500,0.000,0.000,424.800,-106.500,0.000,0.000,108.800,-94.600,0.000,0.000,1.000,0.000,0,0
357.564,-51.826,0.994,-0.105,1,372.614,-53.414,15.133,1,373.842,889.559,0,0,904.689,76.454,86.660,302.526,1.240,0.678,-0.735,302.526,1.240,0.678,-0.735,44.000,-93.000,0.000,0.000,424.800,-106.500,0.000,0.000,424.800,-106.500,0.000,0.000,108.800,-94.600,0.000,0.000,1.000,0.000,0,0
371.110,-49.792,0.988,0.153,1,386.065,-47.479,15.133,1,361.189,902.861,0,0,917.555,84.668,78.093,300.644,-2.853,-0.888,-0.459,300.644,-2.853,-0.888,-0.459,44.000,-93.000,0.000,0.000,424.800,-106.500,0.000,0.000,424.800,-106.500,0.000,0.000,108.800,-94.600,0.000,0.000,1.000,1.000,0,0
381.284,-39.617,0.822,0.570,1,393.722,-30.997,15.133,1,347.237,912.150,0,0,923.932,93.239,79.793,294.257,-6.153,-0.888,-0.459,294.257,-6.153,-0.888,-0.459,44.000,-93.000,0.000,0.000,424.800,-106.500,0.000,0.000,424.800,-106.500,0.000,0.000,108.800,-94.600,0.000,0.000,0.000,1.000,0,0
381.284,-25.229,0.241,0.971,1,384.926,-10.540,15.133,1,340.106,911.151,0,0,914.001,94.736,92.188,287.871,-9.453,-0.888,-0.459,287.871,-9.453,-0.888,-0.459,44.000,-93.000,0.000,0.000,424.800,-106.500,0.000,0.000,424.800,-106.500,0.000,0.000,108.800,-94.600,0.000,0.000,0.000,1.000,0,0
381.284,-10.840,0.069,0.998,1,382.324,4.258,15.133,1,333.444,910.378,0,0,910.850,99.818,105.093,281.484,-12.753,-0.888,-0.459,281.484,-12.753,-0.888,-0.459,44.000,-93.000,0.000,0.000,424.800,-106.500,0.000,0.000,424.800,-106.500,0.000,0.000,108.800,-94.600,0.000,0.000,0.000,1.000,0,0
381.284,3.549,0.019,1.000,1,381.574,18.679,15.133,1,327.279,909.832,0,0,909.792,107.981,118.340,275.097,-16.053,-0.888,-0.459,275.097,-16.053,-0.888,-0.459,44.000,-93.000,0.000,0.000,424.800,-106.500,0.000,0.000,424.800,-106.500,0.000,0.000,427.000,279.000,0.000,0.000,0.000,1.000,0,0
381.284,20.815,0.005,1.000,1,381.353,35.948,15.133,1,320.578,909.476,0,0,909.504,120.950,134.547,267.434,-20.013,-0.888,-0.459,267.434,-20.013,-0.888,-0.459,44.000,-93.000,0.000,0.000,424.800,-106.500,0.000,0.000,424.800,-106.500,0.000,0.000,427.000,279.000,0.000,0.000,0.000,1.000,0,0
383.319,31.483,0.183,0.983,1,386.085,46.362,15.133,1,314.924,911.455,0,0,914.351,132.554,144.084,262.324,-22.653,-0.888,-0.459,262.324,-22.653,-0.888,-0.459,44.000,-93.000,0.000,0.000,424.800,-106.500,0.000,0.000,424.800,-106.500,0.000,0.000,427.000,279.000,0.000,0.000,1.000,1.000,0,0
393.493,41.658,0.574,0.819,1,402.182,54.048,15.133,1,301.987,921.691,0,0,930.603,153.273,151.429,255.938,-25.953,-0.888,-0.459,255.938,-25.953,-0.888,-0.459,44.000,-93.000,0.000,0.000,424.800,-106.500,0.000,0.000,424.800,-106.500,0.000,0.000,427.000,279.000,0.000,0.000,1.000,1.000,0,0
409.917,43.693,0.958,0.288,0,424.411,48.044,15.133,0,285.815,938.136,0,0,952.696,177.613,150.928,248.274,-29.913,-0.888,-0.459,248.274,-29.913,-0.888,-0.459,44.000,-93.000,0.000,0.000,424.800,-106.500,0.000,0.000,424.800,-106.500,0.000,0.000,427.000,279.000,0.000,0.000,1.000,0.000,1,0
409.917,43.693,0.967,0.254,0,443.281,53.709,34.835,0,285.815,938.136,0,0,971.676,184.793,150.928,241.888,-33.213,-0.888,-0.459,241.888,-33.213,-0.888,-0.459,44.000,-93.000,0.000,0.000,424.800,-106.500,0.000,0.000,424.800,-106.500,0.000,0.000,427.000,279.000,0.000,0.000,0.000,0.000,0,0
409.917,43.693,0.967,0.254,0,458.040,58.140,50.245,0,285.815,938.136,0,0,986.539,190.537,150.928,236.778,-35.853,-0.888,-0.459,236.778,-35.853,-0.888,-0.459,44.000,-93.000,0.000,0.000,424.800,-106.500,0.000,0.000,424.800,-106.500,0.000,0.000,427.000,279.000,0.000,0.000,0.000,0.000,0,0
409.917,43.693,0.967,0.254,0,476.078,63.555,69.079,0,285.815,938.136,0,0,1004.726,197.719,150.928,230.392,-39.153,-0.888,-0.459,230.392,-39.153,-0.888,-0.459,44.000,-93.000,0.000,0.000,424.800,-106.500,0.000,0.000,424.800,-106.500,0.000,0.000,427.000,279.000,0.000,0.000,0.000,0.000,0,0
409.917,43.693,0.967,0.254,0,493.669,68.836,87.448,0,285.815,938.136,0,0,1022.483,204.900,150.928,224.005,-42.453,-0.888,-0.459,224.005,-42.453,-0.888,-0.459,44.000,-93.000,0.000,0.000,424.800,-106.500,0.000,0.000,424.800,-106.500,0.000,0.000,427.000,279.000,0.000,0.000,0.000,0.000,0,0
409.917,43.693,0.967,0.254,0,510.825,73.987,105.363,0,285.815,938.136,0,0,1039.820,212.083,150.928,217.619,-45.752,-0.888,-0.459,217.619,-45.752,-0.888,-0.459,44.000,-93.000,0.000,0.000,424.800,-106.500,0.000,0.000,424.800,-106.500,0.000,0.000,427.000,279.000,0.000,0.000,0.000,0.000,0,0
409.917,43.693,0.967,0.254,0,527.556,79.010,122.837,0,285.815,938.136,0,0,1056.746,219.265,150.928,211.232,-49.052,-0.888,-0.459,211.232,-49.052,-0.888,-0.459,44.000,-93.000,0.000,0.000,424.800,-106.500,0.000,0.000,424.800,-106.500,0.000,0.000,621.467,146.417,-0.004,-1.000,0.000,0.000,0,0
409.917,43.693,0.967,0.254,0,543.873,83.908,139.880,0,285.815,938.136,0,0,1073.268,226.448,150.928,204.846,-52.352,-0.888,-0.459,204.846,-52.352,-0.888,-0.459,44.000,-93.000,0.000,0.000,424.800,-106.500,0.000,0.000,424.800,-106.500,0.000,0.000,621.436,139.229,-0.004,-1.000,0.000,0.000,0,0
409.917,43.693,0.967,0.254,0,559.786,88.686,156.503,0,285.815,938.136,0,0,1089.396,233.632,150.928,198.459,-55.652,-0.888,-0.459,198.459,-55.652,-0.888,-0.459,44.000,-93.000,0.000,0.000,424.800,-106.500,0.000,0.000,424.800,-106.500,0.000,0.000,621.405,132.040,-0.004,-1.000,0.000,0.000,0,0
409.917,43.693,0.967,0.254,0,578.363,94.263,175.913,0,285.815,938.136,0,0,1108.240,242.252,150.928,190.795,-59.612,-0.888,-0.459,190.795,-59.612,-0.888,-0.459,44.000,-93.000,0.000,0.000,424.800,-106.500,0.000,0.000,424.800,-106.500,0.000,0.000,621.368,123.414,-0.004,-1.000,0.000,0.000,0,0
409.917,43.693,0.967,0.254,0,593.422,98.784,191.652,0,285.815,938.136,0,0,1123.530,249.437,150.928,184.409,-62.912,-0.888,-0.459,184.409,-62.912,-0.888,-0.459,44.000,-93.000,0.000,0.000,424.800,-106.500,0.000,0.000,424.800,-106.500,0.000,0.000,621.337,116.225,-0.004,-1.000,0.000,0.000,0,0
409.917,43.693,0.967,0.254,0,606.579,112.520,208.359,2,285.815,938.136,0,0,1137.620,256.621,150.928,178.022,-66.212,-0.888,-0.459,178.022,-66.212,-0.888,-0.459,44.000,-93.000,0.000,0.000,424.800,-106.500,0.000,0.000,424.800,-106.500,0.000,0.000,621.306,109.036,-0.004,-1.000,0.000,0.000,0,0
409.917,43.693,0.967,0.254,0,606.555,106.769,206.507,2,285.815,938.136,0,0,1137.197,262.369,150.928,172.913,-68.852,-0.888,-0.459,172.913,-68.852,-0.888,-0.459,44.000,-93.000,0.000,0.000,424.800,-106.500,0.000,0.000,424.800,-106.500,0.000,0.000,621.281,103.285,-0.004,-1.000,0.000,0.000,0,0
409.917,43.693,0.967,0.254,0,606.524,99.580,204.396,2,285.815,938.136,0,0,1136.709,269.553,150.928,166.526,-72.152,-0.888,-0.459,166.526,-72.152,-0.888,-0.459,44.000,-93.000,0.000,0.000,424.800,-106.500,0.000,0.000,424.800,-106.500,0.000,0.000,621.250,96.097,-0.004,-1.000,0.000,0.000,0,0
409.917,43.693,0.967,0.254,0,606.493,92.391,202.518,2,285.815,938.136,0,0,1136.267,276.738,150.928,160.140,-75.452,-0.888,-0.459,160.140,-75.452,-0.888,-0.459,44.000,-93.000,0.000,0.000,424.800,-106.500,0.000,0.000,424.800,-106.500,0.000,0.000,621.220,88.908,-0.004,-1.000,0.000,0.000,0,0
409.917,43.693,0.967,0.254,0,587.314,95.489,184.804,0,285.815,938.136,0,0,1117.292,285.360,150.928,152.476,-79.412,-0.888,-0.459,152.476,-79.412,-0.888,-0.459,44.000,-93.000,0.000,0.000,424.800,-106.500,0.000,0.000,424.800,-106.500,0.000,0.000,621.182,80.282,-0.004,-1.000,0.000,0.000,1,0
409.917,43.693,0.967,0.254,0,568.615,99.911,168.362,0,285.815,938.136,0,0,1098.894,292.546,150.928,146.090,-82.712,-0.888,-0.459,146.090,-82.712,-0.888,-0.459,44.000,-93.000,0.000,0.000,424.800,-106.500,0.000,0.000,424.800,-106.500,0.000,0.000,621.151,73.093,-0.004,-1.000,0.000,0.000,0,0
409.917,43.693,0.967,0.254,0,553.990,103.371,155.945,0,285.815,938.136,0,0,1084.523,298.294,150.928,140.981,-85.352,-0.888,-0.459,140.981,-85.352,-0.888,-0.459,44.000,-93.000,0.000,0.000,424.800,-106.500,0.000,0.000,424.800,-106.500,0.000,0.000,620.690,73.058,-0.156,0.988,0.000,0.000,0,0
409.917,52.326,0.593,0.805,0,536.117,107.598,137.775,0,283.087,938.294,0,0,1066.983,309.318,159.522,134.594,-88.652,-0.888,-0.459,134.594,-88.652,-0.888,-0.459,44.000,-93.000,0.000,0.000,424.800,-106.500,0.000,0.000,424.800,-106.500,0.000,0.000,619.569,80.159,-0.156,0.988,0.000,1.000,0,0
409.917,66.714,0.173,0.985,0,518.685,111.721,117.718,0,279.074,938.733,0,0,1049.903,323.319,173.853,128.208,-91.952,-0.888,-0.459,128.208,-91.952,-0.888,-0.459,44.000,-93.000,0.000,0.000,424.800,-106.500,0.000,0.000,424.800,-106.500,0.000,0.000,618.448,87.259,-0.156,0.988,0.000,1.000,0,0
409.917,83.981,0.038,0.999,0,498.336,116.534,94.238,0,275.177,939.550,0,0,1029.998,340.732,191.061,120.544,-95.912,-0.888,-0.459,120.544,-95.912,-0.888,-0.459,44.000,-93.000,0.000,0.000,424.800,-106.500,0.000,0.000,424.800,-106.500,0.000,0.000,427.000,279.000,0.000,0.000,0.000,1.000,0,0
409.917,95.492,0.013,1.000,0,485.107,119.664,79.010,0,273.155,940.270,0,0,1017.078,352.665,184.302,115.434,-98.552,-0.888,-0.459,115.434,-98.552,-0.888,-0.459,44.000,-93.000,0.000,0.000,427.000,279.000,0.000,0.000,427.000,279.000,0.000,0.000,424.800,-106.500,0.000,0.000,0.000,1.000,0,0
409.917,109.881,0.004,1.000,0,468.938,123.488,60.637,0,271.294,941.368,0,0,1001.311,367.903,169.980,109.048,-101.852,-0.888,-0.459,109.048,-101.852,-0.888,-0.459,44.000,-93.000,0.000,0.000,427.000,279.000,0.000,0.000,427.000,279.000,0.000,0.000,615.084,108.562,-0.156,0.988,0.000,1.000,0,0
412.795,121.392,0.260,0.966,0,453.169,127.218,40.952,0,267.480,945.268,0,0,985.960,384.063,158.247,102.661,-105.151,-0.888,-0.459,102.661,-105.151,-0.888,-0.459,44.000,-93.000,0.000,0.000,427.000,279.000,0.000,0.000,427.000,279.000,0.000,0.000,613.963,115.662,-0.156,0.988,1.000,0.000,0,0
428.376,117.322,0.992,0.128,1,443.385,119.256,15.133,1,252.259,960.401,0,0,975.522,403.005,161.684,94.998,-109.111,-0.888,-0.459,94.998,-109.111,-0.888,-0.459,44.000,-93.000,0.000,0.000,427.000,279.000,0.000,0.000,427.000,279.000,0.000,0.000,612.618,124.183,-0.156,0.988,1.000,-1.000,0,0
430.410,106.654,0.649,-0.761,1,440.235,95.143,15.133,1,251.337,961.528,0,0,970.491,404.544,172.380,89.888,-111.751,-0.888,-0.459,89.888,-111.751,-0.888,-0.459,44.000,-93.000,0.000,0.000,427.000,279.000,0.000,0.000,427.000,279.000,0.000,0.000,611.721,129.864,-0.156,0.988,0.000,-1.000,0,0
424.306,91.916,-0.186,-0.983,1,421.489,77.047,15.133,1,259.585,954.388,0,0,950.740,400.161,187.104,82.225,-115.711,-0.888,-0.459,82.225,-115.711,-0.888,-0.459,44.000,-93.000,0.000,0.000,427.000,279.000,0.000,0.000,427.000,279.000,0.000,0.000,610.375,138.385,-0.156,0.988,-1.000,-1.000,0,0
414.131,81.742,-0.580,-0.815,1,405.354,69.414,15.133,1,271.507,943.634,0,0,934.281,393.375,188.544,75.838,-119.011,-0.888,-0.459,75.838,-119.011,-0.888,-0.459,44.000,-93.000,0.000,0.000,424.800,-106.500,0.000,0.000,424.800,-106.500,0.000,0.000,427.000,279.000,0.000,0.000,-1.000,-1.000,0,0
414.131,71.916,-0.158,-0.987,1,411.737,56.974,15.133,1,273.708,943.155,0,0,940.230,394.200,178.735,70.729,-121.651,-0.888,-0.459,70.729,-121.651,-0.888,-0.459,44.000,-93.000,0.000,0.000,424.800,-106.500,0.000,0.000,424.800,-106.500,0.000,0.000,427.000,279.000,0.000,0.000,1.000,-1.000,0,0
428.869,65.812,0.836,-0.549,1,441.515,57.499,15.133,1,261.075,957.635,0,0,970.007,412.863,172.360,63.065,-125.611,-0.888,-0.459,63.065,-125.611,-0.888,-0.459,44.000,-93.000,0.000,0.000,424.800,-106.500,0.000,0.000,424.800,-106.500,0.000,0.000,607.012,159.687,-0.156,0.988,1.000,0.000,0,0
437.502,65.812,0.964,-0.267,0,455.921,60.705,19.113,0,252.806,966.262,0,0,984.498,424.341,172.779,44.000,-93.000,0.000,0.000,44.000,-93.000,0.000,0.000,57.956,-128.251,-0.888,-0.459,424.800,-106.500,0.000,0.000,424.800,-106.500,0.000,0.000,606.115,165.367,-0.156,0.988,0.000,0.000,1,0
437.502,65.812,0.964,-0.267,0,474.812,55.467,38.717,0,252.806,966.262,0,0,1003.235,424.341,172.779,44.000,-93.000,0.000,0.000,44.000,-93.000,0.000,0.000,51.569,-131.551,-0.888,-0.459,424.800,-106.500,0.000,0.000,424.800,-106.500,0.000,0.000,604.993,172.468,-0.156,0.988,0.000,0.000,1,0
437.502,65.812,0.964,-0.267,0,496.864,49.352,61.602,0,252.806,966.262,0,0,1025.147,424.341,172.779,44.000,-93.000,0.000,0.000,44.000,-93.000,0.000,0.000,43.905,-135.511,-0.888,-0.459,424.800,-106.500,0.000,0.000,424.800,-106.500,0.000,0.000,603.648,180.989,-0.156,0.988,0.000,0.000,0,0
437.502,65.812,0.964,-0.267,0,514.742,44.395,80.155,0,252.806,966.262,0,0,1042.939,424.341,172.779,44.000,-93.000,0.000,0.000,44.000,-93.000,0.000,0.000,37.519,-138.811,-0.888,-0.459,424.800,-106.500,0.000,0.000,424.800,-106.500,0.000,0.000,602.527,188.090,-0.156,0.988,0.000,0.000,0,0
437.502,65.812,0.964,-0.267,0,532.176,39.561,98.251,0,252.806,966.262,0,0,1060.315,424.341,172.779,44.000,-93.000,0.000,0.000,44.000,-93.000,0.000,0.000,31.132,-142.111,-0.888,-0.459,424.800,-106.500,0.000,0.000,424.800,-106.500,0.000,0.000,601.406,195.191,-0.156,0.988,0.000,0.000,0,0
437.502,65.812,0.964,-0.267,0,545.813,35.780,112.405,0,252.806,966.262,0,0,1073.921,424.341,172.779,44.000,-93.000,0.000,0.000,44.000,-93.000,0.000,0.000,26.023,-144.751,-0.888,-0.459,424.800,-106.500,0.000,0.000,424.800,-106.500,0.000,0.000,600.509,200.871,-0.156,0.988,0.000,0.000,0,0
437.502,65.812,0.964,-0.267,0,562.479,31.159,129.705,0,252.806,966.262,0,0,1090.567,424.341,172.779,44.000,-93.000,0.000,0.000,44.000,-93.000,0.000,0.000,70.000,-221.000,0.000,0.000,424.800,-106.500,0.000,0.000,424.800,-106.500,0.000,0.000,427.000,279.000,0.000,0.000,0.000,0.000,0,0
451.891,65.812,0.996,-0.090,0,581.934,25.764,136.094,0,239.080,980.639,0,0,1110.024,437.717,174.428,44.000,-93.000,0.000,0.000,44.000,-93.000,0.000,0.000,70.000,-221.000,0.000,0.000,424.800,-106.500,0.000,0.000,424.800,-106.500,0.000,0.000,598.042,216.493,-0.156,0.988,1.000,0.000,0,0
463.402,65.812,0.999,-0.034,0,594.583,22.257,138.258,0,228.159,992.142,0,0,1122.687,448.463,176.583,44.000,-93.000,0.000,0.000,44.000,-93.000,0.000,0.000,70.000,-221.000,0.000,0.000,424.800,-106.500,0.000,0.000,424.800,-106.500,0.000,0.000,597.145,222.173,-0.156,0.988,1.000,0.000,0,0
476.105,61.742,0.966,-0.259,0,610.042,17.971,140.962,0,217.568,1004.702,0,0,1138.177,458.977,175.891,44.000,-93.000,0.000,0.000,44.000,-93.000,0.000,0.000,70.000,-221.000,0.000,0.000,424.800,-106.500,0.000,0.000,424.800,-106.500,0.000,0.000,596.024,229.274,-0.156,0.988,1.000,-1.000,0,0
486.280,51.568,0.808,-0.589,0,625.118,13.790,143.965,0,212.033,1014.612,0,0,1153.297,465.308,169.603,44.000,-93.000,0.000,0.000,44.000,-93.000,0.000,0.000,70.000,-221.000,0.000,0.000,424.800,-106.500,0.000,0.000,424.800,-106.500,0.000,0.000,595.164,233.518,0.026,-1.000,1.000,-1.000,0,0
498.489,39.358,0.731,-0.683,0,642.717,8.910,147.525,0,206.521,1026.644,0,0,1170.965,473.370,163.416,44.000,-93.000,0.000,0.000,44.000,-93.000,0.000,0.000,70.000,-221.000,0.000,0.000,424.800,-106.500,0.000,0.000,424.800,-106.500,0.000,0.000,595.389,224.894,0.026,-1.000,1.000,-1.000,0,0
506.628,31.219,0.715,-0.699,0,654.160,5.738,149.865,0,203.578,1034.748,0,0,1182.462,479.015,160.195,44.000,-93.000,0.000,0.000,44.000,-93.000,0.000,0.000,70.000,-221.000,0.000,0.000,424.800,-106.500,0.000,0.000,424.800,-106.500,0.000,0.000,595.539,219.145,0.026,-1.000,1.000,-1.000,0,0
516.803,21.045,0.709,-0.705,0,667.488,2.042,152.023,0,200.770,1044.968,0,0,1195.870,486.363,157.265,44.000,-93.000,0.000,0.000,44.000,-93.000,0.000,0.000,70.000,-221.000,0.000,0.000,424.800,-106.500,0.000,0.000,424.800,-106.500,0.000,0.000,595.726,211.959,0.026,-1.000,1.000,-1.000,0,0
529.012,8.835,0.708,-0.707,0,683.016,-2.263,154.546,0,198.726,1057.359,0,0,1211.504,495.588,155.442,44.000,-93.000,0.000,0.000,44.000,-93.000,0.000,0.000,70.000,-221.000,0.000,0.000,424.800,-106.500,0.000,0.000,424.800,-106.500,0.000,0.000,595.951,203.335,0.026,-1.000,1.000,-1.000,0,0
537.151,0.696,0.707,-0.707,0,693.067,-5.050,156.162,0,198.190,1065.696,0,0,1221.630,501.973,155.286,44.000,-93.000,0.000,0.000,44.000,-93.000,0.000,0.000,70.000,-221.000,0.000,0.000,424.800,-106.500,0.000,0.000,424.800,-106.500,0.000,0.000,596.101,197.586,0.026,-1.000,1.000,-1.000,0,0
545.291,-13.199,0.445,-0.896,0,707.703,-9.109,162.599,0,202.577,1074.312,0,0,1236.384,507.603,152.391,44.000,-93.000,0.000,0.000,44.000,-93.000,0.000,0.000,70.000,-221.000,0.000,0.000,424.800,-106.500,0.000,0.000,424.800,-106.500,0.000,0.000,596.326,188.963,0.026,-1.000,0.000,-1.000,0,0
541.221,-25.902,-0.044,-0.999,0,719.509,-12.382,178.923,0,214.813,1070.844,0,0,1248.293,501.728,141.598,44.000,-93.000,0.000,0.000,44.000,-93.000,0.000,0.000,70.000,-221.000,0.000,0.000,424.800,-106.500,0.000,0.000,424.800,-106.500,0.000,0.000,596.513,181.776,0.026,-1.000,-1.000,-1.000,0,0
531.047,-36.076,-0.549,-0.836,0,731.010,-15.571,201.124,0,229.117,1061.279,0,0,1259.899,490.362,127.467,44.000,-93.000,0.000,0.000,44.000,-93.000,0.000,0.000,70.000,-221.000,0.000,0.000,424.800,-106.500,0.000,0.000,424.800,-106.500,0.000,0.000,596.701,174.590,0.026,-1.000,-1.000,-1.000,0,0
522.907,-44.216,-0.658,-0.753,0,740.005,-18.065,218.774,0,240.567,1053.706,0,0,1268.981,481.386,116.208,44.000,-93.000,0.000,0.000,44.000,-93.000,0.000,0.000,70.000,-221.000,0.000,0.000,424.800,-106.500,0.000,0.000,424.800,-106.500,0.000,0.000,596.851,168.841,0.026,-1.000,-1.000,-1.000,0,0
510.698,-56.425,-0.696,-0.718,0,753.164,-21.714,245.042,0,257.753,1042.481,0,0,1282.272,468.129,99.428,44.000,-93.000,0.000,0.000,44.000,-93.000,0.000,0.000,70.000,-221.000,0.000,0.000,424.800,-106.500,0.000,0.000,424.800,-106.500,0.000,0.000,597.075,160.218,0.026,-1.000,-1.000,-1.000,0,0
502.559,-64.564,-0.703,-0.711,0,752.364,-21.365,253.603,0,269.216,1035.090,0,0,1281.461,459.439,88.346,44.000,-93.000,0.000,0.000,44.000,-93.000,0.000,0.000,70.000,-221.000,0.000,0.000,424.800,-106.500,0.000,0.000,424.800,-106.500,0.000,0.000,597.225,154.468,0.026,-1.000,-1.000,-1.000,0,0
490.349,-76.774,-0.706,-0.708,0,751.164,-20.964,266.793,0,286.418,1024.147,0,0,1280.249,440.653,71.975,60.378,-173.211,0.987,0.163,60.378,-173.211,0.987,0.163,70.000,-221.000,0.000,0.000,424.800,-106.500,0.000,0.000,424.800,-106.500,0.000,0.000,597.450,145.845,0.026,-1.000,-1.000,-1.000,0,0
480.175,-86.948,-0.707,-0.707,0,751.090,-20.663,278.972,0,300.758,1015.161,0,0,1280.166,421.385,58.725,67.470,-172.037,0.987,0.163,67.470,-172.037,0.987,0.163,70.000,-221.000,0.000,0.000,424.800,-106.500,0.000,0.000,424.800,-106.500,0.000,0.000,597.638,138.659,0.026,-1.000,-1.000,-1.000,0,0
476.105,-96.773,-0.447,-0.894,0,751.090,-20.433,285.447,0,310.817,1012.312,0,0,1280.158,409.758,52.219,73.144,-171.097,0.987,0.163,73.144,-171.097,0.987,0.163,70.000,-221.000,0.000,0.000,424.800,-106.500,0.000,0.000,424.800,-106.500,0.000,0.000,597.788,132.910,0.026,-1.000,0.000,-1.000,0,0
480.175,-112.354,0.200,-0.980,0,751.090,-20.098,286.253,0,320.196,1018.423,0,0,1280.145,402.624,55.683,81.654,-169.688,0.987,0.163,81.654,-169.688,0.987,0.163,70.000,-221.000,0.000,0.000,424.800,-106.500,0.000,0.000,424.800,-106.500,0.000,0.000,598.012,124.286,0.026,-1.000,1.000,-1.000,0,0
488.314,-120.493,0.551,-0.835,0,751.090,-19.880,281.442,0,321.699,1027.649,0,0,1280.135,403.879,65.038,87.328,-168.749,0.987,0.163,87.328,-168.749,0.987,0.163,70.000,-221.000,0.000,0.000,424.800,-106.500,0.000,0.000,424.800,-106.500,0.000,0.000,598.162,118.537,0.026,-1.000,1.000,-1.000,0,0
492.384,-133.196,0.351,-0.936,0,751.090,-19.613,282.608,0,329.664,1033.615,0,0,1280.124,399.446,72.666,94.420,-167.574,0.987,0.163,94.420,-167.574,0.987,0.163,70.000,-221.000,0.000,0.000,424.800,-106.500,0.000,0.000,424.800,-106.500,0.000,0.000,598.350,111.351,0.026,-1.000,0.000,-1.000,0,0
492.384,-150.463,0.078,-0.997,0,751.090,-19.302,290.126,0,344.003,1036.496,0,0,1280.109,389.770,80.625,102.931,-166.165,0.987,0.163,102.931,-166.165,0.987,0.163,70.000,-221.000,0.000,0.000,424.800,-106.500,0.000,0.000,424.800,-106.500,0.000,0.000,598.575,102.727,0.026,-1.000,0.000,-1.000,0,0
492.384,-161.974,0.027,-1.000,0,751.090,-19.100,295.612,0,353.708,1038.572,0,0,1280.099,383.793,87.435,108.605,-165.225,0.987,0.163,108.605,-165.225,0.987,0.163,70.000,-221.000,0.000,0.000,424.800,-106.500,0.000,0.000,424.800,-106.500,0.000,0.000,598.724,96.978,0.026,-1.000,0.000,-1.000,0,0
492.384,-176.362,0.008,-1.000,0,751.090,-18.852,302.966,0,365.987,1041.340,0,0,1280.087,376.889,97.203,115.697,-164.051,0.987,0.163,115.697,-164.051,0.987,0.163,70.000,-221.000,0.000,0.000,424.800,-106.500,0.000,0.000,424.800,-106.500,0.000,0.000,598.912,89.792,0.026,-1.000,0.000,-1.000,0,0
492.384,-190.751,0.002,-1.000,0,751.093,-18.616,310.829,0,378.414,1044.299,0,0,1280.078,370.645,108.008,122.789,-162.877,0.987,0.163,122.789,-162.877,0.987,0.163,70.000,-221.000,0.000,0.000,424.800,-106.500,0.000,0.000,424.800,-106.500,0.000,0.000,599.099,82.606,0.026,-1.000,0.000,-1.000,0,0
492.384,-205.140,0.001,-1.000,0,751.090,-18.347,319.178,0,390.975,1047.448,0,0,1280.065,363.716,119.572,131.299,-161.467,0.987,0.163,131.299,-161.467,0.987,0.163,70.000,-221.000,0.000,0.000,424.800,-106.500,0.000,0.000,424.800,-106.500,0.000,0.000,599.324,73.982,0.026,-1.000,0.000,0.000,0,0
492.384,-205.140,0.001,-1.000,0,751.089,-18.127,319.306,0,390.975,1047.448,0,0,1280.056,356.822,119.572,138.392,-160.293,0.987,0.163,138.392,-160.293,0.987,0.163,70.000,-221.000,0.000,0.000,424.800,-106.500,0.000,0.000,424.800,-106.500,0.000,0.000,599.511,66.796,0.026,-1.000,0.000,0.000,0,0
492.384,-205.140,0.001,-1.000,0,751.088,-17.911,319.432,0,390.975,1047.448,0,0,1280.047,349.940,119.572,145.484,-159.119,0.987,0.163,145.484,-159.119,0.987,0.163,70.000,-221.000,0.000,0.000,424.800,-106.500,0.000,0.000,424.800,-106.500,0.000,0.000,599.699,59.610,0.026,-1.000,0.000,0.000,0,0
492.384,-205.140,0.001,-1.000,0,751.087,-17.699,319.555,0,390.975,1047.448,0,0,1280.037,343.070,119.572,152.576,-157.944,0.987,0.163,152.576,-157.944,0.987,0.163,70.000,-221.000,0.000,0.000,424.800,-106.500,0.000,0.000,424.800,-106.500,0.000,0.000,599.886,52.424,0.026,-1.000,0.000,0.000,0,0
492.384,-205.140,0.001,-1.000,0,751.086,-17.532,319.652,0,390.975,1047.448,0,0,1280.030,337.584,119.572,158.250,-157.005,0.987,0.163,158.250,-157.005,0.987,0.163,70.000,-221.000,0.000,0.000,424.800,-106.500,0.000,0.000,424.800,-106.500,0.000,0.000,600.036,46.675,0.026,-1.000,0.000,0.000,0,0
492.384,-205.140,0.001,-1.000,0,751.085,-17.328,319.771,0,390.975,1047.448,0,0,1280.021,330.739,119.572,165.342,-155.830,0.987,0.163,165.342,-155.830,0.987,0.163,70.000,-221.000,0.000,0.000,424.800,-106.500,0.000,0.000,424.800,-106.500,0.000,0.000,600.223,39.488,0.026,-1.000,0.000,0.000,0,0
492.384,-210.895,0.000,-1.000,0,751.084,-17.128,323.304,0,396.035,1048.760,0,0,1280.013,324.856,124.362,172.434,-154.656,0.987,0.163,172.434,-154.656,0.987,0.163,70.000,-221.000,0.000,0.000,424.800,-106.500,0.000,0.000,424.800,-106.500,0.000,0.000,600.411,32.302,0.026,-1.000,0.000,-1.000,0,0
492.384,-225.284,0.000,-1.000,0,751.083,-16.931,332.250,0,408.764,1052.170,0,0,1280.005,320.992,136.664,179.526,-153.482,0.987,0.163,179.526,-153.482,0.987,0.163,70.000,-221.000,0.000,0.000,424.800,-106.500,0.000,0.000,424.800,-106.500,0.000,0.000,600.598,25.116,0.026,-1.000,0.000,-1.000,0,0
492.384,-239.672,0.000,-1.000,0,751.082,-16.739,341.582,0,421.600,1055.766,0,0,1279.996,318.003,149.340,186.618,-152.307,0.987,0.163,186.618,-152.307,0.987,0.163,70.000,-221.000,0.000,0.000,424.800,-106.500,0.000,0.000,424.800,-106.500,0.000,0.000,600.786,17.930,0.026,-1.000,0.000,-1.000,0,0
492.384,-254.061,0.000,-1.000,0,751.081,-16.550,351.269,0,434.533,1059.544,0,0,1279.989,315.912,162.302,193.710,-151.133,0.987,0.163,193.710,-151.133,0.987,0.163,70.000,-221.000,0.000,0.000,424.800,-106.500,0.000,0.000,424.800,-106.500,0.000,0.000,600.973,10.743,0.026,-1.000,0.000,-1.000,0,0
492.384,-265.572,0.000,-1.000,0,751.080,-16.365,359.280,0,444.944,1062.698,0,0,1279.981,313.666,172.834,200.802,-149.958,0.987,0.163,200.802,-149.958,0.987,0.163,70.000,-221.000,0.000,0.000,424.800,-106.500,0.000,0.000,424.800,-106.500,0.000,0.000,601.160,3.557,0.026,-1.000,0.000,0.000,0,0
492.384,-265.572,0.000,-1.000,0,751.079,-16.147,359.430,0,444.944,1062.698,0,0,1279.972,306.307,172.834,209.313,-148.549,0.987,0.163,209.313,-148.549,0.987,0.163,70.000,-221.000,0.000,0.000,424.800,-106.500,0.000,0.000,424.800,-106.500,0.000,0.000,601.385,-5.066,0.026,-1.000,0.000,0.000,0,0
492.384,-265.572,0.000,-1.000,0,751.078,-15.970,359.552,0,444.944,1062.698,0,0,1279.964,300.225,172.834,216.405,-147.375,0.987,0.163,216.405,-147.375,0.987,0.163,70.000,-221.000,0.000,0.000,424.800,-106.500,0.000,0.000,424.800,-106.500,0.000,0.000,601.573,-12.253,0.026,-1.000,0.000,0.000,0,0
501.017,-265.572,0.651,-0.759,0,751.078,-15.797,353.514,0,441.387,1070.990,0,0,1279.957,302.105,176.389,223.497,-146.200,0.987,0.163,223.497,-146.200,0.987,0.163,70.000,-221.000,0.000,0.000,424.800,-106.500,0.000,0.000,424.800,-106.500,0.000,0.000,601.760,-19.439,0.026,-1.000,1.000,0.000,0,0
512.528,-265.572,0.966,-0.260,0,642.938,-292.960,133.427,0,436.864,1082.055,0,0,1214.932,307.841,181.659,229.171,-145.261,0.987,0.163,229.171,-145.261,0.987,0.163,70.000,-221.000,0.000,0.000,424.800,-106.500,0.000,0.000,424.800,-106.500,0.000,0.000,601.975,-22.317,0.072,0.997,1.000,0.000,0,0
526.917,-265.572,0.997,-0.074,0,642.437,-292.637,118.799,0,431.576,1095.899,0,0,1214.370,315.022,189.029,236.263,-144.086,0.987,0.163,236.263,-144.086,0.987,0.163,70.000,-221.000,0.000,0.000,424.800,-106.500,0.000,0.000,424.800,-106.500,0.000,0.000,602.491,-15.146,0.072,0.997,1.000,0.000,0,0
541.306,-265.572,1.000,-0.021,0,641.912,-292.298,104.225,0,426.708,1109.756,0,0,1213.780,322.211,197.174,243.355,-142.912,0.987,0.163,243.355,-142.912,0.987,0.163,70.000,-221.000,0.000,0.000,424.800,-106.500,0.000,0.000,424.800,-106.500,0.000,0.000,603.006,-7.976,0.072,0.997,1.000,0.000,0,0
555.695,-265.572,1.000,-0.006,0,641.359,-291.941,89.741,0,422.275,1123.627,0,0,1213.159,329.410,206.003,250.447,-141.738,0.987,0.163,250.447,-141.738,0.987,0.163,70.000,-221.000,0.000,0.000,424.800,-106.500,0.000,0.000,424.800,-106.500,0.000,0.000,603.521,-0.806,0.072,0.997,1.000,0.000,0,0
570.083,-265.572,1.000,-0.002,0,640.777,-291.566,75.413,0,418.289,1137.511,0,0,1212.505,336.617,215.432,257.539,-140.563,0.987,0.163,257.539,-140.563,0.987,0.163,70.000,-221.000,0.000,0.000,424.800,-106.500,0.000,0.000,424.800,-106.500,0.000,0.000,604.037,6.364,0.072,0.997,1.000,0.000,0,0
587.350,-265.572,1.000,0.000,0,640.029,-291.083,58.602,0,414.116,1154.188,0,0,1211.664,345.276,227.434,266.050,-139.154,0.987,0.163,266.050,-139.154,0.987,0.163,70.000,-221.000,0.000,0.000,424.800,-106.500,0.000,0.000,424.800,-106.500,0.000,0.000,604.655,14.969,0.072,0.997,1.000,0.000,0,0
598.861,-265.572,1.000,0.000,0,639.807,-290.940,48.250,0,411.713,1165.315,0,0,1211.413,351.054,235.799,271.724,-138.214,0.987,0.163,271.724,-138.214,0.987,0.163,70.000,-221.000,0.000,0.000,424.800,-106.500,0.000,0.000,424.800,-106.500,0.000,0.000,605.067,20.705,0.072,0.997,1.000,0.000,0,0
613.250,-265.572,1.000,0.000,0,639.643,-290.834,36.656,0,409.146,1179.234,0,0,1211.225,358.283,246.611,278.816,-137.040,0.987,0.163,278.816,-137.040,0.987,0.163,70.000,-221.000,0.000,0.000,424.800,-106.500,0.000,0.000,424.800,-106.500,0.000,0.000,605.582,27.875,0.072,0.997,1.000,0.000,0,0
620.197,-254.555,0.660,0.751,1,630.192,-243.192,15.133,1,397.192,1183.253,0,0,1190.287,353.477,245.153,287.326,-135.631,0.987,0.163,287.326,-135.631,0.987,0.163,70.000,-221.000,0.000,0.000,424.800,-106.500,0.000,0.000,424.800,-106.500,0.000,0.000,606.201,36.479,0.072,0.997,-1.000,1.000,0,0
612.058,-246.415,-0.273,0.962,1,607.923,-231.858,15.133,1,390.471,1173.406,0,0,1166.024,338.053,233.756,293.000,-134.691,0.987,0.163,293.000,-134.691,0.987,0.163,70.000,-221.000,0.000,0.000,424.800,-106.500,0.000,0.000,424.800,-106.500,0.000,0.000,606.613,42.215,0.072,0.997,-1.000,1.000,0,0
599.848,-234.206,-0.625,0.780,1,590.383,-222.399,15.133,1,380.819,1158.694,0,0,1146.817,314.946,216.681,301.511,-133.282,0.987,0.163,301.511,-133.282,0.987,0.163,70.000,-221.000,0.000,0.000,424.800,-106.500,0.000,0.000,424.800,-106.500,0.000,0.000,607.231,50.820,0.072,0.997,-1.000,1.000,0,0
589.674,-224.032,-0.685,0.728,1,579.306,-213.009,15.133,1,373.196,1146.488,0,0,1133.960,295.722,202.478,308.603,-132.108,0.987,0.163,308.603,-132.108,0.987,0.163,70.000,-221.000,0.000,0.000,424.800,-106.500,0.000,0.000,424.800,-106.500,0.000,0.000,607.747,57.990,0.072,0.997,-1.000,1.000,0,0
579.500,-213.857,-0.701,0.713,1,568.891,-203.066,15.133,1,365.980,1134.333,0,0,1121.676,276.531,188.302,315.695,-130.933,0.987,0.163,315.695,-130.933,0.987,0.163,70.000,-221.000,0.000,0.000,424.800,-106.500,0.000,0.000,424.800,-106.500,0.000,0.000,608.262,65.160,0.072,0.997,-1.000,1.000,0,0
569.326,-203.683,-0.705,0.709,1,558.650,-192.957,15.133,1,359.195,1122.230,0,0,1109.580,257.383,174.161,322.787,-129.759,0.987,0.163,322.787,-129.759,0.987,0.163,70.000,-221.000,0.000,0.000,424.800,-106.500,0.000,0.000,424.800,-106.500,0.000,0.000,608.777,72.330,0.072,0.997,-1.000,1.000,0,0
563.221,-194.701,-0.569,0.822,1,554.609,-182.257,15.133,1,352.626,1114.409,0,0,1103.506,243.830,164.133,328.461,-128.819,0.987,0.163,328.461,-128.819,0.987,0.163,70.000,-221.000,0.000,0.000,424.800,-106.500,0.000,0.000,424.800,-106.500,0.000,0.000,609.190,78.066,0.072,0.997,0.000,1.000,0,0
563.221,-180.312,-0.167,0.986,1,560.697,-165.391,15.133,1,339.088,1111.585,0,0,1106.363,233.681,156.871,335.553,-127.645,0.987,0.163,335.553,-127.645,0.987,0.163,70.000,-221.000,0.000,0.000,424.800,-106.500,0.000,0.000,424.800,-106.500,0.000,0.000,609.705,85.236,0.072,0.997,0.000,1.000,0,0
563.221,-165.923,-0.047,0.999,1,562.512,-150.807,15.133,1,325.624,1108.941,0,0,1105.659,224.077,150.637,342.645,-126.471,0.987,0.163,342.645,-126.471,0.987,0.163,70.000,-221.000,0.000,0.000,424.800,-106.500,0.000,0.000,424.800,-106.500,0.000,0.000,610.220,92.407,0.072,0.997,0.000,1.000,0,0
561.186,-149.500,-0.191,0.982,1,558.291,-134.646,15.133,1,311.123,1104.137,0,0,1098.945,211.448,143.004,351.156,-125.061,0.987,0.163,351.156,-125.061,0.987,0.163,70.000,-221.000,0.000,0.000,424.800,-106.500,0.000,0.000,424.800,-106.500,0.000,0.000,610.838,101.011,0.072,0.997,-1.000,1.000,0,0
553.047,-141.360,-0.550,0.835,1,544.720,-128.724,15.133,1,306.878,1094.798,0,0,1084.645,196.974,132.900,356.829,-124.122,0.987,0.163,356.829,-124.122,0.987,0.163,70.000,-221.000,0.000,0.000,424.800,-106.500,0.000,0.000,424.800,-106.500,0.000,0.000,629.000,107.968,0.000,0.000,-1.000,1.000,0,0
544.908,-127.465,-0.406,0.914,1,538.766,-113.635,15.133,1,297.872,1084.646,0,0,1076.628,179.631,121.924,365.340,-122.712,0.987,0.163,365.340,-122.712,0.987,0.163,70.000,-221.000,0.000,0.000,424.800,-106.500,0.000,0.000,424.800,-106.500,0.000,0.000,629.000,116.056,0.000,0.000,0.000,1.000,0,0
544.908,-115.954,-0.150,0.989,1,542.633,-100.993,15.133,1,287.665,1083.026,0,0,1078.841,173.991,120.479,371.013,-121.773,0.987,0.163,371.013,-121.773,0.987,0.163,70.000,-221.000,0.000,0.000,424.800,-106.500,0.000,0.000,424.800,-106.500,0.000,0.000,629.000,122.754,0.000,0.000,-1.000,1.000,0,0
532.698,-103.745,-0.585,0.811,1,523.848,-91.469,15.133,1,283.076,1069.326,0,0,1059.060,154.073,107.933,379.524,-120.364,0.987,0.163,379.524,-120.364,0.987,0.163,70.000,-221.000,0.000,0.000,424.800,-106.500,0.000,0.000,424.800,-106.500,0.000,0.000,629.000,130.968,0.000,0.000,-1.000,1.000,0,0
524.559,-95.606,-0.668,0.744,1,514.455,-84.340,15.133,1,280.567,1060.251,0,0,1048.923,141.382,100.352,385.198,-119.424,0.987,0.163,385.198,-119.424,0.987,0.163,70.000,-221.000,0.000,0.000,424.800,-106.500,0.000,0.000,424.800,-106.500,0.000,0.000,629.000,138.062,0.000,0.000,-1.000,1.000,0,0
512.350,-83.396,-0.698,0.716,1,501.784,-72.562,15.133,1,277.655,1046.728,0,0,1035.088,123.589,90.547,393.708,-118.015,0.987,0.163,393.708,-118.015,0.987,0.163,70.000,-221.000,0.000,0.000,424.800,-106.500,0.000,0.000,424.800,-106.500,0.000,0.000,629.000,132.540,0.000,0.000,-1.000,1.000,0,0
504.210,-75.257,-0.704,0.710,1,493.555,-64.511,15.133,1,276.297,1037.774,0,0,1026.121,112.862,85.335,399.382,-117.075,0.987,0.163,399.382,-117.075,0.987,0.163,70.000,-221.000,0.000,0.000,424.800,-106.500,0.000,0.000,424.800,-106.500,0.000,0.000,629.000,125.376,0.000,0.000,-1.000,1.000,0,0
492.001,-63.048,-0.706,0.708,1,481.311,-52.336,15.133,1,275.152,1024.439,0,0,1012.860,99.211,80.025,407.893,-115.666,0.987,0.163,407.893,-115.666,0.987,0.163,44.000,-93.000,0.000,0.000,424.800,-106.500,0.000,0.000,424.800,-106.500,0.000,0.000,629.000,117.591,0.000,0.000,-1.000,1.000,0,0
483.862,-54.908,-0.707,0.707,1,473.165,-44.204,15.133,1,274.989,1015.615,0,0,1004.101,92.302,78.422,413.566,-114.727,0.987,0.163,413.566,-114.727,0.987,0.163,44.000,-93.000,0.000,0.000,424.800,-106.500,0.000,0.000,424.800,-106.500,0.000,0.000,629.000,110.285,0.000,0.000,-1.000,1.000,0,0
473.687,-44.734,-0.707,0.707,1,462.987,-34.032,15.133,1,275.463,1004.662,0,0,993.237,86.879,78.772,420.658,-113.552,0.987,0.163,420.658,-113.552,0.987,0.163,44.000,-93.000,0.000,0.000,424.800,-106.500,0.000,0.000,424.800,-106.500,0.000,0.000,629.000,103.135,0.000,0.000,-1.000,1.000,0,0
461.478,-32.525,-0.707,0.707,1,450.777,-21.824,15.133,1,277.018,991.633,0,0,980.323,85.924,82.569,429.169,-112.143,0.987,0.163,429.169,-112.143,0.987,0.163,44.000,-93.000,0.000,0.000,424.800,-106.500,0.000,0.000,424.800,-106.500,0.000,0.000,629.000,95.079,0.000,0.000,-1.000,1.000,0,0
455.373,-20.665,-0.455,0.891,1,448.494,-7.186,15.133,1,274.834,984.850,0,0,977.363,92.304,91.118,436.261,-110.969,0.987,0.163,436.261,-110.969,0.987,0.163,44.000,-93.000,0.000,0.000,424.800,-106.500,0.000,0.000,424.800,-106.500,0.000,0.000,629.000,87.676,0.000,0.000,0.000,1.000,0,0
463.513,-12.525,0.291,0.957,1,467.919,1.952,15.133,1,263.514,992.588,0,0,996.464,99.863,101.636,441.935,-110.029,0.987,0.163,441.935,-110.029,0.987,0.163,44.000,-93.000,0.000,0.000,424.800,-106.500,0.000,0.000,424.800,-106.500,0.000,0.000,629.000,80.520,0.000,0.000,1.000,1.000,0,0
475.722,-0.316,0.624,0.782,1,485.161,11.513,15.133,1,246.568,1004.331,0,0,1013.468,111.214,117.763,450.445,-108.620,0.987,0.163,450.445,-108.620,0.987,0.163,44.000,-93.000,0.000,0.000,424.800,-106.500,0.000,0.000,424.800,-106.500,0.000,0.000,629.000,72.557,0.000,0.000,1.000,1.000,0,0
483.862,7.823,0.680,0.733,1,494.152,18.919,15.133,1,235.296,1012.247,0,0,1022.343,118.789,128.678,456.119,-107.680,0.987,0.163,456.119,-107.680,0.987,0.163,44.000,-93.000,0.000,0.000,424.800,-106.500,0.000,0.000,424.800,-106.500,0.000,0.000,629.000,65.439,0.000,0.000,1.000,1.000,0,0
496.071,20.033,0.701,0.713,1,506.678,30.826,15.133,1,218.434,1024.249,0,0,1034.798,130.158,138.108,464.630,-106.271,0.987,0.163,464.630,-106.271,0.987,0.163,44.000,-93.000,0.000,0.000,629.000,57.499,0.000,0.000,424.800,-106.500,0.000,0.000,424.800,-106.500,0.000,0.000,1.000,1.000,0,0
504.210,28.172,0.705,0.709,1,514.880,38.904,15.133,1,207.231,1032.334,0,0,1043.029,137.742,126.759,470.303,-105.331,0.987,0.163,470.303,-105.331,0.987,0.163,44.000,-93.000,0.000,0.000,629.000,50.428,0.000,0.000,424.800,-106.500,0.000,0.000,424.800,-106.500,0.000,0.000,1.000,1.000,0,0
514.385,38.346,0.707,0.708,1,525.076,49.056,15.133,1,193.277,1042.530,0,0,1053.350,147.226,114.717,477.395,-104.157,0.987,0.163,477.395,-104.157,0.987,0.163,44.000,-93.000,0.000,0.000,629.000,43.183,0.000,0.000,424.800,-106.500,0.000,0.000,424.800,-106.500,0.000,0.000,1.000,1.000,0,0
526.594,50.556,0.707,0.707,1,537.293,61.259,15.133,1,176.624,1054.894,0,0,1065.841,158.611,103.560,485.906,-102.748,0.987,0.163,485.906,-102.748,0.987,0.163,44.000,-93.000,0.000,0.000,629.000,35.140,0.000,0.000,424.800,-106.500,0.000,0.000,424.800,-106.500,0.000,0.000,1.000,1.000,0,0
536.419,54.625,0.862,0.506,1,549.471,62.284,15.133,1,166.125,1064.800,0,0,1078.043,162.733,95.864,491.580,-101.808,0.987,0.163,491.580,-101.808,0.987,0.163,44.000,-93.000,0.000,0.000,629.000,29.754,0.000,0.000,424.800,-106.500,0.000,0.000,424.800,-106.500,0.000,0.000,1.000,0.000,0,0
550.808,54.625,0.988,0.153,0,567.840,63.053,19.003,0,153.925,1079.183,0,0,1096.424,165.486,80.143,493.035,-100.449,-0.974,0.228,493.035,-100.449,-0.974,0.228,44.000,-93.000,0.000,0.000,629.000,37.049,0.000,0.000,424.800,-106.500,0.000,0.000,424.800,-106.500,0.000,0.000,0.000,0.000,1,0
550.808,54.625,0.991,0.133,0,586.279,69.108,38.314,0,153.925,1079.183,0,0,1115.043,166.548,78.855,486.035,-98.811,-0.974,0.228,486.035,-98.811,-0.974,0.228,44.000,-93.000,0.000,0.000,629.000,44.422,0.000,0.000,424.800,-106.500,0.000,0.000,424.800,-106.500,0.000,0.000,0.000,0.000,0,0
550.808,54.625,0.991,0.133,0,604.262,75.012,57.211,0,153.925,1079.183,0,0,1133.225,167.911,78.230,479.036,-97.173,-0.974,0.228,479.036,-97.173,-0.974,0.228,44.000,-93.000,0.000,0.000,629.000,52.209,0.000,0.000,424.800,-106.500,0.000,0.000,424.800,-106.500,0.000,0.000,0.000,0.000,0,0
550.808,54.625,0.991,0.133,0,614.273,63.440,64.075,2,153.925,1079.183,0,0,1142.845,169.934,78.374,470.636,-95.208,-0.974,0.228,470.636,-95.208,-0.974,0.228,44.000,-93.000,0.000,0.000,629.000,59.956,0.000,0.000,424.800,-106.500,0.000,0.000,424.800,-106.500,0.000,0.000,0.000,0.000,0,0
550.808,54.625,0.991,0.133,0,613.928,60.588,63.401,2,153.925,1079.183,0,0,1142.422,171.511,77.886,465.036,-93.898,-0.974,0.228,465.036,-93.898,-0.974,0.228,44.000,-93.000,0.000,0.000,628.655,57.105,-0.080,-0.997,424.800,-106.500,0.000,0.000,424.800,-106.500,0.000,0.000,0.000,0.000,0,0
550.808,54.625,0.991,0.133,0,613.352,53.422,62.556,2,153.925,1079.183,0,0,1141.683,173.730,77.413,458.037,-92.261,-0.974,0.228,458.037,-92.261,-0.974,0.228,44.000,-93.000,0.000,0.000,628.079,49.939,-0.080,-0.997,424.800,-106.500,0.000,0.000,424.800,-106.500,0.000,0.000,0.000,0.000,0,0
550.808,54.625,0.991,0.133,0,612.777,46.257,62.532,2,153.925,1079.183,0,0,1140.989,176.214,77.606,451.037,-90.623,-0.974,0.228,451.037,-90.623,-0.974,0.228,44.000,-93.000,0.000,0.000,627.504,42.773,-0.080,-0.997,424.800,-106.500,0.000,0.000,424.800,-106.500,0.000,0.000,0.000,0.000,0,0
550.808,54.625,0.991,0.133,0,612.201,39.091,63.328,2,153.925,1079.183,0,0,1140.339,178.953,78.460,444.037,-88.986,-0.974,0.228,444.037,-88.986,-0.974,0.228,44.000,-93.000,0.000,0.000,626.928,35.608,-0.080,-0.997,424.800,-106.500,0.000,0.000,424.800,-106.500,0.000,0.000,0.000,0.000,0,0
550.808,54.625,0.991,0.133,0,611.511,30.492,65.324,2,153.925,1079.183,0,0,1139.619,182.559,80.326,435.638,-87.021,-0.974,0.228,435.638,-87.021,-0.974,0.228,44.000,-93.000,0.000,0.000,626.237,27.009,-0.080,-0.997,424.800,-106.500,0.000,0.000,424.800,-106.500,0.000,0.000,0.000,0.000,0,0
550.808,51.748,1.000,0.000,0,611.050,24.760,66.011,2,155.500,1079.124,0,0,1139.175,182.975,80.925,430.038,-85.710,-0.974,0.228,430.038,-85.710,-0.974,0.228,44.000,-93.000,0.000,0.000,625.777,21.277,-0.080,-0.997,424.800,-106.500,0.000,0.000,424.800,-106.500,0.000,0.000,0.000,-1.000,0,0
550.808,37.359,0.395,-0.919,0,610.475,17.594,62.855,2,163.910,1078.942,0,0,1138.661,176.269,77.942,423.039,-84.073,-0.974,0.228,423.039,-84.073,-0.974,0.228,44.000,-93.000,0.000,0.000,625.201,14.111,-0.080,-0.997,424.800,-106.500,0.000,0.000,424.800,-106.500,0.000,0.000,0.000,-1.000,0,0
542.668,26.342,-0.359,-0.933,0,609.899,10.429,69.088,2,177.091,1070.794,0,0,1138.192,166.936,84.221,416.039,-82.435,-0.974,0.228,416.039,-82.435,-0.974,0.228,44.000,-93.000,0.000,0.000,624.626,6.945,-0.080,-0.997,424.800,-106.500,0.000,0.000,424.800,-106.500,0.000,0.000,-1.000,-1.000,0,0
527.931,20.237,-0.892,-0.452,0,609.208,1.830,83.336,2,192.367,1056.102,0,0,1137.689,156.882,98.469,407.639,-80.470,-0.974,0.228,407.639,-80.470,-0.974,0.228,44.000,-93.000,0.000,0.000,623.935,-1.653,-0.080,-0.997,424.800,-106.500,0.000,0.000,424.800,-106.500,0.000,0.000,-1.000,0.000,0,0
516.420,20.237,-0.987,-0.161,0,608.748,-3.902,95.432,2,201.550,1044.593,0,0,1137.389,151.534,110.561,402.040,-79.160,-0.974,0.228,402.040,-79.160,-0.974,0.228,44.000,-93.000,0.000,0.000,623.475,-7.386,-0.080,-0.997,424.800,-106.500,0.000,0.000,424.800,-106.500,0.000,0.000,-1.000,0.000,0,0
499.153,20.237,-0.999,-0.038,0,600.561,-7.807,105.214,0,215.744,1027.329,0,0,1129.334,143.618,128.828,393.640,-77.195,-0.974,0.228,393.640,-77.195,-0.974,0.228,44.000,-93.000,0.000,0.000,622.784,-15.985,-0.080,-0.997,424.800,-106.500,0.000,0.000,424.800,-106.500,0.000,0.000,-1.000,0.000,1,0
487.642,20.237,-1.000,-0.014,0,585.337,-4.206,100.707,0,225.444,1015.820,0,0,1114.001,138.420,141.065,388.040,-75.885,-0.974,0.228,388.040,-75.885,-0.974,0.228,44.000,-93.000,0.000,0.000,622.324,-21.717,-0.080,-0.997,424.800,-106.500,0.000,0.000,424.800,-106.500,0.000,0.000,-1.000,0.000,0,0
473.253,20.237,-1.000,-0.004,0,566.732,0.194,95.604,0,237.798,1001.434,0,0,1095.272,132.025,135.684,381.041,-74.247,-0.974,0.228,381.041,-74.247,-0.974,0.228,44.000,-93.000,0.000,0.000,424.800,-106.500,0.000,0.000,424.800,-106.500,0.000,0.000,621.748,-28.883,-0.080,-0.997,-1.000,0.000,0,0
458.865,20.237,-1.000,-0.001,0,548.588,4.486,91.097,0,250.368,987.048,0,0,1077.020,125.760,131.235,374.041,-72.610,-0.974,0.228,374.041,-72.610,-0.974,0.228,44.000,-93.000,0.000,0.000,424.800,-106.500,0.000,0.000,424.800,-106.500,0.000,0.000,621.172,-36.048,-0.080,-0.997,0.000,0.000,0,0
464.620,20.237,-0.882,-0.472,0,527.406,9.497,63.706,0,245.316,992.802,0,0,1055.727,134.374,132.846,365.641,-70.645,-0.974,0.228,365.641,-70.645,-0.974,0.228,44.000,-93.000,0.000,0.000,424.800,-106.500,0.000,0.000,424.800,-106.500,0.000,0.000,620.482,-44.647,-0.080,-0.997,1.000,0.000,0,0
476.131,20.237,-0.055,-0.998,0,513.635,12.754,38.266,0,235.308,1004.311,0,0,1041.893,146.629,136.738,360.042,-69.335,-0.974,0.228,360.042,-69.335,-0.974,0.228,44.000,-93.000,0.000,0.000,424.800,-106.500,0.000,0.000,424.800,-106.500,0.000,0.000,620.021,-50.380,-0.080,-0.997,1.000,0.000,0,0
490.026,28.377,0.992,-0.127,1,505.037,26.456,15.133,1,219.244,1018.151,0,0,1033.166,168.278,149.820,351.642,-67.370,-0.974,0.228,351.642,-67.370,-0.974,0.228,44.000,-93.000,0.000,0.000,424.800,-106.500,0.000,0.000,424.800,-106.500,0.000,0.000,619.330,-58.978,-0.080,-0.997,1.000,1.000,0,0
500.200,38.551,0.790,0.613,1,512.158,47.827,15.133,1,205.414,1028.349,0,0,1040.414,187.279,158.165,344.642,-65.732,-0.974,0.228,344.642,-65.732,-0.974,0.228,44.000,-93.000,0.000,0.000,618.755,-66.144,-0.080,-0.997,424.800,-106.500,0.000,0.000,424.800,-106.500,0.000,0.000,1.000,1.000,0,0
508.340,46.690,0.736,0.676,1,519.485,56.928,15.133,1,194.408,1036.580,0,0,1047.927,202.504,161.704,339.043,-64.422,-0.974,0.228,339.043,-64.422,-0.974,0.228,44.000,-93.000,0.000,0.000,618.294,-71.876,-0.080,-0.997,424.800,-106.500,0.000,0.000,424.800,-106.500,0.000,0.000,1.000,1.000,0,0
523.078,52.795,0.912,0.410,0,533.945,71.489,21.623,0,178.595,1051.424,0,0,1062.837,224.309,163.389,330.643,-62.457,-0.974,0.228,330.643,-62.457,-0.974,0.228,44.000,-93.000,0.000,0.000,617.603,-80.475,-0.080,-0.997,424.800,-106.500,0.000,0.000,424.800,-106.500,0.000,0.000,1.000,0.000,1,0
528.833,52.795,0.968,0.250,0,545.181,82.261,33.697,0,173.583,1057.177,0,0,1074.523,233.481,155.430,325.043,-61.147,-0.974,0.228,325.043,-61.147,-0.974,0.228,44.000,-93.000,0.000,0.000,617.700,-74.725,0.017,1.000,424.800,-106.500,0.000,0.000,424.800,-106.500,0.000,0.000,0.000,0.000,0,0
528.833,52.795,0.968,0.250,0,558.913,95.425,52.175,0,173.583,1057.177,0,0,1088.936,238.840,149.662,318.044,-59.510,-0.974,0.228,318.044,-59.510,-0.974,0.228,44.000,-93.000,0.000,0.000,617.820,-67.537,0.017,1.000,424.800,-106.500,0.000,0.000,424.800,-106.500,0.000,0.000,0.000,0.000,0,0
528.833,52.795,0.968,0.250,0,572.305,108.264,70.476,0,173.583,1057.177,0,0,1103.125,244.294,144.020,311.044,-57.872,-0.974,0.228,311.044,-57.872,-0.974,0.228,44.000,-93.000,0.000,0.000,617.941,-60.350,0.017,1.000,424.800,-106.500,0.000,0.000,424.800,-106.500,0.000,0.000,0.000,0.000,0,0
528.833,52.795,0.968,0.250,0,585.365,120.784,88.427,0,173.583,1057.177,0,0,1117.086,249.835,138.523,304.044,-56.235,-0.974,0.228,304.044,-56.235,-0.974,0.228,44.000,-93.000,0.000,0.000,618.061,-53.162,0.017,1.000,424.800,-106.500,0.000,0.000,424.800,-106.500,0.000,0.000,0.000,0.000,0,0
528.833,52.795,0.968,0.250,0,598.103,132.995,105.982,0,173.583,1057.177,0,0,1130.812,255.459,133.186,297.045,-54.597,-0.974,0.228,297.045,-54.597,-0.974,0.228,44.000,-93.000,0.000,0.000,618.182,-45.974,0.017,1.000,424.800,-106.500,0.000,0.000,424.800,-106.500,0.000,0.000,0.000,0.000,0,0
528.833,52.795,0.968,0.250,0,612.972,147.249,126.512,0,173.583,1057.177,0,0,1146.970,262.308,127.023,288.645,-52.632,-0.974,0.228,288.645,-52.632,-0.974,0.228,44.000,-93.000,0.000,0.000,618.326,-37.349,0.017,1.000,424.800,-106.500,0.000,0.000,424.800,-106.500,0.000,0.000,0.000,0.000,0,0
528.833,58.551,0.743,0.669,0,625.026,158.805,138.966,0,170.835,1057.312,0,0,1160.172,270.374,126.097,281.645,-50.995,-0.974,0.228,281.645,-50.995,-0.974,0.228,44.000,-93.000,0.000,0.000,618.447,-30.161,0.017,1.000,424.800,-106.500,0.000,0.000,424.800,-106.500,0.000,0.000,0.000,1.000,0,0
528.833,70.061,0.278,0.961,0,634.454,167.843,143.972,0,165.802,1057.676,0,0,1170.559,279.716,130.280,276.046,-49.685,-0.974,0.228,276.046,-49.685,-0.974,0.228,44.000,-93.000,0.000,0.000,618.543,-24.411,0.017,1.000,424.800,-106.500,0.000,0.000,424.800,-106.500,0.000,0.000,0.000,1.000,0,0
528.833,84.450,0.077,0.997,0,645.976,178.889,150.526,0,160.452,1058.306,0,0,1183.324,291.625,135.672,269.046,-48.047,-0.974,0.228,269.046,-48.047,-0.974,0.228,44.000,-93.000,0.000,0.000,618.663,-17.223,0.017,1.000,424.800,-106.500,0.000,0.000,424.800,-106.500,0.000,0.000,0.000,1.000,0,0
528.833,98.839,0.021,1.000,0,657.213,189.662,157.337,0,156.249,1059.132,0,0,1195.848,303.764,141.226,262.046,-46.410,-0.974,0.228,262.046,-46.410,-0.974,0.228,44.000,-93.000,0.000,0.000,618.784,-10.036,0.017,1.000,427.000,279.000,0.000,0.000,427.000,279.000,0.000,0.000,0.000,1.000,0,0
528.833,113.228,0.006,1.000,0,668.172,200.168,164.343,0,153.287,1060.152,0,0,1208.129,316.106,146.923,255.047,-44.772,-0.974,0.228,255.047,-44.772,-0.974,0.228,44.000,-93.000,0.000,0.000,618.904,-2.848,0.017,1.000,427.000,279.000,0.000,0.000,427.000,279.000,0.000,0.000,-1.000,1.000,0,0
516.624,125.437,-0.543,0.840,0,680.757,212.233,185.788,0,163.910,1049.011,0,0,1222.317,318.110,157.509,246.647,-42.807,-0.974,0.228,246.647,-42.807,-0.974,0.228,44.000,-93.000,0.000,0.000,619.048,5.777,0.017,1.000,427.000,279.000,0.000,0.000,427.000,279.000,0.000,0.000,-1.000,1.000,0,0
506.450,135.611,-0.665,0.747,0,690.651,221.717,203.441,0,173.581,1039.855,0,0,1233.533,320.055,163.929,239.647,-41.170,-0.974,0.228,239.647,-41.170,-0.974,0.228,2.909,36.130,0.262,-0.965,427.000,279.000,0.000,0.000,427.000,279.000,0.000,0.000,619.169,12.965,0.017,1.000,-1.000,1.000,0,0
504.415,146.279,-0.350,0.937,0,698.360,229.108,210.996,0,175.792,1038.961,0,0,1242.308,328.247,153.649,234.047,-39.860,-0.974,0.228,234.047,-39.860,-0.974,0.228,4.415,30.579,0.262,-0.965,427.000,279.000,0.000,0.000,427.000,279.000,0.000,0.000,619.265,18.715,0.017,1.000,0.000,1.000,0,0
504.415,160.668,-0.099,0.995,0,707.744,238.104,217.676,0,177.062,1040.658,0,0,1253.028,341.306,141.406,227.048,-38.222,-0.974,0.228,227.048,-38.222,-0.974,0.228,6.298,23.642,0.262,-0.965,427.000,279.000,0.000,0.000,427.000,279.000,0.000,0.000,345.776,218.022,0.998,0.055,0.000,1.000,0,0
504.415,177.934,-0.024,1.000,0,718.645,248.554,225.667,0,180.098,1042.951,0,0,1265.535,357.128,127.308,218.648,-36.257,-0.974,0.228,218.648,-36.257,-0.974,0.228,8.558,15.317,0.262,-0.965,427.000,279.000,0.000,0.000,427.000,279.000,0.000,0.000,354.383,218.597,0.997,0.078,0.000,1.000,0,0
504.415,189.445,-0.008,1.000,0,725.721,255.337,231.004,0,183.001,1044.636,0,0,1273.684,367.759,118.377,213.048,-34.947,-0.974,0.228,213.048,-34.947,-0.974,0.228,10.065,9.766,0.262,-0.965,427.000,279.000,0.000,0.000,427.000,279.000,0.000,0.000,360.111,219.105,0.995,0.099,0.000,1.000,0,0
504.415,203.834,-0.002,1.000,0,734.369,263.628,237.699,0,187.563,1046.917,0,0,1283.673,378.758,107.903,207.333,-31.113,-0.676,0.737,207.333,-31.113,-0.676,0.737,12.925,4.700,0.941,0.338,427.000,279.000,0.000,0.000,427.000,279.000,0.000,0.000,367.259,219.871,0.993,0.118,0.000,1.000,0,0
504.415,218.223,-0.001,1.000,0,742.803,271.713,244.418,0,193.092,1049.389,0,0,1293.447,387.408,98.423,203.238,-25.452,-0.146,0.989,203.238,-25.452,-0.146,0.989,19.685,7.145,0.939,0.344,427.000,279.000,0.000,0.000,427.000,279.000,0.000,0.000,374.390,220.776,0.991,0.137,0.000,1.000,0,0
504.415,235.489,0.000,1.000,0,752.587,281.093,252.435,0,200.889,1052.609,0,0,1304.826,393.922,88.805,201.982,-16.917,-0.146,0.989,201.982,-16.917,-0.146,0.989,27.777,10.133,0.937,0.349,427.000,279.000,0.000,0.000,427.000,279.000,0.000,0.000,382.924,222.034,0.988,0.154,0.000,1.000,0,0
504.415,249.878,0.000,1.000,0,751.587,286.232,249.924,0,208.259,1055.500,0,0,1304.844,399.418,82.712,200.936,-9.805,-0.146,0.989,200.936,-9.805,-0.146,0.989,34.504,12.669,0.935,0.355,427.000,279.000,0.000,0.000,427.000,279.000,0.000,0.000,390.016,223.208,0.986,0.169,0.000,1.000,0,0
504.415,261.389,0.000,1.000,0,751.364,290.235,248.712,0,214.667,1057.948,0,0,1305.417,403.857,79.393,200.099,-4.115,-0.146,0.989,200.099,-4.115,-0.146,0.989,39.874,14.729,0.933,0.361,427.000,279.000,0.000,0.000,427.000,279.000,0.000,0.000,395.678,224.219,0.983,0.182,0.000,1.000,0,0
504.415,275.777,0.000,1.000,0,751.364,295.057,247.776,0,223.255,1061.175,0,0,1306.386,409.457,77.482,199.053,2.997,-0.146,0.989,199.053,2.997,-0.146,0.989,46.571,17.341,0.930,0.367,427.000,279.000,0.000,0.000,427.000,279.000,0.000,0.000,402.739,225.568,0.981,0.195,0.000,1.000,0,0
504.415,293.044,0.000,1.000,0,751.364,300.686,247.136,0,234.312,1065.292,0,0,1307.538,416.250,78.679,197.797,11.532,-0.146,0.989,197.797,11.532,-0.146,0.989,54.588,20.526,0.928,0.372,427.000,279.000,0.000,0.000,427.000,279.000,0.000,0.000,411.187,227.310,0.978,0.208,0.000,1.000,0,0
504.415,307.432,0.000,1.000,0,751.364,305.249,247.025,0,244.078,1068.924,0,0,1308.488,421.967,82.471,196.751,18.644,-0.146,0.989,196.751,18.644,-0.146,0.989,61.251,23.223,0.926,0.377,427.000,279.000,0.000,0.000,427.000,279.000,0.000,0.000,418.206,228.862,0.975,0.221,0.000,1.000,0,0
504.415,318.943,0.000,1.000,0,751.364,308.818,247.222,0,252.209,1071.960,0,0,1309.241,426.577,87.112,195.914,24.333,-0.146,0.989,195.914,24.333,-0.146,0.989,66.571,25.408,0.924,0.382,427.000,279.000,0.000,0.000,427.000,279.000,0.000,0.000,423.807,230.169,0.972,0.233,0.000,1.000,0,0
514.589,331.996,0.522,0.853,0,751.364,314.040,237.525,0,255.050,1085.311,0,0,1310.359,437.988,102.374,194.658,32.868,-0.146,0.989,194.658,32.868,-0.146,0.989,74.533,28.728,0.922,0.387,427.000,279.000,0.000,0.000,427.000,279.000,0.000,0.000,432.182,232.236,0.969,0.246,1.000,1.000,0,0
524.764,342.170,0.660,0.751,0,751.364,318.273,227.935,0,256.623,1097.929,0,0,1311.278,448.308,116.397,193.612,39.980,-0.146,0.989,193.612,39.980,-0.146,0.989,81.151,31.535,0.920,0.392,427.000,279.000,0.000,0.000,427.000,279.000,0.000,0.000,439.136,234.056,0.966,0.258,1.000,1.000,0,0
532.903,350.310,0.691,0.723,0,751.364,321.583,220.428,0,258.453,1108.055,0,0,1312.006,456.610,127.673,192.775,45.670,-0.146,0.989,192.775,45.670,-0.146,0.989,86.435,33.805,0.918,0.397,427.000,279.000,0.000,0.000,427.000,279.000,0.000,0.000,444.683,235.574,0.963,0.270,0.000,1.000,0,0
532.903,364.698,0.199,0.980,0,751.364,326.426,221.886,0,270.402,1112.288,0,0,1313.085,461.464,136.234,191.519,54.204,-0.146,0.989,191.519,54.204,-0.146,0.989,94.343,37.252,0.916,0.402,427.000,279.000,0.000,0.000,427.000,279.000,0.000,0.000,452.975,237.955,0.959,0.282,0.000,0.000,0,0
532.903,364.698,0.199,0.980,0,751.364,330.353,221.256,0,270.402,1112.288,0,0,1313.971,457.492,136.234,190.473,61.317,-0.146,0.989,190.473,61.317,-0.146,0.989,100.917,40.161,0.914,0.407,427.000,279.000,0.000,0.000,427.000,279.000,0.000,0.000,459.857,240.032,0.956,0.294,0.000,0.000,0,0
532.903,364.698,0.199,0.980,0,751.364,333.423,220.814,0,270.402,1112.288,0,0,1314.672,454.371,136.234,189.636,67.006,-0.146,0.989,189.636,67.006,-0.146,0.989,106.165,42.512,0.912,0.411,427.000,279.000,0.000,0.000,427.000,279.000,0.000,0.000,465.344,241.754,0.952,0.305,0.000,0.000,0,0
532.903,364.698,0.199,0.980,0,751.535,336.781,220.530,0,270.402,1112.288,0,0,1315.615,450.542,135.133,188.590,74.118,-0.146,0.989,188.590,74.118,-0.146,0.989,112.713,45.478,0.910,0.415,472.180,243.977,0.949,0.315,472.180,243.977,0.949,0.315,427.000,279.000,0.000,0.000,0.000,0.000,0,0
532.903,364.698,0.199,0.980,0,751.701,340.032,220.307,0,270.402,1112.288,0,0,1316.536,446.797,130.120,187.543,81.231,-0.146,0.989,187.543,81.231,-0.146,0.989,119.249,48.472,0.908,0.419,478.992,246.272,0.946,0.325,478.992,246.272,0.946,0.325,427.000,279.000,0.000,0.000,0.000,0.000,0,0
532.903,364.698,0.199,0.980,0,751.862,343.191,220.136,0,270.402,1112.288,0,0,1317.438,443.136,125.262,186.497,88.343,-0.146,0.989,186.497,88.343,-0.146,0.989,125.773,51.492,0.906,0.422,485.781,248.637,0.942,0.335,485.781,248.637,0.942,0.335,427.000,279.000,0.000,0.000,0.000,0.000,0,0
532.903,364.698,0.199,0.980,0,752.020,346.288,220.013,0,270.402,1112.288,0,0,1318.329,445.407,120.581,180.499,92.305,-0.834,0.551,180.499,92.305,-0.834,0.551,132.284,54.538,0.905,0.426,492.545,251.072,0.939,0.344,492.545,251.072,0.939,0.344,427.000,279.000,0.000,0.000,0.000,0.000,0,0
532.903,364.698,0.199,0.980,0,752.206,349.925,219.923,0,270.402,1112.288,0,0,1319.384,448.269,115.225,173.300,97.059,-0.834,0.551,173.300,97.059,-0.834,0.551,140.081,58.228,0.903,0.429,500.628,254.085,0.935,0.354,500.628,254.085,0.935,0.354,427.000,279.000,0.000,0.000,0.000,0.000,0,0
541.536,364.698,0.789,0.614,0,752.327,352.301,211.284,0,265.827,1120.525,0,0,1320.078,457.274,114.219,168.502,100.228,-0.834,0.551,168.502,100.228,-0.834,0.551,145.270,60.708,0.901,0.433,505.996,256.149,0.932,0.364,505.996,256.149,0.932,0.364,427.000,279.000,0.000,0.000,1.000,0.000,0,0
552.553,372.838,0.768,0.641,0,752.476,355.219,200.833,0,267.410,1133.475,0,0,1320.936,473.615,120.816,162.503,104.190,-0.834,0.551,162.503,104.190,-0.834,0.551,151.745,63.830,0.900,0.436,512.681,258.790,0.928,0.373,512.681,258.790,0.928,0.373,427.000,279.000,0.000,0.000,1.000,1.000,0,0
564.763,385.047,0.722,0.692,0,752.651,358.645,189.877,0,272.852,1148.824,0,0,1321.951,493.850,130.663,155.305,108.944,-0.834,0.551,155.305,108.944,-0.834,0.551,159.500,67.610,0.898,0.440,520.668,262.050,0.924,0.383,520.668,262.050,0.924,0.383,427.000,279.000,0.000,0.000,1.000,1.000,0,0
574.937,395.222,0.711,0.703,0,752.794,361.439,181.187,0,278.126,1161.657,0,0,1322.784,510.748,138.814,149.307,112.906,-0.834,0.551,149.307,112.906,-0.834,0.551,165.949,70.786,0.896,0.443,527.294,264.840,0.920,0.392,527.294,264.840,0.920,0.392,427.000,279.000,0.000,0.000,1.000,1.000,0,0
583.076,403.361,0.709,0.706,0,752.906,363.634,174.570,0,282.801,1171.949,0,0,1323.443,524.286,145.300,144.508,116.076,-0.834,0.551,144.508,116.076,-0.834,0.551,171.099,73.344,0.895,0.446,532.573,267.121,0.916,0.401,532.573,267.121,0.916,0.401,427.000,279.000,0.000,0.000,1.000,1.000,0,0
587.146,407.431,0.767,0.641,0,753.043,366.329,171.072,0,285.284,1177.104,0,0,1324.256,526.556,145.542,177.527,76.563,0.893,0.450,177.527,76.563,0.893,0.450,138.509,120.037,-0.834,0.551,539.146,270.032,0.912,0.411,539.146,270.032,0.912,0.411,427.000,279.000,0.000,0.000,0.000,0.000,0,0
587.146,407.431,0.767,0.641,0,643.000,465.000,80.549,0,285.284,1177.104,0,0,1248.901,519.530,140.669,183.943,79.805,0.892,0.453,183.943,79.805,0.892,0.453,132.511,123.999,-0.834,0.551,545.689,273.009,0.908,0.420,545.689,273.009,0.908,0.420,427.000,279.000,0.000,0.000,0.000,0.000,0,0
587.146,407.431,0.767,0.641,0,642.689,464.639,79.987,0,285.284,1177.104,0,0,1248.491,524.570,132.175,182.001,74.216,-0.423,-0.906,182.001,74.216,-0.423,-0.906,125.313,128.753,-0.834,0.551,549.588,280.704,0.452,0.892,549.588,280.704,0.452,0.892,427.000,279.000,0.000,0.000,0.000,0.000,0,0
587.146,407.431,0.767,0.641,0,642.326,464.216,79.389,0,285.284,1177.104,0,0,1248.008,529.766,126.521,179.567,69.006,-0.423,-0.906,179.567,69.006,-0.423,-0.906,120.514,131.923,-0.834,0.551,552.184,285.836,0.451,0.893,552.184,285.836,0.451,0.893,427.000,279.000,0.000,0.000,0.000,0.000,0,0
593.250,416.413,0.661,0.750,0,641.754,463.551,67.815,0,291.928,1185.778,0,0,1247.248,548.044,128.378,175.915,61.191,-0.423,-0.906,175.915,61.191,-0.423,-0.906,113.316,136.677,-0.834,0.551,556.071,293.537,0.450,0.893,556.071,293.537,0.450,0.893,427.000,279.000,0.000,0.000,1.000,1.000,0,0
601.390,424.553,0.692,0.722,0,641.354,463.086,55.690,0,297.469,1196.132,0,0,1246.716,564.758,132.935,173.480,55.981,-0.423,-0.906,173.480,55.981,-0.423,-0.906,108.517,139.847,-0.834,0.551,558.658,298.673,0.449,0.893,558.658,298.673,0.449,0.893,427.000,279.000,0.000,0.000,1.000,1.000,0,0
611.564,434.727,0.703,0.711,0,640.828,462.475,40.506,0,304.865,1209.103,0,0,1246.017,585.677,138.824,170.437,49.468,-0.423,-0.906,170.437,49.468,-0.423,-0.906,102.519,143.808,-0.834,0.551,561.885,305.097,0.448,0.894,561.885,305.097,0.448,0.894,427.000,279.000,0.000,0.000,1.000,1.000,0,0
620.546,440.832,0.733,0.680,1,631.642,451.123,15.133,1,308.978,1219.611,0,0,1233.533,601.069,139.255,95.321,148.563,-0.834,0.551,95.321,148.563,-0.834,0.551,166.785,41.653,-0.423,-0.906,565.697,312.834,0.459,0.889,565.697,312.834,0.459,0.889,427.000,279.000,0.000,0.000,-1.000,0.000,0,0
609.035,440.832,-0.248,0.969,1,605.277,455.491,15.133,1,311.372,1208.777,0,0,1210.306,593.662,129.401,90.522,151.732,-0.834,0.551,90.522,151.732,-0.834,0.551,164.350,36.442,-0.423,-0.906,567.828,318.168,0.263,0.965,567.828,318.168,0.263,0.965,427.000,279.000,0.000,0.000,-1.000,0.000,0,0
594.647,440.832,-0.980,0.200,1,579.819,443.859,15.133,1,314.931,1195.252,0,0,1182.390,584.405,118.386,84.523,155.694,-0.834,0.551,84.523,155.694,-0.834,0.551,161.307,29.930,-0.423,-0.906,569.178,325.218,0.089,0.996,569.178,325.218,0.089,0.996,427.000,279.000,0.000,0.000,-1.000,0.000,0,0
577.380,440.832,-0.999,0.046,1,562.263,441.534,15.133,1,320.005,1179.049,0,0,1165.136,573.297,107.296,77.325,160.448,-0.834,0.551,77.325,160.448,-0.834,0.551,157.655,22.114,-0.423,-0.906,569.399,333.833,-0.039,0.999,569.399,333.833,-0.039,0.999,427.000,279.000,0.000,0.000,-1.000,0.000,0,0
565.869,440.832,-1.000,0.016,1,550.738,441.073,15.133,1,323.855,1168.264,0,0,1154.195,565.893,101.325,72.527,163.618,-0.834,0.551,72.527,163.618,-0.834,0.551,155.220,16.904,-0.423,-0.906,568.785,339.549,-0.175,0.985,568.785,339.549,-0.175,0.985,427.000,279.000,0.000,0.000,-1.000,0.000,0,0
551.480,440.832,-1.000,0.004,1,536.347,440.898,15.133,1,329.171,1154.803,0,0,1140.693,556.638,95.583,66.528,167.579,-0.834,0.551,66.528,167.579,-0.834,0.551,152.177,10.392,-0.423,-0.906,567.135,346.540,-0.310,0.951,567.135,346.540,-0.310,0.951,427.000,279.000,0.000,0.000,-1.000,0.000,0,0
538.777,436.762,-0.952,-0.307,1,524.375,432.116,15.133,1,330.625,1141.484,0,0,1126.373,546.867,87.410,60.530,171.541,-0.834,0.551,60.530,171.541,-0.834,0.551,149.134,3.879,-0.423,-0.906,564.520,353.229,-0.454,0.891,564.520,353.229,-0.454,0.891,427.000,279.000,0.000,0.000,-1.000,-1.000,0,0
528.603,426.588,-0.794,-0.608,1,516.586,417.389,15.133,1,326.034,1128.373,0,0,1113.904,536.458,74.528,54.531,175.503,-0.834,0.551,54.531,175.503,-0.834,0.551,146.090,-2.634,-0.423,-0.906,560.824,359.384,-0.606,0.795,560.824,359.384,-0.606,0.795,427.000,279.000,0.000,0.000,-1.000,-1.000,0,0
518.428,416.414,-0.735,-0.678,1,507.307,406.151,15.133,1,322.021,1115.294,0,0,1101.327,526.257,63.922,48.533,179.465,-0.834,0.551,48.533,179.465,-0.834,0.551,143.047,-9.147,-0.423,-0.906,556.013,364.709,-0.762,0.648,556.013,364.709,-0.762,0.648,427.000,279.000,0.000,0.000,-1.000,-1.000,0,0
506.219,404.204,-0.713,-0.701,1,495.426,393.597,15.133,1,317.998,1099.642,0,0,1085.908,514.306,54.991,41.335,184.219,-0.834,0.551,41.335,184.219,-0.834,0.551,139.395,-16.962,-0.423,-0.906,548.860,369.481,-0.891,0.454,548.860,369.481,-0.891,0.454,427.000,279.000,0.000,0.000,-1.000,-1.000,0,0
494.708,404.205,-0.957,-0.289,1,480.221,399.831,15.133,1,324.407,1088.823,0,0,1073.716,506.883,58.649,36.536,187.389,-0.834,0.551,36.536,187.389,-0.834,0.551,136.960,-22.172,-0.423,-0.906,543.609,371.827,-0.915,0.404,543.609,371.827,-0.915,0.404,427.000,279.000,0.000,0.000,-1.000,0.000,0,0
480.319,404.205,-0.997,-0.080,1,465.234,402.995,15.133,1,332.805,1075.319,0,0,1060.763,497.605,63.923,30.538,191.350,-0.834,0.551,30.538,191.350,-0.834,0.551,133.917,-28.685,-0.423,-0.906,536.993,374.636,-0.930,0.368,536.993,374.636,-0.930,0.368,427.000,279.000,0.000,0.000,-1.000,0.000,0,0
464.739,400.135,-0.964,-0.268,1,450.158,396.084,15.133,1,339.193,1059.298,0,0,1044.222,481.792,67.999,26.867,199.157,-0.425,0.905,26.867,199.157,-0.425,0.905,130.265,-36.500,-0.423,-0.906,528.875,377.543,-0.959,0.283,528.875,377.543,-0.959,0.283,427.000,279.000,0.000,0.000,-1.000,-1.000,0,0
454.564,389.961,-0.802,-0.598,1,442.431,380.916,15.133,1,338.066,1046.234,0,0,1031.744,468.525,68.167,23.809,205.663,-0.425,0.905,23.809,205.663,-0.425,0.905,127.222,-43.013,-0.423,-0.906,521.769,378.550,-0.998,0.063,521.769,378.550,-0.998,0.063,427.000,279.000,0.000,0.000,-1.000,-1.000,0,0
454.564,375.572,-0.307,-0.952,1,449.924,361.168,15.133,1,327.478,1041.383,0,0,1032.308,463.568,60.115,20.750,212.168,-0.425,0.905,20.750,212.168,-0.425,0.905,124.178,-49.525,-0.423,-0.906,514.632,377.926,-0.980,-0.200,514.632,377.926,-0.980,-0.200,427.000,279.000,0.000,0.000,0.000,-1.000,0,0
454.564,364.061,-0.108,-0.994,1,452.931,349.016,15.133,1,319.222,1037.630,0,0,1031.344,460.261,55.939,18.304,217.373,-0.425,0.905,18.304,217.373,-0.425,0.905,121.744,-54.736,-0.423,-0.906,509.198,376.073,-0.901,-0.433,509.198,376.073,-0.901,-0.433,427.000,279.000,0.000,0.000,0.000,-1.000,0,0
454.564,349.672,-0.030,-1.000,1,454.109,334.546,15.133,1,309.195,1033.100,0,0,1028.099,456.974,53.532,15.245,223.879,-0.425,0.905,15.245,223.879,-0.425,0.905,118.700,-61.248,-0.423,-0.906,503.026,372.413,-0.791,-0.612,503.026,372.413,-0.791,-0.612,427.000,279.000,0.000,0.000,0.000,-1.000,0,0
462.704,338.655,0.456,-0.890,1,469.605,325.187,15.133,1,295.744,1037.523,0,0,1040.226,463.344,45.457,12.187,230.384,-0.425,0.905,12.187,230.384,-0.425,0.905,115.657,-67.761,-0.423,-0.906,497.923,367.394,-0.557,-0.830,497.923,367.394,-0.557,-0.830,427.000,279.000,0.000,0.000,1.000,-1.000,0,0
468.808,323.917,0.350,-0.937,1,474.098,309.738,15.133,1,281.348,1039.102,0,0,1040.288,468.207,43.822,8.517,238.191,-0.425,0.905,8.517,238.191,-0.425,0.905,112.005,-75.576,-0.423,-0.906,494.156,359.664,-0.374,-0.928,494.156,359.664,-0.374,-0.928,427.000,279.000,0.000,0.000,0.000,-1.000,0,0
468.808,309.528,0.098,-0.995,1,470.295,294.468,15.133,1,272.049,1035.137,0,0,1032.622,467.864,49.028,5.458,244.697,-0.425,0.905,5.458,244.697,-0.425,0.905,108.962,-82.089,-0.423,-0.906,491.536,352.970,-0.351,-0.936,491.536,352.970,-0.351,-0.936,427.000,279.000,0.000,0.000,0.000,-1.000,0,0
468.808,298.017,0.034,-0.999,1,469.328,282.893,15.133,1,264.938,1032.098,0,0,1028.791,468.276,45.930,3.011,249.901,-0.425,0.905,3.011,249.901,-0.425,0.905,106.527,-87.299,-0.423,-0.906,427.000,279.000,0.000,0.000,427.000,279.000,0.000,0.000,489.660,347.534,-0.300,-0.954,0.000,-1.000,0,0
468.808,283.629,0.010,-1.000,1,468.963,268.496,15.133,1,256.498,1028.468,0,0,1025.005,468.320,42.064,2.276,242.750,-0.102,-0.995,2.276,242.750,-0.102,-0.995,103.484,-93.812,-0.423,-0.906,427.000,279.000,0.000,0.000,427.000,279.000,0.000,0.000,487.649,340.633,-0.251,-0.968,0.000,-1.000,0,0
468.808,266.362,0.002,-1.000,1,468.841,251.229,15.133,1,247.097,1024.362,0,0,1021.022,468.523,43.677,1.393,234.169,-0.102,-0.995,1.393,234.169,-0.102,-0.995,99.832,-101.627,-0.423,-0.906,427.000,279.000,0.000,0.000,427.000,279.000,0.000,0.000,485.665,332.239,-0.210,-0.978,0.000,-1.000,0,0
468.808,254.851,0.001,-1.000,1,468.820,239.718,15.133,1,241.314,1021.777,0,0,1018.578,468.748,48.282,0.804,228.448,-0.102,-0.995,0.804,228.448,-0.102,-0.995,97.397,-106.837,-0.423,-0.906,427.000,279.000,0.000,0.000,427.000,279.000,0.000,0.000,484.552,326.597,-0.178,-0.984,0.000,-1.000,0,0
464.739,239.270,-0.245,-0.970,1,461.031,224.599,15.133,1,237.824,1014.493,0,0,1007.943,465.222,54.796,-0.079,219.867,-0.102,-0.995,-0.079,219.867,-0.102,-0.995,93.745,-114.653,-0.423,-0.906,427.000,279.000,0.000,0.000,427.000,279.000,0.000,0.000,483.075,318.098,-0.190,-0.982,-1.000,-1.000,0,0
454.564,229.096,-0.596,-0.803,1,445.544,216.945,15.133,1,243.045,1002.478,0,0,991.287,455.673,57.010,-0.815,212.716,-0.102,-0.995,-0.815,212.716,-0.102,-0.995,90.702,-121.165,-0.423,-0.906,427.000,279.000,0.000,0.000,427.000,279.000,0.000,0.000,480.998,311.222,-0.335,-0.942,-1.000,-1.000,0,0
446.425,220.957,-0.671,-0.742,1,436.275,209.732,15.133,1,247.744,992.911,0,0,980.844,448.045,61.207,-1.403,206.995,-0.102,-0.995,-1.403,206.995,-0.102,-0.995,88.267,-126.376,-0.423,-0.906,427.000,279.000,0.000,0.000,427.000,279.000,0.000,0.000,478.849,305.888,-0.405,-0.914,-1.000,-1.000,0,0
438.285,209.939,-0.628,-0.778,1,428.783,198.162,15.133,1,252.043,982.858,0,0,971.420,440.540,69.977,-2.139,199.844,-0.102,-0.995,-2.139,199.844,-0.102,-0.995,85.224,-132.888,-0.423,-0.906,427.000,279.000,0.000,0.000,427.000,279.000,0.000,0.000,475.801,299.378,-0.421,-0.907,0.000,-1.000,0,0
438.285,192.673,-0.142,-0.990,1,436.136,177.693,15.133,1,247.661,979.860,0,0,975.374,441.309,87.061,-3.022,191.263,-0.102,-0.995,-3.022,191.263,-0.102,-0.995,83.466,-135.304,0.235,0.972,427.000,279.000,0.000,0.000,427.000,279.000,0.000,0.000,472.685,291.341,-0.318,-0.948,0.000,-1.000,0,0
438.285,178.284,-0.040,-0.999,1,437.683,163.163,15.133,1,244.882,977.587,0,0,974.825,442.081,101.346,-3.757,184.112,-0.102,-0.995,-3.757,184.112,-0.102,-0.995,85.158,-128.317,0.235,0.972,427.000,279.000,0.000,0.000,427.000,279.000,0.000,0.000,470.626,284.454,-0.269,-0.963,0.000,-1.000,0,0
438.285,163.896,-0.011,-1.000,1,438.117,148.763,15.133,1,242.924,975.522,0,0,973.407,442.971,115.656,-4.493,176.961,-0.102,-0.995,-4.493,176.961,-0.102,-0.995,86.850,-121.330,0.235,0.972,427.000,279.000,0.000,0.000,427.000,279.000,0.000,0.000,468.834,277.492,-0.237,-0.971,0.000,-1.000,0,0
438.285,152.385,-0.004,-1.000,1,438.227,137.252,15.133,1,241.963,974.019,0,0,972.190,440.963,123.033,88.204,-115.741,0.235,0.972,88.204,-115.741,0.235,0.972,-5.082,171.241,-0.102,-0.995,467.542,271.889,-0.213,-0.977,467.542,271.889,-0.213,-0.977,427.000,279.000,0.000,0.000,0.000,-1.000,0,0
440.320,138.839,0.089,-0.996,1,441.673,123.766,15.133,1,239.500,974.445,0,0,974.237,429.068,128.617,89.896,-108.754,0.235,0.972,89.896,-108.754,0.235,0.972,-5.818,164.090,-0.102,-0.995,466.074,264.852,-0.170,-0.985,466.074,264.852,-0.170,-0.985,427.000,279.000,0.000,0.000,1.000,-1.000,0,0
455.901,134.769,0.900,-0.435,1,469.528,128.188,15.133,1,223.975,989.493,0,0,1002.384,433.322,121.869,91.926,-100.370,0.235,0.972,91.926,-100.370,0.235,0.972,-6.700,155.509,-0.102,-0.995,465.354,256.271,0.003,-1.000,465.354,256.271,0.003,-1.000,427.000,279.000,0.000,0.000,1.000,0.000,0,0
467.412,134.769,0.988,-0.152,1,482.368,132.464,15.133,1,212.496,1000.940,0,0,1015.582,438.940,115.781,93.280,-94.781,0.235,0.972,93.280,-94.781,0.235,0.972,-7.289,149.788,-0.102,-0.995,465.780,250.538,0.139,-0.990,465.780,250.538,0.139,-0.990,427.000,279.000,0.000,0.000,1.000,0.000,0,0
481.800,134.769,0.999,-0.045,0,498.003,133.643,16.241,0,198.151,1015.250,0,0,1031.254,446.286,109.699,94.972,-87.794,0.235,0.972,94.972,-87.794,0.235,0.972,-8.025,142.637,-0.102,-0.995,467.138,243.484,0.271,-0.963,467.138,243.484,0.271,-0.963,427.000,279.000,0.000,0.000,1.000,0.000,1,0
487.556,134.769,1.000,-0.026,0,517.572,132.488,30.103,0,192.415,1020.975,0,0,1050.612,446.397,103.523,96.664,-80.807,0.235,0.972,96.664,-80.807,0.235,0.972,-8.760,135.486,-0.102,-0.995,469.522,236.710,0.419,-0.908,469.522,236.710,0.419,-0.908,427.000,279.000,0.000,0.000,0.000,0.000,0,0
487.556,134.769,1.000,-0.026,0,536.657,131.362,49.220,0,192.415,1020.975,0,0,1069.499,441.573,96.718,98.356,-73.821,0.235,0.972,98.356,-73.821,0.235,0.972,-9.496,128.335,-0.102,-0.995,472.900,230.371,0.541,-0.841,472.900,230.371,0.541,-0.841,427.000,279.000,0.000,0.000,0.000,0.000,0,0
487.556,134.769,1.000,-0.026,0,558.937,130.047,71.539,0,192.415,1020.975,0,0,1091.554,435.870,89.168,100.386,-65.437,0.235,0.972,100.386,-65.437,0.235,0.972,-10.379,119.754,-0.102,-0.995,478.003,223.424,0.638,-0.770,478.003,223.424,0.638,-0.770,629.000,70.187,0.000,0.000,0.000,0.000,0,0
487.556,134.769,1.000,-0.026,0,576.998,128.980,89.634,0,192.415,1020.975,0,0,1109.441,431.192,83.548,102.078,-58.450,0.235,0.972,102.078,-58.450,0.235,0.972,44.000,-93.000,0.000,0.000,482.926,218.189,0.713,-0.701,482.926,218.189,0.713,-0.701,629.000,77.706,0.000,0.000,0.000,0.000,0,0
487.556,134.769,1.000,-0.026,0,594.612,127.941,107.283,0,192.415,1020.975,0,0,1126.890,426.584,78.658,103.770,-51.463,0.235,0.972,103.770,-51.463,0.235,0.972,44.000,-93.000,0.000,0.000,488.305,213.423,0.770,-0.638,488.305,213.423,0.770,-0.638,629.000,85.269,0.000,0.000,0.000,0.000,0,0
487.556,134.769,1.000,-0.026,0,608.389,127.128,121.089,0,192.415,1020.975,0,0,1140.541,422.949,75.335,105.124,-45.874,0.235,0.972,105.124,-45.874,0.235,0.972,44.000,-93.000,0.000,0.000,492.862,209.917,0.813,-0.582,492.862,209.917,0.813,-0.582,629.000,92.214,0.000,0.000,0.000,0.000,0,0
487.556,134.769,1.000,-0.026,0,625.226,126.134,137.963,0,192.415,1020.975,0,0,1157.228,418.473,71.989,106.816,-38.887,0.235,0.972,106.816,-38.887,0.235,0.972,44.000,-93.000,0.000,0.000,498.805,205.874,0.846,-0.533,498.805,205.874,0.846,-0.533,629.000,99.924,0.000,0.000,0.000,0.000,0,0
487.556,134.769,1.000,-0.026,0,613.728,106.992,129.194,2,192.415,1020.975,0,0,1144.369,414.073,70.312,108.508,-31.900,0.235,0.972,108.508,-31.900,0.235,0.972,44.000,-93.000,0.000,0.000,502.390,203.499,0.756,-0.655,502.390,203.499,0.756,-0.655,628.455,103.509,-0.379,-0.925,0.000,0.000,0,0
487.556,134.769,1.000,-0.026,0,610.456,99.010,127.997,2,192.415,1020.975,0,0,1140.600,408.897,66.410,110.538,-23.516,0.235,0.972,110.538,-23.516,0.235,0.972,44.000,-93.000,0.000,0.000,508.774,197.699,0.724,-0.690,508.774,197.699,0.724,-0.690,625.183,95.527,-0.379,-0.925,0.000,0.000,0,0
487.556,134.769,1.000,-0.026,0,608.275,93.689,127.517,2,192.415,1020.975,0,0,1138.117,405.512,64.068,111.892,-17.927,0.235,0.972,111.892,-17.927,0.235,0.972,44.000,-93.000,0.000,0.000,512.843,193.635,0.691,-0.723,512.843,193.635,0.691,-0.723,623.002,90.206,-0.379,-0.925,0.000,0.000,0,0
487.556,134.769,1.000,-0.026,0,605.549,87.038,127.282,2,192.415,1020.975,0,0,1135.047,401.356,61.475,113.584,-10.940,0.235,0.972,113.584,-10.940,0.235,0.972,44.000,-93.000,0.000,0.000,517.707,188.342,0.655,-0.756,517.707,188.342,0.655,-0.756,620.275,83.554,-0.379,-0.925,0.000,0.000,0,0
487.556,134.769,1.000,-0.026,0,602.822,80.386,127.451,2,192.415,1020.975,0,0,1132.014,397.286,59.304,115.276,-3.953,0.235,0.972,115.276,-3.953,0.235,0.972,44.000,-93.000,0.000,0.000,522.310,182.822,0.618,-0.786,522.310,182.822,0.618,-0.786,617.549,76.903,-0.379,-0.925,0.000,0.000,0,0
483.486,124.944,0.626,-0.780,0,599.550,72.404,127.402,2,196.873,1015.971,0,0,1128.424,385.501,67.327,117.306,4.431,0.235,0.972,117.306,4.431,0.235,0.972,44.000,-93.000,0.000,0.000,527.475,175.914,0.579,-0.815,527.475,175.914,0.579,-0.815,614.277,68.921,-0.379,-0.925,-1.000,-1.000,0,0
473.312,114.770,-0.458,-0.889,0,596.824,65.753,132.883,2,207.880,1004.941,0,0,1125.474,369.080,80.160,118.998,11.418,0.235,0.972,118.998,11.418,0.235,0.972,44.000,-93.000,0.000,0.000,531.468,169.937,0.539,-0.842,531.468,169.937,0.539,-0.842,611.551,62.269,-0.379,-0.925,-1.000,-1.000,0,0
463.137,104.595,-0.643,-0.766,0,594.097,59.101,138.637,2,219.279,993.998,0,0,1122.562,353.127,93.227,120.690,18.404,0.235,0.972,120.690,18.404,0.235,0.972,44.000,-93.000,0.000,0.000,535.171,163.776,0.499,-0.867,535.171,163.776,0.499,-0.867,608.824,55.618,-0.379,-0.925,-1.000,-1.000,0,0
454.998,96.456,-0.686,-0.728,0,592.347,53.642,143.868,2,228.642,985.307,0,0,1120.688,340.748,103.703,122.044,23.994,0.235,0.972,122.044,23.994,0.235,0.972,44.000,-93.000,0.000,0.000,537.923,158.727,0.460,-0.888,537.923,158.727,0.460,-0.888,607.074,50.158,-0.229,-0.973,-1.000,-1.000,0,0
444.823,86.282,-0.701,-0.713,0,590.698,46.645,151.164,2,240.607,974.526,0,0,1118.920,325.815,116.756,123.736,30.980,0.235,0.972,123.736,30.980,0.235,0.972,44.000,-93.000,0.000,0.000,541.128,152.293,0.425,-0.905,541.128,152.293,0.425,-0.905,605.425,43.161,-0.229,-0.973,-1.000,-1.000,0,0
430.085,80.177,-0.929,-0.370,0,590.078,39.058,165.192,2,256.296,959.481,0,0,1118.218,307.044,131.351,125.766,39.364,0.235,0.972,125.766,39.364,0.235,0.972,44.000,-93.000,0.000,0.000,544.654,144.420,0.398,-0.917,544.654,144.420,0.398,-0.917,604.805,35.575,0.182,-0.983,-1.000,0.000,0,0
418.575,80.177,-0.992,-0.125,0,591.123,33.403,178.776,2,267.503,947.987,0,0,1119.236,293.575,141.227,127.120,44.954,0.235,0.972,127.120,44.954,0.235,0.972,44.000,-93.000,0.000,0.000,546.909,139.130,0.386,-0.923,546.909,139.130,0.386,-0.923,424.800,-106.500,0.000,0.000,-1.000,0.000,0,0
401.308,80.177,-1.000,-0.030,0,592.690,24.920,199.199,2,284.358,930.747,0,0,1120.817,273.478,157.361,129.150,53.338,0.235,0.972,129.150,53.338,0.235,0.972,44.000,-93.000,0.000,0.000,550.185,131.150,0.374,-0.928,550.185,131.150,0.374,-0.928,424.800,-106.500,0.000,0.000,-1.000,0.000,0,0
407.064,80.177,-0.733,-0.681,0,593.735,19.265,196.358,2,278.734,936.493,0,0,1121.906,277.375,152.236,130.504,58.927,0.235,0.972,130.504,58.927,0.235,0.972,44.000,-93.000,0.000,0.000,552.301,125.802,0.362,-0.932,552.301,125.802,0.362,-0.932,424.800,-106.500,0.000,0.000,1.000,0.000,0,0
415.697,80.177,-0.003,-1.000,0,595.302,10.782,192.546,2,270.308,945.114,0,0,1123.593,283.454,144.648,132.534,67.311,0.235,0.972,132.534,67.311,0.235,0.972,44.000,-93.000,0.000,0.000,555.382,117.745,0.352,-0.936,555.382,117.745,0.352,-0.936,424.800,-106.500,0.000,0.000,-1.000,0.000,0,0
404.186,80.177,-0.514,-0.858,0,596.347,5.127,206.297,2,281.545,933.620,0,0,1124.753,270.396,156.531,133.888,72.901,0.235,0.972,133.888,72.901,0.235,0.972,44.000,-93.000,0.000,0.000,557.375,112.350,0.342,-0.940,557.375,112.350,0.342,-0.940,424.800,-106.500,0.000,0.000,-1.000,0.000,0,0
412.819,80.177,0.198,-0.980,0,597.653,-1.942,202.256,2,273.115,942.240,0,0,1126.242,277.239,149.164,135.580,79.888,0.235,0.972,135.580,79.888,0.235,0.972,44.000,-93.000,0.000,0.000,559.803,105.584,0.332,-0.943,559.803,105.584,0.332,-0.943,424.800,-106.500,0.000,0.000,1.000,0.000,0,0
409.941,80.177,0.266,-0.964,0,599.221,-10.425,209.846,2,275.924,939.367,0,0,1128.088,272.451,153.659,137.611,88.272,0.235,0.972,137.611,88.272,0.235,0.972,44.000,-93.000,0.000,0.000,562.628,97.433,0.323,-0.946,562.628,97.433,0.323,-0.946,424.800,-106.500,0.000,0.000,-1.000,0.000,0,0
412.819,80.177,0.157,-0.988,0,600.266,-16.080,210.717,2,273.115,942.240,0,0,1129.353,274.196,152.101,138.964,93.861,0.235,0.972,138.964,93.861,0.235,0.972,44.000,-93.000,0.000,0.000,564.461,91.982,0.315,-0.949,564.461,91.982,0.315,-0.949,424.800,-106.500,0.000,0.000,1.000,0.000,0,0
421.452,80.177,0.823,-0.569,0,601.834,-24.563,208.585,2,264.699,950.860,0,0,1131.304,281.324,145.732,140.995,102.245,0.235,0.972,140.995,102.245,0.235,0.972,44.000,-93.000,0.000,0.000,567.139,83.782,0.307,-0.952,567.139,83.782,0.307,-0.952,424.800,-106.500,0.000,0.000,-1.000,0.000,0,0
409.941,80.177,-0.102,-0.995,0,602.879,-30.218,222.288,2,275.924,939.367,0,0,1132.638,269.018,158.950,142.348,107.834,0.235,0.972,142.348,107.834,0.235,0.972,44.000,-93.000,0.000,0.000,568.880,78.301,0.299,-0.954,568.880,78.301,0.299,-0.954,424.800,-106.500,0.000,0.000,0.000,0.000,0,0
421.452,80.177,0.297,-0.955,0,604.185,-37.287,217.230,2,264.699,950.860,0,0,1134.346,279.567,149.812,144.040,114.821,0.235,0.972,144.040,114.821,0.235,0.972,44.000,-93.000,0.000,0.000,571.009,71.435,0.292,-0.956,571.009,71.435,0.292,-0.956,424.800,-106.500,0.000,0.000,1.000,0.000,0,0
424.330,80.177,0.715,-0.699,0,605.595,-42.922,219.112,2,261.896,953.734,0,0,1136.105,281.566,150.133,146.071,123.205,0.235,0.972,146.071,123.205,0.235,0.972,44.000,-93.000,0.000,0.000,573.497,63.175,0.285,-0.958,573.497,63.175,0.285,-0.958,424.800,-106.500,0.000,0.000,-1.000,0.000,0,0
412.819,80.177,-0.255,-0.967,0,606.008,-37.186,226.045,2,273.115,942.240,0,0,1136.159,269.811,163.934,147.424,128.795,0.235,0.972,147.424,128.795,0.235,0.972,44.000,-93.000,0.000,0.000,575.203,57.683,0.309,-0.951,575.203,57.683,0.309,-0.951,424.800,-106.500,0.000,0.000,0.000,0.000,0,0
427.208,80.177,0.527,-0.850,0,606.629,-28.582,209.810,2,259.095,956.608,0,0,1136.296,283.542,153.866,149.455,137.179,0.235,0.972,149.455,137.179,0.235,0.972,44.000,-93.000,0.000,0.000,577.988,49.519,0.338,-0.941,577.988,49.519,0.338,-0.941,424.800,-106.500,0.000,0.000,1.000,0.000,0,0
424.330,80.177,0.562,-0.827,0,607.042,-22.846,209.756,2,261.896,953.734,0,0,1136.423,280.592,159.815,150.809,142.768,0.235,0.972,150.809,142.768,0.235,0.972,44.000,-93.000,0.000,0.000,580.029,44.143,0.374,-0.927,580.029,44.143,0.374,-0.927,424.800,-106.500,0.000,0.000,-1.000,0.000,0,0
418.575,80.177,-0.171,-0.985,0,607.662,-14.242,211.351,2,267.503,947.987,0,0,1136.668,275.051,170.635,152.839,151.152,0.235,0.972,152.839,151.152,0.235,0.972,44.000,-93.000,0.000,0.000,583.452,36.226,0.421,-0.907,583.452,36.226,0.421,-0.907,424.800,-106.500,0.000,0.000,1.000,0.000,0,0
430.085,80.177,0.752,-0.659,0,608.179,-7.072,198.317,2,256.296,959.481,0,0,1136.923,286.371,164.550,154.531,158.139,0.235,0.972,154.531,158.139,0.235,0.972,44.000,-93.000,0.000,0.000,586.747,29.839,0.486,-0.874,586.747,29.839,0.486,-0.874,424.800,-106.500,0.000,0.000,0.000,0.000,0,0
421.452,80.177,0.248,-0.969,0,608.593,-1.336,204.122,2,264.699,950.860,0,0,1137.159,278.401,177.165,155.885,163.728,0.235,0.972,155.885,163.728,0.235,0.972,44.000,-93.000,0.000,0.000,589.794,24.963,0.582,-0.814,589.794,24.963,0.582,-0.814,424.800,-106.500,0.000,0.000,-1.000,0.000,0,0
421.452,80.177,0.032,-0.999,0,609.213,7.269,201.420,2,264.699,950.860,0,0,1137.568,279.113,184.598,157.915,172.112,0.235,0.972,157.915,172.112,0.235,0.972,44.000,-93.000,0.000,0.000,595.427,18.458,0.735,-0.678,595.427,18.458,0.735,-0.678,424.800,-106.500,0.000,0.000,1.000,0.000,0,0
432.963,80.177,0.882,-0.471,0,610.969,11.247,190.887,0,253.499,962.355,0,0,1139.237,290.551,179.234,159.269,177.702,0.235,0.972,159.269,177.702,0.235,0.972,44.000,-93.000,0.000,0.000,600.131,15.526,0.930,-0.367,600.131,15.526,0.930,-0.367,424.800,-106.500,0.000,0.000,1.000,0.000,0,0
438.719,80.177,0.969,-0.248,0,620.713,12.127,194.313,0,247.910,968.102,0,0,1148.945,296.948,181.740,161.299,186.086,0.235,0.972,161.299,186.086,0.235,0.972,44.000,-93.000,0.000,0.000,607.734,13.370,0.986,-0.167,607.734,13.370,0.986,-0.167,424.800,-106.500,0.000,0.000,0.000,0.000,0,0
438.719,80.177,0.969,-0.248,0,628.525,17.350,199.957,0,247.910,968.102,0,0,1156.674,297.945,187.195,162.991,193.072,0.235,0.972,162.991,193.072,0.235,0.972,44.000,-93.000,0.000,0.000,424.800,-106.500,0.000,0.000,424.800,-106.500,0.000,0.000,614.803,13.624,0.981,0.192,1.000,0.000,0,0
453.107,80.177,0.998,-0.069,0,634.948,23.756,190.433,0,233.972,982.470,0,0,1163.030,312.346,180.092,164.683,200.059,0.235,0.972,164.683,200.059,0.235,0.972,44.000,-93.000,0.000,0.000,621.478,16.268,0.890,0.455,621.478,16.268,0.890,0.455,626.744,32.377,0.065,0.998,1.000,0.000,0,0
464.618,80.177,1.000,-0.024,0,639.925,28.696,182.770,0,222.863,993.966,0,0,1167.980,323.873,167.852,166.037,205.649,0.235,0.972,166.037,205.649,0.235,0.972,44.000,-93.000,0.000,0.000,627.116,38.116,0.065,0.998,626.379,19.268,0.821,0.571,626.379,19.268,0.821,0.571,1.000,0.000,0,0
479.007,80.177,1.000,-0.007,0,642.297,34.189,169.722,0,209.038,1008.335,0,0,1170.349,338.289,152.614,167.729,212.635,0.235,0.972,167.729,212.635,0.235,0.972,44.000,-93.000,0.000,0.000,627.580,45.290,0.065,0.998,631.948,23.618,0.700,0.715,631.948,23.618,0.700,0.715,1.000,0.000,0,0
493.396,80.177,1.000,-0.002,0,646.095,41.193,157.684,0,195.295,1022.705,0,0,1174.188,352.710,137.472,169.421,219.622,0.235,0.972,169.421,219.622,0.235,0.972,44.000,-93.000,0.000,0.000,628.045,52.464,0.065,0.998,636.629,29.014,0.614,0.790,636.629,29.014,0.614,0.790,1.000,0.000,0,0
47.273,287.000,1.000,-0.001,0,649.657,47.955,648.102,0,649.563,629.897,0,0,1177.826,132.277,93.071,-85.000,286.000,0.000,0.000,-85.000,286.000,0.000,0.000,-296.000,285.000,0.000,0.000,140.000,279.000,0.000,0.000,140.000,279.000,0.000,0.000,290.700,275.300,0.000,0.000,1.000,0.000,0,0
58.698,287.000,1.000,0.000,0,652.719,54.386,637.967,0,638.455,640.351,0,0,1180.995,143.702,81.694,-85.000,286.000,0.000,0.000,-85.000,286.000,0.000,0.000,-296.000,285.000,0.000,0.000,140.000,279.000,0.000,0.000,140.000,279.000,0.000,0.000,290.700,275.300,0.000,0.000,0.000,0.000,0,0
58.698,287.000,1.000,0.000,0,655.704,60.657,638.501,0,638.455,640.351,0,0,1184.118,143.702,81.694,-85.000,286.000,0.000,0.000,-85.000,286.000,0.000,0.000,-296.000,285.000,0.000,0.000,140.000,279.000,0.000,0.000,140.000,279.000,0.000,0.000,290.700,275.300,0.000,0.000,0.000,0.000,0,0
58.698,287.000,1.000,0.000,0,658.616,66.774,639.095,0,638.455,640.351,0,0,1187.195,143.702,81.694,-85.000,286.000,0.000,0.000,-85.000,286.000,0.000,0.000,-296.000,285.000,0.000,0.000,140.000,279.000,0.000,0.000,140.000,279.000,0.000,0.000,290.700,275.300,0.000,0.000,0.000,0.000,0,0
58.698,287.000,1.000,0.000,0,661.903,73.682,639.847,0,638.455,640.351,0,0,1190.706,143.702,81.694,-85.000,286.000,0.000,0.000,-85.000,286.000,0.000,0.000,-296.000,285.000,0.000,0.000,140.000,279.000,0.000,0.000,140.000,279.000,0.000,0.000,290.700,275.300,0.000,0.000,0.000,0.000,0,0
58.698,287.000,1.000,0.000,0,664.496,79.135,640.502,0,638.455,640.351,0,0,1193.505,143.702,81.694,-85.000,286.000,0.000,0.000,-85.000,286.000,0.000,0.000,-296.000,285.000,0.000,0.000,140.000,279.000,0.000,0.000,140.000,279.000,0.000,0.000,290.700,275.300,0.000,0.000,0.000,0.000,0,0
58.698,287.000,1.000,0.000,0,666.506,83.362,641.048,0,638.455,640.351,0,0,1195.692,143.702,81.694,-85.000,286.000,0.000,0.000,-85.000,286.000,0.000,0.000,-296.000,285.000,0.000,0.000,140.000,279.000,0.000,0.000,140.000,279.000,0.000,0.000,290.700,275.300,0.000,0.000,0.000,0.000,0,0
58.698,281.245,0.887,-0.462,0,669.417,89.483,640.151,0,637.136,638.071,0,0,1198.884,143.777,81.333,-85.000,286.000,0.000,0.000,-85.000,286.000,0.000,0.000,-296.000,285.000,0.000,0.000,140.000,279.000,0.000,0.000,140.000,279.000,0.000,0.000,290.700,275.300,0.000,0.000,0.000,-1.000,0,0
58.698,269.734,0.343,-0.939,0,669.807,92.804,636.239,0,634.645,633.644,0,0,1199.441,144.616,81.828,-85.000,286.000,0.000,0.000,-85.000,286.000,0.000,0.000,-296.000,285.000,0.000,0.000,140.000,279.000,0.000,0.000,140.000,279.000,0.000,0.000,290.700,275.300,0.000,0.000,0.000,-1.000,0,0
58.698,255.345,0.091,-0.996,0,669.806,96.600,631.423,0,631.813,628.362,0,0,1199.642,146.932,84.673,-85.000,286.000,0.000,0.000,-85.000,286.000,0.000,0.000,44.000,-93.000,0.000,0.000,140.000,279.000,0.000,0.000,140.000,279.000,0.000,0.000,290.700,275.300,0.000,0.000,0.000,-1.000,0,0
58.698,238.078,0.021,-1.000,0,59.000,80.600,157.608,0,628.832,622.403,0,0,589.174,151.478,91.019,-85.000,286.000,0.000,0.000,-85.000,286.000,0.000,0.000,44.000,-93.000,0.000,0.000,140.000,279.000,0.000,0.000,140.000,279.000,0.000,0.000,290.700,275.300,0.000,0.000,0.000,-1.000,0,0
58.698,226.568,0.008,-1.000,0,59.000,80.600,146.112,0,627.101,618.667,0,0,589.173,155.504,96.743,-85.000,286.000,0.000,0.000,-85.000,286.000,0.000,0.000,44.000,-93.000,0.000,0.000,140.000,279.000,0.000,0.000,140.000,279.000,0.000,0.000,290.700,275.300,0.000,0.000,0.000,-1.000,0,0
58.698,212.179,0.002,-1.000,0,59.000,80.600,131.746,0,625.229,614.268,0,0,589.171,161.551,105.238,-85.000,286.000,0.000,0.000,-85.000,286.000,0.000,0.000,44.000,-93.000,0.000,0.000,140.000,279.000,0.000,0.000,140.000,279.000,0.000,0.000,290.700,275.300,0.000,0.000,0.000,-1.000,0,0
58.698,194.912,0.000,-1.000,0,59.000,80.600,114.505,0,623.414,609.395,0,0,589.171,170.136,116.965,-85.000,286.000,0.000,0.000,-85.000,286.000,0.000,0.000,44.000,-93.000,0.000,0.000,140.000,279.000,0.000,0.000,140.000,279.000,0.000,0.000,290.700,275.300,0.000,0.000,0.000,-1.000,0,0
58.698,183.402,0.000,-1.000,0,59.000,80.600,103.016,0,622.467,606.399,0,0,589.171,176.566,125.495,-85.000,286.000,0.000,0.000,-85.000,286.000,0.000,0.000,44.000,-93.000,0.000,0.000,140.000,279.000,0.000,0.000,140.000,279.000,0.000,0.000,290.700,275.300,0.000,0.000,0.000,-1.000,0,0
58.698,169.013,0.000,-1.000,0,59.000,80.600,88.662,0,621.581,602.941,0,0,589.171,185.298,136.774,-85.000,286.000,0.000,0.000,-85.000,286.000,0.000,0.000,44.000,-93.000,0.000,0.000,140.000,279.000,0.000,0.000,140.000,279.000,0.000,0.000,290.700,275.300,0.000,0.000,0.000,-1.000,0,0
58.698,154.624,0.000,-1.000,0,59.000,80.600,74.321,0,621.027,599.809,0,0,589.171,194.702,148.591,-85.000,286.000,0.000,0.000,-85.000,286.000,0.000,0.000,44.000,-93.000,0.000,0.000,140.000,279.000,0.000,0.000,140.000,279.000,0.000,0.000,108.800,-94.600,0.000,0.000,0.000,-1.000,0,0
58.698,140.236,0.000,-1.000,0,59.000,80.600,60.004,0,620.806,597.007,0,0,589.171,204.686,160.828,-85.000,286.000,0.000,0.000,-85.000,286.000,0.000,0.000,44.000,-93.000,0.000,0.000,140.000,279.000,0.000,0.000,140.000,279.000,0.000,0.000,108.800,-94.600,0.000,0.000,0.000,-1.000,0,0
58.698,125.847,0.000,-1.000,0,59.000,80.600,45.731,0,620.918,594.540,0,0,589.171,215.170,173.395,-85.000,286.000,0.000,0.000,-85.000,286.000,0.000,0.000,44.000,-93.000,0.000,0.000,140.000,279.000,0.000,0.000,140.000,279.000,0.000,0.000,108.800,-94.600,0.000,0.000,0.000,-1.000,0,0
58.698,108.580,0.000,-1.000,1,58.698,93.447,15.133,1,621.493,592.028,0,0,590.233,202.116,188.820,44.000,-93.000,0.000,0.000,44.000,-93.000,0.000,0.000,-85.000,286.000,0.000,0.000,140.000,279.000,0.000,0.000,140.000,279.000,0.000,0.000,108.800,-94.600,0.000,0.000,0.000,-1.000,0,0
58.698,94.192,0.000,-1.000,1,58.698,79.059,15.133,1,622.338,590.312,0,0,588.882,187.768,195.327,44.000,-93.000,0.000,0.000,44.000,-93.000,0.000,0.000,-67.000,-108.000,0.000,0.000,108.800,-94.600,0.000,0.000,108.800,-94.600,0.000,0.000,140.000,279.000,0.000,0.000,1.000,-1.000,0,0
66.838,86.052,0.499,-0.867,1,74.386,72.936,15.133,1,614.855,597.597,0,0,604.057,180.503,185.462,44.000,-93.000,0.000,0.000,44.000,-93.000,0.000,0.000,-67.000,-108.000,0.000,0.000,108.800,-94.600,0.000,0.000,108.800,-94.600,0.000,0.000,140.000,279.000,0.000,0.000,1.000,-1.000,0,0
77.012,75.878,0.656,-0.754,1,86.945,64.461,15.133,1,605.678,606.886,0,0,616.062,172.074,173.416,44.000,-93.000,0.000,0.000,44.000,-93.000,0.000,0.000,-67.000,-108.000,0.000,0.000,108.800,-94.600,0.000,0.000,108.800,-94.600,0.000,0.000,140.000,279.000,0.000,0.000,1.000,-1.000,0,0
88.872,69.773,0.896,-0.444,1,102.429,63.048,15.133,1,594.554,618.296,0,0,631.444,168.845,165.577,44.000,-93.000,0.000,0.000,44.000,-93.000,0.000,0.000,-67.000,-108.000,0.000,0.000,108.800,-94.600,0.000,0.000,108.800,-94.600,0.000,0.000,140.000,279.000,0.000,0.000,1.000,0.000,0,0
106.139,69.773,0.994,-0.107,1,121.186,68.160,15.133,1,577.411,635.524,0,0,650.445,174.231,164.395,44.000,-93.000,0.000,0.000,44.000,-93.000,0.000,0.000,-67.000,-108.000,0.000,0.000,108.800,-94.600,0.000,0.000,108.800,-94.600,0.000,0.000,140.000,279.000,0.000,0.000,1.000,0.000,0,0
120.527,69.773,1.000,-0.031,1,135.653,69.310,15.133,1,563.131,649.882,0,0,664.950,179.866,164.791,44.000,-93.000,0.000,0.000,44.000,-93.000,0.000,0.000,-67.000,-108.000,0.000,0.000,108.800,-94.600,0.000,0.000,108.800,-94.600,0.000,0.000,140.000,279.000,0.000,0.000,1.000,0.000,0,0
131.545,77.913,0.892,0.453,1,145.038,84.765,15.133,1,551.255,661.405,0,0,675.373,192.029,174.006,44.000,-93.000,0.000,0.000,44.000,-93.000,0.000,0.000,-67.000,-108.000,0.000,0.000,108.800,-94.600,0.000,0.000,108.800,-94.600,0.000,0.000,140.000,279.000,0.000,0.000,1.000,1.000,0,0
141.719,88.087,0.769,0.639,1,153.355,97.763,15.133,1,540.114,672.340,0,0,684.809,205.771,185.629,44.000,-93.000,0.000,0.000,44.000,-93.000,0.000,0.000,-67.000,-108.000,0.000,0.000,108.800,-94.600,0.000,0.000,108.800,-94.600,0.000,0.000,140.000,279.000,0.000,0.000,1.000,1.000,0,0
149.858,96.227,0.730,0.683,1,160.906,106.569,15.133,1,531.313,681.181,0,0,693.228,216.824,183.039,44.000,-93.000,0.000,0.000,44.000,-93.000,0.000,0.000,-67.000,-108.000,0.000,0.000,140.000,279.000,0.000,0.000,140.000,279.000,0.000,0.000,108.800,-94.600,0.000,0.000,1.000,1.000,0,0
160.033,106.401,0.713,0.701,1,170.825,117.009,15.133,1,520.460,692.342,0,0,704.286,230.704,173.758,44.000,-93.000,0.000,0.000,44.000,-93.000,0.000,0.000,-85.000,286.000,0.000,0.000,140.000,279.000,0.000,0.000,140.000,279.000,0.000,0.000,108.800,-94.600,0.000,0.000,1.000,1.000,0,0
170.207,116.575,0.709,0.705,1,180.934,127.250,15.133,1,509.783,703.620,0,0,715.625,244.643,165.210,44.000,-93.000,0.000,0.000,44.000,-93.000,0.000,0.000,-82.347,287.109,0.923,0.385,140.000,279.000,0.000,0.000,140.000,279.000,0.000,0.000,288.980,272.996,-0.596,-0.803,1.000,1.000,0,0
180.381,126.750,0.708,0.707,1,191.089,137.443,15.133,1,499.292,715.010,0,0,727.110,258.631,157.515,44.000,-93.000,0.000,0.000,44.000,-93.000,0.000,0.000,-75.714,289.880,0.923,0.385,140.000,279.000,0.000,0.000,140.000,279.000,0.000,0.000,284.727,267.200,-0.585,-0.811,1.000,1.000,0,0
191.399,134.889,0.778,0.628,1,203.177,144.391,15.133,1,488.165,727.046,0,0,740.100,271.403,153.003,44.000,-93.000,0.000,0.000,44.000,-93.000,0.000,0.000,-69.081,292.651,0.923,0.385,140.000,279.000,0.000,0.000,140.000,279.000,0.000,0.000,280.557,261.345,-0.552,-0.834,1.000,0.000,0,0
208.665,134.889,0.989,0.149,1,223.630,137.137,15.133,1,470.908,744.135,0,0,759.264,281.155,136.846,44.000,-93.000,0.000,0.000,44.000,-93.000,0.000,0.000,-61.121,295.976,0.923,0.385,276.335,253.833,-0.432,-0.902,276.335,253.833,-0.432,-0.902,140.000,279.000,0.000,0.000,1.000,0.000,0,0
218.490,130.819,0.980,-0.197,1,233.326,127.835,15.133,1,461.133,753.312,0,0,767.634,283.799,130.194,44.000,-93.000,0.000,0.000,44.000,-93.000,0.000,0.000,-55.814,298.193,0.923,0.385,274.157,248.513,-0.320,-0.947,274.157,248.513,-0.320,-0.947,140.000,279.000,0.000,0.000,1.000,-1.000,0,0
224.595,117.767,0.601,-0.799,1,233.693,105.674,15.133,1,455.423,757.755,0,0,765.516,277.556,131.231,44.000,-93.000,0.000,0.000,44.000,-93.000,0.000,0.000,-47.855,301.518,0.923,0.385,271.758,240.230,-0.250,-0.968,271.758,240.230,-0.250,-0.968,140.000,279.000,0.000,0.000,-1.000,-1.000,0,0
216.455,109.628,-0.301,-0.954,1,211.905,95.195,15.133,1,463.975,748.772,0,0,742.860,266.081,136.098,44.000,-93.000,0.000,0.000,44.000,-93.000,0.000,0.000,-42.548,303.735,0.923,0.385,269.920,234.784,-0.384,-0.923,269.920,234.784,-0.384,-0.923,140.000,279.000,0.000,0.000,-1.000,-1.000,0,0
210.351,97.768,-0.389,-0.921,1,204.464,83.826,15.133,1,470.927,741.540,0,0,734.543,253.110,142.218,44.000,-93.000,0.000,0.000,44.000,-93.000,0.000,0.000,-35.915,306.507,0.923,0.385,266.983,228.224,-0.397,-0.918,266.983,228.224,-0.397,-0.918,140.000,279.000,0.000,0.000,1.000,-1.000,0,0
220.525,87.593,0.449,-0.893,1,227.324,74.074,15.133,1,461.793,750.834,0,0,756.721,252.537,140.926,44.000,-93.000,0.000,0.000,44.000,-93.000,0.000,0.000,-29.282,309.278,0.923,0.385,264.610,221.447,-0.245,-0.969,264.610,221.447,-0.245,-0.969,231.616,-96.411,-1.000,-0.007,1.000,0.000,0,0
237.792,87.593,0.961,-0.275,1,252.341,83.429,15.133,1,444.644,768.049,0,0,782.265,264.895,127.900,44.000,-93.000,0.000,0.000,44.000,-93.000,0.000,0.000,-21.322,312.603,0.923,0.385,263.117,212.961,-0.107,-0.994,263.117,212.961,-0.107,-0.994,222.990,-96.470,-1.000,-0.007,1.000,0.000,0,0
249.302,87.593,0.995,-0.096,1,264.366,86.145,15.133,1,433.217,779.526,0,0,794.446,273.428,120.389,44.000,-93.000,0.000,0.000,44.000,-93.000,0.000,0.000,-16.016,314.820,0.923,0.385,262.845,207.218,0.013,-1.000,262.845,207.218,0.013,-1.000,217.239,-96.509,-1.000,-0.007,1.000,0.000,0,0
263.691,87.593,1.000,-0.026,1,278.819,87.199,15.133,1,418.938,793.875,0,0,808.934,284.391,112.455,44.000,-93.000,0.000,0.000,44.000,-93.000,0.000,0.000,-9.382,317.591,0.923,0.385,263.289,200.048,0.136,-0.991,263.289,200.048,0.136,-0.991,210.051,-96.558,-1.000,-0.007,1.000,0.000,0,0
277.237,89.628,0.995,0.102,1,292.291,91.172,15.133,1,405.256,807.529,0,0,822.653,296.231,104.128,44.000,-93.000,0.000,0.000,44.000,-93.000,0.000,0.000,-2.749,320.362,0.923,0.385,264.630,192.990,0.262,-0.965,264.630,192.990,0.262,-0.965,202.862,-96.607,-1.000,-0.007,1.000,1.000,0,0
287.411,99.803,0.830,0.557,1,299.979,108.233,15.133,1,394.051,818.469,0,0,831.732,310.519,88.772,44.000,-93.000,0.000,0.000,44.000,-93.000,0.000,0.000,3.884,323.133,0.923,0.385,266.880,186.168,0.391,-0.920,266.880,186.168,0.391,-0.920,195.674,-96.656,-1.000,-0.007,1.000,1.000,0,0
300.957,101.838,0.976,0.219,1,315.725,105.145,15.133,1,380.384,832.136,0,0,847.131,322.473,83.799,44.000,-93.000,0.000,0.000,44.000,-93.000,0.000,0.000,10.517,325.905,0.923,0.385,270.096,179.747,0.522,-0.853,270.096,179.747,0.522,-0.853,427.000,279.000,0.000,0.000,1.000,0.000,0,0
315.346,101.838,0.998,0.061,1,330.451,102.767,15.133,1,366.075,846.471,0,0,861.598,334.051,82.932,44.000,-93.000,0.000,0.000,44.000,-93.000,0.000,0.000,17.150,328.676,0.923,0.385,274.141,173.809,0.621,-0.784,274.141,173.809,0.621,-0.784,427.000,279.000,0.000,0.000,1.000,0.000,0,0
329.735,101.838,1.000,0.017,1,344.866,102.092,15.133,1,351.773,860.807,0,0,875.906,345.841,83.771,44.000,-93.000,0.000,0.000,44.000,-93.000,0.000,0.000,23.783,331.447,0.923,0.385,278.859,168.390,0.706,-0.709,278.859,168.390,0.706,-0.709,427.000,279.000,0.000,0.000,1.000,-1.000,0,0
339.909,91.663,0.867,-0.498,1,353.036,84.134,15.133,1,342.888,870.176,0,0,882.783,348.802,90.892,44.000,-93.000,0.000,0.000,44.000,-93.000,0.000,0.000,30.416,334.218,0.923,0.385,283.790,163.161,0.659,-0.752,283.790,163.161,0.659,-0.752,427.000,279.000,0.000,0.000,1.000,-1.000,0,0
352.118,79.454,0.747,-0.665,1,363.425,69.395,15.133,1,332.734,881.597,0,0,892.394,353.097,99.430,44.000,-93.000,0.000,0.000,44.000,-93.000,0.000,0.000,38.376,337.543,0.923,0.385,289.405,156.612,0.647,-0.762,289.405,156.612,0.647,-0.762,424.800,-106.500,0.000,0.000,1.000,-1.000,0,0
348.049,71.314,0.024,-1.000,1,348.405,56.185,15.133,1,338.244,877.122,0,0,876.911,345.608,97.778,44.000,-93.000,0.000,0.000,44.000,-93.000,0.000,0.000,70.000,-221.000,0.000,0.000,292.921,152.071,0.501,-0.866,292.921,152.071,0.501,-0.866,424.800,-106.500,0.000,0.000,-1.000,-1.000,0,0
335.839,59.105,-0.575,-0.818,1,327.138,46.724,15.133,1,352.735,864.443,0,0,855.429,329.099,93.785,44.000,-93.000,0.000,0.000,44.000,-93.000,0.000,0.000,70.000,-221.000,0.000,0.000,296.446,144.216,0.329,-0.944,296.446,144.216,0.329,-0.944,424.800,-106.500,0.000,0.000,-1.000,-1.000,0,0
339.909,48.088,0.090,-0.996,1,341.272,33.016,15.133,1,351.426,868.222,0,0,869.417,327.823,98.363,44.000,-93.000,0.000,0.000,44.000,-93.000,0.000,0.000,70.000,-221.000,0.000,0.000,298.638,137.373,0.357,-0.934,298.638,137.373,0.357,-0.934,424.800,-106.500,0.000,0.000,1.000,-1.000,0,0
349.734,44.018,0.744,-0.668,1,360.991,33.904,15.133,1,343.038,877.974,0,0,889.136,335.034,100.690,44.000,-93.000,0.000,0.000,44.000,-93.000,0.000,0.000,70.000,-221.000,0.000,0.000,301.066,132.165,0.521,-0.854,301.066,132.165,0.521,-0.854,424.800,-106.500,0.000,0.000,1.000,0.000,0,0
364.123,44.018,0.980,-0.201,1,378.947,40.973,15.133,1,329.239,892.359,0,0,907.139,348.214,101.199,44.000,-93.000,0.000,0.000,44.000,-93.000,0.000,0.000,70.000,-221.000,0.000,0.000,305.240,126.322,0.654,-0.757,305.240,126.322,0.654,-0.757,424.800,-106.500,0.000,0.000,1.000,0.000,0,0
375.983,50.123,0.924,0.382,1,389.970,55.901,15.133,1,316.155,904.325,0,0,918.445,361.521,96.798,44.000,-93.000,0.000,0.000,44.000,-93.000,0.000,0.000,70.000,-221.000,0.000,0.000,310.251,121.180,0.774,-0.634,310.251,121.180,0.774,-0.634,424.800,-106.500,0.000,0.000,1.000,1.000,0,0
386.158,60.297,0.781,0.625,1,397.977,69.748,15.133,1,303.649,914.766,0,0,926.925,374.929,90.138,44.000,-93.000,0.000,0.000,44.000,-93.000,0.000,0.000,70.000,-221.000,0.000,0.000,316.097,117.010,0.866,-0.500,316.097,117.010,0.866,-0.500,424.800,-106.500,0.000,0.000,1.000,0.000,0,0
403.424,60.297,0.986,0.167,1,418.344,62.829,15.133,1,287.015,932.021,0,0,947.013,390.750,95.523,44.000,-93.000,0.000,0.000,44.000,-93.000,0.000,0.000,91.441,359.712,0.923,0.385,323.634,112.816,0.881,-0.473,323.634,112.816,0.881,-0.473,424.800,-106.500,0.000,0.000,1.000,0.000,0,0
416.127,56.228,0.987,-0.159,1,431.068,53.825,15.133,1,276.004,944.598,0,0,959.472,400.933,101.263,44.000,-93.000,0.000,0.000,44.000,-93.000,0.000,0.000,98.074,362.483,0.923,0.385,330.027,109.527,0.886,-0.464,330.027,109.527,0.886,-0.464,424.800,-106.500,0.000,0.000,1.000,-1.000,0,0
424.267,48.088,0.840,-0.543,1,436.971,39.865,15.133,1,270.843,952.552,0,0,965.141,405.597,106.754,44.000,-93.000,0.000,0.000,44.000,-93.000,0.000,0.000,70.000,-221.000,0.000,0.000,334.966,106.584,0.837,-0.547,334.966,106.584,0.837,-0.547,424.800,-106.500,0.000,0.000,1.000,0.000,0,0
441.533,48.088,0.989,-0.151,1,456.493,45.804,15.133,1,254.651,969.813,0,0,984.732,421.828,112.948,44.000,-93.000,0.000,0.000,44.000,-93.000,0.000,0.000,70.000,-221.000,0.000,0.000,342.427,102.266,0.889,-0.458,342.427,102.266,0.889,-0.458,424.800,-106.500,0.000,0.000,1.000,0.000,0,0
452.550,56.228,0.895,0.447,1,466.091,62.986,15.133,1,241.524,981.004,0,0,994.733,434.951,112.179,44.000,-93.000,0.000,0.000,44.000,-93.000,0.000,0.000,117.974,370.796,0.923,0.385,349.038,99.464,0.945,-0.327,349.038,99.464,0.945,-0.327,424.800,-106.500,0.000,0.000,1.000,1.000,0,0
452.550,67.739,0.425,0.905,1,458.985,81.436,15.133,1,237.878,981.369,0,0,988.403,439.033,102.527,44.000,-93.000,0.000,0.000,44.000,-93.000,0.000,0.000,123.280,373.013,0.923,0.385,354.611,98.065,0.988,-0.157,354.611,98.065,0.988,-0.157,424.800,-106.500,0.000,0.000,0.000,1.000,0,0
456.620,83.319,0.368,0.930,1,462.195,97.388,15.133,1,229.811,986.140,0,0,992.549,437.873,94.471,131.240,376.339,0.923,0.385,131.240,376.339,0.923,0.385,44.000,-93.000,0.000,0.000,363.198,97.356,1.000,-0.014,363.198,97.356,1.000,-0.014,629.000,52.577,0.000,0.000,1.000,1.000,0,0
466.795,93.494,0.621,0.784,1,476.185,105.361,15.133,1,217.666,996.886,0,0,1007.065,435.621,96.499,137.873,379.110,0.923,0.385,137.873,379.110,0.923,0.385,44.000,-93.000,0.000,0.000,370.382,97.564,0.998,0.059,370.382,97.564,0.998,0.059,629.000,59.913,0.000,0.000,1.000,1.000,0,0
479.498,97.563,0.916,0.400,1,493.367,103.617,15.133,1,204.441,1009.823,0,0,1024.073,439.381,101.955,144.506,381.881,0.923,0.385,144.506,381.881,0.923,0.385,44.000,-93.000,0.000,0.000,377.545,98.164,0.998,0.064,377.545,98.164,0.998,0.064,629.000,67.465,0.000,0.000,1.000,0.000,0,0
493.044,95.528,1.000,0.009,1,508.176,95.664,15.133,1,191.663,1023.208,0,0,1038.317,447.762,108.350,151.139,384.652,0.923,0.385,151.139,384.652,0.923,0.385,44.000,-93.000,0.000,0.000,384.731,98.350,1.000,0.010,384.731,98.350,1.000,0.010,629.000,74.865,0.000,0.000,1.000,-1.000,0,0
503.218,85.354,0.847,-0.532,1,516.030,77.300,15.133,1,184.428,1032.775,0,0,1045.179,458.888,112.017,157.773,387.423,0.923,0.385,157.773,387.423,0.923,0.385,44.000,-93.000,0.000,0.000,391.883,97.699,0.989,-0.145,391.883,97.699,0.989,-0.145,629.000,82.227,0.000,0.000,0.000,-1.000,0,0
503.218,73.843,0.329,-0.944,1,508.198,59.553,15.133,1,188.032,1032.232,0,0,1036.713,464.136,108.119,163.079,389.640,0.923,0.385,163.079,389.640,0.923,0.385,68.821,-135.924,0.817,0.577,397.475,96.386,0.949,-0.316,397.475,96.386,0.949,-0.316,629.000,89.382,0.000,0.000,0.000,-1.000,0,0
510.165,64.018,0.607,-0.795,1,519.349,51.990,15.133,1,185.238,1038.813,0,0,1047.679,473.023,110.087,169.712,392.411,0.923,0.385,169.712,392.411,0.923,0.385,74.691,-131.774,0.817,0.577,404.192,93.830,0.940,-0.341,404.192,93.830,0.940,-0.341,629.000,97.049,0.000,0.000,1.000,0.000,0,0
524.554,64.018,0.970,-0.245,1,539.227,60.312,15.133,1,172.200,1053.193,0,0,1067.748,481.757,112.058,175.726,396.297,0.815,0.579,175.726,396.297,0.815,0.579,80.561,-127.624,0.817,0.577,629.000,104.615,0.000,0.000,411.063,91.730,0.971,-0.238,411.063,91.730,0.971,-0.238,1.000,0.000,0,0
541.821,64.018,0.998,-0.061,0,559.044,61.934,17.349,0,156.866,1070.449,0,0,1087.601,491.075,99.572,87.605,-122.644,0.817,0.577,87.605,-122.644,0.817,0.577,182.758,401.294,0.815,0.579,629.000,112.125,0.000,0.000,419.486,89.870,0.980,-0.199,419.486,89.870,0.980,-0.199,1.000,0.000,1,0
541.821,64.018,0.999,-0.052,0,574.624,60.521,32.989,0,156.866,1070.449,0,0,1103.133,485.471,103.366,92.301,-119.325,0.817,0.577,92.301,-119.325,0.817,0.577,187.445,404.625,0.815,0.579,629.000,119.555,0.000,0.000,425.129,88.765,0.983,-0.186,425.129,88.765,0.983,-0.186,0.000,0.000,0,0
541.821,64.018,0.999,-0.052,0,593.664,58.795,52.106,0,156.866,1070.449,0,0,1122.118,478.471,107.438,98.171,-115.175,0.817,0.577,98.171,-115.175,0.817,0.577,193.305,408.790,0.815,0.579,629.000,126.808,0.000,0.000,432.199,87.463,0.985,-0.175,432.199,87.463,0.985,-0.175,0.000,0.000,0,0
541.821,64.018,0.999,-0.052,0,615.891,56.779,74.426,0,156.866,1070.449,0,0,1144.284,470.079,103.482,105.215,-110.195,0.817,0.577,105.215,-110.195,0.817,0.577,200.336,413.787,0.815,0.579,440.700,85.994,0.986,-0.166,440.700,85.994,0.986,-0.166,629.000,134.894,0.000,0.000,0.000,0.000,0,0
541.821,64.018,0.999,-0.052,0,630.342,55.469,88.938,0,156.866,1070.449,0,0,1158.698,464.489,97.738,109.911,-106.875,0.817,0.577,109.911,-106.875,0.817,0.577,205.024,417.119,0.815,0.579,446.374,85.061,0.987,-0.159,446.374,85.061,0.987,-0.159,629.000,136.111,0.000,0.000,0.000,0.000,0,0
39.000,287.000,0.897,0.443,0,651.482,53.552,655.464,0,657.602,622.335,0,0,1179.787,124.004,101.316,-85.000,286.000,0.000,0.000,-85.000,286.000,0.000,0.000,-296.000,285.000,0.000,0.000,140.000,279.000,0.000,0.000,140.000,279.000,0.000,0.000,290.700,275.300,0.000,0.000,0.000,0.000,0,0
39.000,287.000,0.897,0.443,0,668.620,51.998,672.050,0,657.619,622.354,0,0,1196.886,124.004,101.316,-85.000,286.000,0.000,0.000,-85.000,286.000,0.000,0.000,-296.000,285.000,0.000,0.000,140.000,279.000,0.000,0.000,140.000,279.000,0.000,0.000,290.700,275.300,0.000,0.000,0.000,0.000,0,0
39.000,287.000,0.897,0.443,0,671.397,51.084,674.972,0,657.619,622.354,0,0,1199.641,124.004,101.316,-85.000,286.000,0.000,0.000,-85.000,286.000,0.000,0.000,-296.000,285.000,0.000,0.000,140.000,279.000,0.000,0.000,140.000,279.000,0.000,0.000,290.700,275.300,0.000,0.000,0.000,0.000,0,0
39.000,287.000,0.897,0.443,0,670.197,49.864,674.278,0,657.619,622.354,0,0,1198.415,124.004,101.316,-85.000,286.000,0.000,0.000,-85.000,286.000,0.000,0.000,-296.000,285.000,0.000,0.000,140.000,279.000,0.000,0.000,140.000,279.000,0.000,0.000,290.700,275.300,0.000,0.000,0.000,0.000,0,0
39.000,284.122,0.980,0.199,0,669.807,48.878,673.252,0,656.973,621.175,0,0,1198.004,124.014,101.130,-85.000,286.000,0.000,0.000,-85.000,286.000,0.000,0.000,-296.000,285.000,0.000,0.000,140.000,279.000,0.000,0.000,140.000,279.000,0.000,0.000,290.700,275.300,0.000,0.000,0.000,-1.000,0,0
39.000,269.734,0.491,-0.871,0,669.806,47.929,668.679,0,653.921,615.450,0,0,1197.983,125.062,101.424,-85.000,286.000,0.000,0.000,-85.000,286.000,0.000,0.000,-296.000,285.000,0.000,0.000,140.000,279.000,0.000,0.000,140.000,279.000,0.000,0.000,290.700,275.300,0.000,0.000,0.000,-1.000,0,0
39.000,258.223,0.109,-0.994,0,669.806,47.187,665.188,0,651.697,611.075,0,0,1197.967,127.073,103.115,-85.000,286.000,0.000,0.000,-85.000,286.000,0.000,0.000,-296.000,285.000,0.000,0.000,140.000,279.000,0.000,0.000,140.000,279.000,0.000,0.000,290.700,275.300,0.000,0.000,0.000,-1.000,0,0
30.861,244.328,-0.414,-0.910,0,669.806,46.101,669.013,0,657.304,598.435,0,0,1197.944,123.127,114.515,-85.000,286.000,0.000,0.000,-85.000,286.000,0.000,0.000,-296.000,285.000,0.000,0.000,140.000,279.000,0.000,0.000,140.000,279.000,0.000,0.000,290.700,275.300,0.000,0.000,-1.000,-1.000,0,0
22.721,236.188,-0.615,-0.789,0,669.806,45.395,674.658,0,664.082,587.950,0,0,1197.930,118.680,124.849,-85.000,286.000,0.000,0.000,-85.000,286.000,0.000,0.000,-296.000,285.000,0.000,0.000,140.000,279.000,0.000,0.000,140.000,279.000,0.000,0.000,290.700,275.300,0.000,0.000,-1.000,-1.000,0,0
22.721,222.293,-0.045,-0.999,0,669.700,44.583,670.974,0,662.168,583.244,0,0,1197.812,125.149,130.269,-85.000,286.000,0.000,0.000,-85.000,286.000,0.000,0.000,44.000,-93.000,0.000,0.000,140.000,279.000,0.000,0.000,140.000,279.000,0.000,0.000,290.700,275.300,0.000,0.000,1.000,-1.000,0,0
30.861,214.154,0.480,-0.877,0,669.616,44.083,661.042,0,653.097,588.349,0,0,1197.723,136.329,126.951,-85.000,286.000,0.000,0.000,-85.000,286.000,0.000,0.000,44.000,-93.000,0.000,0.000,140.000,279.000,0.000,0.000,140.000,279.000,0.000,0.000,290.700,275.300,0.000,0.000,0.000,-1.000,0,0
22.721,203.137,-0.294,-0.956,0,59.000,80.600,127.954,0,660.000,577.241,0,0,589.174,135.905,139.677,-85.000,286.000,0.000,0.000,-85.000,286.000,0.000,0.000,44.000,-93.000,0.000,0.000,140.000,279.000,0.000,0.000,140.000,279.000,0.000,0.000,290.700,275.300,0.000,0.000,-1.000,-1.000,0,0
10.512,190.927,-0.627,-0.779,0,59.000,80.600,120.691,0,671.072,562.007,0,0,589.172,134.764,156.601,-85.000,286.000,0.000,0.000,-85.000,286.000,0.000,0.000,44.000,-93.000,0.000,0.000,140.000,279.000,0.000,0.000,140.000,279.000,0.000,0.000,290.700,275.300,0.000,0.000,-1.000,-1.000,0,0
16.616,181.945,0.183,-0.983,0,59.000,80.600,110.051,0,664.332,565.393,0,0,589.171,145.442,156.981,-85.000,286.000,0.000,0.000,-85.000,286.000,0.000,0.000,44.000,-93.000,0.000,0.000,140.000,279.000,0.000,0.000,140.000,279.000,0.000,0.000,290.700,275.300,0.000,0.000,1.000,-1.000,0,0
22.721,170.085,0.311,-0.950,0,59.000,80.600,96.787,0,657.556,568.255,0,0,589.171,158.241,160.053,-85.000,286.000,0.000,0.000,-85.000,286.000,0.000,0.000,44.000,-93.000,0.000,0.000,140.000,279.000,0.000,0.000,140.000,279.000,0.000,0.000,108.800,-94.600,0.000,0.000,-1.000,-1.000,0,0
12.547,159.911,-0.431,-0.903,0,59.000,80.600,92.153,0,667.302,555.952,0,0,589.171,159.417,174.432,-85.000,286.000,0.000,0.000,-85.000,286.000,0.000,0.000,44.000,-93.000,0.000,0.000,140.000,279.000,0.000,0.000,140.000,279.000,0.000,0.000,108.800,-94.600,0.000,0.000,-1.000,-1.000,0,0
12.547,146.016,0.074,-0.997,0,59.000,80.600,80.505,0,666.989,552.893,0,0,589.171,170.619,184.199,-85.000,286.000,0.000,0.000,-85.000,286.000,0.000,0.000,44.000,-93.000,0.000,0.000,140.000,279.000,0.000,0.000,140.000,279.000,0.000,0.000,108.800,-94.600,0.000,0.000,1.000,-1.000,0,0
22.721,135.841,0.554,-0.832,0,59.000,80.600,66.421,0,656.771,560.851,0,0,589.171,184.801,185.064,-85.000,286.000,0.000,0.000,-85.000,286.000,0.000,0.000,44.000,-93.000,0.000,0.000,140.000,279.000,0.000,0.000,140.000,279.000,0.000,0.000,108.800,-94.600,0.000,0.000,1.000,-1.000,0,0
32.895,125.667,0.667,-0.745,0,59.000,80.600,52.502,0,646.712,569.063,0,0,589.171,199.013,187.036,-85.000,286.000,0.000,0.000,-85.000,286.000,0.000,0.000,44.000,-93.000,0.000,0.000,140.000,279.000,0.000,0.000,140.000,279.000,0.000,0.000,108.800,-94.600,0.000,0.000,0.000,-1.000,0,0
26.791,116.685,-0.192,-0.981,0,59.000,80.600,48.821,0,653.044,561.605,0,0,589.171,202.891,197.895,-85.000,286.000,0.000,0.000,-85.000,286.000,0.000,0.000,44.000,-93.000,0.000,0.000,140.000,279.000,0.000,0.000,140.000,279.000,0.000,0.000,108.800,-94.600,0.000,0.000,-1.000,-1.000,0,0
16.616,106.510,-0.571,-0.821,0,59.000,80.600,50.117,0,663.613,550.065,0,0,589.171,201.381,212.076,44.000,-93.000,0.000,0.000,44.000,-93.000,0.000,0.000,-85.000,286.000,0.000,0.000,140.000,279.000,0.000,0.000,140.000,279.000,0.000,0.000,108.800,-94.600,0.000,0.000,-1.000,-1.000,0,0
18.651,94.650,0.023,-1.000,0,59.000,80.600,43.237,0,662.250,550.581,0,0,589.171,189.355,209.625,44.000,-93.000,0.000,0.000,44.000,-93.000,0.000,0.000,-85.000,286.000,0.000,0.000,108.800,-94.600,0.000,0.000,108.800,-94.600,0.000,0.000,140.000,279.000,0.000,0.000,1.000,-1.000,0,0
34.232,90.581,0.879,-0.477,1,47.536,83.369,15.133,1,646.993,565.610,0,0,578.137,183.840,199.630,44.000,-93.000,0.000,0.000,44.000,-93.000,0.000,0.000,-67.000,-108.000,0.000,0.000,108.800,-94.600,0.000,0.000,108.800,-94.600,0.000,0.000,140.000,279.000,0.000,0.000,1.000,0.000,0,0
45.743,90.581,0.986,-0.164,1,60.671,88.095,15.133,1,635.517,577.053,0,0,591.652,183.589,195.622,44.000,-93.000,0.000,0.000,44.000,-93.000,0.000,0.000,-67.000,-108.000,0.000,0.000,108.800,-94.600,0.000,0.000,108.800,-94.600,0.000,0.000,140.000,279.000,0.000,0.000,1.000,0.000,0,0
59.289,92.615,0.999,0.045,1,74.407,93.297,15.133,1,621.862,590.732,0,0,605.834,186.244,193.652,44.000,-93.000,0.000,0.000,44.000,-93.000,0.000,0.000,-67.000,-108.000,0.000,0.000,108.800,-94.600,0.000,0.000,108.800,-94.600,0.000,0.000,140.000,279.000,0.000,0.000,1.000,1.000,0,0
69.463,102.790,0.833,0.553,1,82.077,111.151,15.133,1,611.050,601.979,0,0,615.534,197.439,189.804,44.000,-93.000,0.000,0.000,44.000,-93.000,0.000,0.000,-85.000,286.000,0.000,0.000,140.000,279.000,0.000,0.000,140.000,279.000,0.000,0.000,108.800,-94.600,0.000,0.000,1.000,1.000,0,0
81.323,108.894,0.930,0.367,1,95.401,114.446,15.133,1,598.887,614.496,0,0,629.172,205.315,179.941,44.000,-93.000,0.000,0.000,44.000,-93.000,0.000,0.000,-85.000,286.000,0.000,0.000,140.000,279.000,0.000,0.000,140.000,279.000,0.000,0.000,108.800,-94.600,0.000,0.000,1.000,0.000,0,0
95.712,108.894,0.994,0.107,1,110.759,110.508,15.133,1,584.521,628.767,0,0,643.893,208.412,175.777,44.000,-93.000,0.000,0.000,44.000,-93.000,0.000,0.000,-85.000,286.000,0.000,0.000,140.000,279.000,0.000,0.000,140.000,279.000,0.000,0.000,108.800,-94.600,0.000,0.000,1.000,0.000,0,0
110.101,108.894,1.000,0.030,1,125.227,109.353,15.133,1,570.155,643.042,0,0,658.109,212.440,172.713,44.000,-93.000,0.000,0.000,44.000,-93.000,0.000,0.000,-85.000,286.000,0.000,0.000,140.000,279.000,0.000,0.000,140.000,279.000,0.000,0.000,108.800,-94.600,0.000,0.000,1.000,0.000,0,0
127.367,108.894,1.000,0.007,1,142.500,109.001,15.133,1,552.919,660.179,0,0,675.217,218.429,170.574,44.000,-93.000,0.000,0.000,44.000,-93.000,0.000,0.000,-85.000,286.000,0.000,0.000,140.000,279.000,0.000,0.000,140.000,279.000,0.000,0.000,108.800,-94.600,0.000,0.000,1.000,0.000,0,0
138.878,108.894,1.000,0.002,1,154.011,108.931,15.133,1,541.429,671.608,0,0,686.641,223.077,170.109,44.000,-93.000,0.000,0.000,44.000,-93.000,0.000,0.000,-85.000,286.000,0.000,0.000,140.000,279.000,0.000,0.000,140.000,279.000,0.000,0.000,108.800,-94.600,0.000,0.000,1.000,0.000,0,0
153.267,108.894,1.000,0.001,1,168.400,108.904,15.133,1,527.068,685.897,0,0,700.932,229.566,170.622,44.000,-93.000,0.000,0.000,44.000,-93.000,0.000,0.000,-81.146,287.937,0.893,0.449,140.000,279.000,0.000,0.000,140.000,279.000,0.000,0.000,108.800,-94.600,0.000,0.000,1.000,0.000,0,0
167.655,108.894,1.000,0.000,1,182.789,108.897,15.133,1,512.708,700.191,0,0,715.228,236.753,172.339,44.000,-93.000,0.000,0.000,44.000,-93.000,0.000,0.000,-74.723,291.165,0.893,0.449,140.000,279.000,0.000,0.000,140.000,279.000,0.000,0.000,283.956,265.988,-0.541,-0.841,1.000,0.000,0,0
184.922,108.894,1.000,0.000,1,200.055,108.895,15.133,1,495.479,717.348,0,0,732.390,246.212,175.937,44.000,-93.000,0.000,0.000,44.000,-93.000,0.000,0.000,-48.799,-99.404,0.904,0.427,140.000,279.000,0.000,0.000,140.000,279.000,0.000,0.000,279.535,258.583,-0.482,-0.876,1.000,0.000,0,0
196.433,108.894,1.000,0.000,1,211.566,108.895,15.133,1,483.994,728.789,0,0,743.834,252.976,165.465,44.000,-93.000,0.000,0.000,44.000,-93.000,0.000,0.000,-43.599,-96.948,0.904,0.427,276.958,253.443,-0.412,-0.911,276.958,253.443,-0.412,-0.911,140.000,279.000,0.000,0.000,1.000,0.000,0,0
210.821,108.894,1.000,0.000,1,225.955,108.894,15.133,1,469.640,743.093,0,0,758.141,261.898,151.779,44.000,-93.000,0.000,0.000,44.000,-93.000,0.000,0.000,-37.099,-93.878,0.904,0.427,274.223,246.797,-0.330,-0.944,274.223,246.797,-0.330,-0.944,140.000,279.000,0.000,0.000,1.000,0.000,0,0
225.210,108.894,1.000,0.000,1,240.343,108.894,15.133,1,455.288,757.401,0,0,772.452,271.290,139.175,44.000,-93.000,0.000,0.000,44.000,-93.000,0.000,0.000,-30.599,-90.808,0.904,0.427,272.113,239.928,-0.236,-0.972,272.113,239.928,-0.236,-0.972,140.000,279.000,0.000,0.000,1.000,0.000,0,0
242.476,108.894,1.000,0.000,1,257.610,108.894,15.133,1,438.069,774.574,0,0,789.629,283.115,125.730,44.000,-93.000,0.000,0.000,44.000,-93.000,0.000,0.000,-22.798,-87.125,0.904,0.427,270.537,231.453,-0.128,-0.992,270.537,231.453,-0.128,-0.992,140.000,279.000,0.000,0.000,1.000,0.000,0,0
256.865,108.894,1.000,0.000,1,271.998,108.894,15.133,1,423.722,788.888,0,0,803.945,293.382,116.145,44.000,-93.000,0.000,0.000,44.000,-93.000,0.000,0.000,-16.298,-84.055,0.904,0.427,270.126,224.280,-0.009,-1.000,270.126,224.280,-0.009,-1.000,140.000,279.000,0.000,0.000,1.000,0.000,0,0
268.376,108.894,1.000,0.000,1,283.509,108.894,15.133,1,412.247,800.341,0,0,815.401,301.838,109.665,44.000,-93.000,0.000,0.000,44.000,-93.000,0.000,0.000,-11.098,-81.599,0.904,0.427,270.438,218.540,0.118,-0.993,270.438,218.540,0.118,-0.993,140.000,279.000,0.000,0.000,1.000,1.000,0,0
274.481,120.754,0.681,0.732,1,284.785,131.837,15.133,1,405.488,807.649,0,0,819.180,314.344,90.734,44.000,-93.000,0.000,0.000,44.000,-93.000,0.000,0.000,-4.598,-78.529,0.904,0.427,271.563,211.442,0.164,-0.986,271.563,211.442,0.164,-0.986,140.000,279.000,0.000,0.000,0.000,0.000,0,0
274.481,120.754,0.619,0.785,1,283.846,132.641,15.133,1,405.488,807.649,0,0,818.348,314.344,83.606,44.000,-93.000,0.000,0.000,44.000,-93.000,0.000,0.000,1.902,-75.459,0.904,0.427,272.683,204.341,0.154,-0.988,272.683,204.341,0.154,-0.988,140.000,279.000,0.000,0.000,-1.000,0.000,0,0
260.092,120.754,-0.532,0.847,1,252.046,133.572,15.133,1,419.854,793.354,0,0,786.932,303.952,77.461,44.000,-93.000,0.000,0.000,44.000,-93.000,0.000,0.000,8.403,-72.389,0.904,0.427,272.468,197.220,-0.306,-0.952,272.468,197.220,-0.306,-0.952,140.000,279.000,0.000,0.000,-1.000,0.000,0,0
245.703,120.754,-0.984,0.178,1,230.811,123.444,15.133,1,434.221,779.062,0,0,764.595,293.897,73.865,44.000,-93.000,0.000,0.000,44.000,-93.000,0.000,0.000,14.903,-69.319,0.904,0.427,269.568,190.658,-0.500,-0.866,269.568,190.658,-0.500,-0.866,140.000,279.000,0.000,0.000,-1.000,0.000,0,0
231.315,120.754,-0.999,0.050,1,216.200,121.513,15.133,1,448.590,764.775,0,0,749.862,281.128,72.528,21.403,-66.249,0.904,0.427,21.403,-66.249,0.904,0.427,44.000,-93.000,0.000,0.000,265.632,184.650,-0.616,-0.787,265.632,184.650,-0.616,-0.787,140.000,279.000,0.000,0.000,-1.000,0.000,0,0
216.926,120.754,-1.000,0.014,1,201.794,120.966,15.133,1,462.960,750.491,0,0,735.499,263.744,73.176,27.903,-63.179,0.904,0.427,27.903,-63.179,0.904,0.427,44.000,-93.000,0.000,0.000,260.913,179.234,-0.712,-0.702,260.913,179.234,-0.712,-0.702,140.000,279.000,0.000,0.000,-1.000,0.000,0,0
199.660,120.754,-1.000,0.003,1,184.526,120.800,15.133,1,480.205,733.355,0,0,718.348,243.663,76.074,35.704,-59.495,0.904,0.427,35.704,-59.495,0.904,0.427,44.000,-93.000,0.000,0.000,254.439,173.542,-0.786,-0.618,254.439,173.542,-0.786,-0.618,140.000,279.000,0.000,0.000,-1.000,1.000,0,0
191.520,128.894,-0.868,0.496,1,178.378,136.398,15.133,1,488.117,726.333,0,0,714.386,239.283,71.418,40.904,-57.039,0.904,0.427,40.904,-57.039,0.904,0.427,44.000,-93.000,0.000,0.000,249.591,170.467,-0.902,-0.432,249.591,170.467,-0.902,-0.432,140.000,279.000,0.000,0.000,-1.000,1.000,0,0
179.660,134.999,-0.923,0.384,1,165.690,140.817,15.133,1,499.897,715.449,0,0,702.521,230.652,71.264,47.404,-53.969,0.904,0.427,47.404,-53.969,0.904,0.427,28.045,342.818,0.893,0.449,242.911,167.830,-0.944,-0.330,242.911,167.830,-0.944,-0.330,140.000,279.000,0.000,0.000,-1.000,0.000,0,0
166.114,132.964,-0.997,-0.073,1,151.022,131.855,15.133,1,513.451,701.754,0,0,686.666,215.399,77.184,53.904,-50.899,0.904,0.427,53.904,-50.899,0.904,0.427,34.468,346.046,0.893,0.449,236.124,165.460,-0.930,-0.367,236.124,165.460,-0.930,-0.367,140.000,279.000,0.000,0.000,-1.000,-1.000,0,0
155.940,122.789,-0.833,-0.553,1,143.332,114.420,15.133,1,523.815,690.265,0,0,676.690,195.545,83.657,60.404,-47.830,0.904,0.427,60.404,-47.830,0.904,0.427,44.000,-93.000,0.000,0.000,229.628,162.394,-0.874,-0.486,229.628,162.394,-0.874,-0.486,140.000,279.000,0.000,0.000,0.000,-1.000,0,0
155.940,105.523,-0.218,-0.976,0,139.731,90.720,21.951,0,524.597,688.179,0,0,670.589,173.488,84.481,68.205,-44.146,0.000,0.000,68.205,-44.146,0.000,0.000,44.000,-93.000,0.000,0.000,222.549,157.486,-0.787,-0.616,222.549,157.486,-0.787,-0.616,140.000,279.000,0.000,0.000,0.000,-1.000,0,1
155.940,94.012,-0.073,-0.997,0,132.177,77.200,29.109,0,525.433,687.026,0,0,661.983,158.830,86.272,73.405,-41.690,0.000,0.000,73.405,-41.690,0.000,0.000,44.000,-93.000,0.000,0.000,218.143,153.791,-0.747,-0.665,218.143,153.791,-0.747,-0.665,140.000,279.000,0.000,0.000,0.000,-1.000,0,0
157.975,77.588,0.081,-0.997,0,121.126,57.422,42.008,0,525.039,687.742,0,0,649.849,138.764,88.574,81.205,-38.006,0.000,0.000,81.205,-38.006,0.000,0.000,44.000,-93.000,0.000,0.000,211.848,147.895,-0.714,-0.700,211.848,147.895,-0.714,-0.700,108.800,-94.600,0.000,0.000,1.000,-1.000,0,0
171.521,75.553,0.883,-0.470,0,112.167,41.388,68.488,0,511.835,701.121,0,0,640.430,138.683,75.905,87.705,-34.936,0.000,0.000,87.705,-34.936,0.000,0.000,44.000,-93.000,0.000,0.000,206.834,142.744,-0.687,-0.726,206.834,142.744,-0.687,-0.726,108.800,-94.600,0.000,0.000,1.000,0.000,0,0
183.031,75.553,0.986,-0.168,0,105.160,28.847,90.810,0,500.417,712.606,0,0,633.334,140.691,66.028,92.905,-32.480,0.000,0.000,92.905,-32.480,0.000,0.000,44.000,-93.000,0.000,0.000,202.947,138.506,-0.666,-0.746,202.947,138.506,-0.666,-0.746,108.800,-94.600,0.000,0.000,0.000,0.000,0,0
174.398,75.553,0.724,-0.690,0,96.597,13.521,99.516,0,508.980,703.992,0,0,625.001,129.001,62.275,99.406,-29.410,0.000,0.000,99.406,-29.410,0.000,0.000,44.000,-93.000,0.000,0.000,198.216,133.094,-0.648,-0.762,198.216,133.094,-0.648,-0.762,202.528,-103.868,0.135,0.991,-1.000,0.000,0,0
160.010,75.553,-0.429,-0.903,0,88.245,-1.426,105.263,0,523.257,689.637,0,0,617.244,115.367,61.930,105.906,-26.340,0.000,0.000,105.906,-26.340,0.000,0.000,44.000,-93.000,0.000,0.000,193.605,127.578,-0.633,-0.775,193.605,127.578,-0.633,-0.775,108.800,-94.600,0.000,0.000,-1.000,0.000,0,0
145.621,75.553,-0.993,-0.120,0,126.531,-4.504,82.302,0,537.539,675.283,0,0,655.676,104.256,63.841,112.406,-23.270,0.000,0.000,112.406,-23.270,0.000,0.000,44.000,-93.000,0.000,0.000,190.135,121.316,-0.451,-0.892,190.135,121.316,-0.451,-0.892,108.800,-94.600,0.000,0.000,-1.000,0.000,0,0
131.232,75.553,-0.999,-0.036,0,133.426,13.534,62.058,0,551.827,660.930,0,0,661.837,96.544,68.142,118.906,-20.200,0.000,0.000,118.906,-20.200,0.000,0.000,44.000,-93.000,0.000,0.000,186.852,114.921,-0.466,-0.885,186.852,114.921,-0.466,-0.885,108.800,-94.600,0.000,0.000,-1.000,0.000,0,0
116.844,75.553,-1.000,-0.010,0,140.150,31.126,50.171,0,566.120,646.579,0,0,668.326,93.078,74.344,125.406,-17.130,0.000,0.000,125.406,-17.130,0.000,0.000,44.000,-93.000,0.000,0.000,183.443,108.592,-0.488,-0.873,183.443,108.592,-0.488,-0.873,108.800,-94.600,0.000,0.000,-1.000,0.000,0,0
102.455,75.553,-1.000,-0.002,0,148.000,51.662,51.437,0,580.418,632.230,0,0,676.484,94.163,80.800,133.207,-13.446,0.000,0.000,133.207,-13.446,0.000,0.000,44.000,-93.000,0.000,0.000,179.096,101.142,-0.522,-0.853,179.096,101.142,-0.522,-0.853,108.800,-94.600,0.000,0.000,1.000,0.000,0,0
113.966,75.553,-0.483,-0.876,0,153.103,65.014,40.547,0,568.980,643.710,0,0,682.114,89.929,65.358,138.407,-10.990,0.000,0.000,138.407,-10.990,0.000,0.000,44.000,-93.000,0.000,0.000,175.930,96.342,-0.589,-0.808,175.930,96.342,-0.589,-0.808,208.359,-61.131,0.135,0.991,1.000,0.000,0,0
128.355,75.553,0.629,-0.778,0,166.034,85.751,39.035,2,554.685,658.060,0,0,696.376,85.099,51.396,144.907,-7.920,0.000,0.000,144.907,-7.920,0.000,0.000,44.000,-93.000,0.000,0.000,174.418,98.349,0.049,0.999,174.418,98.349,0.049,0.999,209.330,-54.008,0.135,0.991,1.000,0.000,0,0
142.743,75.553,0.996,-0.085,1,157.822,74.267,15.133,1,540.396,672.412,0,0,687.372,80.869,43.869,151.407,-4.850,0.000,0.000,151.407,-4.850,0.000,0.000,44.000,-93.000,0.000,0.000,174.774,105.529,0.049,0.999,174.774,105.529,0.049,0.999,210.302,-46.886,0.135,0.991,1.000,0.000,0,0
148.499,75.553,0.998,-0.055,1,163.609,74.724,15.133,1,534.682,678.154,0,0,693.175,77.464,46.929,159.208,-1.166,0.000,0.000,159.208,-1.166,0.000,0.000,44.000,-93.000,0.000,0.000,175.201,114.145,0.049,0.999,175.201,114.145,0.049,0.999,211.468,-38.338,0.135,0.991,0.000,0.000,0,0
148.499,75.553,0.998,-0.055,1,163.609,74.724,15.133,1,534.682,678.154,0,0,693.175,75.634,53.171,165.708,1.904,0.000,0.000,165.708,1.904,0.000,0.000,44.000,-93.000,0.000,0.000,175.556,121.325,0.049,0.999,175.556,121.325,0.049,0.999,212.440,-31.216,0.135,0.991,0.000,0.000,0,0
148.499,81.309,0.898,0.440,1,162.091,87.963,15.133,1,534.042,678.557,0,0,692.625,80.146,53.306,170.908,4.360,0.000,0.000,170.908,4.360,0.000,0.000,44.000,-93.000,0.000,0.000,175.841,127.069,0.049,0.999,175.841,127.069,0.049,0.999,213.217,-25.518,0.135,0.991,0.000,1.000,0,0
148.499,98.575,0.210,0.978,0,167.882,123.087,31.249,2,532.489,680.058,0,0,702.138,95.439,46.348,178.708,8.044,0.000,0.000,178.708,8.044,0.000,0.000,44.000,-93.000,0.000,0.000,176.267,135.685,0.049,0.999,176.267,135.685,0.049,0.999,214.383,-16.970,0.135,0.991,0.000,0.000,0,0
139.865,98.575,-0.506,0.863,0,168.167,128.831,41.429,2,541.095,671.470,0,0,703.197,98.474,56.411,183.909,10.500,0.000,0.000,183.909,10.500,0.000,0.000,44.000,-93.000,0.000,0.000,176.552,141.428,0.049,0.999,176.552,141.428,0.049,0.999,214.145,-11.315,-0.218,0.976,-1.000,0.000,0,0
125.477,98.575,-0.976,0.218,0,168.522,136.010,57.046,2,555.441,657.160,0,0,704.584,106.968,71.752,190.409,13.570,0.000,0.000,190.409,13.570,0.000,0.000,44.000,-93.000,0.000,0.000,176.907,148.608,0.049,0.999,176.907,148.608,0.049,0.999,212.578,-4.299,-0.218,0.976,-1.000,0.000,0,0
111.088,98.575,-0.998,0.060,0,168.878,143.190,73.008,2,569.789,642.854,0,0,706.042,118.654,87.478,196.909,16.639,0.904,0.427,196.909,16.639,0.904,0.427,44.000,-93.000,0.000,0.000,177.263,155.788,0.049,0.999,177.263,155.788,0.049,0.999,211.012,2.717,-0.218,0.976,-1.000,0.000,0,0
93.822,98.575,-1.000,0.014,0,173.481,130.904,85.970,0,587.009,625.692,0,0,708.748,135.718,106.617,204.709,20.323,0.904,0.427,204.709,20.323,0.904,0.427,44.000,-93.000,0.000,0.000,177.689,164.404,0.049,0.999,177.689,164.404,0.049,0.999,209.132,11.136,-0.218,0.976,0.000,0.000,0,0
105.333,98.575,-0.553,0.833,0,178.934,112.379,74.885,0,575.528,637.133,0,0,711.784,129.855,103.040,211.210,23.393,0.904,0.427,211.210,23.393,0.904,0.427,44.000,-93.000,0.000,0.000,178.045,171.584,0.049,0.999,178.045,171.584,0.049,0.999,207.565,18.152,-0.218,0.976,0.000,0.000,0,0
105.333,107.209,0.130,0.991,0,183.199,97.890,78.423,0,575.003,638.107,0,0,714.513,137.686,101.219,216.410,25.849,0.904,0.427,216.410,25.849,0.904,0.427,44.000,-93.000,0.000,0.000,178.329,177.328,0.049,0.999,178.329,177.328,0.049,0.999,206.312,23.765,-0.218,0.976,0.000,1.000,0,0
109.402,119.912,0.346,0.938,0,188.411,80.182,88.438,0,570.399,643.780,0,0,718.262,145.477,94.724,222.910,28.919,0.904,0.427,222.910,28.919,0.904,0.427,44.000,-93.000,0.000,0.000,178.685,184.508,0.049,0.999,178.685,184.508,0.049,0.999,204.745,30.781,-0.218,0.976,1.000,1.000,0,0
125.826,121.946,0.936,0.353,0,187.787,40.484,102.349,2,553.928,660.322,0,0,716.024,137.779,88.913,230.710,32.603,0.904,0.427,230.710,32.603,0.904,0.427,44.000,-93.000,0.000,0.000,179.111,193.124,0.049,0.999,179.111,193.124,0.049,0.999,202.865,39.200,-0.218,0.976,1.000,0.000,0,0
137.337,121.946,0.993,0.117,0,186.533,46.097,90.407,2,542.426,671.722,0,0,714.868,131.401,87.669,235.911,35.059,0.904,0.427,235.911,35.059,0.904,0.427,44.000,-93.000,0.000,0.000,179.396,198.867,0.049,0.999,179.396,198.867,0.049,0.999,201.612,44.812,-0.218,0.976,1.000,-1.000,0,0
147.511,108.894,0.789,-0.615,0,184.653,54.516,65.852,2,532.812,680.181,0,0,713.218,119.061,76.324,243.711,38.743,0.904,0.427,243.711,38.743,0.904,0.427,44.000,-93.000,0.000,0.000,199.732,53.232,-0.218,0.976,199.732,53.232,-0.218,0.976,179.822,207.483,0.049,0.999,0.000,-1.000,0,0
147.511,97.383,0.343,-0.940,0,180.503,50.207,57.568,0,533.562,678.958,0,0,708.941,115.925,63.898,248.911,41.199,0.904,0.427,248.911,41.199,0.904,0.427,44.000,-93.000,0.000,0.000,198.479,58.844,-0.218,0.976,198.479,58.844,-0.218,0.976,180.107,213.227,0.049,0.999,0.000,-1.000,0,0
147.511,80.117,0.073,-0.997,0,170.143,29.283,55.644,0,535.151,677.485,0,0,698.319,114.744,50.742,256.711,44.883,0.904,0.427,256.711,44.883,0.904,0.427,44.000,-93.000,0.000,0.000,196.599,67.263,-0.218,0.976,196.599,67.263,-0.218,0.976,180.534,221.843,0.049,0.999,0.000,-1.000,0,0
145.476,69.449,-0.160,-0.987,0,163.407,15.680,56.681,0,538.425,674.762,0,0,691.747,118.516,49.987,261.912,47.339,0.904,0.427,261.912,47.339,0.904,0.427,44.000,-93.000,0.000,0.000,195.345,72.876,-0.218,0.976,195.345,72.876,-0.218,0.976,180.818,227.587,0.049,0.999,-1.000,-1.000,0,0
141.407,56.746,-0.252,-0.968,0,155.174,-0.946,59.314,0,544.209,670.090,0,0,684.084,127.163,57.259,268.412,50.409,0.904,0.427,268.412,50.409,0.904,0.427,44.000,-93.000,0.000,0.000,193.779,79.892,-0.218,0.976,193.779,79.892,-0.218,0.976,108.800,-94.600,0.000,0.000,0.000,-1.000,0,0
141.407,42.357,-0.073,-0.997,0,147.146,-17.159,59.800,0,546.540,669.690,0,0,677.016,133.968,67.572,274.912,53.479,0.904,0.427,274.912,53.479,0.904,0.427,44.000,-93.000,0.000,0.000,192.212,86.908,-0.218,0.976,192.212,86.908,-0.218,0.976,108.800,-94.600,0.000,0.000,0.000,-1.000,0,0
141.407,27.969,-0.019,-1.000,0,139.316,-32.972,60.993,0,549.238,669.598,0,0,670.519,142.893,82.308,281.412,56.549,0.904,0.427,281.412,56.549,0.904,0.427,44.000,-93.000,0.000,0.000,190.645,93.924,-0.218,0.976,190.645,93.924,-0.218,0.976,108.800,-94.600,0.000,0.000,0.000,-1.000,0,0
141.407,13.580,-0.005,-1.000,0,131.680,-48.393,62.762,0,552.298,669.816,0,0,664.572,144.386,99.521,44.000,-93.000,0.000,0.000,44.000,-93.000,0.000,0.000,287.913,59.619,0.904,0.427,189.078,100.940,-0.218,0.976,189.078,100.940,-0.218,0.976,108.800,-94.600,0.000,0.000,0.000,-1.000,0,0
141.407,-0.809,-0.001,-1.000,0,124.233,-63.432,64.987,0,555.713,670.342,0,0,659.151,134.117,99.297,44.000,-93.000,0.000,0.000,44.000,-93.000,0.000,0.000,294.413,62.689,0.904,0.427,108.800,-94.600,0.000,0.000,108.800,-94.600,0.000,0.000,187.512,107.956,-0.218,0.976,0.000,-1.000,0,0
141.407,-18.075,0.000,-1.000,0,95.209,-101.255,95.148,2,560.273,671.380,0,0,637.261,122.889,83.182,44.000,-93.000,0.000,0.000,44.000,-93.000,0.000,0.000,302.213,66.373,0.904,0.427,108.800,-94.600,0.000,0.000,108.800,-94.600,0.000,0.000,185.632,116.375,-0.218,0.976,0.000,-1.000,0,0
141.407,-29.586,0.000,-1.000,0,95.209,-101.255,85.268,2,563.586,672.318,0,0,637.261,116.230,72.732,44.000,-93.000,0.000,0.000,44.000,-93.000,0.000,0.000,307.413,68.829,0.904,0.427,108.800,-94.600,0.000,0.000,108.800,-94.600,0.000,0.000,184.378,121.988,-0.218,0.976,0.000,-1.000,0,0
141.407,-43.975,0.000,-1.000,0,95.209,-101.255,73.589,2,568.028,673.765,0,0,637.261,109.048,60.217,44.000,-93.000,0.000,0.000,44.000,-93.000,0.000,0.000,70.000,-221.000,0.000,0.000,108.800,-94.600,0.000,0.000,108.800,-94.600,0.000,0.000,182.812,129.003,-0.218,0.976,0.000,-1.000,0,0
141.407,-58.364,0.000,-1.000,0,95.209,-101.255,63.039,2,572.797,675.515,0,0,637.261,103.381,48.747,44.000,-93.000,0.000,0.000,44.000,-93.000,0.000,0.000,70.000,-221.000,0.000,0.000,108.800,-94.600,0.000,0.000,108.800,-94.600,0.000,0.000,181.245,136.019,-0.218,0.976,0.000,-1.000,0,0
133.267,-72.259,-0.436,-0.900,0,95.209,-101.255,47.846,2,585.292,669.450,0,0,637.261,91.645,33.133,44.000,-93.000,0.000,0.000,44.000,-93.000,0.000,0.000,70.000,-221.000,0.000,0.000,108.800,-94.600,0.000,0.000,108.800,-94.600,0.000,0.000,179.365,144.438,-0.218,0.976,-1.000,-1.000,0,0
123.093,-82.433,-0.639,-0.769,0,95.209,-101.255,33.642,2,598.466,661.070,0,0,637.261,79.796,18.770,44.000,-93.000,0.000,0.000,44.000,-93.000,0.000,0.000,70.000,-221.000,0.000,0.000,108.800,-94.600,0.000,0.000,108.800,-94.600,0.000,0.000,177.798,151.454,-0.218,0.976,-1.000,-1.000,0,0
114.953,-90.572,-0.683,-0.730,1,104.616,-101.625,15.133,1,609.044,654.517,0,0,646.540,70.995,7.354,44.000,-93.000,0.000,0.000,44.000,-93.000,0.000,0.000,70.000,-221.000,0.000,0.000,108.800,-94.600,0.000,0.000,108.800,-94.600,0.000,0.000,176.545,157.067,-0.218,0.976,-1.000,-1.000,0,0
103.936,-98.712,-0.818,-0.575,1,91.554,-107.412,15.133,1,622.316,645.283,0,0,635.000,60.208,6.369,44.000,-93.000,0.000,0.000,44.000,-93.000,0.000,0.000,70.000,-221.000,0.000,0.000,108.800,-94.600,0.000,0.000,108.800,-94.600,0.000,0.000,174.978,164.083,-0.218,0.976,-1.000,0.000,0,0
89.547,-98.712,-0.987,-0.163,1,74.616,-101.178,15.133,1,635.642,631.199,0,0,617.121,45.904,19.687,44.000,-93.000,0.000,0.000,44.000,-93.000,0.000,0.000,70.000,-221.000,0.000,0.000,108.800,-94.600,0.000,0.000,108.800,-94.600,0.000,0.000,173.412,171.099,-0.218,0.976,-1.000,0.000,0,0
83.792,-98.712,-0.995,-0.102,1,68.737,-100.254,15.133,1,640.986,625.569,0,0,611.183,40.200,25.344,44.000,-93.000,0.000,0.000,44.000,-93.000,0.000,0.000,70.000,-221.000,0.000,0.000,108.800,-94.600,0.000,0.000,108.800,-94.600,0.000,0.000,171.845,178.115,-0.218,0.976,0.000,-1.000,0,0
93.966,-111.764,-0.179,-0.984,1,91.263,-126.654,15.133,1,636.550,638.313,0,0,639.186,53.373,22.686,44.000,-93.000,0.000,0.000,44.000,-93.000,0.000,0.000,70.000,-221.000,0.000,0.000,108.800,-94.600,0.000,0.000,108.800,-94.600,0.000,0.000,169.965,186.534,-0.218,0.976,1.000,-1.000,0,0
104.141,-121.938,0.569,-0.822,1,112.749,-134.384,15.133,1,631.326,650.545,0,0,661.911,66.741,27.732,44.000,-93.000,0.000,0.000,44.000,-93.000,0.000,0.000,70.000,-221.000,0.000,0.000,108.800,-94.600,0.000,0.000,108.800,-94.600,0.000,0.000,424.800,-106.500,0.000,0.000,1.000,-1.000,0,0
114.315,-132.113,0.670,-0.742,1,124.452,-143.349,15.133,1,626.389,662.865,0,0,675.503,80.461,37.916,44.000,-93.000,0.000,0.000,44.000,-93.000,0.000,0.000,70.000,-221.000,0.000,0.000,108.800,-94.600,0.000,0.000,108.800,-94.600,0.000,0.000,424.800,-106.500,0.000,0.000,1.000,-1.000,0,0
124.489,-142.287,0.697,-0.717,1,135.039,-153.137,15.133,1,621.746,675.266,0,0,688.286,94.381,50.202,44.000,-93.000,0.000,0.000,44.000,-93.000,0.000,0.000,70.000,-221.000,0.000,0.000,108.800,-94.600,0.000,0.000,108.800,-94.600,0.000,0.000,424.800,-106.500,0.000,0.000,1.000,-1.000,0,0
138.035,-144.322,0.940,-0.341,1,152.259,-149.490,15.133,1,610.627,688.878,0,0,703.946,102.510,57.680,70.000,-221.000,0.000,0.000,44.000,-93.000,0.000,0.000,44.000,-93.000,0.000,0.000,108.800,-94.600,0.000,0.000,108.800,-94.600,0.000,0.000,424.800,-106.500,0.000,0.000,1.000,0.000,0,0
152.424,-144.322,0.995,-0.099,1,167.482,-145.823,15.133,1,597.909,702.799,0,0,717.757,112.575,66.146,70.000,-221.000,0.000,0.000,44.000,-93.000,0.000,0.000,44.000,-93.000,0.000,0.000,108.800,-94.600,0.000,0.000,108.800,-94.600,0.000,0.000,424.800,-106.500,0.000,0.000,1.000,1.000,0,0
162.598,-134.147,0.856,0.516,1,175.557,-126.332,15.133,1,584.156,710.221,0,0,721.084,125.533,66.770,44.000,-93.000,0.000,0.000,44.000,-93.000,0.000,0.000,70.000,-221.000,0.000,0.000,108.800,-94.600,0.000,0.000,108.800,-94.600,0.000,0.000,424.800,-106.500,0.000,0.000,1.000,1.000,0,0
170.738,-123.130,0.624,0.781,1,180.180,-111.304,15.133,1,571.857,715.687,0,0,722.488,130.270,68.193,44.000,-93.000,0.000,0.000,44.000,-93.000,0.000,0.000,70.000,-221.000,0.000,0.000,108.800,-94.600,0.000,0.000,108.800,-94.600,0.000,0.000,424.800,-106.500,0.000,0.000,0.000,1.000,0,0
170.738,-108.742,0.188,0.982,1,173.575,-93.877,15.133,1,565.434,712.728,0,0,712.759,127.711,63.531,44.000,-93.000,0.000,0.000,44.000,-93.000,0.000,0.000,70.000,-221.000,0.000,0.000,108.800,-94.600,0.000,0.000,108.800,-94.600,0.000,0.000,424.800,-106.500,0.000,0.000,0.000,1.000,0,0
176.842,-96.881,0.355,0.935,1,182.216,-82.734,15.133,1,554.828,716.504,0,0,719.421,132.899,68.080,44.000,-93.000,0.000,0.000,44.000,-93.000,0.000,0.000,70.000,-221.000,0.000,0.000,108.800,-94.600,0.000,0.000,108.800,-94.600,0.000,0.000,424.800,-106.500,0.000,0.000,1.000,1.000,0,0
185.824,-90.777,0.695,0.719,1,196.339,-79.893,15.133,1,544.113,724.292,0,0,732.932,141.842,77.119,44.000,-93.000,0.000,0.000,44.000,-93.000,0.000,0.000,70.000,-221.000,0.000,0.000,108.800,-94.600,0.000,0.000,108.800,-94.600,0.000,0.000,424.800,-106.500,0.000,0.000,1.000,0.000,0,0
203.091,-90.777,0.988,0.154,1,218.045,-88.453,15.133,1,528.504,741.314,0,0,755.695,159.106,94.368,44.000,-93.000,0.000,0.000,44.000,-93.000,0.000,0.000,70.000,-221.000,0.000,0.000,108.800,-94.600,0.000,0.000,108.800,-94.600,0.000,0.000,424.800,-106.500,0.000,0.000,1.000,0.000,0,0
214.602,-90.777,0.999,0.049,1,229.717,-90.034,15.133,1,518.156,752.669,0,0,767.468,170.616,105.871,44.000,-93.000,0.000,0.000,44.000,-93.000,0.000,0.000,70.000,-221.000,0.000,0.000,108.800,-94.600,0.000,0.000,108.800,-94.600,0.000,0.000,424.800,-106.500,0.000,0.000,1.000,0.000,0,0
228.148,-88.742,0.979,0.205,1,242.960,-85.640,15.133,1,505.127,765.716,0,0,779.877,184.197,119.491,44.000,-93.000,0.000,0.000,44.000,-93.000,0.000,0.000,70.000,-221.000,0.000,0.000,108.800,-94.600,0.000,0.000,108.800,-94.600,0.000,0.000,424.800,-106.500,0.000,0.000,1.000,1.000,0,0
238.322,-78.568,0.819,0.573,1,250.720,-69.890,15.133,1,491.496,774.261,0,0,785.374,194.857,130.510,44.000,-93.000,0.000,0.000,44.000,-93.000,0.000,0.000,70.000,-221.000,0.000,0.000,108.800,-94.600,0.000,0.000,108.800,-94.600,0.000,0.000,424.800,-106.500,0.000,0.000,1.000,1.000,0,0
250.531,-66.358,0.733,0.680,1,261.620,-56.061,15.133,1,475.197,784.741,0,0,794.550,208.242,144.517,44.000,-93.000,0.000,0.000,44.000,-93.000,0.000,0.000,363.608,115.948,-0.996,-0.084,108.800,-94.600,0.000,0.000,108.800,-94.600,0.000,0.000,424.800,-106.500,0.000,0.000,1.000,1.000,0,0
258.671,-58.219,0.716,0.698,1,269.504,-47.652,15.133,1,464.370,791.859,0,0,801.518,200.021,154.223,357.878,115.466,-0.996,-0.084,357.878,115.466,-0.996,-0.084,44.000,-93.000,0.000,0.000,108.800,-94.600,0.000,0.000,108.800,-94.600,0.000,0.000,424.800,-106.500,0.000,0.000,1.000,1.000,0,0
268.845,-48.045,0.710,0.705,1,279.583,-37.381,15.133,1,450.884,800.901,0,0,810.617,182.323,166.550,350.714,114.864,-0.996,-0.084,350.714,114.864,-0.996,-0.084,44.000,-93.000,0.000,0.000,424.800,-106.500,0.000,0.000,424.800,-106.500,0.000,0.000,108.800,-94.600,0.000,0.000,1.000,1.000,0,0
281.054,-35.835,0.708,0.707,1,291.764,-25.143,15.133,1,434.778,811.955,0,0,821.828,161.931,160.176,342.118,114.141,-0.996,-0.084,342.118,114.141,-0.996,-0.084,44.000,-93.000,0.000,0.000,424.800,-106.500,0.000,0.000,424.800,-106.500,0.000,0.000,108.800,-94.600,0.000,0.000,1.000,1.000,0,0
289.194,-27.696,0.707,0.707,1,299.898,-16.998,15.133,1,424.091,819.443,0,0,829.431,149.025,156.841,336.387,113.659,-0.996,-0.084,336.387,113.659,-0.996,-0.084,44.000,-93.000,0.000,0.000,424.800,-106.500,0.000,0.000,424.800,-106.500,0.000,0.000,108.800,-94.600,0.000,0.000,1.000,1.000,0,0
299.368,-17.522,0.707,0.707,1,310.070,-6.822,15.133,1,410.794,828.934,0,0,839.066,133.948,153.787,329.224,113.057,-0.996,-0.084,329.224,113.057,-0.996,-0.084,44.000,-93.000,0.000,0.000,424.800,-106.500,0.000,0.000,424.800,-106.500,0.000,0.000,108.800,-94.600,0.000,0.000,1.000,1.000,0,0
310.386,-9.382,0.771,0.637,1,322.052,0.257,15.133,1,397.540,839.500,0,0,850.750,122.395,150.075,322.061,112.455,-0.996,-0.084,322.061,112.455,-0.996,-0.084,44.000,-93.000,0.000,0.000,424.800,-106.500,0.000,0.000,424.800,-106.500,0.000,0.000,108.800,-94.600,0.000,0.000,1.000,1.000,0,0
320.560,0.792,0.749,0.663,1,331.895,10.819,15.133,1,384.371,849.240,0,0,860.273,111.205,149.592,314.897,111.852,-0.996,-0.084,314.897,111.852,-0.996,-0.084,44.000,-93.000,0.000,0.000,424.800,-106.500,0.000,0.000,424.800,-106.500,0.000,0.000,108.800,-94.600,0.000,0.000,1.000,1.000,0,0
332.769,13.001,0.717,0.698,1,343.612,23.558,15.133,1,368.688,861.099,0,0,871.785,101.635,150.832,306.301,111.130,-0.996,-0.084,306.301,111.130,-0.996,-0.084,44.000,-93.000,0.000,0.000,424.800,-106.500,0.000,0.000,424.800,-106.500,0.000,0.000,108.800,-94.600,0.000,0.000,1.000,1.000,0,0
342.944,23.176,0.710,0.704,1,353.684,33.837,15.133,1,355.732,871.120,0,0,881.829,97.720,153.350,299.138,110.527,-0.996,-0.084,299.138,110.527,-0.996,-0.084,44.000,-93.000,0.000,0.000,424.800,-106.500,0.000,0.000,424.800,-106.500,0.000,0.000,186.223,225.982,-0.012,-1.000,1.000,1.000,0,0
352.769,27.245,0.861,0.509,1,365.793,34.951,15.133,1,345.130,880.917,0,0,893.941,101.881,151.909,293.407,110.046,-0.996,-0.084,293.407,110.046,-0.996,-0.084,44.000,-93.000,0.000,0.000,424.800,-106.500,0.000,0.000,424.800,-106.500,0.000,0.000,186.156,220.231,-0.012,-1.000,1.000,0.000,0,0
370.035,27.245,0.992,0.126,1,385.049,29.146,15.133,1,328.842,898.181,0,0,913.186,118.321,144.523,284.811,109.323,-0.996,-0.084,284.811,109.323,-0.996,-0.084,44.000,-93.000,0.000,0.000,424.800,-106.500,0.000,0.000,424.800,-106.500,0.000,0.000,427.000,279.000,0.000,0.000,1.000,0.000,0,0
380.210,37.420,0.838,0.546,0,399.675,40.027,19.639,0,315.910,908.370,0,0,927.853,124.911,150.669,277.648,108.721,-0.996,-0.084,277.648,108.721,-0.996,-0.084,44.000,-93.000,0.000,0.000,424.800,-106.500,0.000,0.000,424.800,-106.500,0.000,0.000,427.000,279.000,0.000,0.000,1.000,1.000,1,0
390.878,39.455,0.923,0.385,0,418.046,46.287,28.014,0,305.167,919.053,0,0,946.300,138.598,149.845,270.484,108.118,-0.996,-0.084,270.484,108.118,-0.996,-0.084,44.000,-93.000,0.000,0.000,424.800,-106.500,0.000,0.000,424.800,-106.500,0.000,0.000,427.000,279.000,0.000,0.000,0.000,0.000,0,0
390.878,39.455,0.923,0.385,0,435.962,52.391,46.905,0,305.167,919.053,0,0,964.325,144.579,149.845,263.321,107.516,-0.996,-0.084,263.321,107.516,-0.996,-0.084,44.000,-93.000,0.000,0.000,424.800,-106.500,0.000,0.000,424.800,-106.500,0.000,0.000,427.000,279.000,0.000,0.000,0.000,0.000,0,0
390.878,39.455,0.923,0.385,0,453.435,58.345,65.350,0,305.167,919.053,0,0,981.935,150.666,149.845,256.157,106.914,-0.996,-0.084,256.157,106.914,-0.996,-0.084,44.000,-93.000,0.000,0.000,424.800,-106.500,0.000,0.000,424.800,-106.500,0.000,0.000,427.000,279.000,0.000,0.000,0.000,0.000,0,0
390.878,39.455,0.923,0.385,0,470.475,64.151,83.347,0,305.167,919.053,0,0,999.137,156.847,149.845,248.994,106.312,-0.996,-0.084,248.994,106.312,-0.996,-0.084,44.000,-93.000,0.000,0.000,424.800,-106.500,0.000,0.000,424.800,-106.500,0.000,0.000,427.000,279.000,0.000,0.000,0.000,0.000,0,0
390.878,39.455,0.923,0.385,0,487.094,69.813,100.903,0,305.167,919.053,0,0,1015.939,163.110,149.845,241.831,105.709,-0.996,-0.084,241.831,105.709,-0.996,-0.084,44.000,-93.000,0.000,0.000,424.800,-106.500,0.000,0.000,424.800,-106.500,0.000,0.000,427.000,279.000,0.000,0.000,0.000,0.000,0,0
390.878,39.455,0.923,0.385,0,500.092,74.242,114.637,0,305.167,919.053,0,0,1029.097,168.173,149.845,236.100,105.228,-0.996,-0.084,236.100,105.228,-0.996,-0.084,44.000,-93.000,0.000,0.000,424.800,-106.500,0.000,0.000,424.800,-106.500,0.000,0.000,185.480,162.726,-0.012,-1.000,0.000,0.000,0,0
390.878,39.455,0.923,0.385,0,515.977,79.654,131.425,0,305.167,919.053,0,0,1045.198,174.563,149.845,228.937,104.625,-0.996,-0.084,228.937,104.625,-0.996,-0.084,44.000,-93.000,0.000,0.000,424.800,-106.500,0.000,0.000,424.800,-106.500,0.000,0.000,185.396,155.538,-0.012,-1.000,0.000,0.000,0,0
390.878,39.455,0.923,0.385,0,534.521,85.973,151.027,0,305.167,919.053,0,0,1064.019,182.309,149.845,220.340,103.903,-0.996,-0.084,220.340,103.903,-0.996,-0.084,44.000,-93.000,0.000,0.000,424.800,-106.500,0.000,0.000,424.800,-106.500,0.000,0.000,185.294,146.912,-0.012,-1.000,0.000,0.000,0,0
390.878,39.455,0.923,0.385,0,546.578,90.080,163.775,0,305.167,919.053,0,0,1076.270,187.516,149.845,214.610,103.421,-0.996,-0.084,214.610,103.421,-0.996,-0.084,44.000,-93.000,0.000,0.000,424.800,-106.500,0.000,0.000,424.800,-106.500,0.000,0.000,185.227,141.161,-0.012,-1.000,0.000,0.000,0,0
390.878,39.455,0.923,0.385,0,561.313,95.101,179.358,0,305.167,919.053,0,0,1091.256,194.067,149.845,207.446,102.818,-0.996,-0.084,207.446,102.818,-0.996,-0.084,44.000,-93.000,0.000,0.000,424.800,-106.500,0.000,0.000,424.800,-106.500,0.000,0.000,185.143,133.973,-0.012,-1.000,0.000,0.000,0,0
390.878,39.455,0.923,0.385,0,575.683,99.997,194.559,0,305.167,919.053,0,0,1105.888,200.663,149.845,200.283,102.216,-0.996,-0.084,200.283,102.216,-0.996,-0.084,44.000,-93.000,0.000,0.000,424.800,-106.500,0.000,0.000,424.800,-106.500,0.000,0.000,185.058,126.785,-0.012,-1.000,0.000,0.000,0,0
390.878,39.455,0.923,0.385,0,589.550,104.722,209.224,0,305.167,919.053,0,0,1120.023,207.297,149.845,193.120,101.614,-0.996,-0.084,193.120,101.614,-0.996,-0.084,44.000,-93.000,0.000,0.000,424.800,-106.500,0.000,0.000,424.800,-106.500,0.000,0.000,184.974,119.597,-0.012,-1.000,0.000,0.000,0,0
390.878,39.455,0.923,0.385,0,605.159,110.040,225.705,0,305.167,919.053,0,0,1135.955,215.306,149.845,184.523,100.891,-0.996,-0.084,184.523,100.891,-0.996,-0.084,44.000,-93.000,0.000,0.000,424.800,-106.500,0.000,0.000,424.800,-106.500,0.000,0.000,184.872,110.971,-0.012,-1.000,0.000,0.000,0,0
390.878,39.455,0.923,0.385,0,615.267,113.484,236.379,0,305.167,919.053,0,0,1146.282,220.671,149.845,178.793,100.409,-0.996,-0.084,178.793,100.409,-0.996,-0.084,44.000,-93.000,0.000,0.000,424.800,-106.500,0.000,0.000,424.800,-106.500,0.000,0.000,184.805,105.220,-0.012,-1.000,0.000,0.000,0,0
390.878,39.455,0.923,0.385,0,627.572,117.677,249.372,0,305.167,919.053,0,0,1158.861,227.403,149.845,171.629,99.807,-0.996,-0.084,171.629,99.807,-0.996,-0.084,44.000,-93.000,0.000,0.000,424.800,-106.500,0.000,0.000,424.800,-106.500,0.000,0.000,184.720,98.032,-0.012,-1.000,0.000,0.000,0,0
390.878,39.455,0.923,0.385,0,639.517,121.747,261.987,0,305.167,919.053,0,0,1171.081,234.163,149.845,164.466,99.205,-0.996,-0.084,164.466,99.205,-0.996,-0.084,44.000,-93.000,0.000,0.000,424.800,-106.500,0.000,0.000,424.800,-106.500,0.000,0.000,184.636,90.844,-0.012,-1.000,0.000,0.000,0,0
39.000,287.000,0.897,0.443,0,651.111,125.697,633.035,0,657.602,622.335,0,0,1182.951,124.004,101.316,-85.000,286.000,0.000,0.000,-85.000,286.000,0.000,0.000,-296.000,285.000,0.000,0.000,140.000,279.000,0.000,0.000,140.000,279.000,0.000,0.000,290.700,275.300,0.000,0.000,0.000,0.000,0,0
39.000,287.000,0.897,0.443,0,662.364,129.531,642.980,0,657.619,622.354,0,0,1194.478,124.004,101.316,-85.000,286.000,0.000,0.000,-85.000,286.000,0.000,0.000,-296.000,285.000,0.000,0.000,140.000,279.000,0.000,0.000,140.000,279.000,0.000,0.000,290.700,275.300,0.000,0.000,0.000,0.000,0,0
39.000,287.000,0.897,0.443,0,669.852,130.357,650.040,0,657.619,622.354,0,0,1202.010,124.004,101.316,-85.000,286.000,0.000,0.000,-85.000,286.000,0.000,0.000,-296.000,285.000,0.000,0.000,140.000,279.000,0.000,0.000,140.000,279.000,0.000,0.000,290.700,275.300,0.000,0.000,0.000,0.000,0,0
39.000,287.000,0.897,0.443,0,669.806,128.732,650.382,0,657.619,622.354,0,0,1201.837,124.004,101.316,-85.000,286.000,0.000,0.000,-85.000,286.000,0.000,0.000,-296.000,285.000,0.000,0.000,140.000,279.000,0.000,0.000,140.000,279.000,0.000,0.000,290.700,275.300,0.000,0.000,0.000,0.000,0,0
39.000,272.611,0.836,-0.548,0,669.806,126.838,647.449,0,654.507,616.572,0,0,1201.691,124.721,101.202,-85.000,286.000,0.000,0.000,-85.000,286.000,0.000,0.000,-296.000,285.000,0.000,0.000,140.000,279.000,0.000,0.000,140.000,279.000,0.000,0.000,290.700,275.300,0.000,0.000,0.000,-1.000,0,0
39.000,261.100,0.240,-0.971,0,669.806,125.607,645.209,0,652.235,612.151,0,0,1201.597,126.475,102.574,-85.000,286.000,0.000,0.000,-85.000,286.000,0.000,0.000,-296.000,285.000,0.000,0.000,140.000,279.000,0.000,0.000,140.000,279.000,0.000,0.000,290.700,275.300,0.000,0.000,0.000,-1.000,0,0
34.930,248.397,-0.173,-0.985,0,669.806,124.102,646.942,0,653.965,603.692,0,0,1201.483,125.687,109.436,-85.000,286.000,0.000,0.000,-85.000,286.000,0.000,0.000,-296.000,285.000,0.000,0.000,140.000,279.000,0.000,0.000,140.000,279.000,0.000,0.000,290.700,275.300,0.000,0.000,-1.000,-1.000,0,0
24.756,238.223,-0.575,-0.818,0,669.806,122.635,655.336,0,662.375,590.567,0,0,1201.373,119.704,122.246,-85.000,286.000,0.000,0.000,-85.000,286.000,0.000,0.000,-296.000,285.000,0.000,0.000,140.000,279.000,0.000,0.000,140.000,279.000,0.000,0.000,290.700,275.300,0.000,0.000,-1.000,-1.000,0,0
16.616,226.014,-0.493,-0.870,0,669.806,120.922,661.600,0,668.701,578.726,0,0,1201.246,118.001,134.280,-85.000,286.000,0.000,0.000,-85.000,286.000,0.000,0.000,-296.000,285.000,0.000,0.000,140.000,279.000,0.000,0.000,140.000,279.000,0.000,0.000,290.700,275.300,0.000,0.000,1.000,-1.000,0,0
26.791,215.839,0.420,-0.908,0,669.806,119.533,650.197,0,657.336,585.016,0,0,1201.143,131.984,129.636,-85.000,286.000,0.000,0.000,-85.000,286.000,0.000,0.000,44.000,-93.000,0.000,0.000,140.000,279.000,0.000,0.000,140.000,279.000,0.000,0.000,290.700,275.300,0.000,0.000,1.000,-1.000,0,0
28.826,205.171,0.303,-0.953,0,59.000,80.600,128.331,0,654.133,583.672,0,0,589.175,139.605,133.456,-85.000,286.000,0.000,0.000,-85.000,286.000,0.000,0.000,44.000,-93.000,0.000,0.000,140.000,279.000,0.000,0.000,140.000,279.000,0.000,0.000,290.700,275.300,0.000,0.000,-1.000,-1.000,0,0
18.651,194.997,-0.450,-0.893,0,59.000,80.600,121.473,0,663.298,570.967,0,0,589.174,137.932,147.587,-85.000,286.000,0.000,0.000,-85.000,286.000,0.000,0.000,44.000,-93.000,0.000,0.000,140.000,279.000,0.000,0.000,140.000,279.000,0.000,0.000,290.700,275.300,0.000,0.000,-1.000,-1.000,0,0
22.721,182.788,0.220,-0.976,0,59.000,80.600,108.638,0,658.300,571.499,0,0,589.171,149.186,151.694,-85.000,286.000,0.000,0.000,-85.000,286.000,0.000,0.000,44.000,-93.000,0.000,0.000,140.000,279.000,0.000,0.000,140.000,279.000,0.000,0.000,290.700,275.300,0.000,0.000,1.000,-1.000,0,0
24.756,173.806,0.182,-0.983,0,59.000,80.600,99.518,0,655.717,571.147,0,0,589.171,156.952,156.036,-85.000,286.000,0.000,0.000,-85.000,286.000,0.000,0.000,44.000,-93.000,0.000,0.000,140.000,279.000,0.000,0.000,140.000,279.000,0.000,0.000,108.800,-94.600,0.000,0.000,-1.000,-1.000,0,0
14.582,163.631,-0.517,-0.856,0,59.000,80.600,94.399,0,665.403,558.802,0,0,589.171,157.768,170.411,-85.000,286.000,0.000,0.000,-85.000,286.000,0.000,0.000,44.000,-93.000,0.000,0.000,140.000,279.000,0.000,0.000,140.000,279.000,0.000,0.000,108.800,-94.600,0.000,0.000,0.000,-1.000,0,0
20.686,151.771,0.209,-0.978,0,59.000,80.600,81.100,0,658.948,562.062,0,0,589.171,170.842,174.422,-85.000,286.000,0.000,0.000,-85.000,286.000,0.000,0.000,44.000,-93.000,0.000,0.000,140.000,279.000,0.000,0.000,140.000,279.000,0.000,0.000,108.800,-94.600,0.000,0.000,1.000,-1.000,0,0
18.651,137.033,-0.100,-0.995,0,59.000,80.600,69.690,0,660.837,557.082,0,0,589.171,181.479,186.762,-85.000,286.000,0.000,0.000,-85.000,286.000,0.000,0.000,44.000,-93.000,0.000,0.000,140.000,279.000,0.000,0.000,140.000,279.000,0.000,0.000,108.800,-94.600,0.000,0.000,-1.000,-1.000,0,0
8.477,126.859,-0.561,-0.828,0,59.000,80.600,68.822,0,671.099,545.219,0,0,589.171,184.564,201.110,-85.000,286.000,0.000,0.000,-85.000,286.000,0.000,0.000,44.000,-93.000,0.000,0.000,140.000,279.000,0.000,0.000,140.000,279.000,0.000,0.000,108.800,-94.600,0.000,0.000,0.000,-1.000,0,0
16.616,118.720,0.282,-0.959,0,59.000,80.600,57.389,0,663.148,551.876,0,0,589.171,195.726,202.270,-85.000,286.000,0.000,0.000,-85.000,286.000,0.000,0.000,44.000,-93.000,0.000,0.000,140.000,279.000,0.000,0.000,140.000,279.000,0.000,0.000,108.800,-94.600,0.000,0.000,1.000,-1.000,0,0
26.791,108.545,0.601,-0.799,0,59.000,80.600,43.155,0,653.359,560.419,0,0,589.171,202.279,204.624,44.000,-93.000,0.000,0.000,44.000,-93.000,0.000,0.000,-85.000,286.000,0.000,0.000,140.000,279.000,0.000,0.000,140.000,279.000,0.000,0.000,108.800,-94.600,0.000,0.000,1.000,-1.000,0,0
39.000,96.336,0.684,-0.730,1,49.347,85.293,15.133,1,641.841,570.981,0,0,580.117,189.402,203.294,44.000,-93.000,0.000,0.000,44.000,-93.000,0.000,0.000,-85.000,286.000,0.000,0.000,108.800,-94.600,0.000,0.000,108.800,-94.600,0.000,0.000,140.000,279.000,0.000,0.000,1.000,-1.000,0,0
49.174,86.162,0.701,-0.714,1,59.777,75.363,15.133,1,632.442,580.028,0,0,589.666,179.236,190.342,44.000,-93.000,0.000,0.000,44.000,-93.000,0.000,0.000,-67.000,-108.001,0.000,0.000,108.800,-94.600,0.000,0.000,108.800,-94.600,0.000,0.000,140.000,279.000,0.000,0.000,1.000,-1.000,0,0
59.842,84.127,0.940,-0.342,1,74.062,78.949,15.133,1,621.986,590.457,0,0,604.182,177.834,185.311,44.000,-93.000,0.000,0.000,44.000,-93.000,0.000,0.000,-67.000,-108.001,0.000,0.000,108.800,-94.600,0.000,0.000,108.800,-94.600,0.000,0.000,140.000,279.000,0.000,0.000,1.000,0.000,0,0
74.231,84.127,0.994,-0.108,1,89.276,82.498,15.133,1,607.658,604.784,0,0,619.629,179.688,182.039,44.000,-93.000,0.000,0.000,44.000,-93.000,0.000,0.000,-67.000,-108.001,0.000,0.000,108.800,-94.600,0.000,0.000,108.800,-94.600,0.000,0.000,140.000,279.000,0.000,0.000,1.000,0.000,0,0
91.498,84.127,1.000,-0.023,1,106.627,83.773,15.133,1,590.467,621.979,0,0,637.020,183.385,179.562,44.000,-93.000,0.000,0.000,44.000,-93.000,0.000,0.000,-67.000,-108.001,0.000,0.000,108.800,-94.600,0.000,0.000,108.800,-94.600,0.000,0.000,140.000,279.000,0.000,0.000,1.000,1.000,0,0
95.567,93.952,0.736,0.677,1,106.703,104.200,15.133,1,585.596,626.945,0,0,639.115,193.934,189.016,44.000,-93.000,0.000,0.000,44.000,-93.000,0.000,0.000,-67.000,-108.001,0.000,0.000,108.800,-94.600,0.000,0.000,108.800,-94.600,0.000,0.000,140.000,279.000,0.000,0.000,-1.000,1.000,0,0
89.463,104.126,-0.063,0.998,1,88.509,119.230,15.133,1,591.013,621.989,0,0,623.004,202.301,182.030,44.000,-93.000,0.000,0.000,44.000,-93.000,0.000,0.000,-85.000,286.000,0.000,0.000,140.000,279.000,0.000,0.000,140.000,279.000,0.000,0.000,108.800,-94.600,0.000,0.000,1.000,1.000,0,0
102.166,108.196,0.839,0.544,1,114.867,116.424,15.133,1,578.113,635.084,0,0,648.722,209.435,174.944,44.000,-93.000,0.000,0.000,44.000,-93.000,0.000,0.000,-85.000,286.000,0.000,0.000,140.000,279.000,0.000,0.000,140.000,279.000,0.000,0.000,108.800,-94.600,0.000,0.000,1.000,0.000,0,0
105.043,108.196,0.818,0.576,1,117.417,116.909,15.133,1,575.240,637.939,0,0,651.313,210.253,174.344,44.000,-93.000,0.000,0.000,44.000,-93.000,0.000,0.000,-85.000,286.000,0.000,0.000,140.000,279.000,0.000,0.000,140.000,279.000,0.000,0.000,108.800,-94.600,0.000,0.000,-1.000,0.000,0,0
90.655,108.196,-0.275,0.961,1,86.493,122.746,15.133,1,589.605,623.664,0,0,621.518,206.535,177.789,44.000,-93.000,0.000,0.000,44.000,-93.000,0.000,0.000,-85.000,286.000,0.000,0.000,140.000,279.000,0.000,0.000,140.000,279.000,0.000,0.000,108.800,-94.600,0.000,0.000,-1.000,0.000,0,0
76.266,108.196,-0.988,0.157,1,61.321,110.573,15.133,1,603.970,609.393,0,0,594.890,203.767,182.307,44.000,-93.000,0.000,0.000,44.000,-93.000,0.000,0.000,-85.000,286.000,0.000,0.000,140.000,279.000,0.000,0.000,140.000,279.000,0.000,0.000,108.800,-94.600,0.000,0.000,-1.000,1.000,0,0
66.092,118.370,-0.844,0.537,1,53.324,126.494,15.133,1,613.721,600.703,0,0,589.341,212.522,176.817,44.000,-93.000,0.000,0.000,44.000,-93.000,0.000,0.000,-85.050,278.811,-0.007,-1.000,140.000,279.000,0.000,0.000,140.000,279.000,0.000,0.000,108.800,-94.600,0.000,0.000,-1.000,1.000,0,0
53.882,130.580,-0.740,0.673,1,42.687,140.762,15.133,1,625.659,590.568,0,0,581.379,196.999,171.595,-85.110,270.185,-0.007,-1.000,-85.110,270.185,-0.007,-1.000,44.000,-93.000,0.000,0.000,140.000,279.000,0.000,0.000,140.000,279.000,0.000,0.000,108.800,-94.600,0.000,0.000,-1.000,1.000,0,0
45.743,138.719,-0.719,0.695,1,34.869,149.243,15.133,1,633.753,583.998,0,0,575.390,181.486,169.006,-85.150,264.434,-0.007,-1.000,-85.150,264.434,-0.007,-1.000,44.000,-93.000,0.000,0.000,140.000,279.000,0.000,0.000,140.000,279.000,0.000,0.000,108.800,-94.600,0.000,0.000,-1.000,1.000,0,0
33.883,144.824,-0.874,0.485,0,22.174,161.482,20.361,0,645.646,573.532,0,0,565.677,166.735,171.068,-85.170,261.559,0.000,0.000,-85.170,261.559,0.000,0.000,44.000,-93.000,0.000,0.000,140.000,279.000,0.000,0.000,140.000,279.000,0.000,0.000,108.800,-94.600,0.000,0.000,-1.000,0.000,0,1
19.494,144.824,-0.990,0.140,0,7.979,174.716,32.034,0,660.030,559.443,0,0,555.158,156.785,180.347,-85.170,261.559,0.000,0.000,-85.170,261.559,0.000,0.000,-66.745,-72.059,0.007,1.000,140.000,279.000,0.000,0.000,140.000,279.000,0.000,0.000,108.800,-94.600,0.000,0.000,-1.000,0.000,0,0
5.105,144.824,-0.999,0.039,0,-5.865,187.623,44.185,0,674.414,545.370,0,0,545.366,147.569,190.263,-85.170,261.559,0.000,0.000,-85.170,261.559,0.000,0.000,-66.694,-64.871,0.007,1.000,140.000,279.000,0.000,0.000,140.000,279.000,0.000,0.000,108.800,-94.600,0.000,0.000,-1.000,0.000,0,0
7.983,144.824,-0.745,0.667,0,-19.367,200.211,61.775,0,671.537,548.183,0,0,536.285,149.347,188.233,-85.170,261.559,0.000,0.000,-85.170,261.559,0.000,0.000,-66.643,-57.682,0.007,1.000,140.000,279.000,0.000,0.000,140.000,279.000,0.000,0.000,108.800,-94.600,0.000,0.000,1.000,0.000,0,0
22.372,144.824,0.394,0.919,0,-32.534,212.487,87.144,0,657.153,562.260,0,0,527.898,158.721,178.437,-85.170,261.559,0.000,0.000,-85.170,261.559,0.000,0.000,-66.592,-50.494,0.007,1.000,140.000,279.000,0.000,0.000,140.000,279.000,0.000,0.000,108.800,-94.600,0.000,0.000,1.000,0.000,0,0
36.761,144.824,0.993,0.121,0,-45.376,224.459,114.413,0,642.770,576.351,0,0,520.186,168.802,169.298,-85.170,261.559,0.000,0.000,-85.170,261.559,0.000,0.000,-66.541,-43.305,0.007,1.000,140.000,279.000,0.000,0.000,140.000,279.000,0.000,0.000,277.372,211.989,-0.206,-0.979,1.000,0.000,0,0
48.272,144.824,0.999,0.043,0,-57.899,236.135,140.051,0,631.263,587.635,0,0,513.130,177.295,162.534,-85.170,261.559,0.000,0.000,-85.170,261.559,0.000,0.000,-66.490,-36.117,0.007,1.000,140.000,279.000,0.000,0.000,140.000,279.000,0.000,0.000,275.891,204.955,-0.206,-0.979,0.000,0.000,0,0
36.761,144.824,0.499,0.867,0,-85.275,246.426,158.794,1,642.770,576.351,0,0,492.651,168.802,169.298,-85.170,261.559,0.000,0.000,-85.170,261.559,0.000,0.000,-66.439,-28.928,0.007,1.000,140.000,279.000,0.000,0.000,140.000,279.000,0.000,0.000,274.411,197.920,-0.206,-0.979,-1.000,0.000,0,0
19.494,144.824,-0.797,0.604,0,-85.275,246.426,145.944,1,660.030,559.443,0,0,492.651,156.785,180.347,-85.170,261.559,0.000,0.000,-85.170,261.559,0.000,0.000,-66.378,-20.302,0.007,1.000,140.000,279.000,0.000,0.000,140.000,279.000,0.000,0.000,108.800,-94.600,0.000,0.000,-1.000,0.000,0,0
7.983,144.824,-0.996,0.088,0,-85.330,238.486,132.212,0,671.537,548.183,0,0,489.179,149.347,188.233,-85.170,261.559,0.000,0.000,-85.170,261.559,0.000,0.000,-66.337,-14.551,0.007,1.000,140.000,279.000,0.000,0.000,140.000,279.000,0.000,0.000,108.800,-94.600,0.000,0.000,-1.000,-1.000,1,0
-4.226,132.615,-0.844,-0.536,0,-85.492,215.138,115.820,0,683.728,533.791,0,0,479.584,151.801,205.499,-66.276,-5.925,0.007,1.000,-66.276,-5.925,0.007,1.000,-85.170,261.559,0.000,0.000,140.000,279.000,0.000,0.000,140.000,279.000,0.000,0.000,108.800,-94.600,0.000,0.000,-1.000,-1.000,0,0
-14.400,122.440,-0.749,-0.663,0,-85.623,196.211,102.542,0,694.051,521.931,0,0,472.507,131.794,219.887,-66.225,1.264,0.007,1.000,-66.225,1.264,0.007,1.000,-85.170,261.559,0.000,0.000,140.000,279.000,0.000,0.000,140.000,279.000,0.000,0.000,108.800,-94.600,0.000,0.000,-1.000,-1.000,0,0
-24.575,112.266,-0.719,-0.695,0,-85.751,177.753,89.618,0,704.517,510.201,0,0,466.238,111.838,234.276,-66.174,8.452,0.007,1.000,-66.174,8.452,0.007,1.000,-85.170,261.559,0.000,0.000,140.000,279.000,0.000,0.000,140.000,279.000,0.000,0.000,108.800,-94.600,0.000,0.000,-1.000,-1.000,0,0
-35.592,104.126,-0.776,-0.630,0,-85.876,159.751,74.991,0,715.862,498.072,0,0,460.752,93.605,245.644,-66.123,15.641,0.007,1.000,-66.123,15.641,0.007,1.000,-85.170,261.559,0.000,0.000,108.800,-94.600,0.000,0.000,108.800,-94.600,0.000,0.000,140.000,279.000,0.000,0.000,-1.000,0.000,0,0
-47.103,104.126,-0.973,-0.230,0,-85.973,145.671,56.911,0,727.358,486.695,0,0,456.908,84.884,252.582,-66.082,21.391,0.007,1.000,-66.082,21.391,0.007,1.000,-85.170,261.559,0.000,0.000,108.800,-94.600,0.000,0.000,108.800,-94.600,0.000,0.000,140.000,279.000,0.000,0.000,-1.000,0.000,0,0
-61.492,104.126,-0.998,-0.063,0,-86.093,128.463,34.660,0,741.728,472.483,0,0,452.759,75.683,261.709,-66.031,28.580,0.007,1.000,-66.031,28.580,0.007,1.000,-85.170,261.559,0.000,0.000,108.800,-94.600,0.000,0.000,108.800,-94.600,0.000,0.000,140.000,279.000,0.000,0.000,-1.000,0.000,0,0
-78.758,104.126,-1.000,-0.015,1,-93.890,103.901,15.133,1,758.973,455.443,0,0,440.487,81.343,273.258,-61.177,24.705,0.674,-0.739,-61.177,24.705,0.674,-0.739,-85.170,261.559,0.000,0.000,108.800,-94.600,0.000,0.000,108.800,-94.600,0.000,0.000,140.000,279.000,0.000,0.000,-1.000,0.000,0,0
-82.828,116.829,-0.616,0.788,1,-92.152,128.749,15.133,1,762.581,453.663,0,0,446.974,100.974,275.593,-56.334,19.393,0.674,-0.739,-56.334,19.393,0.674,-0.739,-85.170,261.559,0.000,0.000,140.000,279.000,0.000,0.000,140.000,279.000,0.000,0.000,108.800,-94.600,0.000,0.000,0.000,1.000,0,0
-82.784,131.119,-0.183,0.983,0,-95.877,141.107,16.508,0,762.277,456.628,0,0,446.194,121.149,267.398,-51.490,14.081,0.000,0.000,-51.490,14.081,0.000,0.000,-85.210,255.808,-0.007,-1.000,140.000,279.000,0.000,0.000,140.000,279.000,0.000,0.000,108.800,-94.600,0.000,0.000,0.000,1.000,0,1
-77.871,141.787,0.299,0.954,0,-102.422,150.854,26.299,0,757.345,463.853,0,0,442.356,107.087,257.479,-85.259,248.620,-0.007,-1.000,-85.259,248.620,-0.007,-1.000,-46.647,8.769,0.000,0.000,140.000,279.000,0.000,0.000,140.000,279.000,0.000,0.000,126.553,-74.970,-0.992,0.126,1.000,0.000,0,0
-63.483,141.787,0.946,0.325,0,-108.806,160.359,49.150,0,742.960,477.829,0,0,438.885,102.006,245.423,-85.309,241.431,-0.007,-1.000,-85.309,241.431,-0.007,-1.000,-41.803,3.457,0.674,-0.739,140.000,279.000,0.000,0.000,140.000,279.000,0.000,0.000,119.421,-74.064,-0.992,0.126,1.000,0.000,0,0
-55.343,133.648,0.932,-0.362,0,-113.798,167.794,67.906,0,734.824,483.952,0,0,436.362,106.353,243.488,-85.349,235.680,-0.007,-1.000,-85.349,235.680,-0.007,-1.000,-37.929,-0.792,0.674,-0.739,140.000,279.000,0.000,0.000,140.000,279.000,0.000,0.000,113.716,-73.339,-0.992,0.126,0.000,-1.000,0,0
-55.343,119.259,0.354,-0.935,0,-119.900,176.880,86.809,0,735.048,481.103,0,0,433.513,113.292,250.931,-85.399,228.492,-0.007,-1.000,-85.399,228.492,-0.007,-1.000,-33.085,-6.104,0.674,-0.739,106.585,-72.432,-0.992,0.126,106.585,-72.432,-0.992,0.126,140.000,279.000,0.000,0.000,0.000,-1.000,0,0
-45.169,106.207,0.584,-0.812,0,-125.751,186.680,114.076,0,725.333,488.922,0,0,431.457,120.028,228.101,-27.273,-12.479,0.674,-0.739,-27.273,-12.479,0.674,-0.739,-85.459,219.866,-0.007,-1.000,98.028,-71.345,-0.992,0.126,98.028,-71.345,-0.992,0.126,108.800,-94.600,0.000,0.000,0.000,-1.000,0,0
-52.116,99.260,-0.136,-0.991,0,-129.571,193.121,121.874,0,732.606,481.026,0,0,430.284,119.491,222.983,-23.398,-16.729,0.674,-0.739,-23.398,-16.729,0.674,-0.739,-85.499,214.115,-0.007,-1.000,92.322,-70.620,-0.992,0.126,92.322,-70.620,-0.992,0.126,108.800,-94.600,0.000,0.000,-1.000,0.000,0,0
-66.505,99.260,-0.940,-0.342,0,-134.211,200.950,122.348,0,746.971,466.796,0,0,429.034,109.338,227.076,-85.549,206.926,-0.007,-1.000,-85.549,206.926,-0.007,-1.000,-18.555,-22.041,0.674,-0.739,85.191,-69.713,-0.992,0.126,85.191,-69.713,-0.992,0.126,108.800,-94.600,0.000,0.000,-1.000,0.000,0,0
-83.771,99.260,-0.997,-0.079,0,-139.588,210.023,124.210,0,764.211,449.733,0,0,427.822,99.058,232.196,-85.608,198.300,-0.007,-1.000,-85.608,198.300,-0.007,-1.000,-12.743,-28.415,0.674,-0.739,76.634,-68.625,-0.992,0.126,76.634,-68.625,-0.992,0.126,108.800,-94.600,0.000,0.000,-1.000,0.000,0,0
-94.440,101.295,-0.997,0.077,0,-143.060,215.882,124.653,0,774.765,439.520,0,0,427.177,91.677,236.587,-85.648,192.549,-0.007,-1.000,-85.648,192.549,-0.007,-1.000,-8.868,-32.665,0.674,-0.739,70.929,-67.900,-0.992,0.126,70.929,-67.900,-0.992,0.126,108.800,-94.600,0.000,0.000,-1.000,1.000,0,0
-106.649,113.504,-0.814,0.582,0,-148.105,224.394,118.571,0,786.485,429.661,0,0,426.431,73.467,247.147,-85.708,183.923,-0.007,-1.000,-85.708,183.923,-0.007,-1.000,-3.056,-39.039,0.674,-0.739,62.371,-66.813,-0.992,0.126,62.371,-66.813,-0.992,0.126,140.000,279.000,0.000,0.000,-1.000,1.000,0,0
-114.788,121.643,-0.746,0.666,0,-151.361,229.888,114.448,0,794.411,423.351,0,0,426.071,63.552,254.243,-85.748,178.172,-0.007,-1.000,-85.748,178.172,-0.007,-1.000,0.819,-43.289,0.674,-0.739,56.666,-66.087,-0.992,0.126,56.666,-66.087,-0.992,0.126,140.000,279.000,0.000,0.000,-1.000,1.000,0,0
-124.963,131.818,-0.718,0.696,0,-155.313,236.557,109.250,0,804.440,415.778,0,0,425.762,55.388,263.169,-85.798,170.984,-0.007,-1.000,-85.798,170.984,-0.007,-1.000,5.663,-48.601,0.674,-0.739,49.535,-65.181,-0.992,0.126,49.535,-65.181,-0.992,0.126,140.000,279.000,0.000,0.000,-1.000,1.000,0,0
-135.137,141.992,-0.710,0.704,0,-159.138,243.011,104.043,0,814.599,408.572,0,0,425.598,53.896,272.151,-85.848,163.795,-0.007,-1.000,-85.848,163.795,-0.007,-1.000,-296.000,285.000,0.000,0.000,42.403,-64.275,-0.992,0.126,42.403,-64.275,-0.992,0.126,140.000,279.000,0.000,0.000,-1.000,1.000,0,0
-145.311,152.166,-0.708,0.706,0,-162.839,249.256,98.882,0,824.885,401.751,0,0,425.564,59.579,281.186,-85.898,156.607,-0.007,-1.000,-85.898,156.607,-0.007,-1.000,-296.000,285.000,0.000,0.000,35.272,-63.368,-0.992,0.126,35.272,-63.368,-0.992,0.126,140.000,279.000,0.000,0.000,-1.000,1.000,0,0
-157.520,164.375,-0.707,0.707,0,-167.120,256.480,92.841,0,837.387,394.105,0,0,425.680,73.417,292.088,-85.957,147.981,-0.007,-1.000,-85.957,147.981,-0.007,-1.000,-296.000,285.000,0.000,0.000,26.714,-62.280,-0.992,0.126,26.714,-62.280,-0.992,0.126,140.000,279.000,0.000,0.000,-1.000,1.000,0,0
-165.660,172.515,-0.707,0.707,0,-169.880,261.137,88.970,0,845.815,389.350,0,0,425.843,85.225,299.390,-85.997,142.230,-0.007,-1.000,-85.997,142.230,-0.007,-1.000,-296.000,285.000,0.000,0.000,21.009,-61.555,-0.992,0.126,21.009,-61.555,-0.992,0.126,140.000,279.000,0.000,0.000,-1.000,1.000,0,0
-175.834,185.567,-0.567,0.824,0,-173.882,267.890,82.612,0,856.606,384.955,0,0,426.200,103.731,309.814,-86.057,133.604,-0.007,-1.000,-86.057,133.604,-0.007,-1.000,-296.000,285.000,0.000,0.000,12.452,-60.468,-0.992,0.126,12.452,-60.468,-0.992,0.126,140.000,279.000,0.000,0.000,0.000,1.000,0,0
-175.834,197.078,-0.204,0.979,0,-176.460,272.240,75.457,0,857.324,389.723,0,0,426.507,113.335,315.107,-86.097,127.853,-0.007,-1.000,-86.097,127.853,-0.007,-1.000,-296.000,285.000,0.000,0.000,6.747,-59.742,-0.992,0.126,6.747,-59.742,-0.992,0.126,140.000,279.000,0.000,0.000,0.000,1.000,0,0
-175.834,211.467,-0.056,0.998,0,-179.589,277.518,66.490,0,858.437,396.072,0,0,426.959,127.628,322.252,-86.147,120.664,-0.007,-1.000,-86.147,120.664,-0.007,-1.000,-296.000,285.000,0.000,0.000,-0.385,-58.836,-0.992,0.126,-0.385,-58.836,-0.992,0.126,140.000,279.000,0.000,0.000,0.000,1.000,0,0
-175.834,228.733,-0.013,1.000,0,-183.252,283.700,55.861,0,860.089,404.236,0,0,427.600,132.687,319.809,-296.000,285.000,0.000,0.000,-296.000,285.000,0.000,0.000,-86.207,112.038,-0.007,-1.000,140.000,279.000,0.000,0.000,140.000,279.000,0.000,0.000,-8.942,-57.748,-0.992,0.126,0.000,1.000,0,0
-175.834,243.122,-0.004,1.000,0,-186.239,288.741,47.258,0,861.727,411.469,0,0,428.212,127.254,317.866,-296.000,285.000,0.000,0.000,-296.000,285.000,0.000,0.000,-84.663,119.059,0.215,0.977,140.000,279.000,0.000,0.000,140.000,279.000,0.000,0.000,-15.859,-56.249,-0.843,0.538,0.000,1.000,0,0
-175.834,254.633,-0.001,1.000,0,-188.587,292.702,40.692,0,863.208,417.522,0,0,428.748,123.944,316.773,-296.000,285.000,0.000,0.000,-296.000,285.000,0.000,0.000,-83.428,124.676,0.215,0.977,140.000,279.000,0.000,0.000,140.000,279.000,0.000,0.000,-20.705,-53.152,-0.843,0.538,0.000,1.000,0,0
-177.869,271.056,-0.188,0.982,1,-180.719,285.919,15.133,1,867.593,424.870,0,0,431.146,118.951,317.968,-296.000,285.000,0.000,0.000,-296.000,285.000,0.000,0.000,-81.576,133.101,0.215,0.977,140.000,279.000,0.000,0.000,140.000,279.000,0.000,0.000,-27.974,-48.507,-0.843,0.538,-1.000,1.000,0,0
-186.009,279.196,-0.549,0.836,1,-194.316,291.845,15.133,1,876.910,422.915,0,0,423.893,110.145,326.009,-296.000,285.000,0.000,0.000,-296.000,285.000,0.000,0.000,-80.341,138.718,0.215,0.977,140.000,279.000,0.000,0.000,140.000,279.000,0.000,0.000,-32.820,-45.410,-0.843,0.538,-1.000,1.000,0,0
-197.869,285.300,-0.825,0.565,1,-210.352,293.856,15.133,1,889.606,417.078,0,0,412.667,98.132,337.927,-296.000,285.000,0.000,0.000,-296.000,285.000,0.000,0.000,-78.797,145.739,0.215,0.977,140.000,279.000,0.000,0.000,140.000,279.000,0.000,0.000,-38.877,-41.539,-0.843,0.538,-1.000,0.000,0,0
-187.201,283.266,-0.012,1.000,1,-187.376,298.398,15.133,1,878.750,424.359,0,0,433.391,108.813,327.228,-296.000,285.000,0.000,0.000,-296.000,285.000,0.000,0.000,-76.945,154.164,0.215,0.977,140.000,279.000,0.000,0.000,140.000,279.000,0.000,0.000,-46.146,-36.894,-0.843,0.538,1.000,-1.000,0,0
-179.061,275.126,0.864,0.503,1,-165.981,282.737,15.133,1,869.404,426.207,0,0,441.279,117.355,319.085,-296.000,285.000,0.000,0.000,-296.000,285.000,0.000,0.000,-75.710,159.781,0.215,0.977,140.000,279.000,0.000,0.000,140.000,279.000,0.000,0.000,-50.992,-33.797,-0.843,0.538,1.000,-1.000,0,0
-168.044,266.987,0.905,-0.425,0,-154.410,258.017,16.320,0,857.265,430.759,0,0,437.493,129.218,308.278,-296.000,285.000,0.000,0.000,-296.000,285.000,0.000,0.000,-74.475,165.398,0.000,0.000,140.000,279.000,0.000,0.000,140.000,279.000,0.000,0.000,-57.049,-29.926,-0.843,0.538,1.000,0.000,0,1
-157.027,258.847,0.836,-0.548,0,-141.601,243.176,21.989,0,845.173,435.694,0,0,441.147,124.690,297.709,-74.475,165.398,0.000,0.000,-74.475,165.398,0.000,0.000,-296.000,285.000,0.000,0.000,140.000,279.000,0.000,0.000,140.000,279.000,0.000,0.000,-63.107,-26.055,-0.843,0.538,1.000,-1.000,0,0
-150.922,244.110,0.457,-0.889,0,-126.649,225.852,30.374,0,837.136,433.468,0,0,446.461,109.725,277.467,-74.475,165.398,0.000,0.000,-74.475,165.398,0.000,0.000,-296.000,285.000,0.000,0.000,-70.376,-21.410,-0.843,0.538,-70.376,-21.410,-0.843,0.538,140.000,279.000,0.000,0.000,0.000,-1.000,0,0
-145.166,238.354,0.601,-0.799,0,-116.928,214.588,36.912,0,830.713,435.714,0,0,450.503,101.587,266.027,-74.475,165.398,0.000,0.000,-74.475,165.398,0.000,0.000,-296.000,285.000,0.000,0.000,-75.222,-18.313,-0.843,0.538,-75.222,-18.313,-0.843,0.538,140.000,279.000,0.000,0.000,1.000,0.000,0,0
-130.778,238.354,0.970,-0.244,0,-105.048,200.822,45.513,0,816.434,448.409,0,0,456.052,92.155,257.596,-74.475,165.398,0.000,0.000,-74.475,165.398,0.000,0.000,-296.000,285.000,0.000,0.000,-81.279,-14.442,-0.843,0.538,-81.279,-14.442,-0.843,0.538,140.000,279.000,0.000,0.000,1.000,0.000,0,0
-113.511,238.354,0.998,-0.060,0,-71.226,180.178,71.920,1,799.305,463.774,0,0,480.806,82.743,249.403,-74.475,165.398,0.000,0.000,-74.475,165.398,0.000,0.000,-296.000,285.000,0.000,0.000,-88.548,-9.797,-0.843,0.538,-88.548,-9.797,-0.843,0.538,140.000,279.000,0.000,0.000,1.000,0.000,0,0
-102.000,238.354,1.000,-0.019,0,-71.226,180.178,65.814,1,787.889,474.089,0,0,480.806,77.976,245.205,-74.475,165.398,0.000,0.000,-74.475,165.398,0.000,0.000,-296.000,285.000,0.000,0.000,-93.394,-6.700,-0.843,0.538,-93.394,-6.700,-0.843,0.538,140.000,279.000,0.000,0.000,1.000,0.000,0,0
-84.734,238.354,1.000,-0.005,0,-71.226,180.178,59.724,1,770.770,489.663,0,0,480.806,73.674,228.380,-74.475,165.398,0.000,0.000,-74.475,165.398,0.000,0.000,-296.000,285.000,0.000,0.000,140.000,279.000,0.000,0.000,140.000,279.000,0.000,0.000,-97.822,-0.758,0.145,0.989,1.000,0.000,0,0
-70.345,238.354,1.000,-0.001,0,-71.226,180.178,58.183,1,756.510,502.726,0,0,480.806,73.073,214.236,-74.475,165.398,0.000,0.000,-74.475,165.398,0.000,0.000,-296.000,285.000,0.000,0.000,140.000,279.000,0.000,0.000,140.000,279.000,0.000,0.000,-96.776,6.354,0.145,0.989,1.000,0.000,0,0
-58.834,238.354,1.000,0.000,0,-71.226,180.178,59.481,1,745.105,513.227,0,0,480.806,74.614,202.946,-74.475,165.398,0.000,0.000,-74.475,165.398,0.000,0.000,-296.000,285.000,0.000,0.000,140.000,279.000,0.000,0.000,140.000,279.000,0.000,0.000,-95.940,12.044,0.145,0.989,1.000,0.000,0,0
-44.446,238.354,1.000,0.000,0,-71.226,180.178,64.044,1,730.853,526.412,0,0,480.806,78.895,188.871,-74.475,165.398,0.000,0.000,-74.475,165.398,0.000,0.000,-296.000,285.000,0.000,0.000,140.000,279.000,0.000,0.000,140.000,279.000,0.000,0.000,-94.895,19.156,0.145,0.989,1.000,0.000,0,0
-30.057,238.354,1.000,0.000,0,-67.833,195.611,57.044,0,716.607,539.660,0,0,489.009,85.414,174.847,-74.475,165.398,0.000,0.000,-74.475,165.398,0.000,0.000,-296.000,285.000,0.000,0.000,140.000,279.000,0.000,0.000,140.000,279.000,0.000,0.000,-93.835,26.266,0.152,0.988,1.000,0.000,1,0
-17.354,245.302,0.914,0.405,0,-62.870,218.187,52.980,0,705.060,554.054,0,0,501.661,98.221,160.922,-74.475,165.398,0.000,0.000,-74.475,165.398,0.000,0.000,-296.000,285.000,0.000,0.000,140.000,279.000,0.000,0.000,140.000,279.000,0.000,0.000,-92.497,34.788,0.158,0.987,0.000,1.000,0,0
-17.354,259.690,0.310,0.951,0,-58.846,236.488,47.541,0,707.395,559.779,0,0,512.451,110.245,158.534,-74.475,165.398,0.000,0.000,-74.475,165.398,0.000,0.000,-296.000,285.000,0.000,0.000,140.000,279.000,0.000,0.000,140.000,279.000,0.000,0.000,-91.335,41.883,0.164,0.987,0.000,1.000,0,0
-19.389,273.236,-0.008,1.000,0,-54.922,254.337,40.254,0,711.849,563.613,0,0,523.403,121.093,159.493,-74.475,165.398,0.000,0.000,-74.475,165.398,0.000,0.000,-296.000,285.000,0.000,0.000,140.000,279.000,0.000,0.000,140.000,279.000,0.000,0.000,-90.138,48.971,0.168,0.986,-1.000,1.000,0,0
-27.528,281.376,-0.493,0.870,1,-34.995,294.539,15.133,1,721.415,559.873,0,0,559.292,125.119,167.545,-74.475,165.398,0.000,0.000,-74.475,165.398,0.000,0.000,-296.000,285.000,0.000,0.000,140.000,279.000,0.000,0.000,140.000,279.000,0.000,0.000,-89.159,54.638,0.220,0.975,-1.000,1.000,0,0
-37.703,291.550,-0.652,0.758,1,-47.567,303.026,15.133,1,733.450,555.498,0,0,552.374,131.402,178.145,-74.475,165.398,0.000,0.000,-74.475,165.398,0.000,0.000,-296.000,285.000,0.000,0.000,140.000,279.000,0.000,0.000,140.000,279.000,0.000,0.000,-87.744,61.685,0.164,0.986,-1.000,1.000,0,0
-50.755,301.724,-0.760,0.650,1,-62.254,311.563,15.133,1,748.376,548.960,0,0,544.003,138.375,192.103,-74.475,165.398,0.000,0.000,-74.475,165.398,0.000,0.000,-296.000,285.000,0.000,0.000,140.000,279.000,0.000,0.000,140.000,279.000,0.000,0.000,-86.540,70.226,0.116,0.993,-1.000,0.000,0,0
-65.143,301.724,-0.980,0.201,1,-79.968,304.766,15.133,1,762.419,536.498,0,0,525.341,136.646,206.398,-74.475,165.398,0.000,0.000,-74.475,165.398,0.000,0.000,-296.000,285.000,0.000,0.000,140.000,279.000,0.000,0.000,140.000,279.000,0.000,0.000,-86.044,77.396,0.040,0.999,-1.000,0.000,0,0
-73.283,293.585,-0.918,-0.396,1,-87.180,287.595,15.133,1,768.678,525.375,0,0,510.355,128.193,210.821,-74.475,165.398,0.000,0.000,-74.475,165.398,0.000,0.000,-296.000,285.000,0.000,0.000,-85.968,83.146,-0.006,1.000,-85.968,83.146,-0.006,1.000,140.000,279.000,0.000,0.000,-1.000,-1.000,0,0
-88.846,289.511,-0.979,-0.205,0,-93.697,266.801,23.345,0,783.123,509.886,0,0,494.415,123.584,197.759,-74.167,166.802,0.215,0.977,-74.167,166.802,0.215,0.977,-296.000,285.000,0.000,0.000,-86.166,91.770,-0.038,0.999,-86.166,91.770,-0.038,0.999,140.000,279.000,0.000,0.000,-1.000,0.000,0,1
-103.232,289.511,-0.998,-0.058,0,-97.718,248.775,41.446,0,797.239,497.550,0,0,482.412,119.668,191.291,-72.623,173.823,0.215,0.977,-72.623,173.823,0.215,0.977,-296.000,285.000,0.000,0.000,-86.561,98.947,-0.067,0.998,-86.561,98.947,-0.067,0.998,140.000,279.000,0.000,0.000,0.000,0.000,0,0
-94.598,289.511,-0.709,-0.705,0,-100.991,235.188,55.124,0,788.766,504.940,0,0,473.445,112.491,184.988,-71.388,179.440,0.215,0.977,-71.388,179.440,0.215,0.977,-296.000,285.000,0.000,0.000,-87.053,104.677,-0.106,0.994,-87.053,104.677,-0.106,0.994,140.000,279.000,0.000,0.000,1.000,0.000,0,0
-83.088,286.633,0.319,-0.948,0,-105.660,220.091,70.579,0,776.920,513.414,0,0,462.869,101.044,176.932,-69.845,186.461,0.215,0.977,-69.845,186.461,0.215,0.977,-296.000,285.000,0.000,0.000,-90.289,109.848,-0.951,0.308,-90.289,109.848,-0.951,0.308,140.000,279.000,0.000,0.000,0.000,-1.000,0,0
-90.035,276.808,-0.139,-0.990,0,-110.214,205.299,74.597,0,781.933,502.526,0,0,452.817,86.114,164.896,-68.301,193.482,0.215,0.977,-68.301,193.482,0.215,0.977,-296.000,285.000,0.000,0.000,-97.128,112.065,-0.951,0.308,-97.128,112.065,-0.951,0.308,140.000,279.000,0.000,0.000,-1.000,0.000,0,0
-107.301,276.808,-0.957,-0.291,0,-115.581,188.126,89.314,0,798.927,487.551,0,0,441.466,85.317,162.095,-66.449,201.907,0.215,0.977,-66.449,201.907,0.215,0.977,-296.000,285.000,0.000,0.000,-105.334,114.725,-0.951,0.308,-105.334,114.725,-0.951,0.308,140.000,279.000,0.000,0.000,-1.000,0.000,0,0
-121.690,276.808,-0.997,-0.082,0,-119.974,174.285,102.751,0,813.098,475.191,0,0,432.583,88.500,160.149,-64.905,208.928,0.215,0.977,-64.905,208.928,0.215,0.977,-296.000,285.000,0.000,0.000,-112.172,116.942,-0.951,0.308,-112.172,116.942,-0.951,0.308,140.000,279.000,0.000,0.000,-1.000,0.000,0,0
-133.201,276.808,-1.000,-0.029,0,-123.437,163.512,113.909,0,824.440,465.387,0,0,425.841,93.334,158.856,-63.670,214.545,0.215,0.977,-63.670,214.545,0.215,0.977,-296.000,285.000,0.000,0.000,-117.643,118.716,-0.951,0.308,-117.643,118.716,-0.951,0.308,140.000,279.000,0.000,0.000,-1.000,0.000,0,0
-147.590,276.808,-1.000,-0.008,0,-127.702,150.411,128.123,0,838.624,453.244,0,0,417.857,103.764,157.579,-60.313,220.685,0.635,0.772,-60.313,220.685,0.635,0.772,-296.000,285.000,0.000,0.000,-124.481,120.933,-0.951,0.308,-124.481,120.933,-0.951,0.308,140.000,279.000,0.000,0.000,-1.000,0.000,0,0
-161.978,276.808,-1.000,-0.002,0,-132.687,138.221,141.648,2,852.815,441.237,0,0,409.925,117.653,156.687,-55.748,226.238,0.635,0.772,-55.748,226.238,0.635,0.772,-296.000,285.000,0.000,0.000,-131.319,123.150,-0.951,0.308,-131.319,123.150,-0.951,0.308,140.000,279.000,0.000,0.000,-1.000,0.000,0,0
-173.839,270.703,-0.927,-0.375,0,-139.525,140.439,134.708,2,863.556,428.000,0,0,403.930,122.995,149.652,-296.000,285.000,0.000,0.000,-296.000,285.000,0.000,0.000,-51.182,231.791,0.635,0.772,-138.157,125.367,-0.951,0.308,-138.157,125.367,-0.951,0.308,140.000,279.000,0.000,0.000,-1.000,-1.000,0,0
-186.048,258.494,-0.765,-0.643,0,-147.731,143.099,121.590,2,873.852,411.070,0,0,396.789,113.102,136.368,-296.000,285.000,0.000,0.000,-296.000,285.000,0.000,0.000,-45.703,238.454,0.635,0.772,-146.363,128.028,-0.951,0.308,-146.363,128.028,-0.951,0.308,140.000,279.000,0.000,0.000,-1.000,-1.000,0,0
-194.187,250.354,-0.727,-0.687,0,-141.086,146.090,117.007,0,880.837,399.799,0,0,403.999,107.546,127.836,-296.000,285.000,0.000,0.000,-296.000,285.000,0.000,0.000,-42.051,242.896,0.635,0.772,-151.809,129.747,-0.951,0.309,-151.809,129.747,-0.951,0.309,140.000,279.000,0.000,0.000,-1.000,-1.000,0,0
-204.362,240.180,-0.713,-0.701,0,-132.956,149.517,115.407,0,889.700,385.730,0,0,412.755,102.012,117.474,-296.000,285.000,0.000,0.000,-296.000,285.000,0.000,0.000,-37.485,248.449,0.635,0.772,-158.647,131.965,-0.951,0.309,-158.647,131.965,-0.951,0.309,140.000,279.000,0.000,0.000,-1.000,-1.000,0,0
-214.536,230.006,-0.709,-0.706,0,-125.027,152.858,118.170,0,898.707,371.686,0,0,421.293,98.289,107.647,-296.000,285.000,0.000,0.000,-296.000,285.000,0.000,0.000,-32.920,254.001,0.635,0.772,-165.485,134.183,-0.951,0.309,-165.485,134.183,-0.951,0.309,140.000,279.000,0.000,0.000,-1.000,-1.000,0,0
-226.745,217.796,-0.707,-0.707,0,-115.771,156.759,126.658,0,909.697,354.870,0,0,431.260,96.502,96.788,-296.000,285.000,0.000,0.000,-296.000,285.000,0.000,0.000,-27.441,260.664,0.635,0.772,-173.691,136.845,-0.951,0.309,-173.691,136.845,-0.951,0.309,140.000,279.000,0.000,0.000,-1.000,-1.000,0,0
-215.234,214.919,0.323,-0.946,0,-108.267,159.921,120.289,0,897.982,363.226,0,0,439.340,106.932,83.418,-296.000,285.000,0.000,0.000,-296.000,285.000,0.000,0.000,-22.875,266.217,0.635,0.772,-180.529,139.063,-0.951,0.309,-180.529,139.063,-0.951,0.309,140.000,279.000,0.000,0.000,1.000,0.000,0,0
-203.723,214.919,0.959,-0.283,0,-102.398,162.394,114.150,0,886.515,373.184,0,0,445.659,115.872,76.172,-296.000,285.000,0.000,0.000,-296.000,285.000,0.000,0.000,-19.223,270.659,0.635,0.772,-185.999,140.837,-0.951,0.309,-185.999,140.837,-0.951,0.309,140.000,279.000,0.000,0.000,1.000,0.000,0,0
-189.335,214.919,0.996,-0.086,0,-95.226,165.417,106.371,0,872.184,385.753,0,0,453.382,127.628,71.949,-296.000,285.000,0.000,0.000,-296.000,285.000,0.000,0.000,-14.657,276.212,0.635,0.772,-192.837,143.055,-0.951,0.309,-192.837,143.055,-0.951,0.309,140.000,279.000,0.000,0.000,1.000,0.000,0,0
-172.068,214.919,1.000,-0.019,0,-86.853,168.946,96.898,0,854.990,400.997,0,0,462.398,142.375,75.023,-296.000,285.000,0.000,0.000,-296.000,285.000,0.000,0.000,-9.179,282.875,0.635,0.772,-201.043,145.717,-0.951,0.309,-201.043,145.717,-0.951,0.309,140.000,279.000,0.000,0.000,1.000,0.000,0,0
-160.557,214.919,1.000,-0.006,0,-81.409,171.240,90.508,0,843.528,411.248,0,0,468.260,152.500,81.599,-296.000,285.000,0.000,0.000,-296.000,285.000,0.000,0.000,-5.526,287.317,0.635,0.772,-206.513,147.491,-0.951,0.309,-206.513,147.491,-0.951,0.309,140.000,279.000,0.000,0.000,1.000,0.000,0,0
-146.169,214.919,1.000,-0.002,0,-74.756,174.044,82.454,0,829.203,424.153,0,0,475.426,164.808,84.869,-0.960,292.870,0.635,0.772,-0.960,292.870,0.635,0.772,-296.000,285.000,0.000,0.000,-199.457,148.865,0.980,0.198,-199.457,148.865,0.980,0.198,140.000,279.000,0.000,0.000,1.000,0.000,0,0
-128.902,214.919,1.000,0.000,0,-66.989,177.317,72.726,0,812.016,439.761,0,0,483.792,157.989,89.398,4.518,299.533,0.635,0.772,4.518,299.533,0.635,0.772,-296.000,285.000,0.000,0.000,-191.011,150.619,0.978,0.208,-191.011,150.619,0.978,0.208,140.000,279.000,0.000,0.000,1.000,0.000,0,0
-117.391,214.919,1.000,0.000,0,-62.334,179.318,65.900,0,800.560,450.234,0,0,488.831,153.938,92.749,8.171,303.975,0.635,0.772,8.171,303.975,0.635,0.772,-296.000,285.000,0.000,0.000,-185.392,151.845,0.976,0.218,-185.392,151.845,0.976,0.218,140.000,279.000,0.000,0.000,1.000,0.000,0,0
-103.003,214.919,1.000,0.000,0,-56.805,181.716,57.277,0,786.242,463.394,0,0,494.827,149.487,97.273,12.736,309.528,0.635,0.772,12.736,309.528,0.635,0.772,-296.000,285.000,0.000,0.000,-178.382,153.437,0.974,0.227,-178.382,153.437,0.974,0.227,140.000,279.000,0.000,0.000,1.000,0.000,0,0
-85.736,214.919,1.000,0.000,0,-50.420,184.486,47.089,0,769.064,479.279,0,0,501.751,145.128,103.139,18.215,316.191,0.635,0.772,18.215,316.191,0.635,0.772,-296.000,285.000,0.000,0.000,-169.988,155.426,0.972,0.235,-169.988,155.426,0.972,0.235,140.000,279.000,0.000,0.000,1.000,0.000,0,0
-74.225,214.919,1.000,0.000,0,-46.312,186.268,40.546,0,757.615,489.921,0,0,506.207,142.862,107.285,21.868,320.633,0.635,0.772,21.868,320.633,0.635,0.772,66.442,30.918,-0.587,0.809,-164.403,156.798,0.970,0.242,-164.403,156.798,0.970,0.242,140.000,279.000,0.000,0.000,1.000,0.000,0,0
-60.330,206.779,0.910,-0.414,1,-46.553,200.517,15.133,1,742.997,499.896,0,0,510.695,149.036,106.953,27.346,327.297,0.635,0.772,27.346,327.297,0.635,0.772,61.517,38.000,-0.553,0.833,-156.183,159.333,0.926,0.378,-156.183,159.333,0.926,0.378,140.000,279.000,0.000,0.000,1.000,-1.000,0,0
-52.191,198.640,0.784,-0.620,1,-40.322,189.251,15.133,1,734.177,504.756,0,0,512.984,156.958,105.431,30.999,331.739,0.635,0.772,30.999,331.739,0.635,0.772,58.312,42.774,-0.559,0.829,-150.717,161.113,0.969,0.247,-150.717,161.113,0.969,0.247,140.000,279.000,0.000,0.000,1.000,-1.000,0,0
-39.981,186.431,0.726,-0.688,0,-28.240,172.534,18.193,0,721.089,512.445,0,0,519.680,165.439,104.982,53.514,49.943,0.000,0.000,53.514,49.943,0.000,0.000,36.478,338.402,0.635,0.772,-142.250,162.716,0.993,0.116,-142.250,162.716,0.993,0.116,140.000,279.000,0.000,0.000,1.000,-1.000,0,1
-26.436,184.396,0.963,-0.268,0,-17.472,156.387,29.408,0,707.441,524.762,0,0,525.955,149.248,110.737,49.525,55.924,0.000,0.000,49.525,55.924,0.000,0.000,41.043,343.955,0.635,0.772,-135.070,162.915,1.000,-0.029,-135.070,162.915,1.000,-0.029,140.000,279.000,0.000,0.000,1.000,0.000,0,0
-12.047,184.396,0.997,-0.076,0,-6.971,140.640,44.050,0,693.088,538.532,0,0,532.683,135.351,117.992,45.537,61.905,0.000,0.000,45.537,61.905,0.000,0.000,45.609,349.507,0.635,0.772,-127.925,162.160,0.988,-0.153,-127.925,162.160,0.988,-0.153,140.000,279.000,0.000,0.000,1.000,0.000,0,0
-2.222,188.465,0.962,0.275,0,1.243,128.323,60.244,0,683.576,549.106,0,0,538.349,129.675,123.185,42.346,66.689,0.000,0.000,42.346,66.689,0.000,0.000,49.261,353.949,0.635,0.772,-122.300,160.973,0.967,-0.256,-122.300,160.973,0.967,-0.256,140.000,279.000,0.000,0.000,1.000,1.000,0,0
7.953,198.640,0.801,0.598,0,11.281,113.271,85.439,0,674.273,561.809,0,0,545.736,129.587,129.622,38.357,72.670,0.000,0.000,38.357,72.670,0.000,0.000,53.827,359.502,0.635,0.772,-115.423,158.887,0.941,-0.339,-115.423,158.887,0.941,-0.339,140.000,279.000,0.000,0.000,1.000,0.000,0,0
22.341,198.640,0.979,0.202,0,25.973,91.241,107.460,1,659.948,575.552,0,0,557.472,120.590,137.762,34.369,78.651,0.000,0.000,34.369,78.651,0.000,0.000,58.393,365.055,0.635,0.772,-108.737,156.250,0.901,-0.435,-108.737,156.250,0.901,-0.435,140.000,279.000,0.000,0.000,1.000,0.000,0,0
36.730,198.640,0.998,0.056,0,17.453,72.305,127.797,1,645.626,589.325,0,0,547.248,127.018,130.853,32.573,71.690,0.000,0.000,32.573,71.690,0.000,0.000,62.958,370.607,0.635,0.772,140.000,279.000,0.000,0.000,140.000,279.000,0.000,0.000,-102.454,152.769,0.830,-0.557,1.000,0.000,0,0
53.154,196.605,0.995,-0.103,0,13.229,62.519,139.920,0,629.089,604.521,0,0,542.323,135.141,119.713,30.460,63.383,0.000,0.000,30.460,63.383,0.000,0.000,68.437,377.271,0.635,0.772,140.000,279.000,0.000,0.000,140.000,279.000,0.000,0.000,90.664,61.465,-0.359,0.933,1.000,-1.000,0,0
63.328,186.431,0.830,-0.558,0,5.100,66.942,133.041,0,618.082,611.642,0,0,534.413,134.551,120.199,28.664,56.422,0.000,0.000,28.664,56.422,0.000,0.000,73.002,382.823,0.635,0.772,140.000,279.000,0.000,0.000,140.000,279.000,0.000,0.000,88.081,68.174,-0.359,0.933,1.000,-1.000,0,0
74.839,186.431,0.964,-0.265,0,-0.589,69.451,139.349,0,606.611,622.778,0,0,528.896,143.695,113.204,27.227,50.853,0.000,0.000,27.227,50.853,0.000,0.000,76.655,387.265,0.635,0.772,140.000,279.000,0.000,0.000,140.000,279.000,0.000,0.000,86.014,73.540,-0.359,0.933,1.000,0.000,0,0
88.385,184.396,0.982,-0.186,0,-7.094,71.490,148.013,0,592.951,635.405,0,0,522.564,153.962,104.264,25.431,43.892,0.000,0.000,25.431,43.892,0.000,0.000,81.220,392.818,0.635,0.772,83.431,80.249,-0.359,0.933,83.431,80.249,-0.359,0.933,140.000,279.000,0.000,0.000,0.000,-1.000,0,0
86.350,170.850,0.276,-0.961,0,-13.416,73.440,139.591,0,594.074,630.285,0,0,516.420,147.876,84.073,23.634,36.932,0.000,0.000,23.634,36.932,0.000,0.000,82.223,393.858,-0.604,-0.797,80.848,86.958,-0.359,0.933,80.848,86.958,-0.359,0.933,140.000,279.000,0.000,0.000,-1.000,-1.000,0,0
74.141,158.641,-0.513,-0.858,0,-20.724,75.689,126.192,0,605.719,615.743,0,0,509.331,140.319,63.735,21.479,28.579,0.000,0.000,21.479,28.579,0.000,0.000,77.012,386.984,-0.604,-0.797,77.748,95.008,-0.359,0.933,77.748,95.008,-0.359,0.933,140.000,279.000,0.000,0.000,-1.000,-1.000,0,0
66.001,150.501,-0.644,-0.765,0,-25.431,77.137,117.415,0,613.630,606.127,0,0,504.773,135.522,51.053,20.042,23.011,0.000,0.000,20.042,23.011,0.000,0.000,73.538,382.401,-0.604,-0.797,75.682,100.375,-0.359,0.933,75.682,100.375,-0.359,0.933,-64.368,120.001,0.672,-0.740,-1.000,-1.000,0,0
55.827,140.327,-0.691,-0.723,0,-31.134,78.892,106.680,0,623.677,594.202,0,0,499.261,129.835,37.463,18.246,16.050,0.000,0.000,18.246,16.050,0.000,0.000,44.000,-93.000,0.000,0.000,73.098,107.083,-0.359,0.933,73.098,107.083,-0.359,0.933,-59.662,114.568,0.625,-0.781,-1.000,-1.000,0,0
43.618,128.118,-0.703,-0.711,0,-37.774,80.934,94.313,0,635.953,580.040,0,0,492.857,123.527,29.403,16.090,7.697,0.000,0.000,16.090,7.697,0.000,0.000,44.000,-93.000,0.000,0.000,69.999,115.134,-0.359,0.933,69.999,115.134,-0.359,0.933,-54.568,107.611,0.552,-0.834,-1.000,-1.000,0,0
35.478,119.978,-0.706,-0.708,0,-48.913,95.495,87.871,2,644.264,570.693,0,0,483.679,119.676,32.458,14.653,2.129,0.000,0.000,14.653,2.129,0.000,0.000,44.000,-93.000,0.000,0.000,67.932,120.500,-0.359,0.933,67.932,120.500,-0.359,0.933,-57.929,107.649,-0.957,0.291,-1.000,-1.000,0,0
25.304,109.804,-0.707,-0.707,0,-45.306,98.548,71.501,0,654.789,559.123,0,0,487.665,115.310,43.637,12.857,-4.832,-0.250,-0.968,12.857,-4.832,-0.250,-0.968,44.000,-93.000,0.000,0.000,66.382,124.526,0.000,0.000,66.382,124.526,0.000,0.000,-64.807,109.740,-0.957,0.291,-1.000,-1.000,0,0
15.129,99.629,-0.707,-0.707,0,-26.308,102.967,41.571,0,665.459,547.687,0,0,507.083,111.497,56.979,11.061,-11.793,-0.250,-0.968,11.061,-11.793,-0.250,-0.968,44.000,-93.000,0.000,0.000,66.382,124.526,0.000,0.000,66.382,124.526,0.000,0.000,-71.685,111.830,-0.957,0.291,-1.000,-1.000,0,0
4.955,89.455,-0.707,-0.707,0,-7.779,107.276,21.905,0,676.266,536.393,0,0,526.024,108.294,70.733,9.264,-18.753,-0.250,-0.968,9.264,-18.753,-0.250,-0.968,44.000,-93.000,0.000,0.000,66.382,124.526,0.000,0.000,66.382,124.526,0.000,0.000,-78.563,113.920,-0.957,0.291,-1.000,0.000,0,0
-12.311,89.455,-0.983,-0.182,0,13.850,112.307,34.742,0,693.485,519.241,0,0,548.139,118.168,79.237,7.109,-27.106,-0.250,-0.968,7.109,-27.106,-0.250,-0.968,44.000,-93.000,0.000,0.000,-86.816,116.429,-0.957,0.291,-86.816,116.429,-0.957,0.291,65.349,127.209,-0.359,0.933,-1.000,0.000,0,0
-22.137,93.525,-0.983,0.182,0,27.912,115.578,54.700,0,703.015,509.968,0,0,562.519,129.227,74.361,5.672,-32.675,-0.250,-0.968,5.672,-32.675,-0.250,-0.968,44.000,-93.000,0.000,0.000,-92.319,118.101,-0.957,0.291,-92.319,118.101,-0.957,0.291,63.282,132.576,-0.359,0.933,-1.000,1.000,0,0
-34.346,105.734,-0.800,0.600,0,45.053,140.973,86.868,2,714.544,499.542,0,0,583.741,151.567,67.877,3.516,-41.028,-0.250,-0.968,3.516,-41.028,-0.250,-0.968,44.000,-93.000,0.000,0.000,-100.572,120.610,-0.957,0.291,-100.572,120.610,-0.957,0.291,60.183,140.626,-0.359,0.933,-1.000,1.000,0,0
-32.311,116.402,-0.321,0.947,0,42.987,146.339,81.031,2,712.110,503.256,0,0,582.752,166.587,73.998,2.079,-46.596,-0.250,-0.968,2.079,-46.596,-0.250,-0.968,30.112,325.113,-0.604,-0.797,-106.075,122.282,-0.957,0.291,-106.075,122.282,-0.957,0.291,58.116,145.993,-0.359,0.933,1.000,1.000,0,0
-17.573,122.507,0.802,0.597,0,39.982,161.382,69.454,0,697.221,518.821,0,0,582.989,178.316,79.189,-0.076,-54.949,-0.250,-0.968,-0.076,-54.949,-0.250,-0.968,24.901,318.238,-0.604,-0.797,55.063,154.048,-0.360,0.933,55.063,154.048,-0.360,0.933,-114.328,124.791,-0.957,0.291,1.000,0.000,0,0
-3.184,122.507,0.985,0.172,0,37.861,174.723,66.417,0,682.840,532.983,0,0,584.059,184.421,67.538,-1.872,-61.910,-0.250,-0.968,-1.872,-61.910,-0.250,-0.968,20.559,312.509,-0.604,-0.797,52.478,160.756,-0.360,0.933,52.478,160.756,-0.360,0.933,-121.206,126.881,-0.957,0.291,1.000,0.000,0,0
8.327,122.507,0.998,0.060,0,36.201,185.157,68.572,0,671.335,544.322,0,0,585.110,185.626,60.608,17.085,307.926,-0.604,-0.797,17.085,307.926,-0.604,-0.797,-3.309,-67.478,-0.250,-0.968,50.411,166.122,-0.360,0.933,50.411,166.122,-0.360,0.933,-126.709,128.554,-0.957,0.291,1.000,0.000,0,0
21.030,126.577,0.963,0.269,0,34.173,197.909,72.537,0,658.556,557.526,0,0,586.649,175.816,53.455,12.742,302.197,-0.604,-0.797,12.742,302.197,-0.604,-0.797,-5.106,-74.439,-0.250,-0.968,47.826,172.830,-0.360,0.933,47.826,172.830,-0.360,0.933,-133.587,130.644,-0.957,0.291,1.000,1.000,0,0
21.030,140.471,0.231,0.973,0,31.806,212.796,73.132,0,658.464,560.078,0,0,588.796,155.438,46.843,7.531,295.322,-0.604,-0.797,7.531,295.322,-0.604,-0.797,-7.261,-82.792,-0.250,-0.968,44.724,180.880,-0.360,0.933,44.724,180.880,-0.360,0.933,-141.841,133.153,-0.957,0.291,-1.000,1.000,0,0
10.855,150.646,-0.503,0.864,0,29.887,224.864,76.638,0,668.752,552.224,0,0,590.810,139.159,48.408,3.189,289.593,-0.604,-0.797,3.189,289.593,-0.604,-0.797,-9.058,-89.752,-0.250,-0.968,42.139,187.588,-0.360,0.933,42.139,187.588,-0.360,0.933,-148.719,135.243,-0.957,0.291,-1.000,1.000,0,0
2.716,158.785,-0.641,0.767,0,28.386,234.303,79.790,0,677.090,546.133,0,0,592.555,126.261,50.625,-0.285,285.010,-0.604,-0.797,-0.285,285.010,-0.604,-0.797,-10.495,-95.321,-0.250,-0.968,40.071,192.954,-0.360,0.933,40.071,192.954,-0.360,0.933,-154.221,136.916,-0.957,0.291,-1.000,1.000,0,0
-7.459,168.960,-0.689,0.724,0,26.551,245.838,84.113,0,687.641,538.769,0,0,594.888,110.358,54.430,-4.628,279.281,-0.604,-0.797,-4.628,279.281,-0.604,-0.797,44.000,-93.000,0.000,0.000,37.486,199.662,-0.360,0.933,37.486,199.662,-0.360,0.933,-161.099,139.006,-0.957,0.291,-1.000,1.000,0,0
-9.493,182.012,-0.184,0.983,0,24.409,259.305,84.484,0,690.384,540.307,0,0,597.888,90.396,50.850,-9.839,272.407,-0.604,-0.797,-9.839,272.407,-0.604,-0.797,44.000,-93.000,0.000,0.000,34.384,207.711,-0.360,0.933,34.384,207.711,-0.360,0.933,-169.353,141.515,-0.957,0.291,1.000,1.000,0,0
0.681,192.186,0.516,0.857,0,22.673,270.222,81.203,0,680.969,552.960,0,0,600.534,75.960,38.245,-14.181,266.678,-0.604,-0.797,-14.181,266.678,-0.604,-0.797,44.000,-93.000,0.000,0.000,31.799,214.419,-0.360,0.933,31.799,214.419,-0.360,0.933,140.000,279.000,0.000,0.000,1.000,1.000,0,0
10.855,202.360,0.658,0.753,0,20.980,280.868,79.346,0,671.730,565.696,0,0,603.299,65.542,26.254,-18.524,260.949,-0.604,-0.797,-18.524,260.949,-0.604,-0.797,44.000,-93.000,0.000,0.000,29.214,221.127,-0.360,0.933,29.214,221.127,-0.360,0.933,140.000,279.000,0.000,0.000,1.000,1.000,0,0
18.995,210.500,0.690,0.723,0,19.656,289.196,78.945,0,664.471,575.940,0,0,605.586,61.515,17.951,-21.998,256.366,-0.604,-0.797,-21.998,256.366,-0.604,-0.797,44.000,-93.000,0.000,0.000,27.147,226.493,-0.360,0.933,27.147,226.493,-0.360,0.933,140.000,279.000,0.000,0.000,1.000,1.000,0,0
18.995,221.517,0.174,0.985,0,18.095,298.993,77.764,0,665.765,579.470,0,0,608.422,53.881,12.943,-26.340,250.637,-0.604,-0.797,-26.340,250.637,-0.604,-0.797,44.000,-93.000,0.000,0.000,24.562,233.201,-0.360,0.933,24.562,233.201,-0.360,0.933,140.000,279.000,0.000,0.000,-1.000,1.000,0,0
8.820,231.691,-0.496,0.868,0,16.617,308.259,77.249,0,677.191,573.359,0,0,611.244,41.655,15.512,-30.683,244.908,-0.604,-0.797,-30.683,244.908,-0.604,-0.797,-296.000,285.000,0.000,0.000,21.977,239.909,-0.360,0.933,21.977,239.909,-0.360,0.933,140.000,279.000,0.000,0.000,-1.000,1.000,0,0
0.681,242.709,-0.579,0.815,0,15.185,317.239,76.218,0,686.845,569.749,0,0,614.104,35.880,19.115,-35.025,239.179,-0.604,-0.797,-35.025,239.179,-0.604,-0.797,-296.000,285.000,0.000,0.000,19.392,246.617,-0.360,0.933,19.392,246.617,-0.360,0.933,140.000,279.000,0.000,0.000,0.000,1.000,0,0
6.785,254.569,0.237,0.971,0,13.797,325.940,72.021,0,682.741,579.889,0,0,616.990,50.755,10.098,-39.368,233.450,-0.604,-0.797,-39.368,233.450,-0.604,-0.797,-296.000,285.000,0.000,0.000,16.807,253.325,-0.360,0.933,16.807,253.325,-0.360,0.933,140.000,279.000,0.000,0.000,1.000,1.000,0,0
12.890,267.621,0.247,0.969,0,12.190,336.021,68.725,0,679.101,590.632,0,0,620.473,70.621,6.299,-44.579,226.575,-0.604,-0.797,-44.579,226.575,-0.604,-0.797,-296.000,285.000,0.000,0.000,13.705,261.375,-0.360,0.933,13.705,261.375,-0.360,0.933,140.000,279.000,0.000,0.000,-1.000,1.000,0,0
2.716,277.795,-0.486,0.874,0,10.896,344.131,67.167,0,691.075,585.546,0,0,623.382,76.873,12.844,-48.921,220.846,-0.604,-0.797,-48.921,220.846,-0.604,-0.797,-296.000,285.000,0.000,0.000,11.120,268.083,-0.360,0.933,11.120,268.083,-0.360,0.933,140.000,279.000,0.000,0.000,-1.000,1.000,0,0
-3.389,286.778,-0.479,0.878,0,9.891,350.433,65.363,0,698.911,583.899,0,0,625.708,85.373,20.806,-49.886,215.177,-0.168,-0.986,-49.886,215.177,-0.168,-0.986,-296.000,285.000,0.000,0.000,9.804,270.689,0.163,-0.987,9.804,270.689,0.163,-0.987,140.000,279.000,0.000,0.000,1.000,1.000,0,0
6.785,296.952,0.420,0.908,0,8.671,358.083,61.518,0,691.246,597.517,0,0,628.607,106.048,33.618,-51.091,208.090,-0.168,-0.986,-51.091,208.090,-0.168,-0.986,-296.000,285.000,0.000,0.000,10.977,263.597,0.163,-0.987,10.977,263.597,0.163,-0.987,140.000,279.000,0.000,0.000,0.000,1.000,0,0
-1.354,307.969,-0.278,0.961,0,7.490,365.486,58.570,0,701.756,595.291,0,0,631.491,118.478,53.207,-52.297,201.003,-0.168,-0.986,-52.297,201.003,-0.168,-0.986,-296.000,285.000,0.000,0.000,12.151,256.504,0.163,-0.987,12.151,256.504,0.163,-0.987,140.000,279.000,0.000,0.000,-1.000,1.000,0,0
-11.528,318.144,-0.600,0.800,0,6.348,372.649,57.744,0,714.128,591.185,0,0,634.352,131.127,73.087,-53.503,193.916,-0.168,-0.986,-53.503,193.916,-0.168,-0.986,-296.000,285.000,0.000,0.000,13.325,249.412,0.163,-0.987,13.325,249.412,0.163,-0.987,140.000,279.000,0.000,0.000,-1.000,1.000,0,0
-13.563,331.689,-0.298,0.954,0,5.243,379.577,51.874,0,719.626,596.127,0,0,637.186,150.590,93.672,-54.709,186.829,-0.168,-0.986,-54.709,186.829,-0.168,-0.986,-296.000,285.000,0.000,0.000,14.498,242.320,0.163,-0.987,14.498,242.320,0.163,-0.987,140.000,279.000,0.000,0.000,0.000,1.000,0,0
-9.494,347.270,0.241,0.971,0,3.965,387.590,43.021,0,720.084,607.608,0,0,640.544,175.270,116.270,-56.155,178.325,-0.168,-0.986,-56.155,178.325,-0.168,-0.986,-296.000,285.000,0.000,0.000,15.906,233.809,0.163,-0.987,15.906,233.809,0.163,-0.987,140.000,279.000,0.000,0.000,1.000,1.000,0,0
-1.354,355.410,0.562,0.827,0,3.141,392.753,38.193,0,714.737,618.798,0,0,642.753,191.073,128.569,-57.120,172.656,-0.168,-0.986,-57.120,172.656,-0.168,-0.986,-296.000,285.000,0.000,0.000,16.845,228.135,0.163,-0.987,16.845,228.135,0.163,-0.987,140.000,279.000,0.000,0.000,1.000,1.000,0,0
8.820,365.584,0.669,0.743,0,2.143,399.012,34.728,0,708.259,632.801,0,0,645.477,210.985,144.834,-58.326,165.569,-0.168,-0.986,-58.326,165.569,-0.168,-0.986,-296.000,285.000,0.000,0.000,18.019,221.043,0.163,-0.987,18.019,221.043,0.163,-0.987,140.000,279.000,0.000,0.000,1.000,1.000,0,0
22.366,367.619,0.938,0.347,0,1.178,405.059,43.528,0,696.119,645.392,0,0,648.157,224.601,147.279,-59.531,158.482,-0.168,-0.986,-59.531,158.482,-0.168,-0.986,-296.000,285.000,0.000,0.000,140.000,279.000,0.000,0.000,140.000,279.000,0.000,0.000,19.192,213.951,0.163,-0.987,1.000,0.000,0,0
36.755,367.619,0.995,0.099,0,0.247,410.898,57.008,0,682.556,657.705,0,0,650.789,237.186,136.062,-60.737,151.395,-0.168,-0.986,-60.737,151.395,-0.168,-0.986,-296.000,285.000,0.000,0.000,140.000,279.000,0.000,0.000,140.000,279.000,0.000,0.000,20.366,206.858,0.163,-0.987,1.000,0.000,0,0
54.021,367.619,1.000,0.022,0,-0.828,417.640,74.529,0,666.328,672.589,0,0,653.881,252.995,123.473,-62.184,142.891,-0.168,-0.986,-62.184,142.891,-0.168,-0.986,-296.000,285.000,0.000,0.000,140.000,279.000,0.000,0.000,140.000,279.000,0.000,0.000,21.774,198.348,0.163,-0.987,1.000,0.000,0,0
46.231,369.654,0.817,0.577,0,-1.520,421.978,71.147,0,674.340,666.891,0,0,655.901,256.883,130.425,-63.148,137.221,-0.168,-0.986,-63.148,137.221,-0.168,-0.986,-296.000,285.000,0.000,0.000,140.000,279.000,0.000,0.000,140.000,279.000,0.000,0.000,22.713,192.674,0.163,-0.987,-1.000,1.000,0,0
36.057,379.828,-0.310,0.951,0,-2.357,427.227,61.370,0,687.415,663.445,0,0,658.375,269.127,144.812,-64.354,130.135,-0.168,-0.986,-64.354,130.135,-0.168,-0.986,-296.000,285.000,0.000,0.000,140.000,279.000,0.000,0.000,140.000,279.000,0.000,0.000,23.887,185.581,0.163,-0.987,-1.000,1.000,0,0
25.882,390.003,-0.649,0.761,0,-3.165,432.289,51.729,0,700.542,660.294,0,0,660.794,282.182,159.200,-65.560,123.048,-0.168,-0.986,-65.560,123.048,-0.168,-0.986,-296.000,285.000,0.000,0.000,140.000,279.000,0.000,0.000,140.000,279.000,0.000,0.000,25.060,178.489,0.163,-0.987,-1.000,1.000,0,0
15.708,400.177,-0.691,0.723,0,-3.943,437.168,42.409,0,713.717,657.443,0,0,663.154,293.134,173.587,-66.531,118.816,-0.004,1.000,-66.531,118.816,-0.004,1.000,-296.000,285.000,0.000,0.000,140.000,279.000,0.000,0.000,140.000,279.000,0.000,0.000,26.234,171.397,0.163,-0.987,-1.000,1.000,0,0
5.534,410.352,-0.703,0.712,1,-5.098,421.121,15.133,1,726.938,654.897,0,0,652.645,293.345,187.975,-66.563,126.005,-0.004,1.000,-66.563,126.005,-0.004,1.000,-296.000,285.000,0.000,0.000,140.000,279.000,0.000,0.000,140.000,279.000,0.000,0.000,27.407,164.305,0.163,-0.987,-1.000,1.000,0,0
-6.676,422.561,-0.706,0.708,1,-17.361,433.277,15.133,1,742.861,652.246,0,0,650.314,294.100,205.240,-66.601,134.631,-0.004,1.000,-66.601,134.631,-0.004,1.000,-296.000,285.000,0.000,0.000,140.000,279.000,0.000,0.000,140.000,279.000,0.000,0.000,28.815,155.794,0.163,-0.987,-1.000,1.000,0,0
-20.221,424.596,-0.957,0.289,1,-34.710,428.967,15.133,1,756.156,642.716,0,0,634.066,286.560,216.493,-66.633,141.820,-0.004,1.000,-66.633,141.820,-0.004,1.000,-296.000,285.000,0.000,0.000,140.000,279.000,0.000,0.000,140.000,279.000,0.000,0.000,29.989,148.702,0.163,-0.987,-1.000,0.000,0,0
-34.610,424.596,-0.997,0.082,1,-49.692,425.843,15.133,1,769.487,631.409,0,0,620.489,277.446,227.347,-66.665,149.008,-0.004,1.000,-66.665,149.008,-0.004,1.000,-296.000,285.000,0.000,0.000,140.000,279.000,0.000,0.000,140.000,279.000,0.000,0.000,31.163,141.609,0.163,-0.987,-1.000,0.000,0,0
-43.592,418.491,-0.931,-0.364,1,-57.689,412.986,15.133,1,775.598,620.585,0,0,606.160,264.742,230.573,-66.691,154.759,-0.004,1.000,-66.691,154.759,-0.004,1.000,-296.000,285.000,0.000,0.000,140.000,279.000,0.000,0.000,140.000,279.000,0.000,0.000,32.101,135.935,0.163,-0.987,-1.000,-1.000,0,0
-49.697,403.753,-0.469,-0.883,1,-56.789,390.385,15.133,1,776.120,606.664,0,0,592.889,240.971,227.043,-66.729,163.385,-0.004,1.000,-66.729,163.385,-0.004,1.000,-296.000,285.000,0.000,0.000,140.000,279.000,0.000,0.000,140.000,279.000,0.000,0.000,33.510,127.425,0.163,-0.987,0.000,-1.000,0,0
-49.697,392.242,-0.169,-0.986,1,-52.251,377.326,15.133,1,772.253,599.658,0,0,588.724,223.757,220.927,-66.755,169.136,-0.004,1.000,-66.755,169.136,-0.004,1.000,-296.000,285.000,0.000,0.000,140.000,279.000,0.000,0.000,140.000,279.000,0.000,0.000,34.449,121.751,0.163,-0.987,0.000,-1.000,0,0
-49.697,377.854,-0.049,-0.999,1,-50.432,362.738,15.133,1,767.634,591.099,0,0,581.752,202.252,213.909,-66.787,176.325,-0.004,1.000,-66.787,176.325,-0.004,1.000,-296.000,285.000,0.000,0.000,140.000,279.000,0.000,0.000,140.000,279.000,0.000,0.000,35.622,114.659,0.163,-0.987,0.000,-1.000,0,0
-49.697,360.587,-0.010,-1.000,1,-49.854,345.455,15.133,1,762.413,581.133,0,0,572.553,176.469,206.498,-66.826,184.951,-0.004,1.000,-66.826,184.951,-0.004,1.000,-296.000,285.000,0.000,0.000,140.000,279.000,0.000,0.000,140.000,279.000,0.000,0.000,35.983,111.802,-0.201,0.980,0.000,-1.000,0,0
-49.697,346.199,-0.003,-1.000,0,-49.859,327.819,18.381,0,758.336,573.092,0,0,563.051,157.496,201.248,-65.994,189.548,0.596,-0.803,-65.994,189.548,0.596,-0.803,-296.000,285.000,0.000,0.000,140.000,279.000,0.000,0.000,140.000,279.000,0.000,0.000,34.538,118.844,-0.201,0.980,0.000,-1.000,0,0
-49.697,334.688,-0.001,-1.000,0,-49.953,312.254,22.435,0,755.255,566.841,0,0,554.917,150.308,197.702,-62.565,184.931,0.596,-0.803,-62.565,184.931,0.596,-0.803,-296.000,285.000,0.000,0.000,140.000,279.000,0.000,0.000,140.000,279.000,0.000,0.000,33.382,124.477,-0.201,0.980,0.000,-1.000,0,0
-47.662,318.264,0.094,-0.996,0,-50.090,289.484,28.884,0,749.168,559.956,0,0,543.600,140.597,191.726,-57.421,178.006,0.596,-0.803,-57.421,178.006,0.596,-0.803,-296.000,285.000,0.000,0.000,140.000,279.000,0.000,0.000,140.000,279.000,0.000,0.000,31.648,132.928,-0.201,0.980,1.000,-1.000,0,0
-39.523,310.124,0.531,-0.847,0,-50.179,274.680,37.016,0,739.334,562.871,0,0,536.630,137.498,182.201,-53.992,173.390,0.596,-0.803,-53.992,173.390,0.596,-0.803,-296.000,285.000,0.000,0.000,140.000,279.000,0.000,0.000,140.000,279.000,0.000,0.000,30.492,138.561,-0.201,0.980,1.000,-1.000,0,0
-29.348,299.950,0.663,-0.749,0,-50.288,256.588,48.163,0,727.111,566.824,0,0,528.548,133.888,165.024,-49.705,167.619,0.596,-0.803,-49.705,167.619,0.596,-0.803,-296.000,285.000,0.000,0.000,29.048,145.603,-0.201,0.980,29.048,145.603,-0.201,0.980,140.000,279.000,0.000,0.000,1.000,-1.000,0,0
-17.488,293.845,0.882,-0.470,0,-50.394,238.943,64.024,0,714.199,574.465,0,0,521.148,134.920,148.225,-45.419,161.848,0.596,-0.803,-45.419,161.848,0.596,-0.803,-296.000,285.000,0.000,0.000,27.603,152.645,-0.201,0.980,27.603,152.645,-0.201,0.980,140.000,279.000,0.000,0.000,1.000,0.000,0,0
-3.100,293.845,0.991,-0.132,0,-50.497,221.735,86.315,0,700.169,587.289,0,0,514.410,142.922,137.311,-41.132,156.077,0.596,-0.803,-41.132,156.077,0.596,-0.803,-296.000,285.000,0.000,0.000,26.158,159.687,-0.201,0.980,26.158,159.687,-0.201,0.980,140.000,279.000,0.000,0.000,1.000,0.000,0,0
14.167,293.845,1.000,-0.032,0,-50.618,201.647,112.716,0,683.351,602.771,0,0,507.167,153.140,126.126,-35.988,149.152,0.596,-0.803,-35.988,149.152,0.596,-0.803,-296.000,285.000,0.000,0.000,24.424,168.138,-0.201,0.980,24.424,168.138,-0.201,0.980,140.000,279.000,0.000,0.000,1.000,0.000,0,0
25.678,293.845,1.000,-0.011,0,-50.696,188.587,130.089,0,672.152,613.145,0,0,502.831,160.266,115.282,-32.559,144.535,0.596,-0.803,-32.559,144.535,0.596,-0.803,-296.000,285.000,0.000,0.000,140.000,279.000,0.000,0.000,140.000,279.000,0.000,0.000,23.268,173.771,-0.201,0.980,1.000,0.000,0,0
37.538,287.741,0.903,-0.430,0,-50.792,172.625,145.156,0,659.211,621.328,0,0,497.945,162.865,102.834,-28.273,138.764,0.596,-0.803,-28.273,138.764,0.596,-0.803,-296.000,285.000,0.000,0.000,140.000,279.000,0.000,0.000,140.000,279.000,0.000,0.000,21.823,180.813,-0.201,0.980,1.000,-1.000,0,0
39.573,274.689,0.323,-0.946,0,-50.904,153.992,150.930,0,654.378,617.915,0,0,492.833,156.004,87.619,-23.129,131.839,0.596,-0.803,-23.129,131.839,0.596,-0.803,20.027,-58.301,0.353,0.936,20.089,189.264,-0.201,0.980,20.089,189.264,-0.201,0.980,140.000,279.000,0.000,0.000,-1.000,-1.000,0,0
31.433,266.549,-0.425,-0.905,0,-50.977,141.878,149.563,0,660.704,607.243,0,0,489.861,148.413,72.734,-19.700,127.223,0.596,-0.803,-19.700,127.223,0.596,-0.803,22.056,-52.920,0.353,0.936,18.933,194.897,-0.201,0.980,18.933,194.897,-0.201,0.980,140.000,279.000,0.000,0.000,-1.000,-1.000,0,0
21.259,256.375,-0.635,-0.772,0,-51.065,127.228,148.168,0,668.807,593.946,0,0,486.651,139.818,54.566,-15.413,121.452,0.596,-0.803,-15.413,121.452,0.596,-0.803,24.592,-46.194,0.353,0.936,17.488,201.939,-0.201,0.980,17.488,201.939,-0.201,0.980,140.000,279.000,0.000,0.000,-1.000,-1.000,0,0
9.050,244.165,-0.692,-0.722,0,-51.164,110.739,146.534,0,678.805,578.059,0,0,483.559,131.070,34.435,-10.269,114.527,0.596,-0.803,-10.269,114.527,0.596,-0.803,27.635,-38.122,0.353,0.936,15.755,210.390,-0.201,0.980,15.755,210.390,-0.201,0.980,140.000,279.000,0.000,0.000,-1.000,-1.000,0,0
-1.125,233.991,-0.703,-0.711,0,-51.244,97.429,145.620,0,687.357,564.882,0,0,481.462,125.330,22.637,-5.983,108.756,0.596,-0.803,-5.983,108.756,0.596,-0.803,30.171,-31.395,0.353,0.936,14.310,217.432,-0.201,0.980,14.310,217.432,-0.201,0.980,140.000,279.000,0.000,0.000,-1.000,-1.000,0,0
-9.264,225.852,-0.706,-0.709,0,-51.306,87.061,145.170,0,694.337,554.383,0,0,480.077,121.898,22.590,-2.554,104.139,0.596,-0.803,-2.554,104.139,0.596,-0.803,32.200,-26.014,0.353,0.936,13.154,223.065,-0.201,0.980,13.154,223.065,-0.201,0.980,140.000,279.000,0.000,0.000,-1.000,-1.000,0,0
-19.438,215.677,-0.707,-0.707,0,-51.382,74.442,144.955,0,703.230,541.318,0,0,478.689,119.204,34.328,1.733,98.368,0.596,-0.803,1.733,98.368,0.596,-0.803,34.736,-19.288,0.353,0.936,11.709,230.107,-0.201,0.980,11.709,230.107,-0.201,0.980,140.000,279.000,0.000,0.000,-1.000,-1.000,0,0
-27.578,201.782,-0.464,-0.886,0,-51.470,59.787,144.144,0,709.933,529.028,0,0,477.491,115.594,52.561,6.877,91.443,0.596,-0.803,6.877,91.443,0.596,-0.803,37.780,-11.216,0.353,0.936,9.975,238.558,-0.201,0.980,9.975,238.558,-0.201,0.980,140.000,279.000,0.000,0.000,0.000,-1.000,0,0
-27.578,187.394,-0.137,-0.991,0,-51.541,47.970,141.623,0,708.783,524.557,0,0,476.851,108.849,68.496,11.163,85.672,0.596,-0.803,11.163,85.672,0.596,-0.803,40.316,-4.489,0.353,0.936,8.530,245.600,-0.201,0.980,8.530,245.600,-0.201,0.980,140.000,279.000,0.000,0.000,0.000,-1.000,0,0
-27.578,173.005,-0.039,-0.999,0,-51.610,36.504,138.759,0,707.924,520.446,0,0,476.510,102.566,86.854,15.450,79.901,0.596,-0.803,15.450,79.901,0.596,-0.803,42.852,2.237,0.353,0.936,7.085,252.642,-0.201,0.980,7.085,252.642,-0.201,0.980,140.000,279.000,0.000,0.000,0.000,-1.000,0,0
-27.578,158.616,-0.011,-1.000,0,-51.677,25.380,135.561,0,707.357,516.703,0,0,476.442,96.832,106.386,19.736,74.130,0.596,-0.803,19.736,74.130,0.596,-0.803,45.388,8.963,0.353,0.936,5.640,259.684,-0.201,0.980,5.640,259.684,-0.201,0.980,140.000,279.000,0.000,0.000,0.000,-1.000,0,0
-31.648,145.913,-0.243,-0.970,0,-51.742,14.588,133.019,0,711.167,509.747,0,0,476.624,95.466,126.017,24.023,68.359,0.596,-0.803,24.023,68.359,0.596,-0.803,47.924,15.690,0.353,0.936,4.195,266.726,-0.201,0.980,4.195,266.726,-0.201,0.980,140.000,279.000,0.000,0.000,-1.000,-1.000,0,0
-41.822,135.739,-0.593,-0.805,0,-51.805,4.123,132.161,0,721.297,497.602,0,0,477.035,101.338,145.047,28.309,62.588,0.596,-0.803,28.309,62.588,0.596,-0.803,50.460,22.416,0.353,0.936,2.751,273.768,-0.201,0.980,2.751,273.768,-0.201,0.980,140.000,279.000,0.000,0.000,-1.000,-1.000,0,0
-51.996,125.565,-0.676,-0.737,0,-51.866,-6.026,131.758,0,731.570,485.581,0,0,477.651,109.005,164.140,32.596,56.818,0.596,-0.803,32.596,56.818,0.596,-0.803,52.997,29.143,0.353,0.936,1.306,280.810,-0.201,0.980,1.306,280.810,-0.201,0.980,140.000,279.000,0.000,0.000,-1.000,-1.000,0,0
-58.101,116.582,-0.629,-0.778,0,-51.913,-13.923,130.820,0,737.877,477.906,0,0,478.279,114.038,179.571,36.025,52.201,0.596,-0.803,36.025,52.201,0.596,-0.803,55.026,34.524,0.353,0.936,0.150,286.443,-0.201,0.980,0.150,286.443,-0.201,0.980,140.000,279.000,0.000,0.000,1.000,-1.000,0,0
-47.927,106.408,0.382,-0.924,0,-51.971,-23.521,130.161,0,728.078,486.230,0,0,479.216,106.693,192.801,40.311,46.430,0.596,-0.803,40.311,46.430,0.596,-0.803,57.562,41.251,0.353,0.936,-1.295,293.485,-0.201,0.980,-1.295,293.485,-0.201,0.980,108.800,-94.600,0.000,0.000,1.000,-1.000,0,0
-41.822,94.548,0.417,-0.909,0,-52.027,-32.823,127.951,0,722.596,490.579,0,0,480.306,101.845,209.654,44.598,40.659,0.596,-0.803,44.598,40.659,0.596,-0.803,60.098,47.977,0.353,0.936,-2.740,300.527,-0.201,0.980,-2.740,300.527,-0.201,0.980,108.800,-94.600,0.000,0.000,-1.000,-1.000,0,0
-51.996,84.374,-0.380,-0.925,0,-52.081,-41.837,126.385,0,733.422,479.257,0,0,481.532,112.364,228.259,48.884,34.888,0.596,-0.803,48.884,34.888,0.596,-0.803,62.634,54.703,0.353,0.936,-4.185,307.569,-0.201,0.980,-4.185,307.569,-0.201,0.980,108.800,-94.600,0.000,0.000,-1.000,-1.000,0,0
-58.101,69.636,-0.336,-0.942,0,-52.144,-52.284,122.245,0,740.721,471.756,0,0,483.158,119.623,234.157,54.028,27.963,0.596,-0.803,54.028,27.963,0.596,-0.803,65.677,62.775,0.353,0.936,108.800,-94.600,0.000,0.000,108.800,-94.600,0.000,0.000,-5.919,316.019,-0.201,0.980,0.000,-1.000,0,0
-58.101,55.247,-0.096,-0.995,0,-52.194,-60.689,116.275,0,742.186,470.793,0,0,484.626,121.017,224.299,58.315,22.192,0.596,-0.803,58.315,22.192,0.596,-0.803,68.213,69.502,0.353,0.936,108.800,-94.600,0.000,0.000,108.800,-94.600,0.000,0.000,-7.364,323.061,-0.201,0.980,0.000,-1.000,0,0
-58.101,43.736,-0.033,-0.999,0,-52.234,-67.221,111.310,0,743.556,470.338,0,0,485.865,122.667,216.778,61.744,17.575,0.596,-0.803,61.744,17.575,0.596,-0.803,70.242,74.883,0.353,0.936,108.800,-94.600,0.000,0.000,108.800,-94.600,0.000,0.000,-8.520,328.695,-0.201,0.980,0.000,-1.000,0,0
-58.101,29.347,-0.009,-1.000,0,-52.281,-75.152,104.871,0,745.514,470.165,0,0,487.482,125.365,207.892,66.030,11.805,0.596,-0.803,66.030,11.805,0.596,-0.803,72.778,81.609,0.353,0.936,108.800,-94.600,0.000,0.000,108.800,-94.600,0.000,0.000,-9.965,335.737,-0.201,0.980,0.000,-1.000,0,0
-58.101,12.081,-0.002,-1.000,0,-52.336,-84.333,96.814,0,748.224,470.539,0,0,489.508,129.476,198.083,71.174,4.879,0.596,-0.803,71.174,4.879,0.596,-0.803,44.000,-93.000,0.000,0.000,108.800,-94.600,0.000,0.000,108.800,-94.600,0.000,0.000,140.000,279.000,0.000,0.000,0.000,-1.000,0,0
-58.101,-2.308,-0.001,-1.000,0,-52.381,-91.713,89.834,0,750.777,471.334,0,0,491.254,133.569,190.719,75.461,-0.891,0.596,-0.803,75.461,-0.891,0.596,-0.803,44.000,-93.000,0.000,0.000,108.800,-94.600,0.000,0.000,108.800,-94.600,0.000,0.000,140.000,279.000,0.000,0.000,0.000,-1.000,0,0
-58.101,-13.819,0.000,-1.000,0,-52.415,-97.443,84.080,0,753.012,472.285,0,0,492.682,129.206,185.423,44.000,-93.000,0.000,0.000,44.000,-93.000,0.000,0.000,78.890,-5.508,0.596,-0.803,108.800,-94.600,0.000,0.000,108.800,-94.600,0.000,0.000,140.000,279.000,0.000,0.000,0.000,-1.000,0,0
-58.101,-28.207,0.000,-1.000,0,-52.457,-104.394,76.683,0,756.042,473.864,0,0,494.499,120.924,179.622,44.000,-93.000,0.000,0.000,44.000,-93.000,0.000,0.000,83.176,-11.279,0.596,-0.803,108.800,-94.600,0.000,0.000,108.800,-94.600,0.000,0.000,140.000,279.000,0.000,0.000,0.000,-1.000,0,0
-58.101,-42.596,0.000,-1.000,0,-52.497,-111.115,69.067,0,759.333,475.873,0,0,496.341,113.865,174.815,44.000,-93.000,0.000,0.000,44.000,-93.000,0.000,0.000,87.463,-17.050,0.596,-0.803,108.800,-94.600,0.000,0.000,108.800,-94.600,0.000,0.000,140.000,279.000,0.000,0.000,0.000,-1.000,0,0
-58.101,-59.862,0.000,-1.000,0,-52.544,-118.885,59.653,0,763.622,478.843,0,0,498.575,107.344,170.478,44.000,-93.000,0.000,0.000,44.000,-93.000,0.000,0.000,92.607,-23.975,0.596,-0.803,108.800,-94.600,0.000,0.000,108.800,-94.600,0.000,0.000,140.000,279.000,0.000,0.000,0.000,-1.000,0,0
-58.101,-74.251,0.000,-1.000,0,-52.582,-125.119,51.595,0,767.474,481.778,0,0,500.448,103.808,168.137,44.000,-93.000,0.000,0.000,44.000,-93.000,0.000,0.000,96.893,-29.746,0.596,-0.803,108.800,-94.600,0.000,0.000,108.800,-94.600,0.000,0.000,140.000,279.000,0.000,0.000,0.000,-1.000,0,0
-58.101,-88.640,0.000,-1.000,0,-52.618,-131.142,43.364,0,771.575,485.121,0,0,502.323,102.194,167.007,44.000,-93.000,0.000,0.000,44.000,-93.000,0.000,0.000,101.180,-35.517,0.596,-0.803,108.800,-94.600,0.000,0.000,108.800,-94.600,0.000,0.000,140.000,279.000,0.000,0.000,0.000,-1.000,0,0
-51.996,-97.622,0.390,-0.921,0,-52.646,-135.820,38.775,0,768.448,493.300,0,0,503.826,96.108,160.825,44.000,-93.000,0.000,0.000,44.000,-93.000,0.000,0.000,104.609,-40.134,0.596,-0.803,108.800,-94.600,0.000,0.000,108.800,-94.600,0.000,0.000,140.000,279.000,0.000,0.000,1.000,-1.000,0,0
-39.787,-109.831,0.643,-0.766,0,-52.687,-142.695,35.922,0,760.727,508.336,0,0,506.103,85.461,149.366,44.000,-93.000,0.000,0.000,44.000,-93.000,0.000,0.000,70.000,-221.000,0.000,0.000,108.800,-94.600,0.000,0.000,108.800,-94.600,0.000,0.000,140.000,279.000,0.000,0.000,1.000,-1.000,0,0
-26.241,-111.866,0.955,-0.298,0,-52.721,-148.300,45.526,0,748.612,521.912,0,0,508.022,72.731,136.141,44.000,-93.000,0.000,0.000,44.000,-93.000,0.000,0.000,70.000,-221.000,0.000,0.000,108.800,-94.600,0.000,0.000,108.800,-94.600,0.000,0.000,140.000,279.000,0.000,0.000,1.000,0.000,0,0
-16.416,-107.797,0.989,0.145,0,-52.747,-152.705,58.144,0,737.994,530.286,0,0,509.567,62.202,125.910,44.000,-93.000,0.000,0.000,44.000,-93.000,0.000,0.000,70.000,-221.000,0.000,0.000,108.800,-94.600,0.000,0.000,108.800,-94.600,0.000,0.000,140.000,279.000,0.000,0.000,1.000,1.000,0,0
-12.346,-96.779,0.491,0.871,0,-52.780,-158.113,73.761,0,730.546,531.459,0,0,511.511,56.473,121.166,44.000,-93.000,0.000,0.000,44.000,-93.000,0.000,0.000,121.755,-63.217,0.596,-0.803,108.800,-94.600,0.000,0.000,108.800,-94.600,0.000,0.000,140.000,279.000,0.000,0.000,-1.000,1.000,0,0
-25.049,-92.710,-0.672,0.740,0,-52.812,-163.416,76.250,0,741.307,518.157,0,0,513.464,69.050,133.863,44.000,-93.000,0.000,0.000,44.000,-93.000,0.000,0.000,126.041,-68.988,0.596,-0.803,108.800,-94.600,0.000,0.000,108.800,-94.600,0.000,0.000,-21.684,306.404,-0.066,-0.998,-1.000,0.000,0,0
-38.595,-94.744,-1.000,0.027,0,-52.843,-168.614,75.522,0,754.814,505.521,0,0,515.425,82.614,147.395,44.000,-93.000,0.000,0.000,44.000,-93.000,0.000,0.000,70.000,-221.000,0.000,0.000,108.800,-94.600,0.000,0.000,108.800,-94.600,0.000,0.000,-22.157,299.231,-0.065,-0.998,-1.000,-1.000,0,0
-46.735,-105.762,-0.799,-0.602,0,-52.874,-173.710,68.546,0,765.993,500.540,0,0,517.391,91.628,155.935,44.000,-93.000,0.000,0.000,44.000,-93.000,0.000,0.000,70.000,-221.000,0.000,0.000,108.800,-94.600,0.000,0.000,108.800,-94.600,0.000,0.000,-22.626,292.058,-0.065,-0.998,0.000,-1.000,0,0
-46.735,-120.150,-0.278,-0.961,0,-52.904,-178.705,59.251,0,770.691,504.659,0,0,519.359,94.710,157.619,44.000,-93.000,0.000,0.000,44.000,-93.000,0.000,0.000,70.000,-221.000,0.000,0.000,108.800,-94.600,0.000,0.000,108.800,-94.600,0.000,0.000,-23.090,284.884,-0.064,-0.998,0.000,-1.000,0,0
-46.735,-137.417,-0.062,-0.998,0,-52.939,-184.571,48.021,0,776.642,510.093,0,0,521.722,101.023,161.320,44.000,-93.000,0.000,0.000,44.000,-93.000,0.000,0.000,70.000,-221.000,0.000,0.000,108.800,-94.600,0.000,0.000,108.800,-94.600,0.000,0.000,-23.641,276.275,-0.064,-0.998,0.000,-1.000,0,0
-46.735,-148.928,-0.022,-1.000,0,-52.962,-188.405,40.512,0,780.797,514.006,0,0,523.296,106.587,164.750,44.000,-93.000,0.000,0.000,44.000,-93.000,0.000,0.000,70.000,-221.000,0.000,0.000,108.800,-94.600,0.000,0.000,108.800,-94.600,0.000,0.000,-24.005,270.536,-0.063,-0.998,0.000,-1.000,0,0
-46.735,-163.316,-0.006,-1.000,1,-46.827,-178.449,15.133,1,786.197,519.215,0,0,524.979,114.792,170.038,44.000,-93.000,0.000,0.000,44.000,-93.000,0.000,0.000,70.000,-221.000,0.000,0.000,108.800,-94.600,0.000,0.000,108.800,-94.600,0.000,0.000,-24.439,263.361,-0.051,-0.999,0.000,-1.000,0,0
-46.735,-180.583,-0.001,-1.000,1,-46.755,-195.716,15.133,1,792.973,525.918,0,0,532.165,123.534,177.719,70.000,-221.000,0.000,0.000,44.000,-93.000,0.000,0.000,44.000,-93.000,0.000,0.000,108.800,-94.600,0.000,0.000,108.800,-94.600,0.000,0.000,-24.868,254.745,-0.049,-0.999,0.000,-1.000,0,0
-43.857,-186.338,0.274,-0.962,1,-39.704,-200.890,15.133,1,792.675,530.881,0,0,540.748,119.016,178.101,70.000,-221.000,0.000,0.000,44.000,-93.000,0.000,0.000,44.000,-93.000,0.000,0.000,108.800,-94.600,0.000,0.000,108.800,-94.600,0.000,0.000,-25.145,249.000,-0.032,-0.999,1.000,0.000,0,0
-28.276,-182.269,1.000,-0.009,1,-13.144,-182.412,15.133,1,776.801,543.519,0,0,557.518,105.633,162.713,70.000,-221.000,0.000,0.000,44.000,-93.000,0.000,0.000,44.000,-93.000,0.000,0.000,108.800,-94.600,0.000,0.000,108.800,-94.600,0.000,0.000,-25.155,240.376,0.022,-1.000,1.000,1.000,0,0
-18.102,-172.094,0.845,0.535,1,-5.313,-164.004,15.133,1,763.357,549.045,0,0,558.066,100.561,148.692,44.000,-93.000,0.000,0.000,44.000,-93.000,0.000,0.000,70.000,-221.000,0.000,0.000,108.800,-94.600,0.000,0.000,108.800,-94.600,0.000,0.000,-24.890,233.192,0.045,-0.999,1.000,1.000,0,0
-16.067,-158.548,0.371,0.929,0,-2.549,-145.674,18.668,0,756.085,546.090,0,0,554.549,88.908,140.290,44.000,-93.000,0.000,0.000,44.000,-93.000,0.000,0.000,70.000,-221.000,0.000,0.000,108.800,-94.600,0.000,0.000,108.800,-94.600,0.000,0.000,-24.531,226.012,0.052,-0.999,0.000,1.000,0,1
-10.311,-149.915,0.553,0.833,0,10.367,-131.058,27.986,0,747.429,548.583,0,0,562.418,78.671,131.329,44.000,-93.000,0.000,0.000,44.000,-93.000,0.000,0.000,70.000,-221.000,0.000,0.000,108.800,-94.600,0.000,0.000,108.800,-94.600,0.000,0.000,-23.997,218.844,0.090,-0.996,1.000,0.000,0,0
1.199,-149.915,0.952,0.305,0,20.470,-119.626,35.901,0,736.821,559.459,0,0,568.962,71.213,120.986,44.000,-93.000,0.000,0.000,44.000,-93.000,0.000,0.000,70.000,-221.000,0.000,0.000,108.800,-94.600,0.000,0.000,108.800,-94.600,0.000,0.000,-23.364,213.128,0.131,-0.991,1.000,0.000,0,0
18.466,-149.915,0.997,0.073,0,57.660,-86.488,74.560,1,720.963,575.819,0,0,597.516,62.381,105.925,44.000,-93.000,0.000,0.000,44.000,-93.000,0.000,0.000,70.000,-221.000,0.000,0.000,108.800,-94.600,0.000,0.000,108.800,-94.600,0.000,0.000,-21.469,204.729,0.262,-0.965,1.000,0.000,0,0
32.855,-149.915,1.000,0.021,0,57.660,-86.488,68.105,1,707.797,589.491,0,0,597.516,57.996,93.955,44.000,-93.000,0.000,0.000,44.000,-93.000,0.000,0.000,70.000,-221.000,0.000,0.000,108.800,-94.600,0.000,0.000,108.800,-94.600,0.000,0.000,-19.584,197.792,0.262,-0.965,1.000,0.000,0,0
47.243,-149.915,1.000,0.006,0,57.660,-86.488,64.277,1,694.681,603.197,0,0,597.516,57.008,82.759,44.000,-93.000,0.000,0.000,44.000,-93.000,0.000,0.000,113.441,-180.389,-0.207,-0.978,108.800,-94.600,0.000,0.000,108.800,-94.600,0.000,0.000,-17.699,190.855,0.262,-0.965,1.000,0.000,0,0
58.261,-141.776,0.905,0.426,0,57.660,-86.488,55.291,1,681.290,611.364,0,0,597.516,50.818,69.136,44.000,-93.000,0.000,0.000,44.000,-93.000,0.000,0.000,111.950,-187.421,-0.207,-0.978,108.800,-94.600,0.000,0.000,108.800,-94.600,0.000,0.000,-15.814,183.917,0.262,-0.965,1.000,1.000,0,0
60.295,-128.230,0.365,0.931,0,57.660,-86.488,41.825,1,673.973,609.641,0,0,597.516,38.816,59.023,44.000,-93.000,0.000,0.000,44.000,-93.000,0.000,0.000,110.459,-194.454,-0.207,-0.978,108.800,-94.600,0.000,0.000,108.800,-94.600,0.000,0.000,-13.929,176.980,0.262,-0.965,0.000,1.000,0,0
60.295,-113.841,0.105,0.994,0,57.660,-86.488,27.480,1,668.422,606.044,0,0,597.516,26.456,52.182,44.000,-93.000,0.000,0.000,44.000,-93.000,0.000,0.000,108.967,-201.486,-0.207,-0.978,108.800,-94.600,0.000,0.000,108.800,-94.600,0.000,0.000,-12.044,170.043,0.262,-0.965,0.000,1.000,0,0
60.295,-99.453,0.030,1.000,0,57.660,-86.488,13.230,1,663.137,602.770,0,0,597.516,17.526,48.747,44.000,-93.000,0.000,0.000,44.000,-93.000,0.000,0.000,107.476,-208.518,-0.207,-0.978,108.800,-94.600,0.000,0.000,108.800,-94.600,0.000,0.000,-10.159,163.106,0.262,-0.965,0.000,1.000,0,0
60.295,-85.064,0.009,1.000,0,57.660,-86.488,2.995,1,658.124,599.822,0,0,597.516,18.125,49.433,44.000,-93.000,0.000,0.000,44.000,-93.000,0.000,0.000,70.000,-221.000,0.000,0.000,108.800,-94.600,0.000,0.000,108.800,-94.600,0.000,0.000,-8.274,156.169,0.262,-0.965,0.000,1.000,0,0
60.295,-73.553,0.003,1.000,0,57.660,-86.488,13.201,1,654.314,597.704,0,0,597.516,25.372,52.874,44.000,-93.000,0.000,0.000,44.000,-93.000,0.000,0.000,70.000,-221.000,0.000,0.000,108.800,-94.600,0.000,0.000,108.800,-94.600,0.000,0.000,-6.766,150.619,0.262,-0.965,0.000,1.000,0,0
60.295,-59.164,0.001,1.000,0,57.660,-86.488,27.450,1,649.807,595.358,0,0,597.516,37.555,60.070,44.000,-93.000,0.000,0.000,44.000,-93.000,0.000,0.000,70.000,-221.000,0.000,0.000,108.800,-94.600,0.000,0.000,108.800,-94.600,0.000,0.000,-4.881,143.682,0.262,-0.965,0.000,1.000,0,0
56.226,-43.584,-0.299,0.954,0,57.660,-86.488,42.928,1,649.158,589.165,0,0,597.516,50.906,73.258,44.000,-93.000,0.000,0.000,44.000,-93.000,0.000,0.000,70.000,-221.000,0.000,0.000,108.800,-94.600,0.000,0.000,108.800,-94.600,0.000,0.000,-2.619,135.357,0.262,-0.965,-1.000,1.000,0,0
52.156,-30.881,-0.294,0.956,0,57.660,-86.488,55.879,1,649.649,583.649,0,0,597.516,62.653,85.257,44.000,-93.000,0.000,0.000,44.000,-93.000,0.000,0.000,70.000,-221.000,0.000,0.000,108.800,-94.600,0.000,0.000,108.800,-94.600,0.000,0.000,-0.734,128.420,0.262,-0.965,0.000,1.000,0,0
52.156,-19.370,-0.100,0.995,0,57.660,-86.488,67.344,1,646.754,582.543,0,0,597.516,74.081,94.171,44.000,-93.000,0.000,0.000,44.000,-93.000,0.000,0.000,70.000,-221.000,0.000,0.000,108.800,-94.600,0.000,0.000,108.800,-94.600,0.000,0.000,0.774,122.870,0.262,-0.965,0.000,1.000,0,0
58.261,-7.510,0.402,0.916,0,57.660,-86.488,78.981,1,638.030,587.728,0,0,597.516,86.672,100.693,44.000,-93.000,0.000,0.000,44.000,-93.000,0.000,0.000,70.000,-221.000,0.000,0.000,108.800,-94.600,0.000,0.000,108.800,-94.600,0.000,0.000,2.659,115.933,0.262,-0.965,1.000,1.000,0,0
69.278,0.630,0.759,0.652,0,57.660,-86.488,87.889,1,625.474,598.252,0,0,597.516,96.982,103.106,44.000,-93.000,0.000,0.000,44.000,-93.000,0.000,0.000,103.723,-218.074,0.135,0.991,108.800,-94.600,0.000,0.000,108.800,-94.600,0.000,0.000,4.544,108.996,0.262,-0.965,1.000,0.000,0,0
83.666,0.630,0.981,0.193,0,57.660,-86.488,90.917,1,611.449,612.617,0,0,597.516,101.686,98.491,44.000,-93.000,0.000,0.000,44.000,-93.000,0.000,0.000,104.694,-210.951,0.135,0.991,108.800,-94.600,0.000,0.000,108.800,-94.600,0.000,0.000,6.429,102.059,0.262,-0.965,1.000,0.000,0,0
96.369,4.700,0.948,0.320,0,71.924,-79.689,87.858,0,598.162,625.117,0,0,610.233,110.850,100.075,44.000,-93.000,0.000,0.000,44.000,-93.000,0.000,0.000,105.664,-203.828,-0.262,0.965,108.800,-94.600,0.000,0.000,108.800,-94.600,0.000,0.000,8.483,95.172,0.341,-0.940,1.000,1.000,1,0
106.544,14.874,0.791,0.612,0,89.355,-71.379,87.949,0,586.032,634.941,0,0,625.964,124.694,109.497,44.000,-93.000,0.000,0.000,44.000,-93.000,0.000,0.000,104.196,-196.797,-0.118,0.993,108.800,-94.600,0.000,0.000,108.800,-94.600,0.000,0.000,11.218,88.527,0.439,-0.898,1.000,1.000,0,0
116.718,25.048,0.732,0.682,0,106.355,-63.275,88.930,0,574.005,644.937,0,0,641.491,138.648,116.988,44.000,-93.000,0.000,0.000,44.000,-93.000,0.000,0.000,103.755,-189.628,0.021,1.000,14.648,82.214,0.533,-0.846,14.648,82.214,0.533,-0.846,108.800,-94.600,0.000,0.000,1.000,1.000,0,0
126.892,35.223,0.714,0.700,0,122.935,-55.371,90.683,0,562.090,655.096,0,0,656.798,152.683,115.695,44.000,-93.000,0.000,0.000,44.000,-93.000,0.000,0.000,104.270,-182.462,0.145,0.989,18.737,76.305,0.621,-0.784,18.737,76.305,0.621,-0.784,108.800,-94.600,0.000,0.000,1.000,1.000,0,0
143.316,37.258,0.964,0.267,0,142.289,-46.145,83.417,0,545.578,671.531,0,0,674.859,163.801,123.266,44.000,-93.000,0.000,0.000,44.000,-93.000,0.000,0.000,106.000,-174.017,0.253,0.967,24.432,69.833,0.698,-0.716,24.432,69.833,0.698,-0.716,108.800,-94.600,0.000,0.000,1.000,0.000,0,0
157.705,37.258,0.997,0.077,0,157.979,-38.665,75.943,0,531.450,685.915,0,0,689.639,172.904,130.928,44.000,-93.000,0.000,0.000,44.000,-93.000,0.000,0.000,108.225,-167.184,0.345,0.939,29.749,64.999,0.766,-0.643,29.749,64.999,0.766,-0.643,108.800,-94.600,0.000,0.000,1.000,0.000,0,0
168.373,35.223,0.998,-0.070,0,170.251,-32.815,68.099,0,521.380,696.564,0,0,701.282,178.633,136.606,44.000,-93.000,0.000,0.000,44.000,-93.000,0.000,0.000,110.434,-161.875,0.421,0.907,34.319,61.510,0.822,-0.570,34.319,61.510,0.822,-0.570,108.800,-94.600,0.000,0.000,1.000,-1.000,0,0
178.547,25.048,0.831,-0.556,0,185.248,-25.665,51.234,0,513.553,706.747,0,0,715.604,178.993,138.493,44.000,-93.000,0.000,0.000,44.000,-93.000,0.000,0.000,113.643,-155.445,0.483,0.876,108.800,-94.600,0.000,0.000,108.800,-94.600,0.000,0.000,40.360,57.621,0.867,-0.498,1.000,-1.000,0,0
191.250,20.979,0.947,-0.322,0,199.875,-18.693,40.758,0,502.107,719.491,0,0,729.664,185.599,141.973,117.270,-149.239,0.535,0.845,117.270,-149.239,0.535,0.845,44.000,-93.000,0.000,0.000,108.800,-94.600,0.000,0.000,108.800,-94.600,0.000,0.000,46.701,54.237,0.903,-0.430,1.000,0.000,0,0
208.516,20.979,0.997,-0.078,1,223.603,19.793,15.133,1,485.341,736.751,0,0,751.850,184.635,152.649,121.416,-141.821,0.122,0.993,121.416,-141.821,0.122,0.993,44.000,-93.000,0.000,0.000,108.800,-94.600,0.000,0.000,108.800,-94.600,0.000,0.000,54.613,50.808,0.931,-0.366,1.000,0.000,0,0
222.905,20.979,1.000,-0.022,1,238.035,20.647,15.133,1,471.397,751.136,0,0,766.265,185.350,162.414,122.290,-134.685,0.122,0.993,122.290,-134.685,0.122,0.993,44.000,-93.000,0.000,0.000,108.800,-94.600,0.000,0.000,108.800,-94.600,0.000,0.000,61.694,49.569,0.986,-0.165,1.000,0.000,0,0
237.294,20.979,1.000,-0.006,1,252.427,20.887,15.133,1,457.480,765.520,0,0,780.650,187.313,170.723,123.164,-127.550,0.122,0.993,123.164,-127.550,0.122,0.993,44.000,-93.000,0.000,0.000,68.795,48.446,0.989,-0.151,68.795,48.446,0.989,-0.151,108.800,-94.600,0.000,0.000,1.000,0.000,0,0
248.805,20.979,1.000,-0.002,1,263.938,20.947,15.133,1,446.368,777.027,0,0,792.157,189.758,176.343,123.864,-121.842,0.122,0.993,123.864,-121.842,0.122,0.993,44.000,-93.000,0.000,0.000,74.485,47.613,0.990,-0.139,74.485,47.613,0.990,-0.139,108.800,-94.600,0.000,0.000,1.000,1.000,0,0
258.979,31.153,0.839,0.544,1,271.675,39.388,15.133,1,433.950,787.136,0,0,799.875,198.231,178.041,124.738,-114.706,0.122,0.993,124.738,-114.706,0.122,0.993,44.000,-93.000,0.000,0.000,81.638,46.929,0.999,-0.040,81.638,46.929,0.999,-0.040,108.800,-94.600,0.000,0.000,1.000,1.000,0,0
271.188,43.362,0.742,0.670,1,282.420,53.504,15.133,1,419.214,799.440,0,0,810.888,208.552,180.960,125.787,-106.144,0.122,0.993,125.787,-106.144,0.122,0.993,44.000,-93.000,0.000,0.000,90.262,46.867,1.000,0.023,90.262,46.867,1.000,0.023,108.800,-94.600,0.000,0.000,1.000,1.000,0,0
279.328,51.502,0.719,0.695,1,290.202,62.027,15.133,1,409.500,807.744,0,0,818.945,215.512,183.374,126.486,-100.436,0.122,0.993,126.486,-100.436,0.122,0.993,44.000,-93.000,0.000,0.000,96.006,47.158,0.997,0.076,96.006,47.158,0.997,0.076,424.800,-106.500,0.000,0.000,1.000,1.000,0,0
291.537,63.711,0.710,0.704,1,302.280,74.370,15.133,1,395.110,820.345,0,0,831.566,226.060,187.607,127.535,-91.873,0.122,0.993,127.535,-91.873,0.122,0.993,44.000,-93.000,0.000,0.000,104.588,48.021,0.992,0.123,104.588,48.021,0.992,0.123,424.800,-106.500,0.000,0.000,1.000,1.000,0,0
301.712,73.885,0.708,0.706,1,312.424,84.574,15.133,1,383.300,830.973,0,0,842.283,234.936,191.627,128.409,-84.738,0.122,0.993,128.409,-84.738,0.122,0.993,44.000,-93.000,0.000,0.000,111.695,49.094,0.986,0.166,111.695,49.094,0.986,0.166,424.800,-106.500,0.000,0.000,1.000,1.000,0,0
311.537,77.955,0.860,0.510,1,324.556,85.670,15.133,1,372.949,841.002,0,0,854.458,240.675,196.169,129.108,-79.030,0.122,0.993,129.108,-79.030,0.122,0.993,44.000,-93.000,0.000,0.000,117.350,50.140,0.986,0.169,117.350,50.140,0.986,0.169,424.800,-106.500,0.000,0.000,1.000,0.000,0,0
328.803,77.955,0.994,0.114,1,343.839,79.673,15.133,1,355.934,858.239,0,0,873.344,247.971,204.650,130.157,-70.467,0.122,0.993,130.157,-70.467,0.122,0.993,44.000,-93.000,0.000,0.000,125.882,51.412,0.991,0.132,125.882,51.412,0.991,0.132,424.800,-106.500,0.000,0.000,1.000,0.000,0,0
340.314,77.955,0.999,0.039,1,355.436,78.546,15.133,1,344.605,869.731,0,0,884.860,253.456,202.883,130.856,-64.759,0.122,0.993,130.856,-64.759,0.122,0.993,44.000,-93.000,0.000,0.000,424.800,-106.500,0.000,0.000,424.800,-106.500,0.000,0.000,131.588,52.124,0.993,0.117,1.000,0.000,0,0
355.895,73.885,0.954,-0.300,1,370.333,69.351,15.133,1,330.055,885.080,0,0,899.293,259.023,193.098,131.905,-56.197,0.122,0.993,131.905,-56.197,0.122,0.993,44.000,-93.000,0.000,0.000,424.800,-106.500,0.000,0.000,424.800,-106.500,0.000,0.000,140.163,53.066,0.996,0.088,1.000,-1.000,0,0
365.720,69.815,0.942,-0.336,0,379.948,61.289,16.587,0,321.272,894.706,0,0,908.593,262.328,185.950,132.604,-50.488,0.122,0.993,132.604,-50.488,0.122,0.993,44.000,-93.000,0.000,0.000,424.800,-106.500,0.000,0.000,424.800,-106.500,0.000,0.000,427.000,279.000,0.000,0.000,0.000,0.000,1,0
365.720,69.815,0.956,-0.294,0,400.949,50.820,40.024,0,321.272,894.706,0,0,929.294,257.568,185.950,133.653,-41.926,0.122,0.993,133.653,-41.926,0.122,0.993,44.000,-93.000,0.000,0.000,424.800,-106.500,0.000,0.000,424.800,-106.500,0.000,0.000,154.530,53.490,1.000,-0.004,0.000,0.000,0,0
365.720,69.815,0.956,-0.294,0,414.603,44.014,55.275,0,321.272,894.706,0,0,942.822,254.507,185.950,134.353,-36.218,0.122,0.993,134.353,-36.218,0.122,0.993,44.000,-93.000,0.000,0.000,424.800,-106.500,0.000,0.000,424.800,-106.500,0.000,0.000,160.280,53.370,0.999,-0.037,0.000,0.000,0,0
365.720,69.815,0.956,-0.294,0,431.290,35.696,73.918,0,321.272,894.706,0,0,959.423,250.815,185.950,135.227,-29.082,0.122,0.993,135.227,-29.082,0.122,0.993,44.000,-93.000,0.000,0.000,424.800,-106.500,0.000,0.000,424.800,-106.500,0.000,0.000,167.460,53.021,0.998,-0.066,0.000,0.000,0,0
365.720,69.815,0.956,-0.294,0,447.564,27.584,92.101,0,321.272,894.706,0,0,975.683,247.276,185.950,136.101,-21.947,0.122,0.993,136.101,-21.947,0.122,0.993,44.000,-93.000,0.000,0.000,424.800,-106.500,0.000,0.000,424.800,-106.500,0.000,0.000,174.628,52.475,0.996,-0.091,0.000,0.000,0,0
365.720,69.815,0.956,-0.294,0,463.435,19.673,109.837,0,321.272,894.706,0,0,991.603,243.898,184.824,136.975,-14.811,0.122,0.993,136.975,-14.811,0.122,0.993,44.000,-93.000,0.000,0.000,181.780,51.757,0.994,-0.113,181.780,51.757,0.994,-0.113,424.800,-106.500,0.000,0.000,1.000,0.000,0,0
380.109,69.815,0.996,-0.093,0,478.913,11.957,114.513,0,307.244,909.079,0,0,1007.187,254.352,181.891,137.849,-7.676,0.122,0.993,137.849,-7.676,0.122,0.993,44.000,-93.000,0.000,0.000,424.800,-106.500,0.000,0.000,424.800,-106.500,0.000,0.000,188.916,50.885,0.991,-0.133,1.000,-1.000,0,0
390.283,59.641,0.828,-0.561,0,494.008,4.433,117.528,0,299.838,918.868,0,0,1022.437,258.659,169.689,138.723,-0.541,0.122,0.993,138.723,-0.541,0.122,0.993,44.000,-93.000,0.000,0.000,424.800,-106.500,0.000,0.000,424.800,-106.500,0.000,0.000,196.033,49.876,0.989,-0.151,1.000,-1.000,0,0
400.458,49.467,0.744,-0.669,0,508.730,-2.906,120.314,0,292.953,928.777,0,0,1037.357,264.360,157.855,139.597,6.595,0.122,0.993,139.597,6.595,0.122,0.993,44.000,-93.000,0.000,0.000,424.800,-106.500,0.000,0.000,424.800,-106.500,0.000,0.000,203.132,48.746,0.986,-0.167,1.000,-1.000,0,0
412.667,37.258,0.716,-0.698,0,525.915,-11.472,123.355,0,285.429,940.820,0,0,1054.831,272.918,144.269,140.646,15.157,0.122,0.993,140.646,15.157,0.122,0.993,44.000,-93.000,0.000,0.000,424.800,-106.500,0.000,0.000,424.800,-106.500,0.000,0.000,211.627,47.245,0.983,-0.181,1.000,-1.000,0,0
422.841,27.083,0.710,-0.705,0,539.847,-18.417,125.638,0,279.820,950.979,0,0,1069.039,281.362,133.598,141.520,22.292,0.122,0.993,141.520,22.292,0.122,0.993,44.000,-93.000,0.000,0.000,424.800,-106.500,0.000,0.000,424.800,-106.500,0.000,0.000,587.803,146.338,0.024,-1.000,1.000,-1.000,0,0
433.016,16.909,0.708,-0.706,0,553.434,-25.190,127.701,0,274.850,961.247,0,0,1082.932,290.891,123.682,142.394,29.428,0.122,0.993,142.394,29.428,0.122,0.993,44.000,-93.000,0.000,0.000,424.800,-106.500,0.000,0.000,424.800,-106.500,0.000,0.000,587.977,139.151,0.024,-1.000,1.000,-1.000,0,0
441.155,8.769,0.707,-0.707,0,564.061,-30.487,129.196,0,271.359,969.536,0,0,1093.822,299.226,116.424,143.093,35.136,0.122,0.993,143.093,35.136,0.122,0.993,44.000,-93.000,0.000,0.000,424.800,-106.500,0.000,0.000,424.800,-106.500,0.000,0.000,588.115,133.402,0.024,-1.000,1.000,-1.000,0,0
451.330,-1.405,0.707,-0.707,0,576.439,-36.657,130.150,0,267.627,979.989,0,0,1106.541,310.450,108.392,143.967,42.271,0.122,0.993,143.967,42.271,0.122,0.993,44.000,-93.000,0.000,0.000,424.800,-106.500,0.000,0.000,424.800,-106.500,0.000,0.000,588.289,126.215,0.024,-1.000,1.000,-1.000,0,0
461.504,-11.579,0.707,-0.707,0,588.492,-42.665,130.905,0,264.626,990.541,0,0,1118.950,322.482,101.770,144.841,49.407,0.122,0.993,144.841,49.407,0.122,0.993,44.000,-93.000,0.000,0.000,424.800,-106.500,0.000,0.000,424.800,-106.500,0.000,0.000,588.462,119.029,0.024,-1.000,1.000,-1.000,0,0
473.713,-23.788,0.707,-0.707,0,602.494,-49.645,131.518,0,262.025,1003.329,0,0,1133.396,337.865,96.092,145.890,57.969,0.122,0.993,145.890,57.969,0.122,0.993,44.000,-93.000,0.000,0.000,424.800,-106.500,0.000,0.000,424.800,-106.500,0.000,0.000,588.670,110.405,0.024,-1.000,1.000,-1.000,0,0
481.853,-31.928,0.707,-0.707,0,611.556,-54.162,131.762,0,260.911,1011.928,0,0,1142.763,348.629,93.894,146.589,63.677,0.122,0.993,146.589,63.677,0.122,0.993,44.000,-93.000,0.000,0.000,424.800,-106.500,0.000,0.000,424.800,-106.500,0.000,0.000,588.809,104.655,0.024,-1.000,1.000,-1.000,0,0
483.888,-42.102,0.298,-0.954,0,622.584,-59.660,139.961,0,266.148,1014.640,0,0,1154.179,354.868,87.398,147.464,70.813,0.122,0.993,147.464,70.813,0.122,0.993,44.000,-93.000,0.000,0.000,424.800,-106.500,0.000,0.000,424.800,-106.500,0.000,0.000,588.982,97.469,0.024,-1.000,-1.000,-1.000,0,0
473.713,-52.277,-0.492,-0.871,0,633.288,-64.995,160.218,0,280.501,1005.284,0,0,1165.276,350.468,73.025,148.338,77.948,0.122,0.993,148.338,77.948,0.122,0.993,44.000,-93.000,0.000,0.000,424.800,-106.500,0.000,0.000,424.800,-106.500,0.000,0.000,589.155,90.282,0.024,-1.000,-1.000,-1.000,0,0
465.574,-63.294,-0.510,-0.860,0,643.674,-70.172,178.357,0,293.948,998.153,0,0,1176.061,349.429,59.408,149.212,85.084,0.122,0.993,149.212,85.084,0.122,0.993,44.000,-93.000,0.000,0.000,424.800,-106.500,0.000,0.000,424.800,-106.500,0.000,0.000,589.329,83.096,0.024,-1.000,0.000,-1.000,0,0
475.748,-76.346,0.419,-0.908,0,655.731,-76.182,180.105,0,295.943,1009.584,0,0,1188.599,367.205,59.203,150.261,93.646,0.122,0.993,150.261,93.646,0.122,0.993,70.000,-221.000,0.000,0.000,424.800,-106.500,0.000,0.000,424.800,-106.500,0.000,0.000,589.537,74.472,0.024,-1.000,1.000,-1.000,0,0
483.888,-84.485,0.617,-0.787,0,663.528,-80.069,179.817,0,296.461,1018.567,0,0,1196.719,380.313,63.056,150.960,99.354,0.122,0.993,150.960,99.354,0.122,0.993,70.000,-221.000,0.000,0.000,424.800,-106.500,0.000,0.000,424.800,-106.500,0.000,0.000,589.675,68.722,0.024,-1.000,1.000,-1.000,0,0
483.888,-95.503,0.167,-0.986,0,673.011,-84.796,189.542,0,304.812,1019.874,0,0,1206.605,388.665,60.103,151.834,106.490,0.122,0.993,151.834,106.490,0.122,0.993,70.000,-221.000,0.000,0.000,424.800,-106.500,0.000,0.000,424.800,-106.500,0.000,0.000,589.849,61.536,0.024,-1.000,-1.000,-1.000,0,0
473.713,-105.677,-0.514,-0.858,0,682.206,-89.380,209.234,0,319.129,1011.104,0,0,1216.203,388.765,48.920,152.708,113.625,0.122,0.993,152.708,113.625,0.122,0.993,70.000,-221.000,0.000,0.000,424.800,-106.500,0.000,0.000,424.800,-106.500,0.000,0.000,590.022,54.349,0.024,-1.000,-1.000,-1.000,0,0
463.539,-115.851,-0.657,-0.754,0,691.123,-93.824,228.743,0,333.452,1002.464,0,0,1225.520,389.947,39.852,153.582,120.760,0.122,0.993,153.582,120.760,0.122,0.993,70.000,-221.000,0.000,0.000,424.800,-106.500,0.000,0.000,424.800,-106.500,0.000,0.000,314.651,20.897,0.957,-0.291,0.000,-1.000,0,0
471.679,-129.746,0.288,-0.958,0,701.463,-98.979,231.930,0,339.100,1012.626,0,0,1236.338,409.434,52.326,154.631,129.323,0.122,0.993,154.631,129.323,0.122,0.993,70.000,-221.000,0.000,0.000,424.800,-106.500,0.000,0.000,424.800,-106.500,0.000,0.000,590.403,38.539,0.024,-1.000,1.000,-1.000,0,0
481.853,-139.921,0.604,-0.797,0,709.789,-103.129,230.981,0,341.200,1024.320,0,0,1245.057,419.758,66.121,70.000,-221.000,0.000,0.000,155.505,136.458,0.122,0.993,155.505,136.458,0.122,0.993,424.800,-106.500,0.000,0.000,424.800,-106.500,0.000,0.000,590.577,31.352,0.024,-1.000,1.000,-1.000,0,0
483.888,-150.589,0.372,-0.928,0,716.263,-106.356,236.640,0,348.797,1028.155,0,0,1251.844,419.834,73.724,70.000,-221.000,0.000,0.000,156.204,142.167,0.122,0.993,156.204,142.167,0.122,0.993,424.800,-106.500,0.000,0.000,424.800,-106.500,0.000,0.000,590.715,25.603,0.024,-1.000,0.000,-1.000,0,0
483.888,-167.855,0.091,-0.996,0,725.716,-111.068,248.497,0,363.208,1031.343,0,0,1261.760,417.286,85.181,70.000,-221.000,0.000,0.000,44.000,-93.000,0.000,0.000,44.000,-93.000,0.000,0.000,424.800,-106.500,0.000,0.000,424.800,-106.500,0.000,0.000,590.923,16.979,0.024,-1.000,0.000,-1.000,0,0
483.888,-182.244,0.025,-1.000,0,733.379,-114.888,258.515,0,375.401,1034.212,0,0,1269.807,415.699,96.065,70.000,-221.000,0.000,0.000,44.000,-93.000,0.000,0.000,44.000,-93.000,0.000,0.000,424.800,-106.500,0.000,0.000,424.800,-106.500,0.000,0.000,591.097,9.792,0.024,-1.000,0.000,-1.000,0,0
483.888,-196.632,0.007,-1.000,0,740.852,-118.613,268.643,0,387.744,1037.273,0,0,1277.660,414.605,107.774,70.000,-221.000,0.000,0.000,44.000,-93.000,0.000,0.000,44.000,-93.000,0.000,0.000,424.800,-106.500,0.000,0.000,424.800,-106.500,0.000,0.000,591.270,2.606,0.024,-1.000,0.000,-1.000,0,0
483.888,-208.143,0.002,-1.000,0,746.663,-121.510,276.786,0,397.718,1039.859,0,0,1283.769,414.088,117.570,70.000,-221.000,0.000,0.000,44.000,-93.000,0.000,0.000,44.000,-93.000,0.000,0.000,424.800,-106.500,0.000,0.000,424.800,-106.500,0.000,0.000,591.409,-3.144,0.024,-1.000,0.000,-1.000,0,0
483.888,-222.532,0.001,-1.000,0,751.932,-124.412,285.527,0,410.299,1043.260,0,0,1289.350,413.891,130.211,70.000,-221.000,0.000,0.000,44.000,-93.000,0.000,0.000,44.000,-93.000,0.000,0.000,424.800,-106.500,0.000,0.000,424.800,-106.500,0.000,0.000,591.582,-10.330,0.024,-1.000,0.000,-1.000,0,0
483.888,-236.921,0.000,-1.000,0,751.076,-125.092,289.707,0,422.994,1046.849,0,0,1288.590,414.194,143.181,70.000,-221.000,0.000,0.000,44.000,-93.000,0.000,0.000,44.000,-93.000,0.000,0.000,424.800,-106.500,0.000,0.000,424.800,-106.500,0.000,0.000,591.755,-17.517,0.024,-1.000,0.000,-1.000,0,0
492.027,-250.816,0.437,-0.899,0,750.713,-125.882,287.313,0,431.762,1058.332,0,0,1288.336,423.079,159.206,70.000,-221.000,0.000,0.000,44.000,-93.000,0.000,0.000,44.000,-93.000,0.000,0.000,424.800,-106.500,0.000,0.000,424.800,-106.500,0.000,0.000,591.963,-26.141,0.024,-1.000,1.000,-1.000,0,0
502.202,-260.990,0.638,-0.770,0,750.419,-126.522,282.326,0,436.720,1070.870,0,0,1288.131,434.048,172.795,70.000,-221.000,0.000,0.000,44.000,-93.000,0.000,0.000,44.000,-93.000,0.000,0.000,424.800,-106.500,0.000,0.000,424.800,-106.500,0.000,0.000,592.137,-33.327,0.024,-1.000,1.000,-1.000,0,0
510.341,-269.129,0.684,-0.730,0,750.190,-127.022,278.803,0,440.985,1080.934,0,0,1287.971,442.964,183.754,70.000,-221.000,0.000,0.000,44.000,-93.000,0.000,0.000,44.000,-93.000,0.000,0.000,424.800,-106.500,0.000,0.000,424.800,-106.500,0.000,0.000,592.276,-39.077,0.024,-1.000,1.000,-1.000,0,0
520.516,-279.303,0.701,-0.713,0,749.909,-127.634,275.010,0,446.676,1093.553,0,0,1287.775,454.273,197.541,70.000,-221.000,0.000,0.000,44.000,-93.000,0.000,0.000,44.000,-93.000,0.000,0.000,424.800,-106.500,0.000,0.000,424.800,-106.500,0.000,0.000,592.449,-46.263,0.024,-1.000,1.000,-1.000,0,0
530.690,-289.478,0.705,-0.709,0,749.635,-128.231,271.920,0,452.752,1106.216,0,0,1287.583,465.752,211.409,70.000,-221.000,0.000,0.000,44.000,-93.000,0.000,0.000,44.000,-93.000,0.000,0.000,424.800,-106.500,0.000,0.000,424.800,-106.500,0.000,0.000,593.920,-53.217,0.325,-0.946,1.000,-1.000,0,0
542.900,-301.687,0.707,-0.708,0,749.316,-128.927,269.174,0,460.532,1121.467,0,0,1287.358,479.734,228.135,70.000,-221.000,0.000,0.000,44.000,-93.000,0.000,0.000,44.000,-93.000,0.000,0.000,424.800,-106.500,0.000,0.000,424.800,-106.500,0.000,0.000,596.723,-61.376,0.325,-0.946,1.000,-1.000,0,0
553.568,-303.722,0.932,-0.362,0,749.108,-129.380,261.976,0,459.441,1132.258,0,0,1287.212,490.592,235.537,70.000,-221.000,0.000,0.000,44.000,-93.000,0.000,0.000,44.000,-93.000,0.000,0.000,424.800,-106.500,0.000,0.000,424.800,-106.500,0.000,0.000,598.591,-66.814,0.325,-0.946,1.000,0.000,0,0
570.834,-303.722,0.996,-0.088,0,748.804,-130.042,248.672,0,455.019,1148.763,0,0,1286.997,507.620,230.781,70.000,-221.000,0.000,0.000,44.000,-93.000,0.000,0.000,44.000,-93.000,0.000,0.000,601.394,-74.973,0.325,-0.946,424.800,-106.500,0.000,0.000,424.800,-106.500,0.000,0.000,1.000,0.000,0,0
582.345,-303.722,1.000,-0.030,0,748.606,-130.473,240.120,0,452.413,1159.779,0,0,1286.856,518.980,224.287,70.000,-221.000,0.000,0.000,44.000,-93.000,0.000,0.000,44.000,-93.000,0.000,0.000,603.263,-80.412,0.325,-0.946,424.800,-106.500,0.000,0.000,424.800,-106.500,0.000,0.000,1.000,0.000,0,0
599.612,-303.722,1.000,-0.007,0,748.317,-131.103,227.839,0,449.030,1176.320,0,0,1286.649,536.033,229.159,70.000,-221.000,0.000,0.000,44.000,-93.000,0.000,0.000,44.000,-93.000,0.000,0.000,604.380,-74.612,0.090,0.996,424.800,-106.500,0.000,0.000,424.800,-106.500,0.000,0.000,1.000,0.000,0,0
605.367,-303.722,1.000,-0.004,0,748.129,-131.513,223.689,0,448.044,1181.838,0,0,1286.514,541.721,234.837,70.000,-221.000,0.000,0.000,44.000,-93.000,0.000,0.000,44.000,-93.000,0.000,0.000,604.901,-68.885,0.090,0.996,424.800,-106.500,0.000,0.000,424.800,-106.500,0.000,0.000,0.000,0.000,0,0
605.367,-303.722,1.000,-0.004,0,747.899,-132.013,223.157,0,448.044,1181.838,0,0,1286.348,541.721,241.996,70.000,-221.000,0.000,0.000,44.000,-93.000,0.000,0.000,44.000,-93.000,0.000,0.000,605.551,-61.726,0.090,0.996,424.800,-106.500,0.000,0.000,424.800,-106.500,0.000,0.000,0.000,0.000,0,0
605.367,-303.722,1.000,-0.004,0,747.675,-132.502,222.639,0,448.044,1181.838,0,0,1286.185,541.721,249.157,70.000,-221.000,0.000,0.000,44.000,-93.000,0.000,0.000,44.000,-93.000,0.000,0.000,606.201,-54.567,0.090,0.996,424.800,-106.500,0.000,0.000,424.800,-106.500,0.000,0.000,0.000,0.000,0,0
605.367,-303.722,1.000,-0.004,0,747.456,-132.978,222.135,0,448.044,1181.838,0,0,1286.025,541.721,256.319,70.000,-221.000,0.000,0.000,44.000,-93.000,0.000,0.000,44.000,-93.000,0.000,0.000,606.852,-47.407,0.090,0.996,424.800,-106.500,0.000,0.000,424.800,-106.500,0.000,0.000,0.000,0.000,0,0
605.367,-303.722,1.000,-0.004,0,747.201,-133.534,221.547,0,448.044,1181.838,0,0,1285.838,541.721,264.915,70.000,-221.000,0.000,0.000,44.000,-93.000,0.000,0.000,44.000,-93.000,0.000,0.000,607.632,-38.816,0.090,0.996,424.800,-106.500,0.000,0.000,424.800,-106.500,0.000,0.000,0.000,0.000,0,0
605.367,-303.722,1.000,-0.004,0,746.994,-133.984,221.073,0,448.044,1181.838,0,0,1285.685,541.721,267.397,70.000,-221.000,0.000,0.000,44.000,-93.000,0.000,0.000,44.000,-93.000,0.000,0.000,424.800,-106.500,0.000,0.000,424.800,-106.500,0.000,0.000,608.282,-31.657,0.090,0.996,0.000,0.000,0,0
605.367,-303.722,1.000,-0.004,0,746.832,-134.337,220.703,0,448.044,1181.838,0,0,1285.565,541.721,267.397,70.000,-221.000,0.000,0.000,44.000,-93.000,0.000,0.000,44.000,-93.000,0.000,0.000,424.800,-106.500,0.000,0.000,424.800,-106.500,0.000,0.000,608.803,-25.930,0.090,0.996,0.000,0.000,0,0
605.367,-303.722,1.000,-0.004,0,746.635,-134.767,220.254,0,448.044,1181.838,0,0,1285.418,541.721,267.397,70.000,-221.000,0.000,0.000,230.399,159.752,0.765,-0.644,230.399,159.752,0.765,-0.644,424.800,-106.500,0.000,0.000,424.800,-106.500,0.000,0.000,498.192,-42.154,0.937,-0.349,0.000,0.000,0,0
605.367,-303.722,1.000,-0.004,0,746.404,-135.270,219.735,0,448.044,1181.838,0,0,1285.245,541.721,267.397,70.000,-221.000,0.000,0.000,237.001,154.199,0.765,-0.644,237.001,154.199,0.765,-0.644,424.800,-106.500,0.000,0.000,424.800,-106.500,0.000,0.000,506.272,-45.174,0.936,-0.351,0.000,0.000,0,0
605.367,-303.722,1.000,-0.004,0,746.254,-135.597,219.401,0,448.044,1181.838,0,0,1285.133,541.721,267.397,70.000,-221.000,0.000,0.000,241.402,150.497,0.765,-0.644,241.402,150.497,0.765,-0.644,424.800,-106.500,0.000,0.000,424.800,-106.500,0.000,0.000,511.655,-47.197,0.936,-0.353,0.000,0.000,0,0
605.367,-303.722,1.000,-0.004,0,746.071,-135.997,218.998,0,448.044,1181.838,0,0,1284.996,541.721,267.397,70.000,-221.000,0.000,0.000,246.904,145.870,0.765,-0.644,246.904,145.870,0.765,-0.644,424.800,-106.500,0.000,0.000,424.800,-106.500,0.000,0.000,518.381,-49.737,0.935,-0.354,0.000,0.000,0,0
605.367,-303.722,1.000,-0.004,0,643.000,-293.000,39.612,0,448.044,1181.838,0,0,1215.008,541.721,263.410,70.000,-221.000,0.000,0.000,252.405,141.243,0.765,-0.644,252.405,141.243,0.765,-0.644,524.395,-53.066,0.443,-0.897,524.395,-53.066,0.443,-0.897,424.800,-106.500,0.000,0.000,0.000,0.000,0,0
605.367,-303.722,1.000,-0.004,0,642.648,-292.773,39.216,0,448.044,1181.838,0,0,1214.615,541.721,256.301,70.000,-221.000,0.000,0.000,257.906,136.615,0.765,-0.644,257.906,136.615,0.765,-0.644,527.579,-59.511,0.442,-0.897,527.579,-59.511,0.442,-0.897,424.800,-106.500,0.000,0.000,0.000,0.000,0,0
605.367,-303.722,1.000,-0.004,0,642.187,-292.475,38.757,0,448.044,1181.838,0,0,1214.099,541.721,249.194,70.000,-221.000,0.000,0.000,263.408,131.988,0.765,-0.644,263.408,131.988,0.765,-0.644,530.756,-65.959,0.441,-0.897,530.756,-65.959,0.441,-0.897,424.800,-106.500,0.000,0.000,0.000,0.000,0,0
611.123,-303.722,1.000,-0.002,0,641.602,-292.098,32.806,0,447.130,1187.359,0,0,1213.444,547.409,242.427,70.000,-221.000,0.000,0.000,270.010,126.435,0.765,-0.644,270.010,126.435,0.765,-0.644,534.559,-73.702,0.440,-0.898,534.559,-73.702,0.440,-0.898,424.800,-106.500,0.000,0.000,1.000,0.000,0,0
621.297,-293.547,0.859,0.512,1,634.297,-285.799,15.133,1,435.613,1194.319,0,0,1204.774,540.451,229.158,275.511,121.808,0.765,-0.644,275.511,121.808,0.765,-0.644,70.000,-221.000,0.000,0.000,537.487,-80.265,0.416,-0.910,537.487,-80.265,0.416,-0.910,424.800,-106.500,0.000,0.000,0.000,1.000,0,0
613.158,-282.530,-0.170,0.986,1,610.591,-267.616,15.133,1,425.892,1183.523,0,0,1177.179,519.701,208.784,281.012,117.180,0.765,-0.644,281.012,117.180,0.765,-0.644,70.000,-221.000,0.000,0.000,540.440,-86.818,0.383,-0.924,540.440,-86.818,0.383,-0.924,424.800,-106.500,0.000,0.000,-1.000,1.000,0,0
605.018,-274.390,-0.548,0.836,1,596.725,-261.732,15.133,1,419.224,1173.533,0,0,1162.277,502.583,192.628,285.414,113.478,0.765,-0.644,285.414,113.478,0.765,-0.644,70.000,-221.000,0.000,0.000,542.389,-92.228,0.305,-0.952,542.389,-92.228,0.305,-0.952,424.800,-106.500,0.000,0.000,-1.000,1.000,0,0
594.844,-264.216,-0.666,0.746,1,584.764,-252.928,15.133,1,411.191,1161.086,0,0,1148.499,481.199,172.622,290.915,108.851,0.765,-0.644,290.915,108.851,0.765,-0.644,70.000,-221.000,0.000,0.000,544.434,-99.119,0.254,-0.967,544.434,-99.119,0.254,-0.967,424.800,-106.500,0.000,0.000,-1.000,1.000,0,0
584.670,-254.042,-0.696,0.718,1,574.138,-243.174,15.133,1,403.511,1148.683,0,0,1135.814,459.831,152.876,296.416,104.224,0.765,-0.644,296.416,104.224,0.765,-0.644,70.000,-221.000,0.000,0.000,546.109,-106.109,0.200,-0.980,546.109,-106.109,0.200,-0.980,481.255,-67.481,0.467,-0.884,-1.000,1.000,0,0
574.496,-243.867,-0.704,0.711,1,563.847,-233.115,15.133,1,396.205,1136.328,0,0,1123.424,438.481,133.468,301.918,99.596,0.765,-0.644,301.918,99.596,0.765,-0.644,70.000,-221.000,0.000,0.000,547.373,-113.184,0.136,-0.991,547.373,-113.184,0.136,-0.991,484.555,-73.867,0.446,-0.895,-1.000,1.000,0,0
562.286,-231.658,-0.706,0.708,1,551.597,-220.946,15.133,1,387.960,1121.565,0,0,1108.694,412.891,110.790,308.519,94.044,0.765,-0.644,308.519,94.044,0.765,-0.644,70.000,-221.000,0.000,0.000,548.203,-121.767,0.054,-0.999,548.203,-121.767,0.054,-0.999,488.290,-81.643,0.420,-0.908,-1.000,1.000,0,0
554.147,-223.519,-0.707,0.707,1,543.450,-212.814,15.133,1,382.798,1111.764,0,0,1098.931,395.852,96.185,312.921,90.342,0.765,-0.644,312.921,90.342,0.765,-0.644,70.000,-221.000,0.000,0.000,548.216,-127.517,-0.056,-0.998,548.216,-127.517,-0.056,-0.998,490.614,-86.903,0.387,-0.922,-1.000,1.000,0,0
540.601,-221.484,-0.959,0.282,1,526.083,-217.214,15.133,1,385.541,1098.114,0,0,1083.005,379.123,87.110,318.422,85.714,0.765,-0.644,318.422,85.714,0.765,-0.644,70.000,-221.000,0.000,0.000,547.258,-134.628,-0.248,-0.969,547.258,-134.628,-0.248,-0.969,493.066,-93.654,0.258,-0.966,-1.000,0.000,0,0
523.335,-221.484,-0.998,0.065,1,508.234,-220.495,15.133,1,392.084,1081.319,0,0,1066.409,360.995,81.493,325.024,80.162,0.765,-0.644,325.024,80.162,0.765,-0.644,70.000,-221.000,0.000,0.000,544.468,-142.778,-0.395,-0.919,544.468,-142.778,-0.395,-0.919,494.769,-102.103,0.137,-0.991,-1.000,0.000,0,0
508.946,-221.484,-1.000,0.019,1,493.815,-221.201,15.133,1,398.026,1067.334,0,0,1052.573,346.488,79.187,330.525,75.534,0.765,-0.644,330.525,75.534,0.765,-0.644,70.000,-221.000,0.000,0.000,541.060,-149.101,-0.524,-0.851,541.060,-149.101,-0.524,-0.851,495.225,-109.273,0.013,-1.000,-1.000,0.000,0,0
494.557,-221.484,-1.000,0.004,1,479.424,-221.418,15.133,1,404.394,1053.361,0,0,1038.661,332.602,78.865,336.026,70.907,0.765,-0.644,336.026,70.907,0.765,-0.644,70.000,-221.000,0.000,0.000,536.806,-154.890,-0.634,-0.773,536.806,-154.890,-0.634,-0.773,494.757,-116.441,-0.118,-0.993,-1.000,0.000,0,0
483.046,-221.484,-1.000,0.001,1,467.913,-221.462,15.133,1,409.780,1042.190,0,0,1027.510,321.996,79.851,340.428,67.205,0.765,-0.644,340.428,67.205,0.765,-0.644,70.000,-221.000,0.000,0.000,532.896,-159.104,-0.722,-0.692,532.896,-159.104,-0.722,-0.692,493.696,-122.090,-0.251,-0.968,-1.000,0.000,0,0
468.658,-221.484,-1.000,0.000,1,453.524,-221.477,15.133,1,416.863,1028.237,0,0,1013.574,309.440,82.366,345.929,62.578,0.892,0.452,345.929,62.578,0.892,0.452,70.000,-221.000,0.000,0.000,527.505,-163.855,-0.789,-0.614,527.505,-163.855,-0.789,-0.614,491.516,-128.935,-0.380,-0.925,-1.000,0.000,0,0
456.797,-215.379,-0.918,0.396,1,442.904,-209.381,15.133,1,417.805,1015.247,0,0,1000.318,299.983,80.310,352.340,65.830,0.892,0.452,352.340,65.830,0.892,0.452,70.000,-221.000,0.000,0.000,521.614,-167.962,-0.885,-0.466,521.614,-167.962,-0.885,-0.466,488.405,-135.408,-0.524,-0.852,-1.000,1.000,0,0
446.623,-205.205,-0.785,0.619,1,434.740,-195.834,15.133,1,414.858,1002.937,0,0,989.204,288.019,74.195,358.751,69.082,0.892,0.452,358.751,69.082,0.892,0.452,70.000,-221.000,0.000,0.000,484.214,-141.237,-0.671,-0.741,484.214,-141.237,-0.671,-0.741,515.027,-170.814,-0.955,-0.298,-1.000,1.000,0,0
436.449,-195.030,-0.730,0.683,1,425.400,-184.690,15.133,1,412.392,990.684,0,0,977.598,276.705,64.797,365.162,72.334,0.892,0.452,365.162,72.334,0.892,0.452,70.000,-221.000,0.000,0.000,478.973,-146.139,-0.812,-0.584,478.973,-146.139,-0.812,-0.584,508.047,-172.505,-0.989,-0.146,-1.000,1.000,0,0
426.274,-184.856,-0.714,0.701,1,415.476,-174.253,15.133,1,410.416,978.488,0,0,965.652,266.125,58.257,371.573,75.586,0.892,0.452,371.573,75.586,0.892,0.452,70.000,-221.000,0.000,0.000,472.802,-149.799,-0.920,-0.392,472.802,-149.799,-0.920,-0.392,500.893,-173.159,-1.000,-0.013,-1.000,1.000,0,0
416.100,-174.682,-0.709,0.705,1,405.372,-164.008,15.133,1,408.937,966.352,0,0,953.635,256.369,54.782,377.984,78.838,0.892,0.452,377.984,78.838,0.892,0.452,70.000,-221.000,0.000,0.000,465.986,-152.043,-0.981,-0.194,465.986,-152.043,-0.981,-0.194,424.800,-106.500,0.000,0.000,-1.000,1.000,0,0
403.891,-162.472,-0.707,0.707,1,393.184,-151.778,15.133,1,407.826,951.872,0,0,939.255,245.889,54.375,385.677,82.741,0.892,0.452,385.677,82.741,0.892,0.452,70.000,-221.000,0.000,0.000,457.421,-152.924,-1.000,-0.014,457.421,-152.924,-1.000,-0.014,424.800,-106.500,0.000,0.000,-1.000,1.000,0,0
393.716,-152.298,-0.707,0.707,1,383.014,-141.599,15.133,1,407.457,939.878,0,0,927.335,238.297,55.350,392.088,85.993,0.892,0.452,392.088,85.993,0.892,0.452,70.000,-221.000,0.000,0.000,424.800,-106.500,0.000,0.000,424.800,-106.500,0.000,0.000,450.260,-152.372,-0.991,0.133,-1.000,1.000,0,0
385.577,-144.159,-0.707,0.707,1,636.886,-286.912,289.024,1,407.527,930.331,0,0,1207.564,233.045,54.375,397.217,88.595,0.892,0.452,397.217,88.595,0.892,0.452,70.000,-221.000,0.000,0.000,424.800,-106.500,0.000,0.000,424.800,-106.500,0.000,0.000,449.763,-153.559,0.814,-0.580,-1.000,1.000,0,0
375.402,-133.984,-0.707,0.707,1,626.706,-276.748,289.024,1,408.072,918.461,0,0,1195.090,227.589,56.529,403.628,91.847,0.892,0.452,403.628,91.847,0.892,0.452,70.000,-221.000,0.000,0.000,424.800,-106.500,0.000,0.000,424.800,-106.500,0.000,0.000,455.635,-157.705,0.821,-0.571,-1.000,1.000,0,0
363.193,-121.775,-0.707,0.707,1,640.965,-290.965,325.242,1,409.393,904.313,0,0,1212.569,222.785,63.472,411.321,95.750,0.892,0.452,411.321,95.750,0.892,0.452,70.000,-221.000,0.000,0.000,424.800,-106.500,0.000,0.000,424.800,-106.500,0.000,0.000,462.748,-162.586,0.828,-0.560,-1.000,1.000,0,0
359.123,-111.950,-0.451,0.892,1,570.304,-359.306,325.242,1,406.431,898.689,0,0,1165.668,217.975,65.902,416.450,98.352,0.892,0.452,416.450,98.352,0.892,0.452,70.000,-221.000,0.000,0.000,424.800,-106.500,0.000,0.000,424.800,-106.500,0.000,0.000,467.301,-166.084,0.470,-0.882,0.000,1.000,0,0
359.123,-94.683,-0.108,0.994,1,469.654,-400.568,325.242,1,396.051,896.106,0,0,1087.072,207.393,66.731,424.143,102.254,0.892,0.452,424.143,102.254,0.892,0.452,44.000,-93.000,0.000,0.000,424.800,-106.500,0.000,0.000,424.800,-106.500,0.000,0.000,469.246,-174.385,0.044,-0.999,0.000,1.000,0,0
361.158,-84.015,0.066,0.998,1,417.052,-404.419,325.242,1,388.212,896.692,0,0,1040.612,200.778,67.497,429.272,104.856,0.892,0.452,429.272,104.856,0.892,0.452,242.888,193.769,0.555,-0.832,424.800,-106.500,0.000,0.000,424.800,-106.500,0.000,0.000,469.004,-180.128,-0.226,-0.974,1.000,1.000,0,0
375.053,-75.876,0.759,0.651,1,184.967,-339.788,325.242,1,372.175,909.480,0,0,803.728,194.738,58.417,436.965,108.759,0.892,0.452,436.965,108.759,0.892,0.452,247.672,186.590,0.555,-0.832,424.800,-106.500,0.000,0.000,424.800,-106.500,0.000,0.000,464.373,-187.171,-0.779,-0.627,1.000,0.000,0,0
389.442,-75.876,0.980,0.197,1,94.739,-213.473,325.242,1,360.508,923.769,0,0,669.156,195.474,46.776,443.376,112.011,0.892,0.452,443.376,112.011,0.892,0.452,251.658,180.608,0.555,-0.832,424.800,-106.500,0.000,0.000,424.800,-106.500,0.000,0.000,457.501,-189.043,-0.994,-0.111,1.000,0.000,0,0
400.110,-77.911,1.000,-0.025,1,82.222,-146.684,325.242,1,353.227,934.599,0,0,635.732,198.513,37.775,448.505,114.612,0.892,0.452,448.505,114.612,0.892,0.452,254.847,175.822,0.555,-0.832,424.800,-106.500,0.000,0.000,424.800,-106.500,0.000,0.000,451.754,-189.125,-0.993,0.114,1.000,-1.000,0,0
410.285,-88.085,0.840,-0.543,0,57.660,-86.488,352.628,1,351.691,945.930,0,0,597.516,206.236,23.448,452.795,113.723,0.154,-0.988,452.795,113.723,0.154,-0.988,258.834,169.840,0.555,-0.832,424.800,-106.500,0.000,0.000,424.800,-106.500,0.000,0.000,444.795,-187.402,-0.968,0.252,1.000,-1.000,0,0
420.459,-98.259,0.747,-0.665,0,57.660,-86.488,362.989,1,350.739,957.342,0,0,597.516,207.591,9.314,453.903,106.620,0.154,-0.988,453.903,106.620,0.154,-0.988,262.820,163.858,0.555,-0.832,424.800,-106.500,0.000,0.000,424.800,-106.500,0.000,0.000,437.839,-185.589,-0.968,0.252,1.000,-1.000,0,0
434.354,-106.399,0.865,-0.502,0,57.660,-86.488,377.219,1,346.307,972.226,0,0,597.516,205.559,9.554,455.233,98.097,0.154,-0.988,455.233,98.097,0.154,-0.988,267.604,156.680,0.555,-0.832,424.800,-106.500,0.000,0.000,424.800,-106.500,0.000,0.000,429.491,-183.413,-0.968,0.252,1.000,0.000,0,0
448.743,-106.399,0.989,-0.147,0,57.660,-86.488,391.589,1,336.283,986.471,0,0,597.516,197.539,23.943,456.341,90.994,0.154,-0.988,456.341,90.994,0.154,-0.988,271.590,150.698,0.555,-0.832,424.800,-106.500,0.000,0.000,424.800,-106.500,0.000,0.000,422.535,-181.600,-0.968,0.252,1.000,1.000,0,0
458.917,-96.225,0.863,0.505,0,57.660,-86.488,401.375,1,321.917,995.195,0,0,597.516,180.122,35.631,457.450,83.891,0.154,-0.988,457.450,83.891,0.154,-0.988,275.576,144.715,0.555,-0.832,424.800,-106.500,0.000,0.000,424.800,-106.500,0.000,0.000,415.579,-179.786,-0.968,0.252,1.000,1.000,0,0
462.987,-86.399,0.588,0.809,0,57.660,-86.488,405.326,1,312.009,998.029,0,0,597.516,164.674,43.154,458.337,78.209,0.154,-0.988,458.337,78.209,0.154,-0.988,278.765,139.930,0.555,-0.832,424.800,-106.500,0.000,0.000,424.800,-106.500,0.000,0.000,410.014,-178.336,-0.968,0.252,0.000,1.000,0,0
454.847,-75.382,-0.298,0.955,0,57.660,-86.488,397.342,1,310.026,988.703,0,0,597.516,146.561,43.257,459.445,71.106,0.154,-0.988,459.445,71.106,0.154,-0.988,282.752,133.948,0.555,-0.832,424.800,-106.500,0.000,0.000,424.800,-106.500,0.000,0.000,403.058,-176.522,-0.968,0.252,-1.000,1.000,0,0
444.673,-65.208,-0.612,0.791,0,57.660,-86.488,387.597,1,310.726,977.536,0,0,597.516,130.184,45.826,460.553,64.003,0.154,-0.988,460.553,64.003,0.154,-0.988,286.738,127.965,0.555,-0.832,424.800,-106.500,0.000,0.000,424.800,-106.500,0.000,0.000,396.102,-174.709,-0.968,0.252,-1.000,1.000,0,1
434.499,-55.033,-0.682,0.731,0,57.660,-86.488,378.149,1,312.088,966.455,0,0,597.516,115.183,52.372,461.662,56.901,0.154,-0.988,461.662,56.901,0.154,-0.988,290.725,121.983,0.555,-0.832,424.800,-106.500,0.000,0.000,424.800,-106.500,0.000,0.000,389.145,-172.895,-0.968,0.252,0.000,1.000,0,0
434.499,-37.767,-0.202,0.979,0,57.660,-86.488,379.975,1,301.719,965.073,0,0,597.516,90.734,69.414,462.992,48.377,0.154,-0.988,462.992,48.377,0.154,-0.988,295.508,114.805,0.555,-0.832,424.800,-106.500,0.000,0.000,424.800,-106.500,0.000,0.000,380.798,-170.719,-0.968,0.252,0.000,1.000,0,0
439.411,-27.099,0.343,0.939,0,57.660,-86.488,386.343,1,291.581,969.276,0,0,597.516,72.695,80.734,464.100,41.275,0.154,-0.988,464.100,41.275,0.154,-0.988,299.495,108.823,0.555,-0.832,424.800,-106.500,0.000,0.000,424.800,-106.500,0.000,0.000,373.842,-168.906,-0.968,0.252,1.000,0.000,0,0
453.800,-27.099,0.949,0.317,0,57.660,-86.488,400.566,1,279.862,983.638,0,0,597.516,62.324,84.531,465.209,34.172,0.154,-0.988,465.209,34.172,0.154,-0.988,303.481,102.840,0.555,-0.832,424.800,-106.500,0.000,0.000,424.800,-106.500,0.000,0.000,366.886,-167.093,-0.968,0.252,1.000,0.000,0,0
448.044,-27.099,0.629,0.777,0,57.660,-86.488,394.876,1,284.520,977.893,0,0,597.516,58.446,82.734,466.095,28.490,0.154,-0.988,466.095,28.490,0.154,-0.988,306.670,98.055,0.555,-0.832,424.800,-106.500,0.000,0.000,424.800,-106.500,0.000,0.000,361.321,-165.642,-0.968,0.252,-1.000,0.000,0,0
433.656,-27.099,-0.550,0.835,0,57.660,-86.488,380.657,1,296.334,963.532,0,0,597.516,58.961,79.893,467.204,21.387,0.154,-0.988,467.204,21.387,0.154,-0.988,310.657,92.073,0.555,-0.832,424.800,-106.500,0.000,0.000,424.800,-106.500,0.000,0.000,354.365,-163.829,-0.968,0.252,-1.000,0.000,0,0
419.267,-27.099,-0.993,0.118,0,57.660,-86.488,366.451,1,308.366,949.171,0,0,597.516,64.172,79.594,468.312,14.284,0.154,-0.988,468.312,14.284,0.154,-0.988,314.643,86.090,0.555,-0.832,424.800,-106.500,0.000,0.000,424.800,-106.500,0.000,0.000,347.408,-162.016,-0.968,0.252,-1.000,0.000,0,0
404.878,-27.099,-1.000,0.031,0,57.660,-86.488,352.260,1,320.593,934.812,0,0,597.516,73.081,81.862,469.421,7.182,0.154,-0.988,469.421,7.182,0.154,-0.988,318.630,80.108,0.555,-0.832,424.800,-106.500,0.000,0.000,424.800,-106.500,0.000,0.000,340.452,-160.202,-0.968,0.252,-1.000,0.000,0,0
390.489,-27.099,-1.000,0.008,0,57.660,-86.488,338.086,1,332.993,920.453,0,0,597.516,84.528,86.497,470.529,0.079,0.154,-0.988,470.529,0.079,0.154,-0.988,322.616,74.126,0.555,-0.832,424.800,-106.500,0.000,0.000,424.800,-106.500,0.000,0.000,333.496,-158.389,-0.968,0.252,-1.000,0.000,0,0
373.223,-27.099,-1.000,0.002,0,57.660,-86.488,321.102,1,348.074,903.225,0,0,597.516,100.385,94.682,471.859,-8.444,0.154,-0.988,471.859,-8.444,0.154,-0.988,327.400,66.948,0.555,-0.832,424.800,-106.500,0.000,0.000,424.800,-106.500,0.000,0.000,325.149,-156.213,-0.968,0.252,-1.000,0.000,0,0
361.712,-27.099,-1.000,0.001,0,57.660,-86.488,309.797,1,358.238,891.739,0,0,597.516,94.531,101.413,330.589,62.162,0.555,-0.832,330.589,62.162,0.555,-0.832,472.746,-14.127,0.154,-0.988,424.800,-106.500,0.000,0.000,424.800,-106.500,0.000,0.000,319.584,-154.763,-0.968,0.252,-1.000,0.000,0,0
351.044,-22.186,-0.953,0.304,0,57.660,-86.488,300.347,1,365.551,880.786,0,0,597.516,80.078,112.021,334.576,56.180,0.555,-0.832,334.576,56.180,0.555,-0.832,473.854,-21.229,0.154,-0.988,424.800,-106.500,0.000,0.000,424.800,-106.500,0.000,0.000,312.627,-152.949,-0.968,0.252,0.000,1.000,0,0
351.044,-7.798,-0.332,0.943,0,57.660,-86.488,303.753,1,359.483,880.036,0,0,597.516,59.323,123.216,338.562,50.198,0.555,-0.832,338.562,50.198,0.555,-0.832,474.963,-28.332,0.154,-0.988,424.800,-106.500,0.000,0.000,424.800,-106.500,0.000,0.000,305.671,-151.136,-0.968,0.252,0.000,1.000,0,0
351.044,6.591,-0.094,0.996,0,57.660,-86.488,307.795,1,353.895,879.521,0,0,597.516,38.572,135.017,342.548,44.216,0.555,-0.832,342.548,44.216,0.555,-0.832,476.071,-35.435,0.154,-0.988,424.800,-106.500,0.000,0.000,424.800,-106.500,0.000,0.000,298.715,-149.323,-0.968,0.252,0.000,1.000,0,0
351.044,20.980,-0.026,1.000,0,57.660,-86.488,312.447,1,348.813,879.241,0,0,597.516,17.833,147.279,346.535,38.233,0.555,-0.832,346.535,38.233,0.555,-0.832,477.179,-42.538,0.154,-0.988,424.800,-106.500,0.000,0.000,424.800,-106.500,0.000,0.000,291.759,-147.509,-0.968,0.252,0.000,1.000,0,0
341.219,30.805,-0.712,0.702,0,57.660,-86.488,306.860,1,354.988,869.361,0,0,597.516,10.103,160.744,351.319,31.055,0.555,-0.832,351.319,31.055,0.555,-0.832,478.509,-51.061,0.154,-0.988,424.800,-106.500,0.000,0.000,424.800,-106.500,0.000,0.000,283.411,-145.333,-0.968,0.252,-1.000,0.000,0,0
326.830,30.805,-0.976,0.220,0,57.660,-86.488,293.615,1,368.717,854.975,0,0,597.516,26.478,168.674,352.259,38.182,0.131,0.991,352.259,38.182,0.131,0.991,479.618,-58.164,0.154,-0.988,424.800,-106.500,0.000,0.000,424.800,-106.500,0.000,0.000,276.455,-143.520,-0.968,0.252,-1.000,0.000,0,0
312.441,30.805,-0.998,0.061,0,57.660,-86.488,280.483,1,382.495,840.589,0,0,597.516,43.262,177.418,353.200,45.309,0.131,0.991,353.200,45.309,0.131,0.991,480.726,-65.266,0.154,-0.988,424.800,-106.500,0.000,0.000,424.800,-106.500,0.000,0.000,269.499,-141.707,-0.968,0.252,-1.000,0.000,0,0
300.930,30.805,-1.000,0.021,0,57.660,-86.488,270.070,1,393.549,829.080,0,0,597.516,56.742,175.016,353.953,51.010,0.131,0.991,353.953,51.010,0.131,0.991,481.613,-70.949,0.154,-0.988,263.934,-140.256,-0.968,0.252,263.934,-140.256,-0.968,0.252,290.283,-152.471,-0.962,0.273,-1.000,0.000,0,0
286.541,30.805,-1.000,0.006,0,57.660,-86.488,257.185,1,407.402,814.694,0,0,597.516,73.614,171.811,354.893,58.137,0.131,0.991,354.893,58.137,0.131,0.991,482.721,-78.051,0.154,-0.988,256.978,-138.443,-0.968,0.252,256.978,-138.443,-0.968,0.252,283.367,-150.509,-0.962,0.273,-1.000,0.000,0,0
272.153,30.805,-1.000,0.002,0,57.660,-86.488,244.468,1,421.291,800.308,0,0,597.516,90.498,168.891,355.834,65.264,0.131,0.991,355.834,65.264,0.131,0.991,483.830,-85.154,0.154,-0.988,250.021,-136.630,-0.968,0.252,250.021,-136.630,-0.968,0.252,276.451,-148.547,-0.962,0.273,-1.000,0.000,0,0
257.764,30.805,-1.000,0.000,0,57.660,-86.488,231.946,1,435.212,785.922,0,0,597.516,107.390,166.272,356.775,72.391,0.131,0.991,356.775,72.391,0.131,0.991,44.000,-93.000,0.000,0.000,243.065,-134.816,-0.968,0.252,243.065,-134.816,-0.968,0.252,269.535,-146.586,-0.962,0.273,-1.000,0.000,0,0
243.375,30.805,-1.000,0.000,0,64.828,-83.071,211.771,0,449.163,771.536,0,0,603.889,124.284,163.950,357.715,79.518,0.131,0.991,357.715,79.518,0.131,0.991,44.000,-93.000,0.000,0.000,236.114,-132.984,-0.960,0.280,236.114,-132.984,-0.960,0.280,262.624,-144.607,-0.955,0.297,-1.000,0.000,1,0
226.109,30.805,-1.000,0.000,0,85.904,-73.024,174.465,0,465.939,754.273,0,0,622.833,144.561,161.061,358.844,88.070,0.131,0.991,358.844,88.070,0.131,0.991,44.000,-93.000,0.000,0.000,227.937,-130.245,-0.934,0.357,227.937,-130.245,-0.934,0.357,108.800,-94.600,0.000,0.000,-1.000,0.000,0,0
214.598,30.805,-1.000,0.000,0,99.606,-66.492,150.632,0,477.143,742.765,0,0,635.306,158.081,158.953,359.597,93.772,0.131,0.991,359.597,93.772,0.131,0.991,44.000,-93.000,0.000,0.000,222.669,-127.943,-0.895,0.447,222.669,-127.943,-0.895,0.447,108.800,-94.600,0.000,0.000,-1.000,0.000,0,0
197.332,30.805,-1.000,0.000,0,119.652,-56.936,117.188,0,493.975,725.502,0,0,653.755,178.361,153.507,360.726,102.324,0.131,0.991,360.726,102.324,0.131,0.991,44.000,-93.000,0.000,0.000,108.800,-94.600,0.000,0.000,108.800,-94.600,0.000,0.000,215.195,-123.650,-0.835,0.550,-1.000,0.000,0,0
205.965,30.805,-0.753,-0.658,0,132.684,-50.723,109.626,0,485.555,734.134,0,0,665.872,173.630,151.037,361.478,108.025,0.131,0.991,361.478,108.025,0.131,0.991,44.000,-93.000,0.000,0.000,210.628,-120.160,-0.747,0.665,210.628,-120.160,-0.747,0.665,108.800,-94.600,0.000,0.000,1.000,0.000,0,0
220.353,30.805,0.310,-0.951,0,148.612,-43.130,103.030,0,471.539,748.519,0,0,680.801,165.218,146.585,362.419,115.152,0.131,0.991,362.419,115.152,0.131,0.991,44.000,-93.000,0.000,0.000,205.598,-115.036,-0.621,0.784,205.598,-115.036,-0.621,0.784,231.488,-127.354,-0.701,0.713,1.000,0.000,0,0
223.231,30.805,0.752,-0.659,0,164.145,-35.725,89.001,0,468.739,751.396,0,0,695.481,167.342,141.551,363.360,122.279,0.131,0.991,363.360,122.279,0.131,0.991,44.000,-93.000,0.000,0.000,201.589,-109.082,-0.455,0.891,201.589,-109.082,-0.455,0.891,226.757,-121.950,-0.588,0.809,-1.000,0.000,0,0
208.842,30.805,-0.410,-0.912,0,179.294,-28.504,66.312,0,482.750,737.011,0,0,709.906,184.090,133.615,364.300,129.406,0.131,0.991,364.300,129.406,0.131,0.991,44.000,-93.000,0.000,0.000,198.879,-102.438,-0.256,0.967,198.879,-102.438,-0.256,0.967,222.924,-115.878,-0.447,0.895,0.000,0.000,0,0
220.353,30.805,0.166,-0.986,0,196.979,-20.073,56.097,0,471.539,748.519,0,0,726.873,180.357,126.803,365.429,137.958,0.131,0.991,365.429,137.958,0.131,0.991,44.000,-93.000,0.000,0.000,197.569,-93.934,-0.048,0.999,197.569,-93.934,-0.048,0.999,219.759,-107.869,-0.285,0.959,1.000,0.000,0,0
214.598,30.805,0.148,-0.989,0,208.477,-14.592,45.990,0,477.143,742.765,0,0,737.972,188.981,120.172,366.182,143.660,0.131,0.991,366.182,143.660,0.131,0.991,44.000,-93.000,0.000,0.000,197.856,-88.195,0.143,0.990,197.856,-88.195,0.143,0.990,218.608,-102.239,-0.115,0.993,-1.000,0.000,0,0
211.720,30.805,-0.331,-0.944,0,225.297,-6.574,40.098,0,479.946,739.888,0,0,754.303,197.353,111.249,367.311,152.212,0.131,0.991,367.311,152.212,0.131,0.991,44.000,-93.000,0.000,0.000,199.793,-79.803,0.301,0.953,199.793,-79.803,0.301,0.953,218.332,-93.631,0.049,0.999,1.000,0.000,0,0
223.231,30.805,0.624,-0.781,0,236.232,-1.361,35.190,0,468.739,751.396,0,0,764.976,192.699,107.399,368.063,157.914,0.131,0.991,368.063,157.914,0.131,0.991,44.000,-93.000,0.000,0.000,201.902,-74.455,0.425,0.905,201.902,-74.455,0.425,0.905,219.045,-87.927,0.195,0.981,1.000,0.000,0,0
237.620,30.805,0.988,-0.155,1,252.571,28.464,15.133,1,454.751,765.782,0,0,780.733,187.832,103.996,369.004,165.040,0.131,0.991,369.004,165.040,0.131,0.991,44.000,-93.000,0.000,0.000,204.763,-67.864,0.445,0.896,204.763,-67.864,0.445,0.896,220.586,-80.909,0.281,0.960,1.000,0.000,0,0
252.008,30.805,0.999,-0.048,1,267.124,30.081,15.133,1,440.789,780.167,0,0,795.281,184.098,102.225,369.945,172.167,0.131,0.991,369.945,172.167,0.131,0.991,44.000,-93.000,0.000,0.000,208.240,-61.576,0.541,0.841,208.240,-61.576,0.541,0.841,222.924,-74.115,0.391,0.921,1.000,0.000,0,0
266.397,30.805,1.000,-0.013,1,281.529,30.604,15.133,1,426.856,794.553,0,0,809.682,181.568,101.987,370.885,179.294,0.131,0.991,370.885,179.294,0.131,0.991,44.000,-93.000,0.000,0.000,212.376,-55.700,0.625,0.780,212.376,-55.700,0.625,0.780,226.028,-67.635,0.492,0.871,1.000,0.000,0,0
277.414,38.944,0.895,0.445,1,290.965,45.682,15.133,1,414.188,805.609,0,0,819.250,175.108,107.673,371.826,186.421,0.131,0.991,371.826,186.421,0.131,0.991,44.000,-93.000,0.000,0.000,216.902,-50.115,0.612,0.791,216.902,-50.115,0.612,0.791,229.651,-61.426,0.497,0.868,1.000,1.000,0,0
287.589,49.119,0.773,0.634,1,299.289,58.716,15.133,1,401.955,815.944,0,0,827.907,167.676,114.652,372.767,193.548,0.131,0.991,372.767,193.548,0.131,0.991,503.353,-116.341,0.145,0.989,221.261,-44.400,0.603,0.797,221.261,-44.400,0.603,0.797,233.224,-55.189,0.502,0.865,1.000,1.000,0,0
297.763,59.293,0.725,0.689,0,308.498,72.501,17.020,0,389.868,826.401,0,0,837.679,157.802,121.671,373.331,197.824,0.000,0.000,373.331,197.824,0.000,0.000,504.399,-109.229,0.145,0.989,225.601,-38.668,0.598,0.802,225.601,-38.668,0.598,0.802,236.866,-48.991,0.508,0.861,1.000,1.000,0,1
311.309,61.328,0.955,0.296,0,317.460,89.826,29.154,0,376.203,840.008,0,0,847.655,149.927,124.535,373.331,197.824,0.000,0.000,373.331,197.824,0.000,0.000,505.444,-102.117,0.145,0.989,229.848,-32.869,0.581,0.814,229.848,-32.869,0.581,0.814,240.499,-42.788,0.502,0.865,1.000,0.000,0,0
325.698,61.328,0.996,0.085,0,326.201,106.721,45.397,0,362.140,854.385,0,0,857.698,144.569,127.324,373.331,197.824,0.000,0.000,373.331,197.824,0.000,0.000,506.490,-95.004,0.145,0.989,233.985,-26.990,0.568,0.823,233.985,-26.990,0.568,0.823,244.093,-36.562,0.497,0.868,1.000,0.000,0,0
340.087,61.328,1.000,0.021,0,334.725,123.199,62.105,0,348.105,868.762,0,0,867.781,140.486,130.163,373.331,197.824,0.000,0.000,373.331,197.824,0.000,0.000,507.535,-87.892,0.145,0.989,247.656,-30.318,0.493,0.870,247.656,-30.318,0.493,0.870,238.034,-21.050,0.557,0.831,1.000,0.000,0,0
354.475,61.328,1.000,0.007,0,343.038,139.269,78.781,0,334.099,883.140,0,0,877.878,137.793,134.009,373.331,197.824,0.000,0.000,373.331,197.824,0.000,0.000,508.581,-80.780,0.145,0.989,251.193,-24.060,0.490,0.872,251.193,-24.060,0.490,0.872,242.010,-15.061,0.548,0.837,1.000,0.000,0,0
368.864,61.328,1.000,0.002,0,351.146,154.940,95.285,0,320.128,897.518,0,0,887.969,136.569,138.892,373.331,197.824,0.000,0.000,373.331,197.824,0.000,0.000,509.626,-73.668,0.145,0.989,254.708,-17.789,0.487,0.873,254.708,-17.789,0.487,0.873,245.924,-9.031,0.540,0.842,1.000,0.000,0,0
386.131,61.328,1.000,0.000,0,375.311,212.827,151.885,1,303.413,914.772,0,0,921.584,137.095,145.981,373.331,197.824,0.000,0.000,373.331,197.824,0.000,0.000,510.881,-65.133,0.145,0.989,258.904,-10.252,0.485,0.874,258.904,-10.252,0.485,0.874,250.555,-1.753,0.534,0.846,1.000,0.000,0,0
400.519,61.328,1.000,0.000,0,375.311,212.827,153.582,1,289.534,929.151,0,0,921.584,139.178,152.892,373.331,197.824,0.000,0.000,373.331,197.824,0.000,0.000,511.926,-58.021,0.145,0.989,262.229,-3.879,0.463,0.887,262.229,-3.879,0.463,0.887,254.168,4.462,0.503,0.865,1.000,0.000,0,0
412.030,61.328,1.000,0.000,0,375.311,212.827,155.886,1,278.468,940.654,0,0,921.584,141.876,158.944,373.331,197.824,0.000,0.000,373.331,197.824,0.000,0.000,512.763,-52.331,0.145,0.989,264.890,1.220,0.463,0.887,264.890,1.220,0.463,0.887,257.058,9.433,0.503,0.865,1.000,0.000,0,0
426.768,55.223,0.917,-0.399,0,375.311,212.827,165.792,1,266.187,955.208,0,0,921.584,131.975,161.735,514.018,-43.796,0.145,0.989,514.018,-43.796,0.145,0.989,373.331,197.824,0.000,0.000,424.800,-106.500,0.000,0.000,424.800,-106.500,0.000,0.000,268.881,8.868,0.463,0.887,1.000,-1.000,0,0
436.943,45.049,0.776,-0.630,0,375.311,212.827,178.740,1,260.012,965.175,0,0,921.584,113.062,152.035,515.063,-36.684,0.145,0.989,515.063,-36.684,0.145,0.989,373.331,197.824,0.000,0.000,424.800,-106.500,0.000,0.000,424.800,-106.500,0.000,0.000,272.206,15.241,0.463,0.887,1.000,-1.000,0,0
447.611,43.014,0.941,-0.339,0,375.311,212.827,184.564,1,250.861,975.813,0,0,921.584,100.701,151.244,515.900,-30.994,0.145,0.989,515.900,-30.994,0.145,0.989,373.331,197.824,0.000,0.000,424.800,-106.500,0.000,0.000,424.800,-106.500,0.000,0.000,274.867,20.339,0.463,0.887,1.000,0.000,0,0
456.244,43.014,0.985,-0.170,0,375.311,212.827,188.113,1,242.910,984.444,0,0,921.584,90.331,152.785,516.945,-23.882,0.145,0.989,516.945,-23.882,0.145,0.989,373.331,197.824,0.000,0.000,424.800,-106.500,0.000,0.000,424.800,-106.500,0.000,0.000,614.312,-12.600,-0.043,0.999,0.000,0.000,0,0
456.244,57.403,0.612,0.791,0,375.311,212.827,175.234,1,237.659,984.727,0,0,921.584,95.557,166.892,518.200,-15.347,0.145,0.989,518.200,-15.347,0.145,0.989,373.331,197.824,0.000,0.000,424.800,-106.500,0.000,0.000,424.800,-106.500,0.000,0.000,613.938,-3.981,-0.043,0.999,-1.000,1.000,0,0
446.070,67.577,-0.395,0.919,0,375.311,212.827,161.568,1,244.110,974.887,0,0,921.584,105.367,162.789,519.245,-8.235,0.145,0.989,519.245,-8.235,0.145,0.989,373.331,197.824,0.000,0.000,285.509,40.734,0.463,0.887,285.509,40.734,0.463,0.887,279.460,47.964,0.503,0.865,-1.000,1.000,0,0
444.035,78.245,-0.219,0.976,0,375.311,212.827,151.113,1,243.221,973.314,0,0,921.584,110.951,159.200,520.082,-2.545,0.145,0.989,520.082,-2.545,0.145,0.989,373.331,197.824,0.000,0.000,288.169,45.832,0.463,0.887,288.169,45.832,0.463,0.887,282.351,52.936,0.503,0.865,1.000,1.000,0,0
454.209,88.420,0.471,0.882,0,375.311,212.827,147.317,1,231.002,984.018,0,0,921.584,107.281,166.695,521.127,4.567,0.145,0.989,521.127,4.567,0.145,0.989,373.331,197.824,0.000,0.000,291.495,52.205,0.463,0.887,291.495,52.205,0.463,0.887,285.964,59.151,0.503,0.865,1.000,1.000,0,0
467.755,90.455,0.927,0.375,0,375.311,212.827,153.365,1,217.371,997.658,0,0,921.584,95.743,159.788,522.173,11.680,0.145,0.989,522.173,11.680,0.145,0.989,373.331,197.824,0.000,0.000,612.751,23.310,-0.043,0.999,294.821,58.578,0.463,0.887,294.821,58.578,0.463,0.887,1.000,0.000,0,0
464.877,90.455,0.652,0.759,0,375.311,212.827,151.648,1,220.173,994.786,0,0,921.584,92.408,159.683,523.218,18.792,0.145,0.989,523.218,18.792,0.145,0.989,373.331,197.824,0.000,0.000,612.856,30.449,0.247,0.969,298.146,64.952,0.463,0.887,298.146,64.952,0.463,0.887,-1.000,0.000,0,0
447.611,90.455,-0.676,0.737,0,375.311,212.827,142.135,1,237.021,977.553,0,0,921.584,99.463,146.565,524.473,27.327,0.145,0.989,524.473,27.327,0.145,0.989,373.331,197.824,0.000,0.000,302.137,72.599,0.463,0.887,302.137,72.599,0.463,0.887,297.526,79.038,0.503,0.865,-1.000,0.000,0,0
447.611,90.455,-0.741,0.672,0,375.499,214.253,143.269,1,237.021,977.553,0,0,922.051,96.624,143.382,525.309,33.016,0.145,0.989,525.309,33.016,0.145,0.989,373.519,199.250,0.131,0.991,304.798,77.698,0.460,0.888,304.798,77.698,0.460,0.888,300.417,84.010,0.499,0.866,1.000,0.000,0,0
461.999,90.455,0.444,0.896,0,376.440,221.380,156.403,1,222.976,991.914,0,0,924.415,81.697,154.068,526.355,40.129,0.145,0.989,526.355,40.129,0.145,0.989,374.460,206.377,0.131,0.991,308.062,84.102,0.446,0.895,308.062,84.102,0.446,0.895,303.962,90.263,0.484,0.875,0.000,0.000,0,0
450.488,90.455,-0.003,1.000,0,377.381,228.507,156.215,1,234.209,980.426,0,0,926.828,88.221,139.260,527.400,47.241,0.145,0.989,527.400,47.241,0.145,0.989,375.401,213.504,0.131,0.991,311.229,90.556,0.432,0.902,311.229,90.556,0.432,0.902,307.396,96.579,0.469,0.883,-1.000,0.000,0,0
450.488,90.455,-0.306,0.952,0,378.321,235.634,162.127,1,234.209,980.426,0,0,929.291,85.911,136.349,528.446,54.353,0.145,0.989,528.446,54.353,0.145,0.989,376.341,220.630,0.131,0.991,314.299,97.056,0.419,0.908,314.299,97.056,0.419,0.908,310.722,102.951,0.454,0.891,1.000,0.000,0,0
464.877,90.455,0.841,0.541,0,379.450,244.186,175.872,1,220.173,994.786,0,0,932.312,70.441,147.723,529.701,62.888,0.145,0.989,529.701,62.888,0.145,0.989,377.470,229.183,0.131,0.991,317.863,104.912,0.407,0.913,317.863,104.912,0.407,0.913,314.577,110.669,0.440,0.898,0.000,0.000,0,0
450.488,90.455,-0.100,0.995,0,380.391,251.313,175.468,1,234.209,980.426,0,0,934.882,82.823,131.449,530.746,70.000,0.145,0.989,530.746,70.000,0.145,0.989,378.411,236.310,0.131,0.991,320.736,111.502,0.395,0.919,320.736,111.502,0.395,0.919,317.679,117.153,0.426,0.905,-1.000,0.000,0,0
438.977,90.455,-0.925,0.379,0,381.144,257.014,176.315,1,245.467,968.938,0,0,936.972,93.775,118.959,531.583,75.690,0.145,0.989,531.583,75.690,0.145,0.989,379.163,242.011,0.131,0.991,322.972,116.800,0.383,0.924,322.972,116.800,0.383,0.924,320.092,122.374,0.413,0.911,-1.000,0.000,0,0
421.711,90.455,-0.998,0.070,0,382.272,265.567,179.498,1,262.395,951.707,0,0,940.166,111.301,101.466,532.837,84.225,0.145,0.989,532.837,84.225,0.145,0.989,380.292,250.564,0.131,0.991,326.230,124.788,0.372,0.928,326.230,124.788,0.372,0.928,323.599,130.255,0.400,0.916,-1.000,0.000,0,0
412.729,96.559,-0.910,0.414,0,383.025,271.268,177.216,1,270.217,943.149,0,0,942.333,121.127,90.825,533.674,89.915,0.145,0.989,533.674,89.915,0.145,0.989,381.045,256.265,0.131,0.991,328.338,130.138,0.361,0.932,328.338,130.138,0.361,0.932,325.866,135.540,0.388,0.922,-1.000,1.000,0,0
402.554,106.733,-0.774,0.633,0,383.965,278.395,172.665,1,278.940,933.772,0,0,945.083,132.521,77.722,534.719,97.027,0.145,0.989,534.719,97.027,0.145,0.989,381.985,263.392,0.131,0.991,330.906,136.853,0.351,0.936,330.906,136.853,0.351,0.936,328.622,142.179,0.376,0.926,-1.000,1.000,0,0
392.380,116.908,-0.727,0.687,0,384.906,285.522,168.780,1,288.118,924.524,0,0,947.881,143.952,64.736,535.765,104.139,0.145,0.989,535.765,104.139,0.145,0.989,382.926,270.519,0.131,0.991,333.400,143.594,0.341,0.940,333.400,143.594,0.341,0.940,331.295,148.853,0.365,0.931,-1.000,1.000,0,0
382.205,127.082,-0.712,0.702,0,385.847,292.649,165.607,1,297.708,915.408,0,0,950.724,150.573,51.895,383.867,277.646,0.131,0.991,383.867,277.646,0.131,0.991,536.810,111.251,0.145,0.989,335.825,150.362,0.332,0.943,335.825,150.362,0.332,0.943,333.889,155.557,0.354,0.935,-1.000,1.000,0,0
372.031,137.256,-0.709,0.706,0,386.788,299.776,163.188,1,307.673,906.430,0,0,953.613,148.069,39.262,384.807,284.773,0.131,0.991,384.807,284.773,0.131,0.991,537.856,118.364,0.145,0.989,338.183,157.153,0.323,0.947,338.183,157.153,0.323,0.947,336.407,162.290,0.344,0.939,-1.000,1.000,0,0
359.822,149.466,-0.707,0.707,0,387.916,308.328,161.328,1,320.075,895.842,0,0,957.140,146.211,24.671,385.936,293.325,0.131,0.991,385.936,293.325,0.131,0.991,537.492,125.193,-0.980,-0.197,340.928,165.331,0.314,0.949,340.928,165.331,0.314,0.949,339.332,170.406,0.334,0.943,-1.000,1.000,0,0
353.717,161.326,-0.557,0.830,0,388.857,315.455,158.084,1,326.804,891.450,0,0,960.128,143.023,15.141,386.877,300.452,0.131,0.991,386.877,300.452,0.131,0.991,530.443,123.779,-0.980,-0.197,343.148,172.168,0.306,0.952,343.148,172.168,0.306,0.952,341.693,177.195,0.325,0.946,0.000,1.000,0,0
353.717,172.837,-0.190,0.982,0,389.610,321.157,152.601,1,327.830,893.207,0,0,962.551,137.563,10.062,387.629,306.154,0.131,0.991,387.629,306.154,0.131,0.991,524.805,122.648,-0.980,-0.197,344.882,177.651,0.298,0.955,344.882,177.651,0.298,0.955,343.534,182.644,0.316,0.949,0.000,1.000,0,0
353.717,187.225,-0.054,0.999,0,390.550,328.284,145.788,1,329.674,895.606,0,0,965.619,130.785,7.242,388.570,313.280,0.131,0.991,388.570,313.280,0.131,0.991,517.756,121.235,-0.980,-0.197,346.999,184.521,0.290,0.957,346.999,184.521,0.290,0.957,345.778,189.473,0.307,0.952,0.000,1.000,0,0
353.717,204.492,-0.012,1.000,0,391.679,336.836,137.681,1,332.696,898.781,0,0,969.358,122.734,8.636,389.699,321.833,0.131,0.991,389.699,321.833,0.131,0.991,509.298,119.538,-0.980,-0.197,348.390,197.695,0.299,0.954,348.390,197.695,0.299,0.954,349.468,192.787,0.283,0.959,0.000,1.000,0,0
353.717,216.003,-0.005,1.000,0,392.432,342.537,132.325,1,335.190,901.075,0,0,971.885,117.425,13.317,390.451,327.534,0.131,0.991,390.451,327.534,0.131,0.991,503.660,118.407,-0.980,-0.197,350.085,203.190,0.291,0.957,350.085,203.190,0.291,0.957,351.074,198.309,0.276,0.961,0.000,1.000,0,0
353.717,230.391,-0.001,1.000,0,393.372,349.664,125.692,1,338.832,904.140,0,0,975.082,110.868,20.377,391.392,334.661,0.131,0.991,391.392,334.661,0.131,0.991,496.611,116.993,-0.980,-0.197,352.153,210.075,0.283,0.959,352.153,210.075,0.283,0.959,353.036,205.225,0.269,0.963,0.000,1.000,0,0
353.717,247.658,0.000,1.000,0,394.501,358.217,117.841,1,343.946,908.106,0,0,978.975,103.134,29.313,392.521,343.214,0.131,0.991,392.521,343.214,0.131,0.991,488.153,115.297,-0.980,-0.197,354.565,218.357,0.276,0.961,354.565,218.357,0.276,0.961,355.328,213.541,0.263,0.965,0.000,1.000,0,0
353.717,259.169,0.000,1.000,0,395.253,363.918,112.684,1,347.791,910.922,0,0,981.604,98.077,35.361,393.273,348.915,0.131,0.991,393.273,348.915,0.131,0.991,482.515,114.166,-0.980,-0.197,356.132,223.891,0.269,0.963,356.132,223.891,0.269,0.963,356.821,219.095,0.256,0.967,0.000,1.000,0,0
353.717,273.557,0.000,1.000,0,404.495,354.211,95.307,1,353.065,914.634,0,0,987.079,81.101,43.034,392.781,344.630,-0.118,-0.993,392.781,344.630,-0.118,-0.993,475.466,112.752,-0.980,-0.197,358.238,230.761,0.351,0.936,358.238,230.761,0.351,0.936,358.832,225.994,0.336,0.942,0.000,1.000,0,0
353.717,287.946,0.000,1.000,0,406.568,333.647,69.870,1,358.840,918.556,0,0,982.507,62.571,51.081,391.931,337.492,-0.118,-0.993,391.931,337.492,-0.118,-0.993,468.418,111.338,-0.980,-0.197,361.015,237.390,0.428,0.904,361.015,237.390,0.428,0.904,361.485,232.673,0.408,0.913,0.000,1.000,0,0
353.717,302.335,0.000,1.000,0,396.585,316.257,45.072,1,365.090,922.686,0,0,967.747,46.703,59.376,391.082,330.353,-0.118,-0.993,391.082,330.353,-0.118,-0.993,461.369,109.925,-0.980,-0.197,364.114,243.876,0.409,0.912,364.114,243.876,0.409,0.912,364.426,239.233,0.385,0.923,0.000,1.000,0,0
355.752,318.758,0.102,0.995,0,388.467,306.739,34.853,1,371.000,929.585,0,0,957.208,34.443,67.856,390.062,321.788,-0.118,-0.993,390.062,321.788,-0.118,-0.993,452.911,108.228,-0.980,-0.197,367.295,251.892,0.356,0.935,367.295,251.892,0.356,0.935,367.399,247.328,0.330,0.944,1.000,1.000,0,0
367.263,318.758,0.863,0.506,0,387.657,301.042,27.015,1,361.005,940.535,0,0,954.805,22.281,61.558,389.382,316.077,-0.118,-0.993,389.382,316.077,-0.118,-0.993,447.273,107.097,-0.980,-0.197,369.414,257.238,0.384,0.923,369.414,257.238,0.384,0.923,369.360,252.734,0.354,0.935,1.000,0.000,0,0
381.652,318.758,0.989,0.147,0,386.759,293.910,25.368,1,348.643,954.241,0,0,951.948,11.990,55.728,388.532,308.939,-0.118,-0.993,388.532,308.939,-0.118,-0.993,440.224,105.683,-0.980,-0.197,372.302,263.820,0.433,0.901,372.302,263.820,0.433,0.901,372.007,259.417,0.393,0.919,1.000,0.000,0,0
393.163,318.758,0.999,0.049,0,376.939,278.569,43.340,0,338.869,965.221,0,0,938.351,17.822,51.617,387.682,301.801,-0.118,-0.993,387.682,301.801,-0.118,-0.993,433.176,104.269,-0.980,-0.197,375.420,270.287,0.000,0.000,375.420,270.287,0.000,0.000,427.000,279.000,0.000,0.000,0.000,0.000,0,0
393.163,318.758,0.999,0.049,0,379.505,278.985,42.066,0,338.869,965.221,0,0,940.918,26.339,51.629,386.662,293.235,-0.118,-0.993,386.662,293.235,-0.118,-0.993,424.718,102.573,-0.980,-0.197,375.400,270.282,0.000,0.000,375.400,270.282,0.000,0.000,427.000,279.000,0.000,0.000,0.000,0.000,0,0
407.551,318.758,1.000,0.015,0,380.539,278.601,48.431,0,326.810,978.962,0,0,941.803,38.492,44.260,386.158,286.759,-0.067,-0.998,386.158,286.759,-0.067,-0.998,417.670,101.159,-0.980,-0.197,427.000,279.000,0.000,0.000,427.000,279.000,0.000,0.000,375.045,269.616,0.000,0.000,1.000,0.000,0,0
419.062,318.758,1.000,0.005,0,381.532,278.245,55.277,0,317.303,989.968,0,0,942.660,49.958,40.543,385.796,281.487,-0.120,-0.993,385.796,281.487,-0.120,-0.993,412.031,100.028,-0.980,-0.197,427.000,279.000,0.000,0.000,427.000,279.000,0.000,0.000,374.727,269.171,0.000,0.000,1.000,0.000,0,0
421.940,310.125,0.753,-0.658,0,383.523,277.674,50.386,0,310.070,990.253,0,0,944.421,52.314,31.534,384.976,273.107,-0.120,-0.993,384.976,273.107,-0.120,-0.993,403.573,98.332,-0.980,-0.197,427.000,279.000,0.000,0.000,427.000,279.000,0.000,0.000,374.493,268.980,0.000,0.000,0.000,-1.000,0,0
417.870,300.300,-0.045,-0.999,0,385.458,276.639,40.276,0,308.167,983.613,0,0,946.015,47.017,23.174,384.284,267.397,-0.120,-0.993,384.284,267.397,-0.120,-0.993,397.934,97.201,-0.980,-0.197,427.000,279.000,0.000,0.000,427.000,279.000,0.000,0.000,374.493,268.980,0.000,0.000,-1.000,-1.000,0,0
407.696,290.126,-0.544,-0.839,0,389.294,272.134,25.736,0,311.752,971.068,0,0,948.615,38.487,22.281,383.419,260.261,-0.120,-0.993,383.419,260.261,-0.120,-0.993,390.886,95.787,-0.980,-0.197,427.000,279.000,0.000,0.000,427.000,279.000,0.000,0.000,374.493,268.980,0.000,0.000,-1.000,-1.000,0,0
397.582,280.014,-0.666,-0.746,0,397.076,264.487,15.641,0,315.927,958.649,0,0,954.213,30.804,25.590,382.554,253.124,-0.120,-0.993,382.554,253.124,-0.120,-0.993,383.838,94.373,-0.980,-0.197,374.493,268.980,0.000,0.000,374.493,268.980,0.000,0.000,427.000,279.000,0.000,0.000,-1.000,-1.000,0,0
387.408,269.841,-0.696,-0.718,0,397.265,249.615,22.995,0,320.713,946.210,0,0,950.827,24.529,12.944,381.689,245.988,-0.120,-0.993,381.689,245.988,-0.120,-0.993,376.789,92.959,-0.980,-0.197,374.493,268.980,0.000,0.000,374.493,268.980,0.000,0.000,427.000,279.000,0.000,0.000,-1.000,-1.000,0,0
377.234,259.666,-0.704,-0.710,0,397.785,236.213,31.945,0,326.066,933.826,0,0,948.318,21.125,9.709,380.824,238.849,-0.120,-0.993,380.824,238.849,-0.120,-0.993,369.741,91.546,-0.980,-0.197,374.493,268.980,0.000,0.000,374.493,268.980,0.000,0.000,427.000,279.000,0.000,0.000,-1.000,-1.000,0,0
369.094,245.771,-0.506,-0.863,0,396.996,222.254,37.089,0,328.803,922.603,0,0,944.625,18.819,23.829,379.786,230.285,-0.120,-0.993,379.786,230.285,-0.120,-0.993,361.283,89.849,-0.980,-0.197,374.493,268.980,0.000,0.000,374.493,268.980,0.000,0.000,427.000,279.000,0.000,0.000,0.000,-1.000,0,0
369.094,231.383,-0.148,-0.989,0,396.338,210.857,34.750,0,324.368,919.358,0,0,941.737,12.821,37.983,378.921,223.148,-0.120,-0.993,378.921,223.148,-0.120,-0.993,354.235,88.435,-0.980,-0.197,374.493,268.980,0.000,0.000,374.493,268.980,0.000,0.000,427.000,279.000,0.000,0.000,0.000,-1.000,0,0
369.094,219.872,-0.052,-0.999,0,395.791,201.987,32.811,0,321.239,916.917,0,0,939.544,9.453,49.404,378.229,217.439,-0.120,-0.993,378.229,217.439,-0.120,-0.993,348.596,87.304,-0.980,-0.197,374.493,268.980,0.000,0.000,374.493,268.980,0.000,0.000,427.000,279.000,0.000,0.000,0.000,-1.000,0,0
369.094,205.483,-0.014,-1.000,1,368.881,190.351,15.133,1,317.872,914.060,0,0,911.080,9.572,63.726,377.364,210.303,-0.120,-0.993,377.364,210.303,-0.120,-0.993,341.548,85.890,-0.980,-0.197,374.493,268.980,0.000,0.000,374.493,268.980,0.000,0.000,427.000,279.000,0.000,0.000,0.000,-1.000,0,0
369.094,191.094,-0.004,-1.000,1,369.036,175.961,15.133,1,315.127,911.421,0,0,908.826,14.162,78.073,376.500,203.166,-0.120,-0.993,376.500,203.166,-0.120,-0.993,334.499,84.477,-0.980,-0.197,374.493,268.980,0.000,0.000,374.493,268.980,0.000,0.000,427.000,279.000,0.000,0.000,0.000,-1.000,0,0
369.094,173.828,-0.001,-1.000,1,369.080,158.695,15.133,1,312.676,908.545,0,0,906.274,21.728,95.305,375.462,194.602,-0.120,-0.993,375.462,194.602,-0.120,-0.993,326.041,82.780,-0.980,-0.197,374.493,268.980,0.000,0.000,374.493,268.980,0.000,0.000,427.000,279.000,0.000,0.000,1.000,-1.000,0,0
377.234,165.689,0.498,-0.867,1,384.776,152.569,15.133,1,303.750,915.349,0,0,920.984,23.335,103.328,374.770,188.893,-0.120,-0.993,374.770,188.893,-0.120,-0.993,320.403,81.649,-0.980,-0.197,374.493,268.980,0.000,0.000,374.493,268.980,0.000,0.000,427.000,279.000,0.000,0.000,1.000,-1.000,0,0
389.443,153.479,0.664,-0.747,1,399.497,142.168,15.133,1,290.702,925.730,0,0,934.280,31.109,116.464,373.732,180.330,-0.120,-0.993,373.732,180.330,-0.120,-0.993,311.945,79.953,-0.980,-0.197,374.493,268.980,0.000,0.000,374.493,268.980,0.000,0.000,427.000,279.000,0.000,0.000,1.000,-1.000,0,0
399.618,143.305,0.695,-0.719,1,410.139,132.427,15.133,1,280.177,934.536,0,0,943.748,40.111,128.162,372.867,173.193,-0.120,-0.993,372.867,173.193,-0.120,-0.993,304.896,78.539,-0.980,-0.197,374.493,268.980,0.000,0.000,374.493,268.980,0.000,0.000,427.000,279.000,0.000,0.000,1.000,-1.000,0,0
409.792,133.131,0.704,-0.711,1,420.441,122.378,15.133,1,270.010,943.479,0,0,952.972,50.122,140.361,372.002,166.057,-0.120,-0.993,372.002,166.057,-0.120,-0.993,297.848,77.125,-0.980,-0.197,374.493,268.980,0.000,0.000,374.493,268.980,0.000,0.000,427.000,279.000,0.000,0.000,1.000,0.000,0,0
421.303,133.131,0.969,-0.247,1,435.969,129.398,15.133,1,258.521,954.922,0,0,969.116,56.921,143.688,371.310,160.347,-0.120,-0.993,371.310,160.347,-0.120,-0.993,292.209,75.994,-0.980,-0.197,374.493,268.980,0.000,0.000,374.493,268.980,0.000,0.000,427.000,279.000,0.000,0.000,1.000,0.000,0,0
435.692,133.131,0.997,-0.072,1,450.786,132.044,15.133,1,244.163,969.227,0,0,984.124,68.267,146.128,370.445,153.211,-0.120,-0.993,370.445,153.211,-0.120,-0.993,285.161,74.580,-0.980,-0.197,427.000,279.000,0.000,0.000,427.000,279.000,0.000,0.000,369.782,265.681,-0.819,-0.574,1.000,0.000,0,0
452.958,133.131,1.000,-0.017,0,471.323,132.205,18.388,0,226.939,986.396,0,0,1004.567,84.341,148.161,369.407,144.647,-0.120,-0.993,369.407,144.647,-0.120,-0.993,276.703,72.884,-0.980,-0.197,427.000,279.000,0.000,0.000,427.000,279.000,0.000,0.000,362.716,260.733,-0.819,-0.574,1.000,0.000,1,0
458.714,133.131,1.000,-0.010,0,486.879,131.671,28.203,0,221.199,992.120,0,0,1019.989,90.186,149.277,368.715,138.938,-0.120,-0.993,368.715,138.938,-0.120,-0.993,271.064,71.753,-0.980,-0.197,427.000,279.000,0.000,0.000,427.000,279.000,0.000,0.000,358.005,257.434,-0.819,-0.574,0.000,0.000,0,0
458.714,133.131,1.000,-0.010,0,509.636,130.890,50.972,0,221.199,992.120,0,0,1042.556,91.078,149.277,367.677,130.374,-0.120,-0.993,367.677,130.374,-0.120,-0.993,262.606,70.056,-0.980,-0.197,427.000,279.000,0.000,0.000,427.000,279.000,0.000,0.000,350.939,252.486,-0.819,-0.574,0.000,0.000,0,0
458.714,133.131,1.000,-0.010,0,528.084,130.258,69.433,0,221.199,992.120,0,0,1060.855,92.432,149.277,366.812,123.238,-0.120,-0.993,366.812,123.238,-0.120,-0.993,255.558,68.643,-0.980,-0.197,427.000,279.000,0.000,0.000,427.000,279.000,0.000,0.000,345.051,248.362,-0.819,-0.574,0.000,0.000,0,0
458.714,133.131,1.000,-0.010,0,546.076,129.640,87.438,0,221.199,992.120,0,0,1078.705,94.316,149.277,365.948,116.101,-0.120,-0.993,365.948,116.101,-0.120,-0.993,248.510,67.229,-0.980,-0.197,427.000,279.000,0.000,0.000,427.000,279.000,0.000,0.000,339.162,244.239,-0.819,-0.574,0.000,0.000,0,0
458.714,133.131,1.000,-0.010,0,563.622,129.039,104.999,0,221.199,992.120,0,0,1096.117,96.699,149.277,365.083,108.965,-0.120,-0.993,365.083,108.965,-0.120,-0.993,241.461,65.815,-0.980,-0.197,427.000,279.000,0.000,0.000,427.000,279.000,0.000,0.000,333.274,240.115,-0.819,-0.574,0.000,0.000,0,0
458.714,133.131,1.000,-0.010,0,577.346,128.568,118.736,0,221.199,992.120,0,0,1109.738,98.941,149.277,364.391,103.256,-0.120,-0.993,364.391,103.256,-0.120,-0.993,235.823,64.684,-0.980,-0.197,427.000,279.000,0.000,0.000,427.000,279.000,0.000,0.000,328.563,236.817,-0.819,-0.574,0.000,0.000,0,0
458.714,133.131,1.000,-0.010,0,594.118,127.992,135.526,0,221.199,992.120,0,0,1126.387,102.130,149.277,363.526,96.119,-0.120,-0.993,363.526,96.119,-0.120,-0.993,228.774,63.270,-0.980,-0.197,427.000,279.000,0.000,0.000,427.000,279.000,0.000,0.000,322.674,232.693,-0.819,-0.574,0.000,0.000,0,0
458.714,133.131,1.000,-0.010,0,613.698,127.321,155.131,0,221.199,992.120,0,0,1145.828,106.473,149.277,362.488,87.556,-0.120,-0.993,362.488,87.556,-0.120,-0.993,220.316,61.574,-0.980,-0.197,427.000,279.000,0.000,0.000,427.000,279.000,0.000,0.000,315.608,227.745,-0.819,-0.574,0.000,0.000,0,0
458.714,133.131,1.000,-0.010,0,617.418,142.346,158.971,2,221.199,992.120,0,0,1150.934,109.650,149.277,361.796,81.846,-0.120,-0.993,361.796,81.846,-0.120,-0.993,214.678,60.443,-0.980,-0.197,427.000,279.000,0.000,0.000,427.000,279.000,0.000,0.000,632.145,138.862,0.052,0.999,0.000,0.000,0,0
458.714,127.375,0.900,-0.435,0,606.079,149.388,149.000,0,221.398,991.544,0,0,1140.360,111.899,154.906,360.758,73.283,-0.120,-0.993,360.758,73.283,-0.120,-0.993,206.220,58.746,-0.980,-0.197,427.000,279.000,0.000,0.000,427.000,279.000,0.000,0.000,632.590,147.477,0.052,0.999,0.000,-1.000,1,0
458.714,112.987,0.289,-0.957,0,587.192,153.855,134.822,0,222.546,990.247,0,0,1122.058,109.360,169.016,359.893,66.146,-0.120,-0.993,359.893,66.146,-0.120,-0.993,199.171,57.332,-0.980,-0.197,427.000,279.000,0.000,0.000,427.000,279.000,0.000,0.000,632.961,154.656,0.052,0.999,0.000,-1.000,0,0
458.714,104.353,0.125,-0.992,0,572.420,157.349,125.450,0,223.677,989.569,0,0,1107.769,108.772,177.503,359.201,60.437,-0.120,-0.993,359.201,60.437,-0.120,-0.993,193.533,56.201,-0.980,-0.197,427.000,279.000,0.000,0.000,427.000,279.000,0.000,0.000,633.258,160.400,0.052,0.999,0.000,0.000,0,0
458.714,104.353,0.125,-0.992,0,554.366,161.619,111.486,0,223.677,989.569,0,0,1090.337,112.615,177.503,358.336,53.301,-0.120,-0.993,358.336,53.301,-0.120,-0.993,186.484,54.788,-0.980,-0.197,427.000,279.000,0.000,0.000,427.000,279.000,0.000,0.000,633.630,167.579,0.052,0.999,0.000,0.000,0,0
458.714,115.864,0.820,-0.573,0,536.759,165.784,92.650,0,222.243,990.490,0,0,1073.371,122.915,166.190,357.471,46.164,-0.120,-0.993,357.471,46.164,-0.120,-0.993,179.436,53.374,-0.980,-0.197,427.000,279.000,0.000,0.000,427.000,279.000,0.000,0.000,634.001,174.758,0.052,0.999,0.000,1.000,0,0
448.539,128.916,0.626,0.780,0,516.206,170.645,79.513,0,231.472,981.572,0,0,1053.611,129.700,151.621,356.433,37.600,-0.120,-0.993,356.433,37.600,-0.120,-0.993,170.978,51.677,-0.980,-0.197,427.000,279.000,0.000,0.000,427.000,279.000,0.000,0.000,274.388,198.880,-0.819,-0.574,-1.000,1.000,0,0
440.400,137.056,-0.387,0.922,0,502.842,173.806,72.481,0,239.420,974.328,0,0,1040.792,135.006,142.575,355.741,31.891,-0.120,-0.993,355.741,31.891,-0.120,-0.993,165.339,50.546,-0.980,-0.197,427.000,279.000,0.000,0.000,427.000,279.000,0.000,0.000,269.678,195.581,-0.819,-0.574,-1.000,1.000,0,0
428.191,149.265,-0.676,0.737,0,483.293,178.430,62.405,0,251.859,963.617,0,0,1022.081,145.810,129.741,354.703,23.327,-0.120,-0.993,354.703,23.327,-0.120,-0.993,156.881,48.850,-0.980,-0.197,427.000,279.000,0.000,0.000,427.000,279.000,0.000,0.000,262.612,190.633,-0.819,-0.574,-1.000,1.000,0,0
420.051,157.404,-0.697,0.717,0,470.583,181.436,56.053,0,260.458,956.583,0,0,1009.943,154.601,121.794,354.011,17.618,-0.120,-0.993,354.011,17.618,-0.120,-0.993,151.243,47.719,-0.980,-0.197,427.000,279.000,0.000,0.000,427.000,279.000,0.000,0.000,257.901,187.334,-0.819,-0.574,-1.000,1.000,0,0
409.877,167.579,-0.704,0.710,0,455.050,185.110,48.628,0,271.510,947.914,0,0,995.141,167.026,112.729,353.146,10.482,-0.120,-0.993,353.146,10.482,-0.120,-0.993,144.194,46.305,-0.980,-0.197,427.000,279.000,0.000,0.000,427.000,279.000,0.000,0.000,252.012,183.211,-0.819,-0.574,-1.000,1.000,0,0
407.842,184.002,-0.259,0.966,1,403.928,198.621,15.133,1,275.795,948.413,0,0,947.031,190.423,96.910,352.108,1.918,-0.120,-0.993,352.108,1.918,-0.120,-0.993,135.736,44.609,-0.980,-0.197,427.000,279.000,0.000,0.000,427.000,279.000,0.000,0.000,244.946,178.262,-0.819,-0.574,0.000,1.000,0,0
418.510,186.037,0.637,0.771,1,428.150,197.703,15.133,1,265.663,959.269,0,0,970.718,201.336,93.350,351.416,-3.791,-0.120,-0.993,351.416,-3.791,-0.120,-0.993,130.098,43.478,-0.980,-0.197,427.000,279.000,0.000,0.000,427.000,279.000,0.000,0.000,290.506,293.497,0.821,-0.571,1.000,0.000,0,0
431.213,181.967,0.987,-0.161,1,446.148,179.528,15.133,1,252.462,971.163,0,0,985.547,209.081,97.124,350.552,-10.928,-0.120,-0.993,350.552,-10.928,-0.120,-0.993,123.049,42.064,-0.980,-0.197,427.000,279.000,0.000,0.000,427.000,279.000,0.000,0.000,296.426,289.419,0.806,-0.592,1.000,-1.000,0,0
437.317,167.230,0.504,-0.864,1,444.940,154.157,15.133,1,244.261,975.024,0,0,980.843,195.383,112.246,346.985,-6.018,-0.472,0.882,346.985,-6.018,-0.472,0.882,114.591,40.367,-0.980,-0.197,427.000,279.000,0.000,0.000,427.000,279.000,0.000,0.000,303.192,284.073,0.752,-0.659,0.000,-1.000,0,0
437.317,152.841,0.145,-0.989,1,439.511,137.868,15.133,1,242.954,973.116,0,0,973.534,179.017,126.580,343.592,0.320,-0.472,0.882,343.592,0.320,-0.472,0.882,107.543,38.953,-0.980,-0.197,427.000,279.000,0.000,0.000,427.000,279.000,0.000,0.000,308.309,279.027,0.690,-0.724,0.000,-1.000,0,0
437.317,138.452,0.040,-0.999,1,437.930,123.332,15.133,1,242.495,971.418,0,0,970.470,163.713,140.926,340.199,6.657,-0.472,0.882,340.199,6.657,-0.472,0.882,100.495,37.540,-0.980,-0.197,427.000,279.000,0.000,0.000,427.000,279.000,0.000,0.000,313.078,273.650,0.647,-0.763,0.000,-1.000,0,0
437.317,124.064,0.012,-1.000,1,437.493,108.931,15.133,1,242.889,969.930,0,0,968.769,149.796,155.280,336.806,12.995,-0.472,0.882,336.806,12.995,-0.472,0.882,93.446,36.126,-0.980,-0.197,427.000,279.000,0.000,0.000,427.000,279.000,0.000,0.000,317.563,268.032,0.609,-0.793,0.000,-1.000,0,0
448.335,115.924,0.580,-0.815,1,457.113,103.597,15.133,1,232.542,980.156,0,0,987.917,150.124,164.466,333.412,19.332,-0.472,0.882,333.412,19.332,-0.472,0.882,86.398,34.712,-0.980,-0.197,427.000,279.000,0.000,0.000,427.000,279.000,0.000,0.000,322.001,262.378,0.633,-0.774,1.000,0.000,0,0
459.846,115.924,0.948,-0.318,0,474.318,104.823,18.239,0,221.113,991.623,0,0,1005.163,158.289,166.351,330.698,24.402,-0.472,0.882,330.698,24.402,-0.472,0.882,80.759,33.581,-0.980,-0.197,427.000,279.000,0.000,0.000,427.000,279.000,0.000,0.000,632.306,204.116,-0.250,-0.968,1.000,0.000,1,0
462.723,115.924,0.970,-0.243,0,494.786,93.590,39.075,0,218.257,994.490,0,0,1024.824,159.889,166.943,326.626,32.007,-0.472,0.882,326.626,32.007,-0.472,0.882,80.053,30.244,0.817,-0.577,427.000,279.000,0.000,0.000,427.000,279.000,0.000,0.000,630.149,195.764,-0.250,-0.968,0.000,0.000,0,0
462.723,115.924,0.970,-0.243,0,511.379,84.483,57.931,0,218.257,994.490,0,0,1040.873,159.613,166.943,323.233,38.345,-0.472,0.882,323.233,38.345,-0.472,0.882,85.924,26.096,0.817,-0.577,427.000,279.000,0.000,0.000,427.000,279.000,0.000,0.000,628.351,188.803,-0.250,-0.968,0.000,0.000,0,0
462.723,115.924,0.970,-0.243,0,527.561,75.602,76.356,0,218.257,994.490,0,0,1056.615,159.660,166.943,319.839,44.682,-0.472,0.882,319.839,44.682,-0.472,0.882,91.796,21.948,0.817,-0.577,427.000,279.000,0.000,0.000,427.000,279.000,0.000,0.000,342.449,242.183,0.741,-0.671,0.000,0.000,0,0
462.723,115.924,0.970,-0.243,0,540.218,68.656,90.778,0,218.257,994.490,0,0,1068.987,159.930,166.943,317.125,49.752,-0.472,0.882,317.125,49.752,-0.472,0.882,96.493,18.630,0.817,-0.577,427.000,279.000,0.000,0.000,427.000,279.000,0.000,0.000,346.743,238.357,0.752,-0.659,0.000,0.000,0,0
462.723,115.924,0.970,-0.243,0,558.734,58.494,111.886,0,218.257,994.490,0,0,1087.177,160.722,160.064,313.053,57.357,-0.472,0.882,313.053,57.357,-0.472,0.882,103.538,13.653,0.817,-0.577,353.269,232.715,0.761,-0.649,353.269,232.715,0.761,-0.649,427.000,279.000,0.000,0.000,0.000,0.000,0,0
462.723,115.924,0.970,-0.243,0,573.744,50.257,129.004,0,218.257,994.490,0,0,1101.999,161.730,152.929,309.660,63.695,-0.472,0.882,309.660,63.695,-0.472,0.882,109.410,9.505,0.817,-0.577,358.775,228.094,0.769,-0.639,358.775,228.094,0.769,-0.639,621.161,160.962,-0.250,-0.968,0.000,0.000,0,0
462.723,113.046,0.874,-0.485,0,585.484,43.814,140.961,0,218.566,994.248,0,0,1113.637,161.950,149.367,306.945,68.765,-0.472,0.882,306.945,68.765,-0.472,0.882,114.107,6.186,0.817,-0.577,363.218,224.443,0.776,-0.631,363.218,224.443,0.776,-0.631,619.723,155.394,-0.250,-0.968,0.000,-1.000,0,0
462.723,98.658,0.280,-0.960,0,599.832,35.939,150.809,0,220.665,993.163,0,0,1127.912,160.905,153.382,303.552,75.102,-0.472,0.882,303.552,75.102,-0.472,0.882,119.978,2.039,0.817,-0.577,368.815,219.931,0.782,-0.623,368.815,219.931,0.782,-0.623,617.926,148.433,-0.250,-0.968,0.000,-1.000,0,0
462.723,84.269,0.086,-0.996,0,613.825,28.260,161.200,0,223.673,992.285,0,0,1141.888,162.590,158.133,300.158,81.440,-0.472,0.882,300.158,81.440,-0.472,0.882,125.849,-2.109,0.817,-0.577,374.454,215.473,0.788,-0.616,374.454,215.473,0.788,-0.616,616.128,141.473,-0.250,-0.968,0.000,-1.000,0,0
462.723,67.003,0.018,-1.000,0,630.160,19.295,174.177,0,228.429,991.506,0,0,1158.267,168.088,164.731,296.087,89.045,-0.472,0.882,296.087,89.045,-0.472,0.882,132.895,-7.087,0.817,-0.577,381.271,210.186,0.793,-0.610,381.271,210.186,0.793,-0.610,613.971,133.121,-0.250,-0.968,0.000,-1.000,0,0
462.723,55.492,0.006,-1.000,0,640.781,13.466,183.044,0,232.259,991.154,0,0,1168.952,173.700,166.240,293.372,94.115,-0.472,0.882,293.372,94.115,-0.472,0.882,137.592,-10.405,0.817,-0.577,612.533,127.553,-0.250,-0.968,424.800,-106.500,0.000,0.000,424.800,-106.500,0.000,0.000,0.000,-1.000,0,0
462.723,41.103,0.002,-1.000,0,653.624,6.418,194.140,0,237.746,990.901,0,0,1181.912,182.656,152.397,289.979,100.452,-0.472,0.882,289.979,100.452,-0.472,0.882,143.463,-14.553,0.817,-0.577,424.800,-106.500,0.000,0.000,424.800,-106.500,0.000,0.000,610.735,120.592,-0.250,-0.968,0.000,-1.000,0,0
462.723,26.714,0.000,-1.000,0,665.704,-0.212,204.866,0,243.958,990.857,0,0,1194.144,193.486,138.507,286.585,106.790,-0.472,0.882,286.585,106.790,-0.472,0.882,149.335,-18.701,0.817,-0.577,424.800,-106.500,0.000,0.000,424.800,-106.500,0.000,0.000,608.938,113.632,-0.250,-0.968,0.000,-1.000,0,0
462.723,9.448,0.000,-1.000,0,679.748,-7.919,217.819,0,252.296,991.081,0,0,1208.406,208.541,121.992,282.514,114.395,-0.472,0.882,282.514,114.395,-0.472,0.882,156.380,-23.678,0.817,-0.577,424.800,-106.500,0.000,0.000,424.800,-106.500,0.000,0.000,606.780,105.280,-0.250,-0.968,0.000,-1.000,0,0
462.723,-4.941,0.000,-1.000,0,691.076,-14.137,228.634,0,259.917,991.497,0,0,1219.942,222.494,108.409,279.121,120.732,-0.472,0.882,279.121,120.732,-0.472,0.882,162.252,-27.826,0.817,-0.577,424.800,-106.500,0.000,0.000,424.800,-106.500,0.000,0.000,604.983,98.319,-0.250,-0.968,0.000,-1.000,0,0
454.584,-13.080,-0.468,-0.884,0,699.900,-18.979,245.477,0,271.183,983.694,0,0,1228.946,225.911,98.053,276.406,125.802,-0.472,0.882,276.406,125.802,-0.472,0.882,166.949,-31.145,0.817,-0.577,424.800,-106.500,0.000,0.000,424.800,-106.500,0.000,0.000,603.545,92.751,-0.250,-0.968,-1.000,-1.000,0,0
444.410,-23.255,-0.645,-0.765,0,710.638,-24.872,266.316,0,285.293,974.044,0,0,1239.927,231.353,85.524,273.013,132.139,-0.472,0.882,273.013,132.139,-0.472,0.882,172.820,-35.293,0.817,-0.577,424.800,-106.500,0.000,0.000,424.800,-106.500,0.000,0.000,601.747,85.791,-0.250,-0.968,-1.000,-1.000,0,0
438.305,-35.115,-0.448,-0.894,0,721.066,-30.595,282.875,0,297.087,968.685,0,0,1250.612,242.051,72.651,269.620,138.477,-0.472,0.882,269.620,138.477,-0.472,0.882,178.691,-39.440,0.817,-0.577,424.800,-106.500,0.000,0.000,424.800,-106.500,0.000,0.000,599.949,78.830,-0.250,-0.968,0.000,-1.000,0,0
438.305,-49.503,-0.129,-0.992,0,731.230,-36.173,293.306,0,305.690,969.772,0,0,1261.047,253.811,58.575,184.563,-43.588,0.817,-0.577,184.563,-43.588,0.817,-0.577,266.226,144.814,-0.472,0.882,424.800,-106.500,0.000,0.000,424.800,-106.500,0.000,0.000,598.152,71.870,-0.250,-0.968,0.000,-1.000,0,0
438.305,-63.892,-0.036,-0.999,0,741.142,-41.613,303.734,0,314.717,971.071,0,0,1271.242,248.397,44.697,190.434,-47.736,0.817,-0.577,190.434,-47.736,0.817,-0.577,262.833,151.152,-0.472,0.882,424.800,-106.500,0.000,0.000,424.800,-106.500,0.000,0.000,596.354,64.910,-0.250,-0.968,0.000,-1.000,0,0
438.305,-78.281,-0.010,-1.000,0,750.808,-46.918,314.156,0,324.131,972.581,0,0,1281.202,243.435,31.284,196.305,-51.884,0.817,-0.577,196.305,-51.884,0.817,-0.577,259.440,157.489,-0.472,0.882,424.800,-106.500,0.000,0.000,424.800,-106.500,0.000,0.000,601.236,62.076,0.712,-0.702,0.000,-1.000,0,0
432.200,-90.141,-0.395,-0.919,0,751.661,-48.720,322.210,0,336.614,967.927,0,0,1282.166,232.539,17.955,202.177,-56.032,0.817,-0.577,202.177,-56.032,0.817,-0.577,256.047,163.827,-0.472,0.882,424.800,-106.500,0.000,0.000,424.800,-106.500,0.000,0.000,606.355,57.028,0.712,-0.702,-1.000,-1.000,0,0
426.096,-103.193,-0.242,-0.970,0,751.020,-50.119,329.295,0,349.980,963.601,0,0,1281.616,220.938,3.552,209.222,-61.009,0.817,-0.577,209.222,-61.009,0.817,-0.577,251.975,171.432,-0.472,0.882,424.800,-106.500,0.000,0.000,424.800,-106.500,0.000,0.000,611.691,53.403,0.151,0.989,1.000,-1.000,0,0
435.078,-109.298,0.561,-0.828,0,750.708,-51.025,321.028,0,347.849,973.356,0,0,1281.364,225.684,10.652,213.919,-64.328,0.817,-0.577,213.919,-64.328,0.817,-0.577,249.261,176.502,-0.472,0.882,424.800,-106.500,0.000,0.000,424.800,-106.500,0.000,0.000,612.558,59.088,0.151,0.989,1.000,0.000,0,0
449.467,-109.298,0.965,-0.263,0,750.328,-52.132,306.308,0,337.902,987.595,0,0,1281.057,233.276,24.825,219.791,-68.476,0.817,-0.577,219.791,-68.476,0.817,-0.577,245.868,182.840,-0.472,0.882,424.800,-106.500,0.000,0.000,424.800,-106.500,0.000,0.000,613.642,66.194,0.151,0.989,1.000,0.000,0,0
463.855,-109.298,0.997,-0.080,0,749.957,-53.212,291.614,0,328.285,1001.839,0,0,1280.757,241.000,39.156,225.662,-72.623,0.817,-0.577,225.662,-72.623,0.817,-0.577,242.474,189.177,-0.472,0.882,424.800,-106.500,0.000,0.000,424.800,-106.500,0.000,0.000,614.725,73.301,0.151,0.989,1.000,0.000,0,0
478.244,-109.298,1.000,-0.022,0,749.595,-54.265,276.947,0,319.027,1016.086,0,0,1280.465,248.846,53.517,231.533,-76.771,0.817,-0.577,231.533,-76.771,0.817,-0.577,239.081,195.515,-0.472,0.882,424.800,-106.500,0.000,0.000,424.800,-106.500,0.000,0.000,615.809,80.407,0.151,0.989,1.000,0.000,0,0
492.633,-109.298,1.000,-0.006,0,749.243,-55.292,262.311,0,310.160,1030.337,0,0,1280.181,256.801,67.891,237.405,-80.919,0.817,-0.577,237.405,-80.919,0.817,-0.577,235.688,201.852,-0.472,0.882,424.800,-106.500,0.000,0.000,424.800,-106.500,0.000,0.000,616.893,87.514,0.151,0.989,1.000,0.000,0,0
507.022,-109.298,1.000,-0.002,0,748.898,-56.294,247.708,0,301.719,1044.592,0,0,1279.904,264.856,82.269,243.276,-85.067,0.817,-0.577,243.276,-85.067,0.817,-0.577,232.295,208.190,-0.472,0.882,424.800,-106.500,0.000,0.000,424.800,-106.500,0.000,0.000,617.977,94.620,0.151,0.989,1.000,0.000,0,0
521.410,-109.298,1.000,0.000,0,748.563,-57.271,233.142,0,293.741,1058.851,0,0,1279.633,273.003,96.651,249.148,-89.215,0.817,-0.577,249.148,-89.215,0.817,-0.577,228.902,214.527,-0.472,0.882,424.800,-106.500,0.000,0.000,424.800,-106.500,0.000,0.000,619.061,101.727,0.151,0.989,1.000,0.000,0,0
532.921,-109.298,1.000,0.000,0,748.276,-58.352,221.421,0,287.717,1070.260,0,0,1279.420,277.140,108.158,256.193,-94.192,0.817,-0.577,256.193,-94.192,0.817,-0.577,224.830,222.132,-0.472,0.882,424.800,-106.500,0.000,0.000,424.800,-106.500,0.000,0.000,503.866,122.116,0.805,-0.594,0.000,0.000,0,0
532.921,-109.298,1.000,0.000,0,748.125,-59.183,221.084,0,287.717,1070.260,0,0,1279.328,271.079,108.158,262.064,-98.340,0.817,-0.577,262.064,-98.340,0.817,-0.577,221.437,228.470,-0.472,0.882,424.800,-106.500,0.000,0.000,424.800,-106.500,0.000,0.000,509.645,117.840,0.803,-0.596,0.000,0.000,0,0
532.921,-109.298,1.000,0.000,0,747.977,-59.998,220.757,0,287.717,1070.260,0,0,1279.238,265.073,108.158,267.936,-102.488,0.817,-0.577,267.936,-102.488,0.817,-0.577,218.044,234.807,-0.472,0.882,424.800,-106.500,0.000,0.000,424.800,-106.500,0.000,0.000,515.413,113.549,0.802,-0.598,0.000,0.000,0,0
532.921,-109.298,1.000,0.000,0,747.861,-60.638,220.502,0,287.717,1070.260,0,0,1279.168,260.312,108.158,272.633,-105.807,0.817,-0.577,272.633,-105.807,0.817,-0.577,215.330,239.877,-0.472,0.882,424.800,-106.500,0.000,0.000,424.800,-106.500,0.000,0.000,520.019,110.106,0.800,-0.600,0.000,0.000,0,0
532.921,-109.298,1.000,0.000,0,747.719,-61.424,220.191,0,287.717,1070.260,0,0,1279.083,254.418,108.158,278.504,-109.954,0.817,-0.577,278.504,-109.954,0.817,-0.577,70.000,-221.000,0.000,0.000,424.800,-106.500,0.000,0.000,424.800,-106.500,0.000,0.000,525.767,105.789,0.799,-0.602,0.000,0.000,0,0
532.921,-109.298,1.000,0.000,0,747.579,-62.195,219.888,0,287.717,1070.260,0,0,1278.999,248.593,108.158,284.375,-114.102,0.817,-0.577,284.375,-114.102,0.817,-0.577,70.000,-221.000,0.000,0.000,424.800,-106.500,0.000,0.000,424.800,-106.500,0.000,0.000,531.505,101.458,0.797,-0.604,0.000,0.000,0,0
532.921,-109.298,1.000,0.000,0,747.442,-62.951,219.594,0,287.717,1070.260,0,0,1278.918,242.552,108.158,290.500,-117.251,0.993,0.118,290.500,-117.251,0.993,0.118,70.000,-221.000,0.000,0.000,424.800,-106.500,0.000,0.000,424.800,-106.500,0.000,0.000,537.231,97.112,0.796,-0.606,0.000,0.000,0,0
532.921,-109.298,1.000,0.000,0,747.308,-63.691,219.308,0,287.717,1070.260,0,0,1278.839,235.390,108.158,297.639,-116.407,0.993,0.116,297.639,-116.407,0.993,0.116,70.000,-221.000,0.000,0.000,424.800,-106.500,0.000,0.000,424.800,-106.500,0.000,0.000,628.723,67.778,0.172,-0.985,0.000,0.000,0,0
532.921,-120.809,0.658,-0.753,0,747.150,-64.561,221.613,0,297.665,1071.829,0,0,1278.746,226.778,109.064,306.208,-115.409,0.993,0.115,306.208,-115.409,0.993,0.115,70.000,-221.000,0.000,0.000,424.800,-106.500,0.000,0.000,424.800,-106.500,0.000,0.000,630.209,59.281,0.172,-0.985,0.000,-1.000,0,0
532.921,-132.320,0.224,-0.975,0,747.047,-65.129,224.541,0,307.723,1073.519,0,0,1278.686,221.698,111.162,311.921,-114.753,0.994,0.113,311.921,-114.753,0.994,0.113,70.000,-221.000,0.000,0.000,424.800,-106.500,0.000,0.000,424.800,-106.500,0.000,0.000,631.200,53.616,0.172,-0.985,0.000,-1.000,0,0
532.921,-146.708,0.061,-0.998,0,746.921,-65.827,228.893,0,320.432,1075.801,0,0,1278.612,216.353,115.356,319.064,-113.943,0.994,0.112,319.064,-113.943,0.994,0.112,70.000,-221.000,0.000,0.000,424.800,-106.500,0.000,0.000,424.800,-106.500,0.000,0.000,632.439,46.535,0.172,-0.985,0.000,-1.000,0,0
532.921,-161.097,0.019,-1.000,0,746.797,-66.511,233.973,0,333.277,1078.269,0,0,1278.541,212.203,121.124,326.208,-113.144,0.994,0.110,326.208,-113.144,0.994,0.110,70.000,-221.000,0.000,0.000,424.800,-106.500,0.000,0.000,424.800,-106.500,0.000,0.000,633.678,39.453,0.172,-0.985,0.000,-1.000,0,0
532.921,-175.486,0.005,-1.000,0,746.675,-67.182,239.739,0,346.244,1080.924,0,0,1278.471,209.315,128.255,333.353,-112.356,0.994,0.109,333.353,-112.356,0.994,0.109,70.000,-221.000,0.000,0.000,424.800,-106.500,0.000,0.000,424.800,-106.500,0.000,0.000,634.917,32.372,0.172,-0.985,0.000,-1.000,0,0
532.921,-192.752,0.001,-1.000,0,746.533,-67.970,247.497,0,361.946,1084.353,0,0,1278.389,207.586,138.310,341.930,-111.426,0.994,0.107,341.930,-111.426,0.994,0.107,70.000,-221.000,0.000,0.000,424.800,-106.500,0.000,0.000,424.800,-106.500,0.000,0.000,636.403,23.875,0.172,-0.985,0.000,-1.000,0,0
532.921,-204.263,0.000,-1.000,0,746.440,-68.484,253.140,0,372.492,1086.786,0,0,1278.336,207.506,145.766,347.648,-110.814,0.994,0.106,347.648,-110.814,0.994,0.106,70.000,-221.000,0.000,0.000,424.800,-106.500,0.000,0.000,424.800,-106.500,0.000,0.000,637.140,21.064,-0.004,1.000,0.000,-1.000,0,0
532.921,-221.529,0.000,-1.000,0,642.950,-292.968,131.371,0,388.412,1090.652,0,0,1214.945,208.761,157.867,355.720,-111.162,0.642,-0.767,355.720,-111.162,0.642,-0.767,70.000,-221.000,0.000,0.000,424.800,-106.500,0.000,0.000,424.800,-106.500,0.000,0.000,637.102,29.690,-0.004,1.000,0.000,-1.000,0,0
532.921,-235.918,0.000,-1.000,0,642.559,-292.716,123.628,0,401.764,1094.072,0,0,1214.507,209.774,168.639,360.337,-116.672,0.642,-0.767,360.337,-116.672,0.642,-0.767,70.000,-221.000,0.000,0.000,424.800,-106.500,0.000,0.000,424.800,-106.500,0.000,0.000,589.578,48.804,0.154,-0.988,0.000,-1.000,0,0
534.956,-246.586,0.100,-0.995,0,642.151,-292.453,116.724,0,410.990,1098.691,0,0,1214.049,212.055,178.209,364.030,-121.081,0.642,-0.767,364.030,-121.081,0.642,-0.767,70.000,-221.000,0.000,0.000,424.800,-106.500,0.000,0.000,424.800,-106.500,0.000,0.000,590.457,43.120,0.152,-0.988,1.000,-1.000,0,0
550.537,-250.656,0.884,-0.467,0,641.508,-292.038,100.045,0,409.638,1114.793,0,0,1213.327,218.790,191.287,369.570,-127.693,0.642,-0.767,369.570,-127.693,0.642,-0.767,70.000,-221.000,0.000,0.000,424.800,-106.500,0.000,0.000,424.800,-106.500,0.000,0.000,591.764,34.594,0.151,-0.989,1.000,0.000,0,0
562.048,-250.656,0.987,-0.163,0,641.058,-291.748,89.145,0,406.167,1125.933,0,0,1212.822,222.923,199.042,373.263,-132.102,0.642,-0.767,373.263,-132.102,0.642,-0.767,70.000,-221.000,0.000,0.000,424.800,-106.500,0.000,0.000,424.800,-106.500,0.000,0.000,592.628,28.908,0.149,-0.989,1.000,0.000,0,0
576.437,-250.656,0.999,-0.045,0,640.463,-291.365,75.942,0,402.249,1139.869,0,0,1212.154,228.481,209.224,377.880,-137.612,0.642,-0.767,377.880,-137.612,0.642,-0.767,70.000,-221.000,0.000,0.000,424.800,-106.500,0.000,0.000,424.800,-106.500,0.000,0.000,593.697,21.799,0.148,-0.989,1.000,0.000,0,0
593.703,-250.656,1.000,-0.011,0,639.904,-291.005,61.401,0,398.184,1156.607,0,0,1211.525,235.684,222.057,383.419,-144.224,0.642,-0.767,383.419,-144.224,0.642,-0.767,70.000,-221.000,0.000,0.000,424.800,-106.500,0.000,0.000,424.800,-106.500,0.000,0.000,594.963,13.266,0.146,-0.989,1.000,0.000,0,0
605.214,-250.656,1.000,-0.004,0,639.782,-290.926,53.148,0,395.869,1167.774,0,0,1211.385,240.784,230.933,387.113,-148.633,0.642,-0.767,387.113,-148.633,0.642,-0.767,70.000,-221.000,0.000,0.000,424.800,-106.500,0.000,0.000,424.800,-106.500,0.000,0.000,595.803,7.577,0.146,-0.989,1.000,0.000,0,0
610.970,-250.656,1.000,-0.002,0,639.571,-290.791,49.378,0,394.832,1173.360,0,0,1211.144,238.255,235.457,392.653,-155.245,0.642,-0.767,392.653,-155.245,0.642,-0.767,70.000,-221.000,0.000,0.000,424.800,-106.500,0.000,0.000,424.800,-106.500,0.000,0.000,597.058,-0.958,0.145,-0.989,0.000,0.000,0,0
610.970,-250.656,1.000,-0.002,0,639.413,-290.689,49.214,0,394.832,1173.360,0,0,1210.962,233.120,235.457,396.346,-159.654,0.642,-0.767,396.346,-159.654,0.642,-0.767,70.000,-221.000,0.000,0.000,424.800,-106.500,0.000,0.000,424.800,-106.500,0.000,0.000,597.892,-6.648,0.145,-0.989,0.000,0.000,0,0
610.970,-253.533,0.992,-0.125,0,639.150,-290.520,46.631,0,397.665,1174.054,0,0,1210.661,226.565,237.230,401.886,-166.266,0.642,-0.767,401.886,-166.266,0.642,-0.767,70.000,-221.000,0.000,0.000,424.800,-106.500,0.000,0.000,424.800,-106.500,0.000,0.000,599.137,-15.184,0.144,-0.990,0.000,-1.000,0,0
610.970,-267.922,0.359,-0.933,0,638.911,-290.366,36.038,0,411.836,1177.622,0,0,1210.386,225.944,245.861,406.502,-171.777,0.642,-0.767,406.502,-171.777,0.642,-0.767,70.000,-221.000,0.000,0.000,600.168,-22.298,0.143,-0.990,600.168,-22.298,0.143,-0.990,424.800,-106.500,0.000,0.000,0.000,-1.000,0,0
610.970,-267.922,0.321,-0.947,0,638.707,-290.235,35.825,0,411.836,1177.622,0,0,1210.152,220.740,240.139,410.195,-176.185,0.642,-0.767,410.195,-176.185,0.642,-0.767,70.000,-221.000,0.000,0.000,600.990,-27.991,0.142,-0.990,600.990,-27.991,0.142,-0.990,424.800,-106.500,0.000,0.000,0.000,0.000,0,0
610.970,-267.922,0.321,-0.947,0,638.439,-290.063,35.553,0,411.836,1177.622,0,0,1209.845,214.273,232.988,414.812,-181.695,0.642,-0.767,414.812,-181.695,0.642,-0.767,70.000,-221.000,0.000,0.000,602.010,-35.106,0.141,-0.990,602.010,-35.106,0.141,-0.990,424.800,-106.500,0.000,0.000,0.000,0.000,0,0
610.970,-267.922,0.321,-0.947,0,638.159,-289.883,35.278,0,411.836,1177.622,0,0,1209.524,207.854,225.839,419.429,-187.206,0.642,-0.767,419.429,-187.206,0.642,-0.767,70.000,-221.000,0.000,0.000,603.024,-42.223,0.140,-0.990,603.024,-42.223,0.140,-0.990,424.800,-106.500,0.000,0.000,0.000,0.000,0,0
622.481,-267.922,0.838,-0.545,1,635.167,-276.172,15.133,1,410.083,1188.759,0,0,1203.121,210.956,217.919,424.968,-193.818,0.642,-0.767,424.968,-193.818,0.642,-0.767,70.000,-221.000,0.000,0.000,604.144,-50.776,0.120,-0.993,604.144,-50.776,0.120,-0.993,424.800,-106.500,0.000,0.000,0.000,0.000,0,0
622.481,-267.922,0.838,-0.545,1,635.167,-276.172,15.133,1,410.083,1188.759,0,0,1203.121,205.969,212.177,428.662,-198.226,0.642,-0.767,428.662,-198.226,0.642,-0.767,70.000,-221.000,0.000,0.000,604.928,-56.473,0.136,-0.991,604.928,-56.473,0.136,-0.991,424.800,-106.500,0.000,0.000,0.000,0.000,0,0
622.481,-267.922,0.838,-0.545,1,635.167,-276.172,15.133,1,410.083,1188.759,0,0,1203.121,201.006,203.563,432.380,-202.614,-0.625,0.781,432.380,-202.614,-0.625,0.781,70.000,-221.000,0.000,0.000,606.104,-65.019,0.136,-0.991,606.104,-65.019,0.136,-0.991,424.800,-106.500,0.000,0.000,0.000,0.000,0,0
622.481,-259.289,1.000,0.018,1,637.611,-259.009,15.133,1,401.541,1186.618,0,0,1201.226,203.121,189.219,428.787,-198.123,-0.625,0.781,428.787,-198.123,-0.625,0.781,70.000,-221.000,0.000,0.000,606.925,-70.711,0.161,-0.987,606.925,-70.711,0.161,-0.987,424.800,-106.500,0.000,0.000,0.000,1.000,0,0
622.481,-244.900,0.323,0.946,1,627.370,-230.579,15.133,1,387.314,1183.182,0,0,1184.693,204.992,167.712,424.297,-192.510,-0.625,0.781,424.297,-192.510,-0.625,0.781,70.000,-221.000,0.000,0.000,608.050,-77.810,0.125,-0.992,608.050,-77.810,0.125,-0.992,424.800,-106.500,0.000,0.000,0.000,1.000,0,0
616.376,-233.040,-0.307,0.952,1,611.731,-218.637,15.133,1,376.569,1174.525,0,0,1166.835,201.914,148.276,419.806,-186.897,-0.625,0.781,419.806,-186.897,-0.625,0.781,70.000,-221.000,0.000,0.000,608.789,-84.959,0.022,-1.000,608.789,-84.959,0.022,-1.000,424.800,-106.500,0.000,0.000,-1.000,1.000,0,0
602.481,-224.901,-0.796,0.606,1,590.439,-215.736,15.133,1,371.178,1159.167,0,0,1145.418,193.313,131.466,414.417,-180.161,-0.625,0.781,414.417,-180.161,-0.625,0.781,70.000,-221.000,0.000,0.000,608.437,-93.569,-0.110,-0.994,608.437,-93.569,-0.110,-0.994,424.800,-106.500,0.000,0.000,-1.000,0.000,0,0
590.970,-224.901,-0.973,0.231,1,576.246,-221.407,15.133,1,373.730,1147.944,0,0,1132.813,186.752,126.749,410.824,-175.670,-0.625,0.781,410.824,-175.670,-0.625,0.781,70.000,-221.000,0.000,0.000,607.359,-99.216,-0.247,-0.969,607.359,-99.216,-0.247,-0.969,424.800,-106.500,0.000,0.000,-1.000,0.000,0,0
576.581,-224.901,-0.998,0.065,1,561.480,-223.915,15.133,1,377.390,1133.923,0,0,1118.993,178.864,122.223,406.333,-170.057,-0.625,0.781,406.333,-170.057,-0.625,0.781,70.000,-221.000,0.000,0.000,605.288,-106.097,-0.349,-0.937,605.288,-106.097,-0.349,-0.937,424.800,-106.500,0.000,0.000,-1.000,0.000,0,0
563.529,-214.726,-0.846,0.533,1,550.727,-206.658,15.133,1,371.478,1118.935,0,0,1104.687,170.518,107.772,400.944,-163.321,-0.625,0.781,400.944,-163.321,-0.625,0.781,70.000,-221.000,0.000,0.000,601.807,-113.981,-0.460,-0.888,601.807,-113.981,-0.460,-0.888,424.800,-106.500,0.000,0.000,-1.000,1.000,0,0
553.355,-204.552,-0.751,0.661,1,541.998,-194.551,15.133,1,365.217,1106.804,0,0,1093.604,163.745,95.551,396.454,-157.707,-0.625,0.781,396.454,-157.707,-0.625,0.781,70.000,-221.000,0.000,0.000,598.003,-120.074,-0.577,-0.817,598.003,-120.074,-0.577,-0.817,424.800,-106.500,0.000,0.000,-1.000,1.000,0,0
543.181,-194.378,-0.720,0.694,1,532.290,-183.871,15.133,1,359.423,1094.727,0,0,1081.937,157.019,85.178,391.963,-152.094,-0.625,0.781,391.963,-152.094,-0.625,0.781,70.000,-221.000,0.000,0.000,593.330,-125.527,-0.699,-0.715,593.330,-125.527,-0.699,-0.715,424.800,-106.500,0.000,0.000,-1.000,1.000,0,0
533.007,-184.203,-0.711,0.704,1,522.252,-173.557,15.133,1,354.119,1082.706,0,0,1070.084,150.344,76.998,387.472,-146.481,-0.625,0.781,387.472,-146.481,-0.625,0.781,70.000,-221.000,0.000,0.000,587.804,-130.111,-0.813,-0.582,587.804,-130.111,-0.813,-0.582,424.800,-106.500,0.000,0.000,-1.000,1.000,0,0
522.832,-174.029,-0.708,0.706,1,512.116,-163.343,15.133,1,349.327,1070.744,0,0,1058.216,143.729,71.270,382.981,-140.867,-0.625,0.781,382.981,-140.867,-0.625,0.781,70.000,-221.000,0.000,0.000,581.548,-133.633,-0.905,-0.426,581.548,-133.633,-0.905,-0.426,424.800,-106.500,0.000,0.000,-1.000,1.000,0,0
514.693,-165.889,-0.707,0.707,1,503.987,-155.194,15.133,1,345.878,1061.217,0,0,1048.750,138.486,68.513,379.388,-136.377,-0.625,0.781,379.388,-136.377,-0.625,0.781,70.000,-221.000,0.000,0.000,576.153,-135.611,-0.965,-0.262,576.153,-135.611,-0.965,-0.262,424.800,-106.500,0.000,0.000,-1.000,1.000,0,0
512.658,-149.466,-0.252,0.968,1,508.848,-134.820,15.133,1,332.561,1056.290,0,0,1050.126,140.069,56.416,373.999,-129.641,-0.625,0.781,373.999,-129.641,-0.625,0.781,70.000,-221.000,0.000,0.000,567.654,-136.887,-1.000,-0.019,567.654,-136.887,-1.000,-0.019,424.800,-106.500,0.000,0.000,0.000,1.000,0,0
512.658,-137.955,-0.084,0.996,1,511.390,-122.875,15.133,1,322.666,1054.386,0,0,1050.822,142.827,49.326,370.407,-125.150,-0.625,0.781,370.407,-125.150,-0.625,0.781,70.000,-221.000,0.000,0.000,561.953,-136.213,-0.967,0.255,561.953,-136.213,-0.967,0.255,424.800,-106.500,0.000,0.000,0.000,1.000,0,0
512.658,-120.689,-0.020,1.000,1,512.361,-105.558,15.133,1,308.035,1051.759,0,0,1049.390,147.658,43.135,365.018,-118.414,-0.625,0.781,365.018,-118.414,-0.625,0.781,70.000,-221.000,0.000,0.000,554.027,-132.904,-0.863,0.506,554.027,-132.904,-0.863,0.506,424.800,-106.500,0.000,0.000,0.000,1.000,0,0
512.658,-109.178,-0.007,1.000,1,512.558,-94.045,15.133,1,298.437,1050.161,0,0,1048.151,151.307,42.003,361.425,-113.923,-0.625,0.781,361.425,-113.923,-0.625,0.781,219.272,237.111,0.484,-0.875,549.463,-129.419,-0.722,0.692,549.463,-129.419,-0.722,0.692,424.800,-106.500,0.000,0.000,-1.000,1.000,0,0
500.449,-96.968,-0.548,0.836,1,492.150,-84.313,15.133,1,295.633,1036.487,0,0,1026.756,144.774,50.242,356.036,-107.187,-0.625,0.781,356.036,-107.187,-0.625,0.781,223.444,229.561,0.484,-0.875,542.930,-123.793,-0.785,0.619,542.930,-123.793,-0.785,0.619,424.800,-106.500,0.000,0.000,-1.000,1.000,0,0
492.309,-88.829,-0.656,0.754,1,482.377,-77.411,15.133,1,294.312,1027.431,0,0,1016.288,140.552,55.779,352.444,-102.697,-0.625,0.781,352.444,-102.697,-0.625,0.781,226.226,224.527,0.484,-0.875,538.373,-120.285,-0.794,0.608,538.373,-120.285,-0.794,0.608,424.800,-106.500,0.000,0.000,-1.000,1.000,0,0
482.135,-75.777,-0.625,0.781,1,472.677,-63.963,15.133,1,291.170,1015.874,0,0,1005.287,136.580,63.094,347.055,-95.961,-0.625,0.781,347.055,-95.961,-0.625,0.781,230.398,216.977,0.484,-0.875,531.560,-114.994,-0.785,0.619,531.560,-114.994,-0.785,0.619,424.800,-106.500,0.000,0.000,0.000,1.000,0,0
482.135,-61.388,-0.180,0.984,1,479.407,-46.503,15.133,1,280.781,1014.464,0,0,1010.499,142.544,65.740,342.564,-90.347,-0.625,0.781,342.564,-90.347,-0.625,0.781,233.875,210.685,0.484,-0.875,526.648,-109.766,-0.623,0.782,526.648,-109.766,-0.623,0.782,424.800,-106.500,0.000,0.000,0.000,1.000,0,0
482.135,-49.877,-0.061,0.998,1,481.211,-34.772,15.133,1,272.731,1013.482,0,0,1011.468,147.616,68.875,338.971,-85.857,-0.625,0.781,338.971,-85.857,-0.625,0.781,236.656,205.651,0.484,-0.875,523.397,-105.024,-0.515,0.857,523.397,-105.024,-0.515,0.857,424.800,-106.500,0.000,0.000,-1.000,1.000,0,0
471.960,-39.703,-0.511,0.860,1,464.232,-26.692,15.133,1,273.460,1002.573,0,0,994.027,143.333,75.981,334.480,-80.243,-0.625,0.781,334.480,-80.243,-0.625,0.781,240.133,199.359,0.484,-0.875,519.402,-99.054,-0.606,0.795,519.402,-99.054,-0.606,0.795,424.800,-106.500,0.000,0.000,-1.000,1.000,0,0
459.751,-27.494,-0.668,0.745,1,449.648,-16.227,15.133,1,275.326,989.601,0,0,978.910,138.525,84.537,329.091,-73.507,-0.625,0.781,329.091,-73.507,-0.625,0.781,244.305,191.809,0.484,-0.875,513.990,-92.337,-0.642,0.767,513.990,-92.337,-0.642,0.767,424.800,-106.500,0.000,0.000,-1.000,1.000,0,0
449.577,-17.319,-0.697,0.718,1,439.036,-6.460,15.133,1,277.694,978.892,0,0,967.886,134.822,91.689,324.600,-67.894,-0.625,0.781,324.600,-67.894,-0.625,0.781,249.349,186.686,0.701,-0.713,509.307,-86.883,-0.656,0.755,509.307,-86.883,-0.656,0.755,424.800,-106.500,0.000,0.000,-1.000,1.000,0,0
441.437,-9.180,-0.703,0.711,1,430.792,1.576,15.133,1,280.105,970.393,0,0,959.370,130.291,97.419,323.151,-63.807,0.855,0.519,323.151,-63.807,0.855,0.519,253.377,182.582,0.700,-0.714,505.509,-82.565,-0.664,0.748,505.509,-82.565,-0.664,0.748,424.800,-106.500,0.000,0.000,-1.000,1.000,0,0
439.402,0.995,-0.299,0.954,1,434.876,15.435,15.133,1,276.662,967.993,0,0,963.129,125.931,99.369,329.129,-59.820,0.815,0.580,329.129,-59.820,0.815,0.580,258.434,177.474,0.737,-0.676,500.782,-77.151,-0.580,0.815,500.782,-77.151,-0.580,0.815,424.800,-106.500,0.000,0.000,1.000,1.000,0,0
449.577,11.169,0.487,0.874,1,456.944,24.388,15.133,1,262.833,977.903,0,0,985.091,132.639,94.917,335.070,-55.772,0.835,0.550,335.070,-55.772,0.835,0.550,263.927,172.840,0.793,-0.610,497.247,-70.909,-0.390,0.921,497.247,-70.909,-0.390,0.921,424.800,-106.500,0.000,0.000,1.000,1.000,0,0
461.786,23.378,0.663,0.748,1,471.822,34.704,15.133,1,246.324,989.940,0,0,999.954,140.781,92.125,342.285,-51.044,0.835,0.550,342.285,-51.044,0.835,0.550,270.917,167.787,0.827,-0.562,494.495,-62.744,-0.252,0.968,494.495,-62.744,-0.252,0.968,424.800,-106.500,0.000,0.000,1.000,1.000,0,0
471.960,33.552,0.695,0.719,1,482.483,44.428,15.133,1,232.650,1000.088,0,0,1010.696,147.642,91.724,348.259,-47.046,0.828,0.561,348.259,-47.046,0.828,0.561,277.000,163.958,0.858,-0.513,493.220,-55.674,-0.130,0.992,493.220,-55.674,-0.130,0.992,424.800,-106.500,0.000,0.000,1.000,1.000,0,0
480.100,41.692,0.703,0.711,1,490.739,52.454,15.133,1,221.776,1008.281,0,0,1019.088,153.172,92.508,352.997,-43.787,0.820,0.573,352.997,-43.787,0.820,0.573,282.020,161.154,0.887,-0.462,492.797,-49.940,-0.020,1.000,492.797,-49.940,-0.020,1.000,629.000,42.110,0.000,0.000,1.000,1.000,0,0
491.117,49.831,0.769,0.639,1,502.761,59.498,15.133,1,208.367,1019.415,0,0,1031.278,159.671,92.605,358.867,-39.636,0.823,0.567,358.867,-39.636,0.823,0.567,288.471,157.984,0.909,-0.418,492.936,-42.756,0.096,0.995,492.936,-42.756,0.096,0.995,629.000,49.902,0.000,0.000,1.000,0.000,0,0
505.506,49.831,0.980,0.200,0,520.334,52.858,15.133,0,195.470,1033.799,0,0,1048.682,164.592,86.266,364.939,-35.793,0.869,0.496,364.939,-35.793,0.869,0.496,295.006,154.988,0.911,-0.413,494.201,-35.690,0.283,0.959,494.201,-35.690,0.283,0.959,629.000,57.080,0.000,0.000,1.000,0.000,1,0
519.895,49.831,0.999,0.054,0,539.638,56.797,20.936,0,182.795,1048.184,0,0,1068.067,177.234,82.137,362.156,-30.980,-0.701,0.713,362.156,-30.980,-0.701,0.713,298.650,149.139,0.406,-0.914,496.732,-28.972,0.447,0.894,496.732,-28.972,0.447,0.894,629.000,64.802,0.000,0.000,1.000,0.000,1,0
534.283,49.831,1.000,0.015,0,558.464,60.639,26.487,0,170.393,1062.569,0,0,1086.982,192.657,80.135,357.116,-25.854,-0.701,0.713,357.116,-25.854,-0.701,0.713,301.569,142.570,0.406,-0.914,500.328,-22.754,0.572,0.820,500.328,-22.754,0.572,0.820,629.000,72.334,0.000,0.000,1.000,0.000,0,0
551.550,49.831,1.000,0.004,0,580.441,65.125,32.694,0,155.962,1079.831,0,0,1109.074,212.198,80.233,351.068,-19.703,-0.701,0.713,351.068,-19.703,-0.701,0.713,305.072,134.686,0.406,-0.914,505.670,-15.990,0.663,0.749,505.670,-15.990,0.663,0.749,629.000,80.047,0.000,0.000,1.000,0.000,0,0
554.428,49.831,1.000,0.002,0,594.730,68.041,44.232,0,153.613,1082.708,0,0,1123.444,217.469,76.220,347.036,-15.602,-0.701,0.713,347.036,-15.602,-0.701,0.713,307.407,129.431,0.406,-0.914,509.684,-11.873,0.729,0.685,509.684,-11.873,0.729,0.685,629.000,87.467,0.000,0.000,0.000,0.000,0,0
554.428,49.831,1.000,0.002,0,612.193,71.605,61.744,0,153.613,1082.708,0,0,1141.011,220.826,69.223,341.996,-10.476,-0.701,0.713,341.996,-10.476,-0.701,0.713,310.326,122.861,0.406,-0.914,515.069,-7.114,0.777,0.630,515.069,-7.114,0.777,0.630,629.000,94.540,0.000,0.000,0.000,0.000,0,0
554.428,49.831,1.000,0.002,0,632.578,75.765,82.362,0,153.613,1082.708,0,0,1161.528,225.092,61.082,335.948,-4.325,-0.701,0.713,335.948,-4.325,-0.701,0.713,313.828,114.978,0.406,-0.914,521.931,-1.888,0.813,0.583,521.931,-1.888,0.813,0.583,629.000,102.597,0.000,0.000,0.000,0.000,0,0
554.428,49.831,1.000,0.002,0,645.832,78.470,95.814,0,153.613,1082.708,0,0,1174.872,228.072,55.861,331.916,-0.224,-0.701,0.713,331.916,-0.224,-0.701,0.713,316.163,109.722,0.406,-0.914,526.685,1.347,0.839,0.543,526.685,1.347,0.839,0.543,629.000,109.855,0.000,0.000,0.000,0.000,0,0
39.000,287.000,0.897,0.443,0,665.221,82.427,658.796,0,657.618,622.353,0,0,1194.399,124.004,101.316,-85.000,286.000,0.000,0.000,-85.000,286.000,0.000,0.000,-296.000,285.000,0.000,0.000,140.000,279.000,0.000,0.000,140.000,279.000,0.000,0.000,290.700,275.300,0.000,0.000,0.000,0.000,0,0
39.000,287.000,0.897,0.443,0,670.938,85.022,663.442,0,657.619,622.354,0,0,1200.219,124.004,101.316,-85.000,286.000,0.000,0.000,-85.000,286.000,0.000,0.000,-296.000,285.000,0.000,0.000,140.000,279.000,0.000,0.000,140.000,279.000,0.000,0.000,290.700,275.300,0.000,0.000,0.000,0.000,0,0
39.000,287.000,0.897,0.443,0,669.938,87.165,661.843,0,657.619,622.354,0,0,1199.313,124.004,101.316,-85.000,286.000,0.000,0.000,-85.000,286.000,0.000,0.000,-296.000,285.000,0.000,0.000,140.000,279.000,0.000,0.000,140.000,279.000,0.000,0.000,290.700,275.300,0.000,0.000,0.000,0.000,0,0
39.000,287.000,0.897,0.443,0,669.762,89.250,661.053,0,657.619,622.354,0,0,1199.230,124.004,101.316,-85.000,286.000,0.000,0.000,-85.000,286.000,0.000,0.000,-296.000,285.000,0.000,0.000,140.000,279.000,0.000,0.000,140.000,279.000,0.000,0.000,290.700,275.300,0.000,0.000,0.000,0.000,0,0
39.000,287.000,0.897,0.443,0,669.696,90.877,660.510,0,657.619,622.354,0,0,1199.239,124.004,101.316,-85.000,286.000,0.000,0.000,-85.000,286.000,0.000,0.000,-296.000,285.000,0.000,0.000,140.000,279.000,0.000,0.000,140.000,279.000,0.000,0.000,290.700,275.300,0.000,0.000,0.000,0.000,0,0
39.000,287.000,0.897,0.443,0,669.616,92.865,659.854,0,657.619,622.354,0,0,1199.254,124.004,101.316,-85.000,286.000,0.000,0.000,-85.000,286.000,0.000,0.000,-296.000,285.000,0.000,0.000,140.000,279.000,0.000,0.000,140.000,279.000,0.000,0.000,290.700,275.300,0.000,0.000,0.000,0.000,0,0
39.000,287.000,0.897,0.443,0,669.407,94.688,659.121,0,657.619,622.354,0,0,1199.139,124.004,101.316,-85.000,286.000,0.000,0.000,-85.000,286.000,0.000,0.000,-296.000,285.000,0.000,0.000,140.000,279.000,0.000,0.000,140.000,279.000,0.000,0.000,290.700,275.300,0.000,0.000,0.000,0.000,0,0
39.000,287.000,0.897,0.443,0,669.217,96.090,658.532,0,657.619,622.354,0,0,1199.025,124.004,101.316,-85.000,286.000,0.000,0.000,-85.000,286.000,0.000,0.000,-296.000,285.000,0.000,0.000,140.000,279.000,0.000,0.000,140.000,279.000,0.000,0.000,290.700,275.300,0.000,0.000,0.000,0.000,0,0
39.000,287.000,0.897,0.443,0,669.068,97.192,658.070,0,657.619,622.354,0,0,1198.936,124.004,101.316,-85.000,286.000,0.000,0.000,-85.000,286.000,0.000,0.000,-296.000,285.000,0.000,0.000,140.000,279.000,0.000,0.000,140.000,279.000,0.000,0.000,290.700,275.300,0.000,0.000,0.000,0.000,0,0
39.000,287.000,0.897,0.443,0,668.885,98.546,657.506,0,657.619,622.354,0,0,1198.829,124.004,101.316,-85.000,286.000,0.000,0.000,-85.000,286.000,0.000,0.000,-296.000,285.000,0.000,0.000,140.000,279.000,0.000,0.000,140.000,279.000,0.000,0.000,290.700,275.300,0.000,0.000,0.000,0.000,0,0
39.000,287.000,0.897,0.443,0,59.000,80.600,207.465,0,657.619,622.354,0,0,589.174,124.004,101.316,-85.000,286.000,0.000,0.000,-85.000,286.000,0.000,0.000,-296.000,285.000,0.000,0.000,140.000,279.000,0.000,0.000,140.000,279.000,0.000,0.000,290.700,275.300,0.000,0.000,0.000,0.000,0,0
39.000,287.000,0.897,0.443,0,59.000,80.600,207.468,0,657.619,622.354,0,0,589.173,124.004,101.316,-85.000,286.000,0.000,0.000,-85.000,286.000,0.000,0.000,-296.000,285.000,0.000,0.000,140.000,279.000,0.000,0.000,140.000,279.000,0.000,0.000,290.700,275.300,0.000,0.000,0.000,0.000,0,0
39.000,284.122,0.947,0.323,0,59.000,80.600,204.610,0,656.973,621.175,0,0,589.171,124.014,101.130,-85.000,286.000,0.000,0.000,-85.000,286.000,0.000,0.000,-296.000,285.000,0.000,0.000,140.000,279.000,0.000,0.000,140.000,279.000,0.000,0.000,290.700,275.300,0.000,0.000,0.000,-1.000,0,0
39.000,266.856,0.411,-0.912,0,59.000,80.600,187.444,0,653.346,614.339,0,0,589.171,125.469,101.728,-85.000,286.000,0.000,0.000,-85.000,286.000,0.000,0.000,-296.000,285.000,0.000,0.000,140.000,279.000,0.000,0.000,140.000,279.000,0.000,0.000,290.700,275.300,0.000,0.000,0.000,-1.000,0,0
39.000,252.467,0.087,-0.996,0,59.000,80.600,173.154,0,650.659,608.957,0,0,589.171,128.454,104.427,-85.000,286.000,0.000,0.000,-85.000,286.000,0.000,0.000,-296.000,285.000,0.000,0.000,140.000,279.000,0.000,0.000,140.000,279.000,0.000,0.000,290.700,275.300,0.000,0.000,0.000,-1.000,0,0
39.000,238.078,0.025,-1.000,0,59.000,80.600,158.882,0,648.281,603.871,0,0,589.171,132.938,108.975,-85.000,286.000,0.000,0.000,-85.000,286.000,0.000,0.000,44.000,-93.000,0.000,0.000,140.000,279.000,0.000,0.000,140.000,279.000,0.000,0.000,290.700,275.300,0.000,0.000,0.000,-1.000,0,0
39.000,226.568,0.009,-1.000,0,59.000,80.600,147.481,0,646.602,600.019,0,0,589.171,137.507,113.799,-85.000,286.000,0.000,0.000,-85.000,286.000,0.000,0.000,44.000,-93.000,0.000,0.000,140.000,279.000,0.000,0.000,140.000,279.000,0.000,0.000,290.700,275.300,0.000,0.000,0.000,-1.000,0,0
39.000,212.179,0.002,-1.000,0,59.000,80.600,133.255,0,644.786,595.482,0,0,589.171,144.311,121.104,-85.000,286.000,0.000,0.000,-85.000,286.000,0.000,0.000,44.000,-93.000,0.000,0.000,140.000,279.000,0.000,0.000,140.000,279.000,0.000,0.000,290.700,275.300,0.000,0.000,0.000,-1.000,0,0
39.000,194.912,0.001,-1.000,0,59.000,80.600,116.238,0,643.026,590.455,0,0,589.171,153.860,131.422,-85.000,286.000,0.000,0.000,-85.000,286.000,0.000,0.000,44.000,-93.000,0.000,0.000,140.000,279.000,0.000,0.000,140.000,279.000,0.000,0.000,290.700,275.300,0.000,0.000,0.000,-1.000,0,0
39.000,183.402,0.000,-1.000,0,59.000,80.600,104.939,0,642.108,587.362,0,0,589.171,160.942,139.069,-85.000,286.000,0.000,0.000,-85.000,286.000,0.000,0.000,44.000,-93.000,0.000,0.000,140.000,279.000,0.000,0.000,140.000,279.000,0.000,0.000,290.700,275.300,0.000,0.000,0.000,-1.000,0,0
39.000,169.013,0.000,-1.000,0,59.000,80.600,90.889,0,641.249,583.791,0,0,589.171,170.476,149.326,-85.000,286.000,0.000,0.000,-85.000,286.000,0.000,0.000,44.000,-93.000,0.000,0.000,140.000,279.000,0.000,0.000,140.000,279.000,0.000,0.000,108.800,-94.600,0.000,0.000,0.000,-1.000,0,0
39.000,154.624,0.000,-1.000,0,59.000,80.600,76.965,0,640.712,580.555,0,0,589.171,180.653,160.220,-85.000,286.000,0.000,0.000,-85.000,286.000,0.000,0.000,44.000,-93.000,0.000,0.000,140.000,279.000,0.000,0.000,140.000,279.000,0.000,0.000,108.800,-94.600,0.000,0.000,0.000,-1.000,0,0
39.000,140.236,0.000,-1.000,0,59.000,80.600,63.249,0,640.498,577.660,0,0,589.171,191.372,171.629,-85.000,286.000,0.000,0.000,-85.000,286.000,0.000,0.000,44.000,-93.000,0.000,0.000,140.000,279.000,0.000,0.000,140.000,279.000,0.000,0.000,108.800,-94.600,0.000,0.000,0.000,-1.000,0,0
39.000,125.847,0.000,-1.000,0,59.000,80.600,49.913,0,640.607,575.110,0,0,589.171,202.546,183.458,-85.000,286.000,0.000,0.000,-85.000,286.000,0.000,0.000,44.000,-93.000,0.000,0.000,140.000,279.000,0.000,0.000,140.000,279.000,0.000,0.000,108.800,-94.600,0.000,0.000,0.000,-1.000,0,0
39.000,108.581,0.000,-1.000,0,59.000,80.600,35.027,0,641.164,572.513,0,0,589.171,201.643,198.101,44.000,-93.000,0.000,0.000,44.000,-93.000,0.000,0.000,-85.000,286.000,0.000,0.000,140.000,279.000,0.000,0.000,140.000,279.000,0.000,0.000,108.800,-94.600,0.000,0.000,0.000,-1.000,0,0
39.000,94.192,0.000,-1.000,1,39.000,79.059,15.133,1,641.983,570.739,0,0,569.259,187.259,201.282,44.000,-93.000,0.000,0.000,44.000,-93.000,0.000,0.000,-67.000,-108.000,0.000,0.000,108.800,-94.600,0.000,0.000,108.800,-94.600,0.000,0.000,140.000,279.000,0.000,0.000,0.000,-1.000,0,0
39.000,82.681,0.000,-1.000,1,39.000,67.548,15.133,1,642.869,569.577,0,0,568.401,175.752,190.527,44.000,-93.000,0.000,0.000,44.000,-93.000,0.000,0.000,-67.000,-108.000,0.000,0.000,108.800,-94.600,0.000,0.000,108.800,-94.600,0.000,0.000,140.000,279.000,0.000,0.000,1.000,-1.000,0,0
55.424,80.646,0.908,-0.420,1,69.159,74.293,15.133,1,626.696,585.752,0,0,598.940,174.021,183.194,44.000,-93.000,0.000,0.000,44.000,-93.000,0.000,0.000,-67.000,-108.000,0.000,0.000,108.800,-94.600,0.000,0.000,108.800,-94.600,0.000,0.000,140.000,279.000,0.000,0.000,1.000,0.000,0,0
69.812,80.646,0.993,-0.121,1,84.835,78.822,15.133,1,612.373,600.085,0,0,614.908,175.554,179.531,44.000,-93.000,0.000,0.000,44.000,-93.000,0.000,0.000,-67.000,-108.000,0.000,0.000,108.800,-94.600,0.000,0.000,108.800,-94.600,0.000,0.000,140.000,279.000,0.000,0.000,1.000,0.000,0,0
77.952,88.785,0.907,0.422,1,91.671,95.173,15.133,1,603.556,608.914,0,0,623.194,184.929,185.962,44.000,-93.000,0.000,0.000,44.000,-93.000,0.000,0.000,-67.000,-108.000,0.000,0.000,108.800,-94.600,0.000,0.000,108.800,-94.600,0.000,0.000,140.000,279.000,0.000,0.000,0.000,1.000,0,0
73.882,101.488,0.108,0.994,1,75.509,116.534,15.133,1,606.716,606.212,0,0,609.758,196.771,189.425,44.000,-93.000,0.000,0.000,44.000,-93.000,0.000,0.000,-82.783,284.169,0.771,-0.637,140.000,279.000,0.000,0.000,140.000,279.000,0.000,0.000,108.800,-94.600,0.000,0.000,-1.000,1.000,0,0
63.708,111.663,-0.514,0.858,1,55.926,124.642,15.133,1,616.352,597.401,0,0,591.612,205.609,183.908,44.000,-93.000,0.000,0.000,44.000,-93.000,0.000,0.000,-77.240,279.592,0.771,-0.637,140.000,279.000,0.000,0.000,140.000,279.000,0.000,0.000,108.800,-94.600,0.000,0.000,-1.000,1.000,0,0
53.533,121.837,-0.656,0.755,1,43.606,133.259,15.133,1,626.171,588.811,0,0,580.912,197.853,179.379,-71.696,275.015,0.771,-0.637,-71.696,275.015,0.771,-0.637,44.000,-93.000,0.000,0.000,140.000,279.000,0.000,0.000,140.000,279.000,0.000,0.000,108.800,-94.600,0.000,0.000,-1.000,1.000,0,0
43.359,132.011,-0.693,0.721,0,32.871,142.921,15.133,0,636.163,580.450,0,0,572.165,176.507,175.912,-66.153,270.438,0.000,0.000,-66.153,270.438,0.000,0.000,44.000,-93.000,0.000,0.000,140.000,279.000,0.000,0.000,140.000,279.000,0.000,0.000,108.800,-94.600,0.000,0.000,-1.000,1.000,0,1
33.185,142.186,-0.703,0.711,0,20.787,158.482,20.476,0,646.321,572.329,0,0,563.640,162.224,173.573,-66.153,270.438,0.000,0.000,-66.153,270.438,0.000,0.000,44.000,-93.000,0.000,0.000,140.000,279.000,0.000,0.000,140.000,279.000,0.000,0.000,108.800,-94.600,0.000,0.000,-1.000,1.000,0,0
25.045,153.203,-0.635,0.772,0,6.680,176.648,29.782,0,654.623,566.626,0,0,554.405,148.530,170.410,-66.153,270.438,0.000,0.000,-66.153,270.438,0.000,0.000,-60.802,-68.223,0.154,0.988,140.000,279.000,0.000,0.000,140.000,279.000,0.000,0.000,255.490,256.194,-0.948,-0.318,0.000,0.000,0,0
39.434,153.203,0.447,0.894,0,-4.756,191.374,58.395,0,640.243,580.678,0,0,547.511,157.774,161.054,-66.153,270.438,0.000,0.000,-66.153,270.438,0.000,0.000,-59.695,-61.120,0.154,0.988,140.000,279.000,0.000,0.000,140.000,279.000,0.000,0.000,248.588,254.190,-0.967,-0.253,1.000,0.000,0,0
48.416,147.098,0.999,0.048,0,-13.700,202.892,83.498,0,631.147,588.222,0,0,542.503,168.341,160.579,-66.153,270.438,0.000,0.000,-66.153,270.438,0.000,0.000,-58.809,-55.438,0.154,0.988,140.000,279.000,0.000,0.000,140.000,279.000,0.000,0.000,242.981,252.913,-0.982,-0.191,1.000,-1.000,0,0
56.556,136.081,0.713,-0.701,0,-24.631,216.968,114.611,0,622.946,594.152,0,0,536.854,181.959,165.496,-66.153,270.438,0.000,0.000,-66.153,270.438,0.000,0.000,-57.702,-48.335,0.154,0.988,140.000,279.000,0.000,0.000,140.000,279.000,0.000,0.000,235.895,251.710,-0.991,-0.132,0.000,-1.000,0,0
56.556,121.692,0.222,-0.975,0,-35.292,230.697,142.552,0,623.154,591.774,0,0,531.861,192.828,178.069,-66.153,270.438,0.000,0.000,-66.153,270.438,0.000,0.000,-56.595,-41.232,0.154,0.988,140.000,279.000,0.000,0.000,140.000,279.000,0.000,0.000,228.751,250.922,-0.997,-0.076,0.000,-1.000,0,0
56.556,104.426,0.049,-0.999,0,-56.868,258.488,191.311,1,623.842,589.372,0,0,523.459,176.947,193.492,-55.267,-32.709,0.154,0.988,-55.267,-32.709,0.154,0.988,44.000,-93.000,0.000,0.000,140.000,279.000,0.000,0.000,140.000,279.000,0.000,0.000,108.800,-94.600,0.000,0.000,0.000,-1.000,0,0
56.556,90.037,0.014,-1.000,0,-55.039,260.166,203.464,1,624.779,587.750,0,0,525.835,160.098,191.886,-54.160,-25.606,0.154,0.988,-54.160,-25.606,0.154,0.988,44.000,-93.000,0.000,0.000,108.800,-94.600,0.000,0.000,108.800,-94.600,0.000,0.000,140.000,279.000,0.000,0.000,0.000,-1.000,0,0
62.660,81.055,0.358,-0.934,0,-54.666,260.587,214.469,1,619.454,592.995,0,0,526.355,153.745,181.614,-53.275,-19.923,0.154,0.988,-53.275,-19.923,0.154,0.988,44.000,-93.000,0.000,0.000,108.800,-94.600,0.000,0.000,108.800,-94.600,0.000,0.000,228.129,-33.844,-0.693,0.721,1.000,-1.000,0,0
74.869,68.846,0.634,-0.773,0,-54.519,260.760,231.457,1,608.566,604.268,0,0,526.562,150.072,166.931,-51.947,-11.400,0.154,0.988,-51.947,-11.400,0.154,0.988,44.000,-93.000,0.000,0.000,108.800,-94.600,0.000,0.000,108.800,-94.600,0.000,0.000,222.155,-27.621,-0.692,0.722,1.000,-1.000,0,0
83.009,60.706,0.683,-0.731,0,-54.496,260.788,242.776,1,601.473,611.938,0,0,526.595,149.622,157.433,-51.061,-5.717,0.154,0.988,-51.061,-5.717,0.154,0.988,44.000,-93.000,0.000,0.000,108.800,-94.600,0.000,0.000,108.800,-94.600,0.000,0.000,218.174,-23.471,-0.692,0.722,1.000,-1.000,0,0
93.183,50.532,0.701,-0.714,0,-54.487,260.798,256.941,1,592.802,621.693,0,0,526.608,151.340,138.344,-49.954,1.386,0.154,0.988,-49.954,1.386,0.154,0.988,44.000,-93.000,0.000,0.000,213.198,-18.283,-0.692,0.722,213.198,-18.283,-0.692,0.722,108.800,-94.600,0.000,0.000,1.000,-1.000,0,0
103.358,40.358,0.705,-0.709,0,-54.485,260.801,271.127,1,584.356,631.625,0,0,526.611,145.971,117.701,44.000,-93.000,0.000,0.000,44.000,-93.000,0.000,0.000,-48.847,8.489,0.154,0.988,208.222,-13.095,-0.692,0.722,208.222,-13.095,-0.692,0.722,108.800,-94.600,0.000,0.000,1.000,-1.000,0,0
113.532,30.183,0.707,-0.708,0,-54.484,260.802,285.332,1,576.146,641.726,0,0,526.612,141.453,97.465,44.000,-93.000,0.000,0.000,44.000,-93.000,0.000,0.000,-47.740,15.592,0.154,0.988,203.246,-7.907,-0.692,0.722,203.246,-7.907,-0.692,0.722,108.800,-94.600,0.000,0.000,1.000,-1.000,0,0
129.956,28.148,0.974,-0.225,0,-54.484,260.802,296.893,1,560.422,658.150,0,0,526.612,148.544,73.632,44.000,-93.000,0.000,0.000,44.000,-93.000,0.000,0.000,-46.412,24.115,0.154,0.988,197.274,-1.681,-0.692,0.722,197.274,-1.681,-0.692,0.722,108.800,-94.600,0.000,0.000,1.000,0.000,0,0
140.624,30.183,1.000,0.017,0,-54.484,260.802,302.080,1,549.566,668.809,0,0,526.612,156.557,59.516,44.000,-93.000,0.000,0.000,44.000,-93.000,0.000,0.000,-45.527,29.798,0.154,0.988,193.293,2.469,-0.692,0.722,193.293,2.469,-0.692,0.722,108.800,-94.600,0.000,0.000,1.000,1.000,0,0
144.693,42.886,0.555,0.832,0,-54.484,260.802,295.227,1,543.213,672.984,0,0,526.612,169.128,56.073,44.000,-93.000,0.000,0.000,44.000,-93.000,0.000,0.000,-44.420,36.901,0.154,0.988,188.317,7.657,-0.692,0.722,188.317,7.657,-0.692,0.722,108.800,-94.600,0.000,0.000,0.000,1.000,0,0
142.658,59.310,-0.037,0.999,0,-54.484,260.802,281.894,1,542.594,671.445,0,0,526.612,181.471,60.322,44.000,-93.000,0.000,0.000,44.000,-93.000,0.000,0.000,-43.092,45.424,0.154,0.988,182.346,13.883,-0.692,0.722,182.346,13.883,-0.692,0.722,108.800,-94.600,0.000,0.000,-1.000,1.000,0,0
132.484,69.484,-0.547,0.837,0,-51.415,258.268,263.549,0,551.304,661.798,0,0,528.277,175.291,67.500,-41.985,52.527,0.154,0.988,-41.985,52.527,0.154,0.988,44.000,-93.000,0.000,0.000,177.370,19.071,-0.692,0.722,177.370,19.071,-0.692,0.722,108.800,-94.600,0.000,0.000,-1.000,1.000,1,0
128.414,82.187,-0.316,0.949,0,-36.299,245.786,232.153,0,553.919,658.603,0,0,536.834,170.788,72.728,-40.878,59.630,0.154,0.988,-40.878,59.630,0.154,0.988,44.000,-93.000,0.000,0.000,172.416,24.281,-0.687,0.727,172.416,24.281,-0.687,0.727,126.744,253.664,-0.999,-0.033,0.000,1.000,0,0
124.345,92.012,-0.422,0.906,0,-24.476,236.023,207.091,0,557.072,655.390,0,0,543.924,166.492,77.363,-39.992,65.312,0.154,0.988,-39.992,65.312,0.154,0.988,44.000,-93.000,0.000,0.000,168.483,28.476,-0.681,0.732,168.483,28.476,-0.681,0.732,121.009,253.242,-0.993,-0.118,-1.000,1.000,0,0
112.135,104.222,-0.650,0.760,0,-7.180,221.741,167.473,0,568.382,644.513,0,0,554.892,153.830,85.831,-38.664,73.836,0.154,0.988,-38.664,73.836,0.154,0.988,44.000,-93.000,0.000,0.000,162.638,34.821,-0.674,0.739,162.638,34.821,-0.674,0.739,112.511,251.795,-0.975,-0.221,-1.000,1.000,0,0
103.996,112.361,-0.687,0.726,0,4.065,212.456,141.442,0,576.086,637.419,0,0,562.387,145.529,91.490,-37.779,79.518,0.154,0.988,-37.779,79.518,0.154,0.988,-50.632,257.622,0.771,-0.637,158.785,39.090,-0.666,0.746,158.785,39.090,-0.666,0.746,106.993,250.184,-0.939,-0.344,-1.000,1.000,0,0
93.822,122.535,-0.702,0.713,0,17.808,201.108,109.331,0,585.892,628.735,0,0,571.916,135.345,98.578,-36.672,86.621,0.154,0.988,-36.672,86.621,0.154,0.988,-45.089,253.044,0.771,-0.637,154.025,44.477,-0.656,0.755,154.025,44.477,-0.656,0.755,100.413,247.306,-0.873,-0.488,-1.000,1.000,0,0
83.647,132.710,-0.706,0.709,0,31.211,190.040,77.714,0,595.883,620.263,0,0,581.583,125.425,105.680,-35.565,93.724,0.154,0.988,-35.565,93.724,0.154,0.988,-39.546,248.467,0.771,-0.637,149.340,49.929,-0.645,0.765,149.340,49.929,-0.645,0.765,94.423,243.350,-0.764,-0.645,-1.000,1.000,0,0
71.438,144.919,-0.707,0.707,0,46.857,177.121,40.586,0,608.106,610.389,0,0,593.311,113.965,93.773,-34.237,102.248,0.154,0.988,-34.237,102.248,0.154,0.988,-32.894,242.975,0.771,-0.637,88.480,237.130,-0.607,-0.795,88.480,237.130,-0.607,-0.795,143.840,56.574,-0.630,0.776,-1.000,1.000,0,0
69.403,153.901,-0.357,0.934,1,64.005,168.039,15.133,1,610.310,610.138,0,0,607.886,112.569,79.870,-33.351,107.930,0.154,0.988,-33.351,107.930,0.154,0.988,-28.460,239.313,0.771,-0.637,85.814,232.067,-0.322,-0.947,85.814,232.067,-0.322,-0.947,140.213,61.037,-0.580,0.815,1.000,1.000,0,0
82.949,155.936,0.731,0.682,1,94.017,166.256,15.133,1,596.831,623.811,0,0,636.769,122.240,69.112,-32.244,115.033,0.154,0.988,-32.244,115.033,0.154,0.988,-22.917,234.736,0.771,-0.637,84.801,225.023,0.155,-0.988,84.801,225.023,0.155,-0.988,136.593,67.231,-0.395,0.919,1.000,0.000,0,0
97.338,155.936,0.987,0.162,1,112.271,158.389,15.133,1,582.455,637.910,0,0,653.030,132.847,63.079,-31.137,122.136,0.154,0.988,-31.137,122.136,0.154,0.988,-17.374,230.158,0.771,-0.637,86.721,218.116,0.393,-0.919,86.721,218.116,0.393,-0.919,134.171,73.993,-0.251,0.968,1.000,0.000,0,0
111.727,155.936,0.999,0.046,1,126.844,156.630,15.133,1,568.078,652.021,0,0,666.990,141.834,59.878,-11.830,225.581,0.771,-0.637,-11.830,225.581,0.771,-0.637,-30.030,129.239,0.154,0.988,90.033,211.747,0.555,-0.832,90.033,211.747,0.555,-0.832,132.839,81.049,-0.079,0.997,1.000,0.000,0,0
126.115,155.936,1.000,0.013,1,141.247,156.129,15.133,1,553.703,666.145,0,0,681.045,147.527,59.305,-6.287,221.004,0.771,-0.637,-6.287,221.004,0.771,-0.637,-28.924,136.342,0.154,0.988,94.416,206.059,0.684,-0.729,94.416,206.059,0.684,-0.729,132.840,88.226,0.123,0.992,1.000,0.000,0,0
140.504,155.936,1.000,0.004,1,155.637,155.990,15.133,1,539.328,680.279,0,0,695.165,153.656,60.926,-0.744,216.427,0.771,-0.637,-0.744,216.427,0.771,-0.637,-27.817,143.445,0.154,0.988,99.625,201.112,0.779,-0.627,99.625,201.112,0.779,-0.627,134.326,95.246,0.331,0.944,1.000,0.000,0,0
157.770,155.936,1.000,0.001,1,172.903,155.949,15.133,1,522.079,697.254,0,0,712.145,161.515,56.483,5.908,210.934,0.771,-0.637,5.908,210.934,0.771,-0.637,-26.488,151.969,0.154,0.988,138.006,103.024,0.518,0.856,138.006,103.024,0.518,0.856,106.641,196.106,0.845,-0.535,1.000,0.000,0,0
169.281,155.936,1.000,0.000,1,184.414,155.940,15.133,1,510.580,708.578,0,0,723.476,167.024,55.752,10.342,207.273,0.771,-0.637,10.342,207.273,0.771,-0.637,-25.603,157.651,0.154,0.988,141.431,107.638,0.665,0.747,141.431,107.638,0.665,0.747,111.639,193.262,0.890,-0.456,1.000,0.000,0,0
183.670,155.936,1.000,0.000,1,198.803,155.937,15.133,1,496.208,722.742,0,0,737.648,174.178,57.002,15.885,202.695,0.771,-0.637,15.885,202.695,0.771,-0.637,-24.496,164.754,0.154,0.988,146.536,112.690,0.770,0.637,146.536,112.690,0.770,0.637,118.131,190.178,0.921,-0.391,1.000,0.000,0,0
200.936,155.936,1.000,0.000,1,216.069,155.936,15.133,1,478.963,739.750,0,0,754.666,183.110,60.886,22.537,197.203,0.771,-0.637,22.537,197.203,0.771,-0.637,-23.168,173.278,0.154,0.988,153.509,117.755,0.842,0.539,153.509,117.755,0.842,0.539,126.167,187.047,0.942,-0.337,1.000,0.000,0,0
212.447,155.936,1.000,0.000,1,227.580,155.936,15.133,1,467.466,751.095,0,0,766.018,189.249,64.485,26.972,193.541,0.771,-0.637,26.972,193.541,0.771,-0.637,-22.282,178.960,0.154,0.988,158.502,120.606,0.890,0.455,158.502,120.606,0.890,0.455,131.628,185.244,0.956,-0.292,1.000,0.000,0,0
226.836,155.936,1.000,0.000,1,241.969,155.936,15.133,1,453.097,765.284,0,0,780.214,197.108,69.745,32.515,188.964,0.771,-0.637,32.515,188.964,0.771,-0.637,-21.175,186.063,0.154,0.988,165.002,123.673,0.922,0.387,165.002,123.673,0.922,0.387,138.535,183.254,0.967,-0.255,1.000,0.000,0,0
244.102,155.936,1.000,0.000,1,259.235,155.936,15.133,1,435.856,782.319,0,0,797.259,206.777,76.805,39.167,183.471,0.771,-0.637,39.167,183.471,0.771,-0.637,-19.847,194.586,0.154,0.988,173.055,126.760,0.944,0.331,173.055,126.760,0.944,0.331,146.909,181.186,0.974,-0.225,1.000,0.000,0,0
252.242,147.797,0.883,-0.470,1,265.600,140.685,15.133,1,427.463,789.107,0,0,801.312,211.082,76.191,43.601,179.809,0.771,-0.637,43.601,179.809,0.771,-0.637,-18.962,200.269,0.154,0.988,178.612,128.207,0.990,0.142,178.612,128.207,0.990,0.142,152.457,179.682,0.945,-0.326,1.000,-1.000,0,0
262.416,137.622,0.763,-0.647,1,273.958,127.835,15.133,1,417.181,797.744,0,0,807.949,216.563,77.154,49.144,175.232,0.771,-0.637,49.144,175.232,0.771,-0.637,-17.855,207.372,0.154,0.988,185.772,128.765,1.000,-0.011,185.772,128.765,1.000,-0.011,159.173,177.122,0.919,-0.395,1.000,-1.000,0,0
272.591,127.448,0.723,-0.691,1,283.536,116.997,15.133,1,407.148,806.545,0,0,816.242,222.145,79.651,54.687,170.655,0.771,-0.637,54.687,170.655,0.771,-0.637,-16.748,214.475,0.154,0.988,192.944,128.348,0.992,-0.124,192.944,128.348,0.992,-0.124,165.721,174.158,0.900,-0.437,1.000,-1.000,0,0
282.765,117.274,0.712,-0.702,1,293.542,106.650,15.133,1,397.383,815.505,0,0,825.177,227.823,83.321,60.231,166.078,0.771,-0.637,60.231,166.078,0.771,-0.637,-15.641,221.578,0.154,0.988,200.036,127.184,0.977,-0.214,200.036,127.184,0.977,-0.214,172.142,170.926,0.884,-0.468,1.000,-1.000,0,0
292.939,107.099,0.709,-0.706,1,303.661,96.420,15.133,1,387.906,824.618,0,0,834.387,233.589,87.867,65.774,161.501,0.771,-0.637,65.774,161.501,0.771,-0.637,44.000,-93.000,0.000,0.000,207.004,125.423,0.958,-0.287,207.004,125.423,0.958,-0.287,178.453,167.485,0.870,-0.494,1.000,-1.000,0,0
305.149,94.890,0.707,-0.707,1,315.854,84.194,15.133,1,376.944,835.751,0,0,845.682,240.615,94.162,72.426,156.008,0.771,-0.637,72.426,156.008,0.771,-0.637,44.000,-93.000,0.000,0.000,215.181,122.682,0.938,-0.347,215.181,122.682,0.938,-0.347,185.900,163.132,0.857,-0.515,1.000,-1.000,0,0
314.131,88.785,0.771,-0.637,1,325.798,79.148,15.133,1,368.793,844.265,0,0,855.305,245.637,98.852,76.860,152.346,0.771,-0.637,76.860,152.346,0.771,-0.637,44.000,-93.000,0.000,0.000,220.519,120.543,0.931,-0.366,220.519,120.543,0.931,-0.366,190.794,160.115,0.858,-0.514,1.000,0.000,0,0
328.520,88.785,0.985,-0.171,1,343.429,86.192,15.133,1,354.552,858.618,0,0,873.323,253.086,105.393,82.403,147.769,0.771,-0.637,82.403,147.769,0.771,-0.637,44.000,-93.000,0.000,0.000,227.332,118.260,0.964,-0.266,227.332,118.260,0.964,-0.266,197.110,156.689,0.901,-0.434,1.000,0.000,0,0
342.908,88.785,0.999,-0.048,1,358.024,88.056,15.133,1,340.322,872.972,0,0,888.005,260.703,112.088,87.946,143.192,0.771,-0.637,87.946,143.192,0.771,-0.637,44.000,-93.000,0.000,0.000,234.296,116.479,0.975,-0.224,234.296,116.479,0.975,-0.224,203.647,153.699,0.920,-0.391,1.000,0.000,0,0
357.297,88.785,1.000,-0.014,0,374.609,88.238,17.320,0,326.107,887.327,0,0,904.565,268.473,118.892,93.489,138.615,0.771,-0.637,93.489,138.615,0.771,-0.637,44.000,-93.000,0.000,0.000,241.320,114.952,0.981,-0.197,241.320,114.952,0.981,-0.197,210.303,150.984,0.934,-0.357,1.000,0.000,1,0
360.175,88.785,1.000,-0.011,0,394.109,87.775,33.949,0,323.266,890.198,0,0,923.993,265.034,114.516,99.033,134.038,0.771,-0.637,99.033,134.038,0.771,-0.637,44.000,-93.000,0.000,0.000,248.381,113.605,0.985,-0.175,248.381,113.605,0.985,-0.175,217.054,148.515,0.946,-0.324,0.000,0.000,0,0
360.175,88.785,1.000,-0.011,0,413.126,87.323,52.972,0,323.266,890.198,0,0,942.942,258.815,107.337,104.576,129.461,0.771,-0.637,104.576,129.461,0.771,-0.637,44.000,-93.000,0.000,0.000,255.469,112.403,0.988,-0.157,255.469,112.403,0.988,-0.157,223.881,146.263,0.955,-0.297,0.000,0.000,0,0
360.175,88.785,1.000,-0.011,0,431.673,86.883,71.525,0,323.266,890.198,0,0,961.424,252.648,100.167,110.119,124.883,0.771,-0.637,110.119,124.883,0.771,-0.637,44.000,-93.000,0.000,0.000,262.575,111.316,0.990,-0.143,262.575,111.316,0.990,-0.143,230.765,144.194,0.962,-0.274,0.000,0.000,0,0
360.175,88.785,1.000,-0.011,0,449.760,86.453,89.621,0,323.266,890.198,0,0,979.449,246.536,93.008,115.662,120.306,0.771,-0.637,115.662,120.306,0.771,-0.637,44.000,-93.000,0.000,0.000,269.694,110.322,0.991,-0.131,269.694,110.322,0.991,-0.131,237.694,142.280,0.967,-0.255,0.000,0.000,0,0
360.175,88.785,1.000,-0.011,0,470.875,85.952,110.747,0,323.266,890.198,0,0,1000.492,239.281,84.436,122.314,114.813,0.771,-0.637,122.314,114.813,0.771,-0.637,44.000,-93.000,0.000,0.000,278.252,109.232,0.993,-0.122,278.252,109.232,0.993,-0.122,246.055,140.159,0.971,-0.238,0.000,0.000,0,0
360.175,88.785,1.000,-0.011,0,484.603,85.626,124.484,0,323.266,890.198,0,0,1014.175,234.496,78.735,126.748,111.152,0.771,-0.637,126.748,111.152,0.771,-0.637,44.000,-93.000,0.000,0.000,283.963,108.556,0.994,-0.114,283.963,108.556,0.994,-0.114,251.652,138.837,0.975,-0.223,0.000,0.000,0,0
360.175,88.785,1.000,-0.011,0,501.381,85.228,141.274,0,323.266,890.198,0,0,1030.897,228.577,71.627,132.291,106.574,0.771,-0.637,132.291,106.574,0.771,-0.637,44.000,-93.000,0.000,0.000,291.107,107.760,0.994,-0.107,291.107,107.760,0.994,-0.107,258.669,137.274,0.978,-0.210,0.000,0.000,0,0
360.175,88.785,1.000,-0.011,0,520.966,84.763,160.879,0,323.266,890.198,0,0,1050.420,221.573,63.133,138.943,101.082,0.771,-0.637,138.943,101.082,0.771,-0.637,44.000,-93.000,0.000,0.000,299.687,106.868,0.995,-0.101,299.687,106.868,0.995,-0.101,267.114,135.516,0.980,-0.198,0.000,0.000,0,0
360.175,88.785,1.000,-0.011,0,536.844,84.386,176.775,0,323.266,890.198,0,0,1066.248,215.827,56.094,144.486,96.505,0.771,-0.637,144.486,96.505,0.771,-0.637,44.000,-93.000,0.000,0.000,306.842,106.168,0.995,-0.095,306.842,106.168,0.995,-0.095,274.169,134.136,0.982,-0.188,0.000,0.000,0,0
360.175,88.785,1.000,-0.011,0,549.262,84.091,189.210,0,323.266,890.198,0,0,1078.629,211.293,50.501,148.921,92.843,0.771,-0.637,148.921,92.843,0.771,-0.637,44.000,-93.000,0.000,0.000,312.568,105.634,0.996,-0.091,312.568,105.634,0.996,-0.091,279.823,133.082,0.984,-0.179,0.000,0.000,0,0
360.175,88.785,1.000,-0.011,0,564.439,83.730,204.412,0,323.266,890.198,0,0,1093.760,205.712,43.574,154.464,88.266,0.771,-0.637,154.464,88.266,0.771,-0.637,47.350,268.072,0.942,-0.336,319.728,104.994,0.996,-0.087,319.728,104.994,0.996,-0.087,286.900,131.820,0.985,-0.171,0.000,0.000,0,0
360.175,88.785,1.000,-0.011,0,579.085,83.383,219.078,0,323.266,890.198,0,0,1108.366,200.233,36.758,160.007,83.688,0.771,-0.637,160.007,83.688,0.771,-0.637,54.120,265.655,0.942,-0.336,326.891,104.383,0.997,-0.083,326.891,104.383,0.997,-0.083,293.987,130.614,0.987,-0.163,0.000,0.000,0,0
360.175,88.785,1.000,-0.011,0,592.862,83.055,232.852,0,323.266,890.198,0,0,1122.112,194.865,30.125,165.550,79.111,0.771,-0.637,165.550,79.111,0.771,-0.637,60.890,263.238,0.942,-0.336,334.055,103.795,0.997,-0.080,334.055,103.795,0.997,-0.080,301.082,129.458,0.988,-0.157,0.000,0.000,0,0
360.175,88.785,1.000,-0.011,0,606.247,82.738,246.235,0,323.266,890.198,0,0,1135.467,189.618,23.830,171.093,74.534,0.771,-0.637,171.093,74.534,0.771,-0.637,67.661,260.821,0.942,-0.336,341.222,103.229,0.997,-0.077,341.222,103.229,0.997,-0.077,308.184,128.346,0.988,-0.151,0.000,0.000,0,0
360.175,88.785,1.000,-0.011,0,621.795,82.368,261.783,0,323.266,890.198,0,0,1150.983,183.495,17.243,177.745,69.041,0.771,-0.637,177.745,69.041,0.771,-0.637,75.785,257.921,0.942,-0.336,349.823,102.575,0.997,-0.075,349.823,102.575,0.997,-0.075,316.714,127.064,0.989,-0.146,0.000,0.000,0,0
360.175,88.785,1.000,-0.011,0,631.858,82.129,271.846,0,323.266,890.198,0,0,1161.024,179.528,14.142,182.180,65.379,0.771,-0.637,182.180,65.379,0.771,-0.637,81.201,255.987,0.942,-0.336,355.559,102.153,0.997,-0.072,355.559,102.153,0.997,-0.072,322.406,126.239,0.990,-0.141,0.000,0.000,0,0
360.175,88.785,1.000,-0.011,0,646.509,81.782,286.497,0,323.266,890.198,0,0,1175.646,173.763,13.362,188.831,59.887,0.771,-0.637,188.831,59.887,0.771,-0.637,89.325,253.087,0.942,-0.336,364.163,101.539,0.998,-0.070,364.163,101.539,0.998,-0.070,330.949,125.041,0.991,-0.137,0.000,0.000,0,0
39.000,287.000,0.897,0.443,0,655.988,81.557,650.324,0,657.611,622.345,0,0,1185.106,124.004,101.316,-85.000,286.000,0.000,0.000,-85.000,286.000,0.000,0.000,-296.000,285.000,0.000,0.000,140.000,279.000,0.000,0.000,140.000,279.000,0.000,0.000,290.700,275.300,0.000,0.000,0.000,0.000,0,0
39.000,287.000,0.897,0.443,0,669.786,81.229,663.533,0,657.619,622.354,0,0,1198.877,124.004,101.316,-85.000,286.000,0.000,0.000,-85.000,286.000,0.000,0.000,-296.000,285.000,0.000,0.000,140.000,279.000,0.000,0.000,140.000,279.000,0.000,0.000,290.700,275.300,0.000,0.000,0.000,0.000,0,0
39.000,287.000,0.897,0.443,0,671.437,81.069,665.148,0,657.619,622.354,0,0,1200.524,124.004,101.316,-85.000,286.000,0.000,0.000,-85.000,286.000,0.000,0.000,-296.000,285.000,0.000,0.000,140.000,279.000,0.000,0.000,140.000,279.000,0.000,0.000,290.700,275.300,0.000,0.000,0.000,0.000,0,0
39.000,287.000,0.897,0.443,0,670.437,80.891,664.246,0,657.619,622.354,0,0,1199.524,124.004,101.316,-85.000,286.000,0.000,0.000,-85.000,286.000,0.000,0.000,-296.000,285.000,0.000,0.000,140.000,279.000,0.000,0.000,140.000,279.000,0.000,0.000,290.700,275.300,0.000,0.000,0.000,0.000,0,0
39.000,287.000,0.897,0.443,0,669.807,80.687,663.705,0,657.619,622.354,0,0,1198.892,124.004,101.316,-85.000,286.000,0.000,0.000,-85.000,286.000,0.000,0.000,-296.000,285.000,0.000,0.000,140.000,279.000,0.000,0.000,140.000,279.000,0.000,0.000,290.700,275.300,0.000,0.000,0.000,0.000,0,0
39.000,287.000,0.897,0.443,0,669.806,80.554,663.743,0,657.619,622.354,0,0,1198.890,124.004,101.316,-85.000,286.000,0.000,0.000,-85.000,286.000,0.000,0.000,-296.000,285.000,0.000,0.000,140.000,279.000,0.000,0.000,140.000,279.000,0.000,0.000,290.700,275.300,0.000,0.000,0.000,0.000,0,0
39.000,287.000,0.897,0.443,0,669.806,80.392,663.791,0,657.619,622.354,0,0,1198.887,124.004,101.316,-85.000,286.000,0.000,0.000,-85.000,286.000,0.000,0.000,-296.000,285.000,0.000,0.000,140.000,279.000,0.000,0.000,140.000,279.000,0.000,0.000,290.700,275.300,0.000,0.000,0.000,0.000,0,0
39.000,287.000,0.897,0.443,0,669.806,80.233,663.839,0,657.619,622.354,0,0,1198.883,124.004,101.316,-85.000,286.000,0.000,0.000,-85.000,286.000,0.000,0.000,-296.000,285.000,0.000,0.000,140.000,279.000,0.000,0.000,140.000,279.000,0.000,0.000,290.700,275.300,0.000,0.000,0.000,0.000,0,0
39.000,287.000,0.897,0.443,0,669.806,80.079,663.886,0,657.619,622.354,0,0,1198.878,124.004,101.316,-85.000,286.000,0.000,0.000,-85.000,286.000,0.000,0.000,-296.000,285.000,0.000,0.000,140.000,279.000,0.000,0.000,140.000,279.000,0.000,0.000,290.700,275.300,0.000,0.000,0.000,0.000,0,0
39.000,287.000,0.897,0.443,0,669.806,79.928,663.933,0,657.619,622.354,0,0,1198.873,124.004,101.316,-85.000,286.000,0.000,0.000,-85.000,286.000,0.000,0.000,-296.000,285.000,0.000,0.000,140.000,279.000,0.000,0.000,140.000,279.000,0.000,0.000,290.700,275.300,0.000,0.000,0.000,0.000,0,0
39.000,287.000,0.897,0.443,0,59.000,80.600,207.464,0,657.619,622.354,0,0,589.175,124.004,101.316,-85.000,286.000,0.000,0.000,-85.000,286.000,0.000,0.000,-296.000,285.000,0.000,0.000,140.000,279.000,0.000,0.000,140.000,279.000,0.000,0.000,290.700,275.300,0.000,0.000,0.000,0.000,0,0
39.000,287.000,0.897,0.443,0,59.000,80.600,207.468,0,657.619,622.354,0,0,589.173,124.004,101.316,-85.000,286.000,0.000,0.000,-85.000,286.000,0.000,0.000,-296.000,285.000,0.000,0.000,140.000,279.000,0.000,0.000,140.000,279.000,0.000,0.000,290.700,275.300,0.000,0.000,0.000,0.000,0,0
39.000,287.000,0.897,0.443,0,59.000,80.600,207.473,0,657.619,622.354,0,0,589.171,124.004,101.316,-85.000,286.000,0.000,0.000,-85.000,286.000,0.000,0.000,-296.000,285.000,0.000,0.000,140.000,279.000,0.000,0.000,140.000,279.000,0.000,0.000,290.700,275.300,0.000,0.000,0.000,0.000,0,0
39.000,287.000,0.897,0.443,0,59.000,80.600,207.473,0,657.619,622.354,0,0,589.171,124.004,101.316,-85.000,286.000,0.000,0.000,-85.000,286.000,0.000,0.000,-296.000,285.000,0.000,0.000,140.000,279.000,0.000,0.000,140.000,279.000,0.000,0.000,290.700,275.300,0.000,0.000,0.000,0.000,0,0
39.000,287.000,0.897,0.443,0,59.000,80.600,207.473,0,657.619,622.354,0,0,589.171,124.004,101.316,-85.000,286.000,0.000,0.000,-85.000,286.000,0.000,0.000,-296.000,285.000,0.000,0.000,140.000,279.000,0.000,0.000,140.000,279.000,0.000,0.000,290.700,275.300,0.000,0.000,0.000,0.000,0,0
39.000,287.000,0.897,0.443,0,59.000,80.600,207.473,0,657.619,622.354,0,0,589.171,124.004,101.316,-85.000,286.000,0.000,0.000,-85.000,286.000,0.000,0.000,-296.000,285.000,0.000,0.000,140.000,279.000,0.000,0.000,140.000,279.000,0.000,0.000,290.700,275.300,0.000,0.000,0.000,0.000,0,0
39.000,287.000,0.897,0.443,0,59.000,80.600,207.473,0,657.619,622.354,0,0,589.171,124.004,101.316,-85.000,286.000,0.000,0.000,-85.000,286.000,0.000,0.000,-296.000,285.000,0.000,0.000,140.000,279.000,0.000,0.000,140.000,279.000,0.000,0.000,290.700,275.300,0.000,0.000,0.000,0.000,0,0
39.000,287.000,0.897,0.443,0,59.000,80.600,207.473,0,657.619,622.354,0,0,589.171,124.004,101.316,-85.000,286.000,0.000,0.000,-85.000,286.000,0.000,0.000,-296.000,285.000,0.000,0.000,140.000,279.000,0.000,0.000,140.000,279.000,0.000,0.000,290.700,275.300,0.000,0.000,0.000,0.000,0,0
