TotalTime,MyPosX,MyPosZ,MyFacingX,MyFacingZ,MyHasBall,BallPosX,BallPosZ,DistToBall,HasBallTeam,DistToRivalGoal,DistToOwnGoal,ScoreTeam1,ScoreTeam2,DistBallToOwnGoal,DistClosestAlly,DistClosestEnemy,Ally1PosX,Ally1PosZ,Ally1DirX,Ally1DirZ,Ally2PosX,Ally2PosZ,Ally2DirX,Ally2DirZ,Ally3PosX,Ally3PosZ,Ally3DirX,Ally3DirZ,Enemy1PosX,Enemy1PosZ,Enemy1DirX,Enemy1DirZ,Enemy2PosX,Enemy2PosZ,Enemy2DirX,Enemy2DirZ,Enemy3PosX,Enemy3PosZ,Enemy3DirX,Enemy3DirZ,InputX,InputZ,ActionShoot,ActionPass
0.107,39.000,287.000,0.897,0.443,0,59.000,80.600,207.486,0,657.619,622.354,0,0,589.165,118.092,101.316,-79.074,289.096,0.886,0.463,-79.074,289.096,0.886,0.463,-296.000,285.000,0.000,0.000,140.000,279.000,0.000,0.000,140.000,279.000,0.000,0.000,289.485,268.725,-0.182,-0.983,0.000,0.000,0,0
0.208,39.000,287.000,0.897,0.443,0,59.000,80.600,207.473,0,657.619,622.354,0,0,589.171,111.837,101.316,-72.705,292.423,0.886,0.463,-72.705,292.423,0.886,0.463,-296.000,285.000,0.000,0.000,140.000,279.000,0.000,0.000,140.000,279.000,0.000,0.000,288.179,261.659,-0.182,-0.983,0.000,0.000,0,0
0.308,41.878,287.000,0.737,0.676,0,59.000,80.600,207.215,0,654.817,624.977,0,0,589.171,108.565,98.448,-66.334,295.752,0.886,0.463,-66.334,295.752,0.886,0.463,-296.000,285.000,0.000,0.000,140.000,279.000,0.000,0.000,140.000,279.000,0.000,0.000,286.872,254.591,-0.182,-0.983,1.000,-1.000,0,0
0.406,52.052,276.826,0.970,-0.245,0,59.000,80.600,196.461,0,642.642,630.228,0,0,589.171,114.204,87.975,-59.962,299.081,0.886,0.463,-59.962,299.081,0.886,0.463,-296.000,285.000,0.000,0.000,140.000,279.000,0.000,0.000,140.000,279.000,0.000,0.000,285.566,247.522,-0.182,-0.983,1.000,-1.000,0,0
0.505,62.226,266.651,0.807,-0.591,0,59.000,80.600,186.197,0,630.559,635.762,0,0,589.171,121.212,78.748,-53.591,302.410,0.886,0.463,-53.591,302.410,0.886,0.463,-296.000,285.000,0.000,0.000,140.000,279.000,0.000,0.000,140.000,279.000,0.000,0.000,284.260,240.453,-0.182,-0.983,1.000,-1.000,0,0
0.604,72.401,256.477,0.737,-0.676,0,59.000,80.600,176.511,0,618.575,641.571,0,0,589.171,129.367,71.253,-47.219,305.739,0.886,0.463,-47.219,305.739,0.886,0.463,44.000,-93.000,0.000,0.000,140.000,279.000,0.000,0.000,140.000,279.000,0.000,0.000,282.953,233.384,-0.182,-0.983,1.000,-1.000,0,0
0.703,82.575,246.302,0.716,-0.698,0,59.000,80.600,167.503,0,606.696,647.648,0,0,589.171,138.466,66.081,-40.848,309.068,0.886,0.463,-40.848,309.068,0.886,0.463,44.000,-93.000,0.000,0.000,140.000,279.000,0.000,0.000,140.000,279.000,0.000,0.000,281.647,226.315,-0.182,-0.983,0.000,-1.000,0,0
0.804,82.575,231.914,0.225,-0.974,0,59.000,80.600,153.283,0,604.291,643.006,0,0,589.171,142.051,74.261,-34.477,312.396,0.886,0.463,-34.477,312.396,0.886,0.463,-18.965,-77.307,0.843,0.538,140.000,279.000,0.000,0.000,140.000,279.000,0.000,0.000,280.340,219.246,-0.182,-0.983,0.000,-1.000,0,0
0.903,82.575,217.525,0.066,-0.998,0,59.000,80.600,139.098,0,602.220,638.654,0,0,589.171,147.964,84.124,-28.105,315.725,0.886,0.463,-28.105,315.725,0.886,0.463,-12.907,-73.436,0.843,0.538,140.000,279.000,0.000,0.000,140.000,279.000,0.000,0.000,279.034,212.177,-0.182,-0.983,0.000,-1.000,0,0
1.005,82.575,203.137,0.018,-1.000,0,59.000,80.600,124.960,0,600.487,634.598,0,0,589.171,155.940,95.147,-21.734,319.054,0.886,0.463,-21.734,319.054,0.886,0.463,-6.850,-69.566,0.843,0.538,140.000,279.000,0.000,0.000,140.000,279.000,0.000,0.000,277.727,205.108,-0.182,-0.983,0.000,-1.000,0,0
1.104,82.575,188.748,0.005,-1.000,0,59.000,80.600,110.886,0,599.094,630.845,0,0,589.171,165.680,106.972,-15.362,322.383,0.886,0.463,-15.362,322.383,0.886,0.463,-0.792,-65.695,0.843,0.538,140.000,279.000,0.000,0.000,140.000,279.000,0.000,0.000,276.421,198.039,-0.182,-0.983,0.000,-1.000,0,0
1.203,82.575,174.359,0.002,-1.000,0,59.000,80.600,96.905,0,598.045,627.400,0,0,589.171,176.895,119.362,-8.991,325.711,0.886,0.463,-8.991,325.711,0.886,0.463,5.266,-61.825,0.843,0.538,140.000,279.000,0.000,0.000,140.000,279.000,0.000,0.000,275.114,190.970,-0.182,-0.983,0.000,-1.000,0,0
1.305,80.540,160.813,-0.116,-0.993,0,59.000,80.600,83.320,0,599.405,622.452,0,0,589.171,187.659,132.301,-2.620,329.040,0.886,0.463,-2.620,329.040,0.886,0.463,11.323,-57.954,0.843,0.538,140.000,279.000,0.000,0.000,140.000,279.000,0.000,0.000,273.808,183.901,-0.182,-0.983,-1.000,-1.000,0,0
1.403,70.366,150.639,-0.553,-0.833,0,59.000,80.600,71.265,0,609.271,610.432,0,0,589.171,193.554,146.032,3.752,332.369,0.886,0.463,3.752,332.369,0.886,0.463,17.381,-54.083,0.843,0.538,140.000,279.000,0.000,0.000,140.000,279.000,0.000,0.000,272.501,176.832,-0.182,-0.983,-1.000,-1.000,0,0
1.502,66.296,137.936,-0.336,-0.942,0,59.000,80.600,58.178,0,613.206,604.063,0,0,589.171,192.968,159.158,23.438,-50.213,0.843,0.538,23.438,-50.213,0.843,0.538,10.123,335.697,0.886,0.463,140.000,279.000,0.000,0.000,140.000,279.000,0.000,0.000,271.195,169.763,-0.182,-0.983,0.000,-1.000,0,0
1.603,66.296,123.547,-0.097,-0.995,0,59.000,80.600,44.065,0,613.374,601.680,0,0,589.171,173.829,172.040,29.496,-46.342,0.843,0.538,29.496,-46.342,0.843,0.538,44.000,-93.000,0.000,0.000,140.000,279.000,0.000,0.000,140.000,279.000,0.000,0.000,229.452,-0.078,-0.546,0.838,0.000,-1.000,0,0
1.703,66.296,109.159,-0.029,-1.000,1,65.862,94.032,15.133,1,613.879,599.633,0,0,597.416,154.715,185.144,35.554,-42.471,0.843,0.538,35.554,-42.471,0.843,0.538,44.000,-93.000,0.000,0.000,140.000,279.000,0.000,0.000,140.000,279.000,0.000,0.000,225.526,5.943,-0.546,0.838,0.000,-1.000,0,0
1.801,69.174,100.526,0.188,-0.982,1,72.014,85.661,15.133,1,611.473,601.425,0,0,602.714,141.830,176.285,41.611,-38.601,0.843,0.538,41.611,-38.601,0.843,0.538,44.000,-93.000,0.000,0.000,221.599,11.965,-0.546,0.838,221.599,11.965,-0.546,0.838,140.000,279.000,0.000,0.000,1.000,0.000,0,0
1.902,83.563,100.526,0.934,-0.356,1,97.703,95.135,15.133,1,597.116,615.715,0,0,629.189,139.937,157.475,47.669,-34.730,0.843,0.538,47.669,-34.730,0.843,0.538,44.000,-93.000,0.000,0.000,217.673,17.987,-0.546,0.838,217.673,17.987,-0.546,0.838,265.969,141.487,-0.182,-0.983,1.000,0.000,0,0
2.002,95.423,106.630,0.953,0.303,1,109.847,111.208,15.133,1,584.926,628.203,0,0,643.075,143.673,144.315,53.727,-30.860,0.843,0.538,53.727,-30.860,0.843,0.538,44.000,-93.000,0.000,0.000,213.746,24.008,-0.546,0.838,213.746,24.008,-0.546,0.838,264.663,134.419,-0.182,-0.983,1.000,1.000,0,0
2.103,105.597,116.804,0.796,0.605,1,117.646,125.960,15.133,1,574.307,639.588,0,0,652.797,150.915,135.618,59.784,-26.989,0.843,0.538,59.784,-26.989,0.843,0.538,44.000,-93.000,0.000,0.000,209.820,30.030,-0.546,0.838,209.820,30.030,-0.546,0.838,263.356,127.350,-0.182,-0.983,1.000,1.000,0,0
2.201,109.667,129.507,0.407,0.913,1,115.833,143.327,15.133,1,569.913,645.438,0,0,653.765,158.793,134.140,65.842,-23.118,0.843,0.538,65.842,-23.118,0.843,0.538,40.098,343.057,-0.385,-0.923,205.893,36.051,-0.546,0.838,205.893,36.051,-0.546,0.838,140.000,279.000,0.000,0.000,0.000,1.000,0,0
2.301,113.737,142.210,0.315,0.949,1,118.502,156.574,15.133,1,565.799,651.509,0,0,658.792,166.790,133.462,71.899,-19.248,0.843,0.538,71.899,-19.248,0.843,0.538,37.330,336.423,-0.385,-0.923,201.967,42.073,-0.546,0.838,201.967,42.073,-0.546,0.838,140.000,279.000,0.000,0.000,1.000,1.000,0,0
2.401,123.911,152.385,0.606,0.795,1,133.088,164.417,15.133,1,555.801,663.321,0,0,674.620,173.942,127.634,77.957,-15.377,0.843,0.538,77.957,-15.377,0.843,0.538,34.562,329.788,-0.385,-0.923,140.000,279.000,0.000,0.000,140.000,279.000,0.000,0.000,198.041,48.094,-0.546,0.838,1.000,1.000,0,0
2.505,134.928,160.524,0.726,0.688,1,145.911,170.935,15.133,1,545.069,675.665,0,0,688.487,179.407,118.584,84.015,-11.506,0.843,0.538,84.015,-11.506,0.843,0.538,31.794,323.154,-0.385,-0.923,140.000,279.000,0.000,0.000,140.000,279.000,0.000,0.000,194.114,54.116,-0.546,0.838,1.000,0.000,0,0
2.603,149.317,160.524,0.975,0.220,1,164.079,163.855,15.133,1,530.700,689.789,0,0,704.910,178.291,108.388,90.072,-7.636,0.843,0.538,90.072,-7.636,0.843,0.538,29.025,316.520,-0.385,-0.923,190.188,60.137,-0.546,0.838,190.188,60.137,-0.546,0.838,140.000,279.000,0.000,0.000,1.000,0.000,0,0
2.702,163.705,160.524,0.998,0.065,1,178.807,161.506,15.133,1,516.331,703.922,0,0,718.945,177.644,97.023,96.130,-3.765,0.843,0.538,96.130,-3.765,0.843,0.538,26.257,309.885,-0.385,-0.923,186.261,66.159,-0.546,0.838,186.261,66.159,-0.546,0.838,255.517,84.936,-0.182,-0.983,1.000,0.000,0,0
2.807,178.094,160.524,1.000,0.018,1,193.225,160.792,15.133,1,501.963,718.066,0,0,732.997,177.471,88.445,102.187,0.105,0.843,0.538,102.187,0.105,0.843,0.538,23.489,303.251,-0.385,-0.923,182.335,72.180,-0.546,0.838,182.335,72.180,-0.546,0.838,254.211,77.867,-0.182,-0.983,1.000,0.000,0,0
2.908,192.483,160.524,1.000,0.005,1,207.616,160.601,15.133,1,487.597,732.220,0,0,747.128,177.773,83.517,108.245,3.976,0.843,0.538,108.245,3.976,0.843,0.538,20.721,296.617,-0.385,-0.923,178.408,78.202,-0.546,0.838,178.408,78.202,-0.546,0.838,252.904,70.798,-0.182,-0.983,1.000,0.000,0,0
3.007,206.871,160.524,1.000,0.001,1,222.005,160.546,15.133,1,473.232,746.382,0,0,761.290,178.548,82.891,114.302,7.847,0.843,0.538,114.302,7.847,0.843,0.538,17.953,289.982,-0.385,-0.923,174.482,84.223,-0.546,0.838,174.482,84.223,-0.546,0.838,251.598,63.729,-0.182,-0.983,1.000,0.000,0,0
3.106,221.260,160.524,1.000,0.000,1,236.393,160.531,15.133,1,458.869,760.553,0,0,775.467,179.790,86.661,120.360,11.717,0.843,0.538,120.360,11.717,0.843,0.538,15.185,283.348,-0.385,-0.923,170.555,90.245,-0.546,0.838,170.555,90.245,-0.546,0.838,250.291,56.660,-0.182,-0.983,1.000,0.000,0,0
3.207,233.963,156.454,0.962,-0.274,1,248.517,152.309,15.133,1,446.001,772.398,0,0,786.109,177.227,90.313,126.417,15.588,0.843,0.538,126.417,15.588,0.843,0.538,12.417,276.713,-0.385,-0.923,166.629,96.266,-0.546,0.838,166.629,96.266,-0.546,0.838,248.985,49.591,-0.182,-0.983,1.000,-1.000,0,0
3.303,244.137,146.280,0.806,-0.592,1,256.335,137.323,15.133,1,435.528,780.869,0,0,791.679,168.974,92.558,132.475,19.458,0.843,0.538,132.475,19.458,0.843,0.538,9.648,270.079,-0.385,-0.923,162.703,102.288,-0.546,0.838,162.703,102.288,-0.546,0.838,247.678,42.522,-0.182,-0.983,1.000,-1.000,0,0
3.400,254.312,136.106,0.738,-0.675,1,265.475,125.889,15.133,1,425.284,789.511,0,0,799.296,161.628,99.497,138.532,23.329,0.843,0.538,138.532,23.329,0.843,0.538,6.880,263.445,-0.385,-0.923,158.776,108.309,-0.546,0.838,158.776,108.309,-0.546,0.838,246.372,35.454,-0.182,-0.983,1.000,-1.000,0,0
3.503,264.486,125.931,0.716,-0.698,1,275.316,115.361,15.133,1,415.285,798.319,0,0,807.897,155.317,99.461,144.589,27.199,0.843,0.538,144.589,27.199,0.843,0.538,4.112,256.810,-0.385,-0.923,245.065,28.385,-0.182,-0.983,245.065,28.385,-0.182,-0.983,154.850,114.330,-0.546,0.838,1.000,-1.000,0,0
3.603,278.032,123.897,0.944,-0.329,1,292.321,118.912,15.133,1,401.821,811.532,0,0,825.179,157.619,108.155,150.647,31.069,0.843,0.538,150.647,31.069,0.843,0.538,1.344,250.176,-0.385,-0.923,243.759,21.316,-0.182,-0.983,243.759,21.316,-0.182,-0.983,150.924,120.352,-0.546,0.838,1.000,0.000,0,0
3.705,292.421,123.897,0.995,-0.096,1,307.484,122.443,15.133,1,387.453,825.825,0,0,840.631,162.273,120.499,156.704,34.940,0.843,0.538,156.704,34.940,0.843,0.538,-1.424,243.542,-0.385,-0.923,242.452,14.247,-0.182,-0.983,242.452,14.247,-0.182,-0.983,146.997,126.373,-0.546,0.838,1.000,1.000,0,0
3.801,302.595,134.071,0.867,0.498,1,315.720,141.604,15.133,1,377.053,837.126,0,0,851.098,171.737,140.989,162.830,34.276,0.858,-0.513,162.830,34.276,0.858,-0.513,-4.192,236.907,-0.385,-0.923,241.146,7.178,-0.182,-0.983,241.146,7.178,-0.182,-0.983,143.071,132.394,-0.546,0.838,1.000,1.000,0,0
3.901,316.141,136.106,0.965,0.262,1,330.746,140.070,15.133,1,363.505,850.817,0,0,865.800,181.063,155.939,169.001,30.589,0.858,-0.513,169.001,30.589,0.858,-0.513,-6.960,230.273,-0.385,-0.923,239.839,0.109,-0.182,-0.983,239.839,0.109,-0.182,-0.983,143.788,139.547,0.100,0.995,1.000,0.000,0,0
4.001,330.530,136.106,0.997,0.077,1,345.619,137.264,15.133,1,349.130,865.095,0,0,880.210,189.898,170.091,175.173,26.903,0.858,-0.513,175.173,26.903,0.858,-0.513,-9.729,223.639,-0.385,-0.923,238.533,-6.960,-0.182,-0.983,238.533,-6.960,-0.182,-0.983,427.000,279.000,0.000,0.000,1.000,0.000,0,0
4.106,344.919,136.106,1.000,0.021,1,360.048,136.425,15.133,1,334.757,879.376,0,0,894.435,198.748,164.791,181.344,23.216,0.858,-0.513,181.344,23.216,0.858,-0.513,-12.497,217.004,-0.385,-0.923,427.000,279.000,0.000,0.000,427.000,279.000,0.000,0.000,237.226,-14.028,-0.182,-0.983,1.000,-1.000,0,0
4.200,355.093,125.931,0.865,-0.501,1,368.190,118.349,15.133,1,324.810,888.331,0,0,900.584,198.503,169.117,187.515,19.530,0.858,-0.513,187.515,19.530,0.858,-0.513,-15.265,210.370,-0.385,-0.923,427.000,279.000,0.000,0.000,427.000,279.000,0.000,0.000,235.920,-21.097,-0.182,-0.983,1.000,-1.000,0,0
4.305,368.639,123.897,0.974,-0.228,1,383.373,120.445,15.133,1,311.375,901.586,0,0,915.897,205.630,165.720,193.687,15.843,0.858,-0.513,193.687,15.843,0.858,-0.513,44.000,-93.000,0.000,0.000,427.000,279.000,0.000,0.000,427.000,279.000,0.000,0.000,234.613,-28.166,-0.182,-0.983,1.000,0.000,0,0
4.400,383.028,123.897,0.998,-0.071,1,398.123,122.827,15.133,1,297.021,915.897,0,0,930.807,214.562,161.216,199.858,12.157,0.858,-0.513,199.858,12.157,0.858,-0.513,44.000,-93.000,0.000,0.000,427.000,279.000,0.000,0.000,427.000,279.000,0.000,0.000,233.307,-35.235,-0.182,-0.983,1.000,0.000,0,0
4.501,394.539,123.897,1.000,-0.022,1,409.668,123.567,15.133,1,285.540,927.348,0,0,942.368,221.040,158.464,206.030,8.470,0.858,-0.513,206.030,8.470,0.858,-0.513,44.000,-93.000,0.000,0.000,427.000,279.000,0.000,0.000,427.000,279.000,0.000,0.000,620.828,166.656,0.105,0.994,0.000,0.000,0,0
4.605,394.539,123.897,1.000,-0.022,1,409.668,123.567,15.133,1,285.540,927.348,0,0,942.368,217.795,158.464,212.201,4.784,0.858,-0.513,212.201,4.784,0.858,-0.513,44.000,-93.000,0.000,0.000,427.000,279.000,0.000,0.000,427.000,279.000,0.000,0.000,424.800,-106.500,0.000,0.000,0.000,0.000,0,0
4.704,394.539,123.897,1.000,-0.022,1,409.668,123.567,15.133,1,285.540,927.348,0,0,942.368,214.742,158.464,218.373,1.097,0.858,-0.513,218.373,1.097,0.858,-0.513,44.000,-93.000,0.000,0.000,427.000,279.000,0.000,0.000,427.000,279.000,0.000,0.000,424.800,-106.500,0.000,0.000,0.000,0.000,1,0
4.800,394.539,123.897,1.000,-0.022,1,409.668,123.567,15.133,1,285.540,927.348,0,0,942.368,211.888,158.464,224.544,-2.589,0.858,-0.513,224.544,-2.589,0.858,-0.513,44.000,-93.000,0.000,0.000,427.000,279.000,0.000,0.000,427.000,279.000,0.000,0.000,424.800,-106.500,0.000,0.000,0.000,0.000,0,0
4.900,394.539,123.897,1.000,-0.022,1,409.668,123.567,15.133,1,285.540,927.348,0,0,942.368,209.243,158.464,230.716,-6.276,0.858,-0.513,230.716,-6.276,0.858,-0.513,44.000,-93.000,0.000,0.000,427.000,279.000,0.000,0.000,427.000,279.000,0.000,0.000,424.800,-106.500,0.000,0.000,0.000,0.000,0,0
5.004,394.539,123.897,1.000,-0.022,1,409.668,123.567,15.133,1,285.540,927.348,0,0,942.368,206.814,158.464,236.887,-9.962,0.858,-0.513,236.887,-9.962,0.858,-0.513,44.000,-93.000,0.000,0.000,427.000,279.000,0.000,0.000,427.000,279.000,0.000,0.000,622.296,167.997,-0.029,-1.000,0.000,0.000,0,0
5.101,394.539,123.897,1.000,-0.022,1,409.668,123.567,15.133,1,285.540,927.348,0,0,942.368,204.609,158.464,243.059,-13.649,0.858,-0.513,243.059,-13.649,0.858,-0.513,44.000,-93.000,0.000,0.000,427.000,279.000,0.000,0.000,427.000,279.000,0.000,0.000,622.088,160.812,-0.029,-1.000,0.000,0.000,0,0
5.200,394.539,123.897,1.000,-0.022,1,409.668,123.567,15.133,1,285.540,927.348,0,0,942.368,202.635,158.464,249.230,-17.335,0.858,-0.513,249.230,-17.335,0.858,-0.513,44.000,-93.000,0.000,0.000,427.000,279.000,0.000,0.000,427.000,279.000,0.000,0.000,621.880,153.626,-0.029,-1.000,0.000,0.000,0,0
5.301,394.539,123.897,1.000,-0.022,1,409.668,123.567,15.133,1,285.540,927.348,0,0,942.368,200.899,158.464,255.402,-21.022,0.858,-0.513,255.402,-21.022,0.858,-0.513,44.000,-93.000,0.000,0.000,427.000,279.000,0.000,0.000,427.000,279.000,0.000,0.000,180.735,198.388,0.951,-0.311,0.000,0.000,0,0
5.404,394.539,123.897,1.000,-0.022,1,409.668,123.567,15.133,1,285.540,927.348,0,0,942.368,199.407,158.464,261.573,-24.708,0.858,-0.513,261.573,-24.708,0.858,-0.513,44.000,-93.000,0.000,0.000,427.000,279.000,0.000,0.000,427.000,279.000,0.000,0.000,187.568,196.155,0.951,-0.311,0.000,0.000,0,0
5.507,394.539,123.897,1.000,-0.022,1,409.668,123.567,15.133,1,285.540,927.348,0,0,942.368,198.165,158.464,267.745,-28.395,0.858,-0.513,267.745,-28.395,0.858,-0.513,44.000,-93.000,0.000,0.000,427.000,279.000,0.000,0.000,427.000,279.000,0.000,0.000,194.401,193.922,0.951,-0.311,0.000,0.000,0,1
5.602,394.539,123.897,1.000,-0.022,1,409.668,123.567,15.133,1,285.540,927.348,0,0,942.368,197.177,158.464,273.916,-32.081,0.858,-0.513,273.916,-32.081,0.858,-0.513,44.000,-93.000,0.000,0.000,427.000,279.000,0.000,0.000,427.000,279.000,0.000,0.000,201.234,191.688,0.951,-0.311,0.000,0.000,0,1
5.702,394.539,123.897,1.000,-0.022,1,409.668,123.567,15.133,1,285.540,927.348,0,0,942.368,196.448,158.464,280.087,-35.768,0.858,-0.513,280.087,-35.768,0.858,-0.513,44.000,-93.000,0.000,0.000,427.000,279.000,0.000,0.000,427.000,279.000,0.000,0.000,208.067,189.455,0.951,-0.311,0.000,0.000,0,0
5.805,394.539,123.897,1.000,-0.022,1,409.668,123.567,15.133,1,285.540,927.348,0,0,942.368,195.980,158.464,286.259,-39.454,0.858,-0.513,286.259,-39.454,0.858,-0.513,44.000,-93.000,0.000,0.000,427.000,279.000,0.000,0.000,427.000,279.000,0.000,0.000,214.900,187.222,0.951,-0.311,0.000,0.000,0,0
5.901,394.539,123.897,1.000,-0.022,1,409.668,123.567,15.133,1,285.540,927.348,0,0,942.368,195.774,158.464,292.430,-43.141,0.858,-0.513,292.430,-43.141,0.858,-0.513,44.000,-93.000,0.000,0.000,427.000,279.000,0.000,0.000,427.000,279.000,0.000,0.000,221.733,184.989,0.951,-0.311,0.000,0.000,0,0
6.003,394.539,123.897,1.000,-0.022,1,409.668,123.567,15.133,1,285.540,927.348,0,0,942.368,195.833,158.464,298.602,-46.827,0.858,-0.513,298.602,-46.827,0.858,-0.513,44.000,-93.000,0.000,0.000,427.000,279.000,0.000,0.000,427.000,279.000,0.000,0.000,228.566,182.756,0.951,-0.311,0.000,0.000,0,0
6.101,394.539,123.897,1.000,-0.022,1,409.668,123.567,15.133,1,285.540,927.348,0,0,942.368,196.155,158.464,304.773,-50.514,0.858,-0.513,304.773,-50.514,0.858,-0.513,44.000,-93.000,0.000,0.000,427.000,279.000,0.000,0.000,427.000,279.000,0.000,0.000,235.399,180.522,0.951,-0.311,0.000,0.000,0,0
6.201,394.539,123.897,1.000,-0.022,1,409.668,123.567,15.133,1,285.540,927.348,0,0,942.368,196.740,158.464,310.945,-54.200,0.858,-0.513,310.945,-54.200,0.858,-0.513,44.000,-93.000,0.000,0.000,427.000,279.000,0.000,0.000,427.000,279.000,0.000,0.000,242.232,178.289,0.951,-0.311,0.000,0.000,0,0
6.306,394.539,123.897,1.000,-0.022,1,409.668,123.567,15.133,1,285.540,927.348,0,0,942.368,197.584,154.541,317.116,-57.887,0.858,-0.513,317.116,-57.887,0.858,-0.513,44.000,-93.000,0.000,0.000,249.066,176.056,0.951,-0.311,249.066,176.056,0.951,-0.311,427.000,279.000,0.000,0.000,0.000,0.000,0,0
6.403,394.539,123.897,1.000,-0.022,1,409.668,123.567,15.133,1,285.540,927.348,0,0,942.368,198.685,147.356,323.287,-61.573,0.858,-0.513,323.287,-61.573,0.858,-0.513,44.000,-93.000,0.000,0.000,255.899,173.823,0.951,-0.311,255.899,173.823,0.951,-0.311,427.000,279.000,0.000,0.000,0.000,0.000,0,0
6.500,394.539,123.897,1.000,-0.022,1,409.668,123.567,15.133,1,285.540,927.348,0,0,942.368,200.039,140.170,329.459,-65.260,0.858,-0.513,329.459,-65.260,0.858,-0.513,44.000,-93.000,0.000,0.000,262.732,171.590,0.951,-0.311,262.732,171.590,0.951,-0.311,427.000,279.000,0.000,0.000,0.000,0.000,0,0
6.602,394.539,123.897,1.000,-0.022,1,409.668,123.567,15.133,1,285.540,927.348,0,0,942.368,201.640,132.985,335.630,-68.946,0.858,-0.513,335.630,-68.946,0.858,-0.513,44.000,-93.000,0.000,0.000,269.565,169.356,0.951,-0.311,269.565,169.356,0.951,-0.311,427.000,279.000,0.000,0.000,0.000,0.000,0,0
6.702,394.539,123.897,1.000,-0.022,1,409.668,123.567,15.133,1,285.540,927.348,0,0,942.368,203.482,125.801,341.802,-72.633,0.858,-0.513,341.802,-72.633,0.858,-0.513,44.000,-93.000,0.000,0.000,276.398,167.123,0.951,-0.311,276.398,167.123,0.951,-0.311,427.000,279.000,0.000,0.000,0.000,0.000,0,0
6.804,394.539,123.897,1.000,-0.022,1,409.668,123.567,15.133,1,285.540,927.348,0,0,942.368,205.560,118.617,347.973,-76.320,0.858,-0.513,347.973,-76.320,0.858,-0.513,44.000,-93.000,0.000,0.000,283.231,164.890,0.951,-0.311,283.231,164.890,0.951,-0.311,427.000,279.000,0.000,0.000,0.000,0.000,0,0
6.902,400.294,123.897,1.000,-0.016,1,415.425,123.654,15.133,1,279.801,933.073,0,0,948.105,209.060,116.847,354.144,-80.006,0.858,-0.513,354.144,-80.006,0.858,-0.513,44.000,-93.000,0.000,0.000,290.067,162.667,0.955,-0.297,290.067,162.667,0.955,-0.297,427.000,279.000,0.000,0.000,1.000,0.000,0,0
7.002,412.997,119.827,0.948,-0.318,1,427.342,115.007,15.133,1,267.380,945.321,0,0,959.167,210.227,122.998,360.316,-83.693,0.858,-0.513,360.316,-83.693,0.858,-0.513,44.000,-93.000,0.000,0.000,296.942,160.567,0.944,-0.330,296.942,160.567,0.944,-0.330,427.000,279.000,0.000,0.000,1.000,-1.000,0,0
7.101,423.171,109.653,0.796,-0.606,1,435.215,100.489,15.133,1,258.162,954.556,0,0,965.853,205.023,128.925,366.487,-87.379,0.858,-0.513,366.487,-87.379,0.858,-0.513,44.000,-93.000,0.000,0.000,303.639,157.960,0.916,-0.400,303.639,157.960,0.916,-0.400,427.000,279.000,0.000,0.000,1.000,-1.000,0,0
7.201,427.241,96.950,0.603,-0.798,1,436.365,84.876,15.133,1,255.849,957.651,0,0,966.003,195.778,130.654,372.659,-91.066,0.858,-0.513,372.659,-91.066,0.858,-0.513,44.000,-93.000,0.000,0.000,310.083,154.780,0.875,-0.484,310.083,154.780,0.875,-0.484,427.000,279.000,0.000,0.000,0.000,-1.000,0,0
7.305,427.241,82.561,0.174,-0.985,1,429.881,67.660,15.133,1,258.542,956.767,0,0,958.715,183.803,130.446,378.830,-94.752,0.858,-0.513,378.830,-94.752,0.858,-0.513,44.000,-93.000,0.000,0.000,316.162,150.953,0.807,-0.591,316.162,150.953,0.807,-0.591,608.676,69.316,-0.064,0.998,0.000,-1.000,0,0
7.404,430.119,71.050,0.242,-0.970,1,433.777,56.365,15.133,1,258.473,959.089,0,0,962.243,175.391,132.005,385.002,-98.439,0.858,-0.513,385.002,-98.439,0.858,-0.513,44.000,-93.000,0.000,0.000,321.798,146.494,0.779,-0.627,321.798,146.494,0.779,-0.627,424.800,-106.500,0.000,0.000,1.000,0.000,0,0
7.502,444.508,71.050,0.932,-0.362,1,458.612,65.565,15.133,1,244.631,973.463,0,0,987.346,181.202,136.879,391.173,-102.125,0.858,-0.513,391.173,-102.125,0.858,-0.513,44.000,-93.000,0.000,0.000,327.682,142.377,0.863,-0.506,327.682,142.377,0.863,-0.506,607.759,83.664,-0.064,0.998,1.000,0.000,0,0
7.604,450.263,71.050,0.980,-0.199,1,465.095,68.043,15.133,1,239.112,979.213,0,0,993.914,184.609,134.637,397.344,-105.812,0.858,-0.513,397.344,-105.812,0.858,-0.513,44.000,-93.000,0.000,0.000,333.968,138.891,0.880,-0.475,333.968,138.891,0.880,-0.475,607.300,90.838,-0.064,0.998,0.000,0.000,0,0
7.705,450.263,71.050,0.980,-0.199,1,465.095,68.043,15.133,1,239.112,979.213,0,0,993.914,186.502,127.452,403.516,-109.498,0.858,-0.513,403.516,-109.498,0.858,-0.513,44.000,-93.000,0.000,0.000,340.292,135.473,0.880,-0.475,340.292,135.473,0.880,-0.475,606.842,98.012,-0.064,0.998,0.000,0.000,0,0
7.805,450.263,71.050,0.980,-0.199,1,465.095,68.043,15.133,1,239.112,979.213,0,0,993.914,188.650,120.268,409.687,-113.185,0.858,-0.513,409.687,-113.185,0.858,-0.513,44.000,-93.000,0.000,0.000,346.617,132.056,0.880,-0.475,346.617,132.056,0.880,-0.475,606.383,105.186,-0.064,0.998,0.000,0.000,0,0
7.905,450.263,71.050,0.980,-0.199,1,465.095,68.043,15.133,1,239.112,979.213,0,0,993.914,191.045,113.084,415.859,-116.871,0.858,-0.513,415.859,-116.871,0.858,-0.513,44.000,-93.000,0.000,0.000,352.941,128.639,0.880,-0.475,352.941,128.639,0.880,-0.475,606.010,112.363,-0.005,1.000,0.000,0.000,0,0
8.004,450.263,71.050,0.980,-0.199,1,465.095,68.043,15.133,1,239.112,979.213,0,0,993.914,193.677,105.901,422.030,-120.558,0.858,-0.513,422.030,-120.558,0.858,-0.513,44.000,-93.000,0.000,0.000,359.266,125.222,0.880,-0.475,359.266,125.222,0.880,-0.475,605.976,119.552,-0.005,1.000,0.000,0.000,0,0
8.103,450.263,71.050,0.980,-0.199,0,480.581,64.904,30.934,0,239.112,979.213,0,0,1009.276,196.536,98.724,428.201,-124.244,0.858,-0.513,428.201,-124.244,0.858,-0.513,44.000,-93.000,0.000,0.000,365.628,121.875,0.896,-0.444,365.628,121.875,0.896,-0.444,605.943,126.740,-0.005,1.000,0.000,0.000,0,0
8.205,450.263,71.050,0.980,-0.199,0,499.507,61.067,50.245,0,239.112,979.213,0,0,1028.067,199.614,91.571,434.373,-127.931,0.858,-0.513,434.373,-127.931,0.858,-0.513,15.376,41.277,1.000,0.020,372.114,118.778,0.911,-0.413,372.114,118.778,0.911,-0.413,605.909,133.929,-0.005,1.000,0.000,0.000,0,0
8.302,450.263,71.050,0.980,-0.199,0,517.964,57.325,69.079,0,239.112,979.213,0,0,1046.410,202.900,84.452,440.544,-131.617,0.858,-0.513,440.544,-131.617,0.858,-0.513,22.563,41.423,1.000,0.020,378.696,115.886,0.922,-0.388,378.696,115.886,0.922,-0.388,605.876,141.117,-0.005,1.000,0.000,0.000,0,0
8.401,450.263,71.050,0.980,-0.199,0,535.965,53.676,87.448,0,239.112,979.213,0,0,1064.315,206.384,77.378,446.716,-135.304,0.858,-0.513,446.716,-135.304,0.858,-0.513,29.750,41.569,1.000,0.020,385.347,113.161,0.930,-0.367,385.347,113.161,0.930,-0.367,605.842,148.306,-0.005,1.000,0.000,0.000,0,0
8.506,450.263,71.050,0.980,-0.199,0,553.520,50.117,105.363,0,239.112,979.213,0,0,1081.789,210.057,70.358,452.887,-138.990,0.858,-0.513,452.887,-138.990,0.858,-0.513,36.937,41.715,1.000,0.020,392.053,110.570,0.937,-0.351,392.053,110.570,0.937,-0.351,605.809,155.495,-0.005,1.000,0.000,0.000,0,0
8.604,450.263,71.050,0.980,-0.199,0,570.640,46.647,122.837,0,239.112,979.213,0,0,1098.844,213.908,63.407,459.059,-142.677,0.858,-0.513,459.059,-142.677,0.858,-0.513,44.124,41.861,1.000,0.020,398.801,108.091,0.942,-0.337,398.801,108.091,0.942,-0.337,424.800,-106.500,0.000,0.000,0.000,0.000,0,0
8.703,450.263,71.050,0.980,-0.199,0,587.337,43.262,139.880,0,239.112,979.213,0,0,1115.488,217.928,56.546,465.230,-146.363,0.858,-0.513,465.230,-146.363,0.858,-0.513,51.312,42.007,1.000,0.020,405.582,105.705,0.946,-0.325,405.582,105.705,0.946,-0.325,424.800,-106.500,0.000,0.000,0.000,0.000,0,0
8.801,450.263,71.050,0.980,-0.199,0,603.621,39.961,156.503,0,239.112,979.213,0,0,1131.730,222.108,49.808,471.401,-150.050,0.858,-0.513,471.401,-150.050,0.858,-0.513,58.499,42.153,1.000,0.020,412.391,103.399,0.949,-0.315,412.391,103.399,0.949,-0.315,424.800,-106.500,0.000,0.000,0.000,0.000,0,0
8.905,450.263,71.050,0.980,-0.199,0,619.501,36.742,172.718,0,239.112,979.213,0,0,1147.580,226.439,43.246,477.573,-153.736,0.858,-0.513,477.573,-153.736,0.858,-0.513,65.686,42.299,1.000,0.020,419.222,101.161,0.952,-0.306,419.222,101.161,0.952,-0.306,424.800,-106.500,0.000,0.000,0.000,0.000,0,0
9.005,450.263,71.050,0.980,-0.199,0,634.989,33.602,188.535,0,239.112,979.213,0,0,1163.047,230.913,36.951,483.744,-157.423,0.858,-0.513,483.744,-157.423,0.858,-0.513,72.873,42.445,1.000,0.020,426.073,98.982,0.954,-0.299,426.073,98.982,0.954,-0.299,424.800,-106.500,0.000,0.000,0.000,0.000,0,0
9.104,450.263,71.050,0.980,-0.199,0,643.679,31.690,197.448,0,239.112,979.213,0,0,1171.726,235.521,31.079,489.916,-161.109,0.858,-0.513,489.916,-161.109,0.858,-0.513,80.060,42.591,1.000,0.020,432.939,96.852,0.955,-0.295,432.939,96.852,0.955,-0.295,424.800,-106.500,0.000,0.000,0.000,0.000,0,0
9.203,450.263,71.050,0.980,-0.199,0,642.644,31.499,196.492,0,239.112,979.213,0,0,1170.686,240.256,25.880,496.087,-164.796,0.858,-0.513,496.087,-164.796,0.858,-0.513,87.248,42.737,1.000,0.020,439.805,94.723,0.955,-0.298,439.805,94.723,0.955,-0.298,424.800,-106.500,0.000,0.000,0.000,0.000,0,0
9.302,450.263,71.050,0.980,-0.199,0,641.618,31.269,195.557,0,239.112,979.213,0,0,1169.654,245.110,21.826,502.258,-168.482,0.858,-0.513,502.258,-168.482,0.858,-0.513,94.435,42.884,1.000,0.020,446.666,92.577,0.954,-0.300,446.666,92.577,0.954,-0.300,424.800,-106.500,0.000,0.000,0.000,0.000,0,0
9.404,450.263,71.050,0.980,-0.199,0,641.298,31.056,195.289,0,239.112,979.213,0,0,1169.334,250.077,19.638,508.430,-172.169,0.858,-0.513,508.430,-172.169,0.858,-0.513,101.622,43.030,1.000,0.020,453.522,90.416,0.953,-0.301,453.522,90.416,0.953,-0.301,424.800,-106.500,0.000,0.000,0.000,0.000,0,0
9.503,450.263,71.050,0.980,-0.199,0,641.098,30.858,195.134,0,239.112,979.213,0,0,1169.133,255.150,19.948,514.601,-175.855,0.858,-0.513,514.601,-175.855,0.858,-0.513,108.809,43.176,1.000,0.020,460.375,88.245,0.953,-0.303,460.375,88.245,0.953,-0.303,424.800,-106.500,0.000,0.000,0.000,0.000,0,0
9.603,461.774,71.050,0.997,-0.081,0,640.900,30.664,183.742,0,228.110,990.713,0,0,1168.936,257.443,15.975,520.773,-179.542,0.858,-0.513,520.773,-179.542,0.858,-0.513,115.996,43.322,1.000,0.020,467.225,86.066,0.953,-0.304,467.225,86.066,0.953,-0.304,424.800,-106.500,0.000,0.000,1.000,0.000,0,0
9.702,476.163,71.050,1.000,-0.024,0,640.707,30.474,169.603,0,214.433,1005.089,0,0,1168.743,259.299,12.997,526.945,-183.228,0.858,-0.513,526.945,-183.228,0.858,-0.513,123.184,43.468,1.000,0.020,474.073,83.878,0.952,-0.305,474.073,83.878,0.952,-0.305,424.800,-106.500,0.000,0.000,1.000,0.000,0,0
9.801,490.552,71.050,1.000,-0.007,0,640.518,30.287,155.550,0,200.855,1019.464,0,0,1168.554,261.453,14.346,533.116,-186.915,0.858,-0.513,533.116,-186.915,0.858,-0.513,130.371,43.614,1.000,0.020,480.917,81.680,0.952,-0.307,480.917,81.680,0.952,-0.307,424.800,-106.500,0.000,0.000,1.000,0.000,0,0
9.904,500.726,60.876,0.861,-0.509,0,640.332,30.105,143.111,0,195.114,1029.283,0,0,1168.368,245.054,22.672,533.956,-181.915,-0.069,0.998,533.956,-181.915,-0.069,0.998,137.558,43.760,1.000,0.020,487.759,79.473,0.951,-0.308,487.759,79.473,0.951,-0.308,424.800,-106.500,0.000,0.000,1.000,-1.000,0,0
10.005,510.900,50.701,0.756,-0.655,0,640.151,29.925,131.077,0,190.289,1039.208,0,0,1168.186,226.570,31.160,533.463,-174.743,-0.069,0.998,533.463,-174.743,-0.069,0.998,144.745,43.906,1.000,0.020,494.597,77.256,0.951,-0.309,494.597,77.256,0.951,-0.309,424.800,-106.500,0.000,0.000,1.000,-1.000,0,0
10.102,521.075,40.527,0.722,-0.692,0,639.972,29.749,119.569,0,186.453,1049.237,0,0,1168.008,208.438,39.701,532.970,-167.571,-0.069,0.998,532.970,-167.571,-0.069,0.998,151.932,44.052,1.000,0.020,501.432,75.029,0.951,-0.311,501.432,75.029,0.951,-0.311,424.800,-106.500,0.000,0.000,1.000,-1.000,0,0
10.203,532.935,34.422,0.890,-0.456,0,639.797,29.577,107.178,0,179.940,1061.057,0,0,1167.833,194.822,45.616,532.478,-160.399,-0.069,0.998,532.478,-160.399,-0.069,0.998,159.120,44.198,1.000,0.020,508.264,72.791,0.950,-0.312,508.264,72.791,0.950,-0.312,424.800,-106.500,0.000,0.000,1.000,0.000,0,0
10.304,547.323,34.422,0.991,-0.135,0,639.626,29.408,92.676,0,168.444,1075.444,0,0,1167.662,188.276,48.411,531.985,-153.228,-0.069,0.998,531.985,-153.228,-0.069,0.998,166.307,44.344,1.000,0.020,515.092,70.543,0.950,-0.314,515.092,70.543,0.950,-0.314,424.800,-106.500,0.000,0.000,1.000,0.000,0,0
10.405,561.712,34.422,0.999,-0.038,0,639.458,29.243,78.200,0,157.424,1089.832,0,0,1167.495,182.991,52.253,531.492,-146.056,-0.069,0.998,531.492,-146.056,-0.069,0.998,173.494,44.490,1.000,0.020,521.916,68.284,0.949,-0.315,521.916,68.284,0.949,-0.315,424.800,-106.500,0.000,0.000,1.000,0.000,0,0
10.501,576.101,34.422,1.000,-0.012,0,639.293,29.080,63.764,0,146.988,1104.219,0,0,1167.330,179.079,56.933,530.999,-138.884,-0.069,0.998,530.999,-138.884,-0.069,0.998,180.681,44.636,1.000,0.020,528.737,66.013,0.948,-0.317,528.737,66.013,0.948,-0.317,424.800,-106.500,0.000,0.000,1.000,0.000,0,0
10.605,590.490,34.422,1.000,-0.003,0,639.132,28.921,49.400,0,137.269,1118.606,0,0,1167.169,176.632,62.265,530.506,-131.712,-0.069,0.998,530.506,-131.712,-0.069,0.998,187.868,44.782,1.000,0.020,535.554,63.731,0.948,-0.319,535.554,63.731,0.948,-0.319,608.163,234.686,0.080,-0.997,1.000,0.000,0,0
10.705,604.878,34.422,1.000,-0.001,0,638.973,28.765,35.192,0,128.429,1132.993,0,0,1167.011,175.710,68.099,530.013,-124.540,-0.069,0.998,530.013,-124.540,-0.069,0.998,195.056,44.928,1.000,0.020,542.366,61.435,0.947,-0.320,542.366,61.435,0.947,-0.320,608.740,227.520,0.080,-0.997,1.000,0.000,0,0
10.804,614.704,41.370,0.901,0.435,1,628.332,47.949,15.133,1,117.212,1142.860,0,0,1156.565,180.150,67.889,529.520,-117.369,-0.069,0.998,529.520,-117.369,-0.069,0.998,202.243,45.074,1.000,0.020,549.257,59.414,0.990,-0.143,549.257,59.414,0.990,-0.143,609.318,220.355,0.080,-0.997,0.000,1.000,0,0
10.901,606.564,52.387,-0.111,0.994,1,604.887,67.427,15.133,1,113.362,1134.877,0,0,1133.585,180.126,50.628,529.028,-110.197,-0.069,0.998,529.028,-110.197,-0.069,0.998,209.430,45.220,1.000,0.020,556.415,59.332,0.986,0.165,556.415,59.332,0.986,0.165,609.896,213.189,0.080,-0.997,-1.000,1.000,0,0
11.002,608.599,64.247,0.146,0.989,1,610.814,79.217,15.133,1,103.302,1137.197,0,0,1139.947,185.446,45.380,528.535,-103.025,-0.069,0.998,528.535,-103.025,-0.069,0.998,216.617,45.366,1.000,0.020,563.317,61.270,0.935,0.353,563.317,61.270,0.935,0.353,610.473,206.024,0.080,-0.997,1.000,1.000,0,0
11.103,622.145,66.282,0.888,0.460,1,635.581,73.244,15.133,1,92.972,1150.797,0,0,1164.458,187.465,52.036,528.042,-95.853,-0.069,0.998,528.042,-95.853,-0.069,0.998,223.804,45.512,1.000,0.020,570.194,63.306,0.989,0.150,570.194,63.306,0.989,0.150,611.051,198.858,0.080,-0.997,1.000,0.000,0,0
11.210,39.000,287.000,0.897,0.443,0,652.452,69.748,650.786,0,657.602,622.335,0,0,1181.196,124.004,101.316,-85.000,286.000,0.000,0.000,-85.000,286.000,0.000,0.000,-296.000,285.000,0.000,0.000,140.000,279.000,0.000,0.000,140.000,279.000,0.000,0.000,290.700,275.300,0.000,0.000,1.000,0.000,0,0
11.305,47.273,287.000,0.998,0.056,0,671.731,73.303,660.010,0,649.566,629.900,0,0,1200.582,132.277,93.071,-85.000,286.000,0.000,0.000,-85.000,286.000,0.000,0.000,-296.000,285.000,0.000,0.000,140.000,279.000,0.000,0.000,140.000,279.000,0.000,0.000,290.700,275.300,0.000,0.000,0.000,0.000,0,0
11.403,47.273,287.000,0.998,0.056,0,670.731,75.656,658.305,0,649.566,629.900,0,0,1199.667,132.277,93.071,-85.000,286.000,0.000,0.000,-85.000,286.000,0.000,0.000,-296.000,285.000,0.000,0.000,140.000,279.000,0.000,0.000,140.000,279.000,0.000,0.000,290.700,275.300,0.000,0.000,0.000,0.000,0,0
11.501,47.273,287.000,0.998,0.056,0,669.831,77.979,656.710,0,649.566,629.900,0,0,1198.854,132.277,93.071,-85.000,286.000,0.000,0.000,-85.000,286.000,0.000,0.000,-296.000,285.000,0.000,0.000,140.000,279.000,0.000,0.000,140.000,279.000,0.000,0.000,290.700,275.300,0.000,0.000,0.000,0.000,0,0
11.604,47.273,287.000,0.998,0.056,0,669.806,80.218,655.978,0,649.566,629.900,0,0,1198.916,132.277,93.071,-85.000,286.000,0.000,0.000,-85.000,286.000,0.000,0.000,-296.000,285.000,0.000,0.000,140.000,279.000,0.000,0.000,140.000,279.000,0.000,0.000,290.700,275.300,0.000,0.000,0.000,0.000,0,0
11.700,47.273,287.000,0.998,0.056,0,669.806,82.389,655.297,0,649.566,629.900,0,0,1199.002,132.277,93.071,-85.000,286.000,0.000,0.000,-85.000,286.000,0.000,0.000,-296.000,285.000,0.000,0.000,140.000,279.000,0.000,0.000,140.000,279.000,0.000,0.000,290.700,275.300,0.000,0.000,0.000,0.000,0,0
11.803,47.273,287.000,0.998,0.056,0,669.806,84.506,654.640,0,649.566,629.900,0,0,1199.089,132.277,93.071,-85.000,286.000,0.000,0.000,-85.000,286.000,0.000,0.000,-296.000,285.000,0.000,0.000,140.000,279.000,0.000,0.000,140.000,279.000,0.000,0.000,290.700,275.300,0.000,0.000,0.000,0.000,0,0
11.901,47.273,287.000,0.998,0.056,0,669.806,86.571,654.006,0,649.566,629.900,0,0,1199.176,132.277,93.071,-85.000,286.000,0.000,0.000,-85.000,286.000,0.000,0.000,-296.000,285.000,0.000,0.000,140.000,279.000,0.000,0.000,140.000,279.000,0.000,0.000,290.700,275.300,0.000,0.000,0.000,0.000,0,0
12.001,47.273,275.489,0.602,-0.799,0,669.806,88.585,649.991,0,647.021,625.309,0,0,1199.264,132.690,92.793,-85.000,286.000,0.000,0.000,-85.000,286.000,0.000,0.000,-296.000,285.000,0.000,0.000,140.000,279.000,0.000,0.000,140.000,279.000,0.000,0.000,290.700,275.300,0.000,0.000,0.000,-1.000,0,0
12.103,47.273,261.100,0.172,-0.985,0,669.806,90.549,645.483,0,644.115,619.822,0,0,1199.352,134.596,94.439,-85.000,286.000,0.000,0.000,-85.000,286.000,0.000,0.000,-296.000,285.000,0.000,0.000,140.000,279.000,0.000,0.000,140.000,279.000,0.000,0.000,290.700,275.300,0.000,0.000,0.000,-1.000,0,0
12.206,47.273,246.712,0.049,-0.999,0,59.000,80.600,166.646,0,641.518,614.623,0,0,589.175,137.985,98.188,-85.000,286.000,0.000,0.000,-85.000,286.000,0.000,0.000,44.000,-93.000,0.000,0.000,140.000,279.000,0.000,0.000,140.000,279.000,0.000,0.000,290.700,275.300,0.000,0.000,0.000,-1.000,0,0
12.302,47.273,232.323,0.015,-1.000,0,59.000,80.600,152.310,0,639.235,609.720,0,0,589.174,142.750,103.812,-85.000,286.000,0.000,0.000,-85.000,286.000,0.000,0.000,44.000,-93.000,0.000,0.000,140.000,279.000,0.000,0.000,140.000,279.000,0.000,0.000,290.700,275.300,0.000,0.000,0.000,-1.000,0,0
12.404,51.343,219.620,0.283,-0.959,0,59.000,80.600,139.385,0,633.448,609.509,0,0,589.172,151.643,106.706,-85.000,286.000,0.000,0.000,-85.000,286.000,0.000,0.000,44.000,-93.000,0.000,0.000,140.000,279.000,0.000,0.000,140.000,279.000,0.000,0.000,290.700,275.300,0.000,0.000,1.000,-1.000,0,0
12.503,61.517,209.446,0.599,-0.801,0,59.000,80.600,129.041,0,622.111,616.163,0,0,589.171,165.312,104.868,-85.000,286.000,0.000,0.000,-85.000,286.000,0.000,0.000,44.000,-93.000,0.000,0.000,140.000,279.000,0.000,0.000,140.000,279.000,0.000,0.000,290.700,275.300,0.000,0.000,1.000,-1.000,0,0
12.605,71.692,199.271,0.678,-0.735,0,59.000,80.600,119.532,0,610.903,623.079,0,0,589.171,179.093,104.989,-85.000,286.000,0.000,0.000,-85.000,286.000,0.000,0.000,44.000,-93.000,0.000,0.000,140.000,279.000,0.000,0.000,140.000,279.000,0.000,0.000,290.700,275.300,0.000,0.000,1.000,-1.000,0,0
12.704,81.866,189.097,0.699,-0.715,0,59.000,80.600,111.079,0,599.830,630.247,0,0,589.171,192.962,107.061,-85.000,286.000,0.000,0.000,-85.000,286.000,0.000,0.000,44.000,-93.000,0.000,0.000,140.000,279.000,0.000,0.000,140.000,279.000,0.000,0.000,290.700,275.300,0.000,0.000,1.000,-1.000,0,0
12.803,83.901,175.551,0.309,-0.951,0,59.000,80.600,98.386,0,596.796,628.963,0,0,589.171,201.808,117.681,-85.000,286.000,0.000,0.000,-85.000,286.000,0.000,0.000,44.000,-93.000,0.000,0.000,140.000,279.000,0.000,0.000,140.000,279.000,0.000,0.000,290.700,275.300,0.000,0.000,0.000,-1.000,0,0
12.904,81.866,162.005,-0.026,-1.000,0,59.000,80.600,84.816,0,598.127,623.998,0,0,589.171,207.892,130.642,-85.000,286.000,0.000,0.000,-85.000,286.000,0.000,0.000,44.000,-93.000,0.000,0.000,140.000,279.000,0.000,0.000,140.000,279.000,0.000,0.000,290.700,275.300,0.000,0.000,-1.000,-1.000,0,0
13.002,71.692,151.831,-0.535,-0.845,0,59.000,80.600,72.656,0,607.972,611.966,0,0,589.171,206.285,144.354,-85.000,286.000,0.000,0.000,-85.000,286.000,0.000,0.000,44.000,-93.000,0.000,0.000,140.000,279.000,0.000,0.000,140.000,279.000,0.000,0.000,108.800,-94.600,0.000,0.000,-1.000,-1.000,0,0
13.102,63.552,140.814,-0.618,-0.786,0,59.000,80.600,60.749,0,615.956,601.883,0,0,589.171,207.718,157.923,-85.000,286.000,0.000,0.000,-85.000,286.000,0.000,0.000,44.000,-93.000,0.000,0.000,140.000,279.000,0.000,0.000,140.000,279.000,0.000,0.000,108.800,-94.600,0.000,0.000,0.000,-1.000,0,0
13.206,63.552,126.425,-0.181,-0.983,0,59.000,80.600,46.526,0,616.056,599.422,0,0,589.171,218.018,170.656,-85.000,286.000,0.000,0.000,-85.000,286.000,0.000,0.000,44.000,-93.000,0.000,0.000,140.000,279.000,0.000,0.000,140.000,279.000,0.000,0.000,108.800,-94.600,0.000,0.000,1.000,-1.000,0,0
13.300,73.727,116.251,0.473,-0.881,0,59.000,80.600,39.139,0,606.165,607.953,0,0,589.171,211.352,175.726,44.000,-93.000,0.000,0.000,44.000,-93.000,0.000,0.000,-85.000,286.000,0.000,0.000,140.000,279.000,0.000,0.000,140.000,279.000,0.000,0.000,108.800,-94.600,0.000,0.000,1.000,-1.000,0,0
13.402,83.901,106.077,0.642,-0.767,0,59.000,80.600,36.237,0,596.457,616.703,0,0,589.171,203.036,181.796,44.000,-93.000,0.000,0.000,44.000,-93.000,0.000,0.000,-85.000,286.000,0.000,0.000,140.000,279.000,0.000,0.000,140.000,279.000,0.000,0.000,108.800,-94.600,0.000,0.000,1.000,-1.000,0,0
13.501,94.075,95.902,0.689,-0.725,0,59.000,80.600,38.838,0,586.941,625.660,0,0,589.171,195.427,188.769,44.000,-93.000,0.000,0.000,44.000,-93.000,0.000,0.000,-67.000,-108.000,0.000,0.000,140.000,279.000,0.000,0.000,140.000,279.000,0.000,0.000,108.800,-94.600,0.000,0.000,1.000,-1.000,0,0
13.604,104.250,85.728,0.702,-0.712,0,59.000,80.600,46.020,0,577.627,634.818,0,0,589.171,188.610,180.385,44.000,-93.000,0.000,0.000,44.000,-93.000,0.000,0.000,-67.000,-108.000,0.000,0.000,108.800,-94.600,0.000,0.000,108.800,-94.600,0.000,0.000,140.000,279.000,0.000,0.000,1.000,-1.000,0,0
13.701,104.250,74.711,0.160,-0.987,0,59.000,80.600,46.111,0,578.726,633.961,0,0,589.171,178.205,169.372,44.000,-93.000,0.000,0.000,44.000,-93.000,0.000,0.000,-67.000,-108.000,0.000,0.000,108.800,-94.600,0.000,0.000,108.800,-94.600,0.000,0.000,140.000,279.000,0.000,0.000,-1.000,-1.000,0,0
13.805,93.232,66.571,-0.608,-0.794,0,59.000,80.600,37.585,0,590.602,622.455,0,0,589.171,166.993,161.921,44.000,-93.000,0.000,0.000,44.000,-93.000,0.000,0.000,-67.000,-108.000,0.000,0.000,108.800,-94.600,0.000,0.000,108.800,-94.600,0.000,0.000,140.000,279.000,0.000,0.000,-1.000,0.000,0,0
13.901,78.844,66.571,-0.961,-0.275,1,64.293,62.412,15.133,1,604.883,608.095,0,0,593.340,163.331,163.932,44.000,-93.000,0.000,0.000,44.000,-93.000,0.000,0.000,-67.000,-108.000,0.000,0.000,108.800,-94.600,0.000,0.000,108.800,-94.600,0.000,0.000,140.000,279.000,0.000,0.000,-1.000,0.000,0,0
14.001,81.721,66.571,-0.881,-0.474,1,68.396,59.398,15.133,1,602.026,610.967,0,0,597.284,163.969,163.430,44.000,-93.000,0.000,0.000,44.000,-93.000,0.000,0.000,-67.000,-108.000,0.000,0.000,108.800,-94.600,0.000,0.000,108.800,-94.600,0.000,0.000,140.000,279.000,0.000,0.000,1.000,0.000,0,0
14.100,96.110,66.571,0.159,-0.987,1,98.522,51.632,15.133,1,587.747,625.327,0,0,627.063,167.864,161.670,44.000,-93.000,0.000,0.000,44.000,-93.000,0.000,0.000,-67.000,-108.000,0.000,0.000,108.800,-94.600,0.000,0.000,108.800,-94.600,0.000,0.000,140.000,279.000,0.000,0.000,1.000,0.000,0,0
14.202,110.499,66.571,0.983,-0.182,1,125.381,63.824,15.133,1,573.472,639.688,0,0,654.399,172.873,161.180,44.000,-93.000,0.000,0.000,44.000,-93.000,0.000,0.000,-67.000,-108.000,0.000,0.000,108.800,-94.600,0.000,0.000,108.800,-94.600,0.000,0.000,140.000,279.000,0.000,0.000,1.000,0.000,0,0
14.305,124.887,66.571,0.999,-0.051,1,140.001,65.796,15.133,1,559.204,654.051,0,0,669.097,178.902,161.972,44.000,-93.000,0.000,0.000,44.000,-93.000,0.000,0.000,-61.815,-103.020,0.721,0.693,108.800,-94.600,0.000,0.000,108.800,-94.600,0.000,0.000,140.000,279.000,0.000,0.000,1.000,0.000,0,0
14.403,139.276,66.571,1.000,-0.015,1,154.408,66.343,15.133,1,544.942,668.414,0,0,683.509,185.851,164.027,44.000,-93.000,0.000,0.000,44.000,-93.000,0.000,0.000,-56.631,-98.041,0.721,0.693,108.800,-94.600,0.000,0.000,108.800,-94.600,0.000,0.000,282.117,-85.567,-0.644,0.765,1.000,0.000,0,0
14.504,153.665,66.571,1.000,-0.004,1,168.798,66.505,15.133,1,530.686,682.779,0,0,697.885,193.622,167.299,44.000,-93.000,0.000,0.000,44.000,-93.000,0.000,0.000,-51.446,-93.061,0.721,0.693,108.800,-94.600,0.000,0.000,108.800,-94.600,0.000,0.000,277.622,-79.958,-0.596,0.803,1.000,0.000,0,0
14.605,164.682,74.711,0.883,0.470,1,178.037,81.828,15.133,1,518.722,694.245,0,0,708.047,206.618,178.294,44.000,-93.000,0.000,0.000,44.000,-93.000,0.000,0.000,-46.261,-88.082,0.721,0.693,108.800,-94.600,0.000,0.000,108.800,-94.600,0.000,0.000,273.543,-74.042,-0.522,0.853,1.000,1.000,0,0
14.702,174.856,84.885,0.767,0.642,1,186.456,94.604,15.133,1,507.466,705.102,0,0,717.464,220.831,179.892,44.000,-93.000,0.000,0.000,44.000,-93.000,0.000,0.000,-41.076,-83.102,0.721,0.693,269.975,-67.803,-0.457,0.889,269.975,-67.803,-0.457,0.889,271.392,245.041,-0.492,-0.871,1.000,1.000,0,0
14.801,187.559,88.955,0.935,0.355,1,201.705,94.331,15.133,1,494.421,718.083,0,0,732.626,231.769,169.922,44.000,-93.000,0.000,0.000,44.000,-93.000,0.000,0.000,-35.892,-78.123,0.721,0.693,266.886,-61.314,-0.386,0.922,266.886,-61.314,-0.386,0.922,267.991,238.710,-0.417,-0.909,1.000,0.000,0,0
14.905,201.948,88.955,0.995,0.100,1,217.006,90.463,15.133,1,480.113,732.422,0,0,747.549,240.946,156.489,44.000,-93.000,0.000,0.000,44.000,-93.000,0.000,0.000,-30.707,-73.143,0.721,0.693,265.271,232.059,-0.323,-0.947,265.271,232.059,-0.323,-0.947,264.321,-54.600,-0.310,0.951,1.000,0.000,0,0
15.003,216.337,88.955,1.000,0.030,1,231.463,89.401,15.133,1,465.810,746.763,0,0,761.876,250.614,144.060,44.000,-93.000,0.000,0.000,44.000,-93.000,0.000,0.000,-25.522,-68.164,0.721,0.693,263.219,225.172,-0.228,-0.974,263.219,225.172,-0.228,-0.974,262.344,-47.691,-0.220,0.976,1.000,0.000,0,0
15.100,230.725,88.955,1.000,0.009,1,245.858,89.088,15.133,1,451.512,761.106,0,0,776.202,260.718,132.862,44.000,-93.000,0.000,0.000,44.000,-93.000,0.000,0.000,-20.338,-63.184,0.721,0.693,261.877,218.113,-0.123,-0.992,261.877,218.113,-0.123,-0.992,261.055,-40.623,-0.116,0.993,1.000,0.000,0,0
15.204,245.114,88.955,1.000,0.002,1,260.247,88.992,15.133,1,437.220,775.450,0,0,790.542,271.209,123.067,44.000,-93.000,0.000,0.000,44.000,-93.000,0.000,0.000,-15.153,-58.204,0.721,0.693,261.315,210.950,-0.009,-1.000,261.315,210.950,-0.009,-1.000,260.541,-33.456,-0.002,1.000,1.000,0.000,0,0
15.302,259.503,88.955,1.000,0.001,1,274.636,88.966,15.133,1,422.934,789.797,0,0,804.887,282.044,114.836,44.000,-93.000,0.000,0.000,44.000,-93.000,0.000,0.000,-9.968,-53.225,0.721,0.693,261.599,203.772,0.113,-0.994,261.599,203.772,0.113,-0.994,260.869,-26.279,0.119,0.993,1.000,0.000,0,0
15.401,273.891,88.955,1.000,0.000,1,289.025,88.958,15.133,1,408.656,804.144,0,0,819.236,293.185,108.301,44.000,-93.000,0.000,0.000,44.000,-93.000,0.000,0.000,-4.784,-48.245,0.721,0.693,262.767,196.683,0.237,-0.972,262.767,196.683,0.237,-0.972,262.076,-19.197,0.242,0.970,1.000,0.000,0,0
15.505,288.280,88.955,1.000,0.000,1,303.413,88.956,15.133,1,394.386,818.493,0,0,833.586,304.599,103.537,44.000,-93.000,0.000,0.000,44.000,-93.000,0.000,0.000,0.401,-43.266,0.721,0.693,264.820,189.798,0.357,-0.934,264.820,189.798,0.357,-0.934,264.161,-12.322,0.361,0.932,1.000,0.000,0,0
15.604,302.669,88.955,1.000,0.000,1,317.802,88.955,15.133,1,380.125,832.844,0,0,847.938,316.255,100.540,44.000,-93.000,0.000,0.000,44.000,-93.000,0.000,0.000,5.586,-38.286,0.721,0.693,267.717,183.224,0.469,-0.883,267.717,183.224,0.469,-0.883,267.084,-5.759,0.472,0.882,1.000,0.000,0,0
15.702,317.058,88.955,1.000,0.000,1,332.191,88.955,15.133,1,365.873,847.196,0,0,862.291,328.128,99.227,44.000,-93.000,0.000,0.000,44.000,-93.000,0.000,0.000,10.771,-33.306,0.721,0.693,271.382,177.045,0.568,-0.823,271.382,177.045,0.568,-0.823,270.767,0.410,0.570,0.822,1.000,0.000,0,0
15.801,331.446,88.955,1.000,0.000,1,346.579,88.955,15.133,1,351.633,861.549,0,0,876.646,336.585,99.443,15.955,-28.327,0.721,0.693,15.955,-28.327,0.721,0.693,44.000,-93.000,0.000,0.000,275.717,171.314,0.652,-0.758,275.717,171.314,0.652,-0.758,275.113,6.132,0.653,0.757,1.000,0.000,0,0
15.901,345.835,88.955,1.000,0.000,1,360.968,88.955,15.133,1,337.406,875.903,0,0,891.001,343.568,100.986,21.140,-23.347,0.721,0.693,21.140,-23.347,0.721,0.693,44.000,-93.000,0.000,0.000,280.613,166.054,0.722,-0.692,280.613,166.054,0.722,-0.692,280.015,11.387,0.722,0.692,1.000,0.000,0,0
16.002,360.224,88.955,1.000,0.000,1,375.357,88.955,15.133,1,323.192,890.258,0,0,905.357,350.723,103.645,26.325,-18.368,0.721,0.693,26.325,-18.368,0.721,0.693,30.416,230.815,0.953,-0.302,285.968,161.262,0.777,-0.629,285.968,161.262,0.777,-0.629,285.372,16.177,0.778,0.629,1.000,0.000,0,0
16.100,374.612,88.955,1.000,0.000,1,389.746,88.955,15.133,1,308.995,904.615,0,0,919.715,358.042,107.212,31.509,-13.388,0.721,0.693,31.509,-13.388,0.721,0.693,37.270,228.647,0.953,-0.302,291.691,156.914,0.814,-0.581,291.691,156.914,0.814,-0.581,291.094,20.526,0.814,0.581,1.000,0.000,0,0
16.205,389.001,88.955,1.000,0.000,1,404.134,88.955,15.133,1,294.817,918.972,0,0,934.073,365.513,111.508,36.694,-8.409,0.721,0.693,36.694,-8.409,0.721,0.693,44.124,226.480,0.953,-0.302,297.705,152.978,0.857,-0.515,297.705,152.978,0.857,-0.515,297.106,24.465,0.857,0.516,1.000,0.000,0,0
16.303,403.390,88.955,1.000,0.000,1,418.523,88.955,15.133,1,280.660,933.330,0,0,948.432,373.129,116.380,41.879,-3.429,0.721,0.693,41.879,-3.429,0.721,0.693,50.978,224.312,0.953,-0.302,303.948,149.415,0.884,-0.467,303.948,149.415,0.884,-0.467,303.346,28.033,0.884,0.468,1.000,0.000,0,0
16.402,417.779,88.955,1.000,0.000,1,432.912,88.955,15.133,1,266.528,947.690,0,0,962.793,380.880,121.705,47.063,1.551,0.721,0.693,47.063,1.551,0.721,0.693,57.832,222.144,0.953,-0.302,310.371,146.189,0.906,-0.423,310.371,146.189,0.906,-0.423,309.766,31.266,0.906,0.424,1.000,0.000,0,0
16.502,432.167,88.955,1.000,0.000,1,447.301,88.955,15.133,1,252.424,962.050,0,0,977.154,388.758,127.387,52.248,6.530,0.721,0.693,52.248,6.530,0.721,0.693,64.686,219.976,0.953,-0.302,316.935,143.260,0.923,-0.385,316.935,143.260,0.923,-0.385,316.327,34.202,0.923,0.386,1.000,0.000,0,0
16.603,446.556,88.955,1.000,0.000,0,463.874,88.955,17.318,0,238.355,976.411,0,0,993.696,396.535,133.350,71.540,217.809,0.953,-0.302,71.540,217.809,0.953,-0.302,57.433,11.510,0.721,0.693,323.613,140.600,0.938,-0.346,323.613,140.600,0.938,-0.346,323.001,36.871,0.938,0.347,1.000,0.000,0,0
16.705,452.312,88.955,1.000,0.000,0,483.379,88.955,31.068,0,232.739,982.155,0,0,1013.165,394.796,131.494,78.394,215.641,0.953,-0.302,78.394,215.641,0.953,-0.302,62.617,16.489,0.721,0.693,330.400,138.233,0.952,-0.307,330.400,138.233,0.952,-0.307,329.785,39.247,0.951,0.308,0.000,0.000,0,0
16.801,452.312,88.955,1.000,0.000,0,502.402,88.955,50.091,0,232.739,982.155,0,0,1032.152,387.608,124.334,85.248,213.473,0.953,-0.302,85.248,213.473,0.953,-0.302,67.802,21.469,0.721,0.693,337.272,136.124,0.962,-0.275,337.272,136.124,0.962,-0.275,336.655,41.365,0.961,0.276,0.000,0.000,0,0
16.904,452.312,88.955,1.000,0.000,0,520.954,88.955,68.645,0,232.739,982.155,0,0,1050.669,380.421,117.203,92.102,211.305,0.953,-0.302,92.102,211.305,0.953,-0.302,72.987,26.449,0.721,0.693,344.207,134.229,0.969,-0.248,344.207,134.229,0.969,-0.248,343.586,43.270,0.968,0.249,0.000,0.000,0,0
17.004,452.312,88.955,1.000,0.000,0,539.047,88.955,86.740,0,232.739,982.155,0,0,1068.727,373.234,110.106,98.957,209.138,0.953,-0.302,98.957,209.138,0.953,-0.302,78.172,31.428,0.721,0.693,351.187,132.511,0.974,-0.226,351.187,132.511,0.974,-0.226,350.564,44.997,0.974,0.227,0.000,0.000,0,0
17.104,452.312,88.955,1.000,0.000,0,556.691,88.955,104.389,0,232.739,982.155,0,0,1086.338,366.047,103.051,105.811,206.970,0.953,-0.302,105.811,206.970,0.953,-0.302,83.356,36.408,0.721,0.693,358.202,130.944,0.978,-0.207,358.202,130.944,0.978,-0.207,357.578,46.574,0.978,0.208,0.000,0.000,0,0
17.203,452.312,88.955,1.000,0.000,0,573.900,88.955,121.604,0,232.739,982.155,0,0,1103.514,358.860,96.046,112.665,204.802,0.953,-0.302,112.665,204.802,0.953,-0.302,88.541,41.387,0.721,0.693,365.245,129.504,0.982,-0.191,365.245,129.504,0.982,-0.191,364.619,48.022,0.981,0.192,0.000,0.000,0,0
17.302,452.312,88.955,1.000,0.000,0,590.682,88.955,138.394,0,232.739,982.155,0,0,1120.264,351.673,89.098,119.519,202.635,0.953,-0.302,119.519,202.635,0.953,-0.302,93.726,46.367,0.721,0.693,372.310,128.174,0.984,-0.177,372.310,128.174,0.984,-0.177,371.682,49.360,0.984,0.178,0.000,0.000,0,0
17.401,452.312,88.955,1.000,0.000,0,607.049,88.955,154.772,0,232.739,982.155,0,0,1136.600,344.487,82.220,126.373,200.467,0.953,-0.302,126.373,200.467,0.953,-0.302,98.910,51.347,0.721,0.693,379.392,126.939,0.986,-0.165,379.392,126.939,0.986,-0.165,378.762,50.603,0.986,0.166,0.000,0.000,0,0
17.501,452.312,88.955,1.000,0.000,0,623.010,88.955,170.748,0,232.739,982.155,0,0,1152.532,337.300,75.428,133.227,198.299,0.953,-0.302,133.227,198.299,0.953,-0.302,104.095,56.326,0.721,0.693,386.488,125.787,0.988,-0.154,386.488,125.787,0.988,-0.154,385.857,51.763,0.988,0.155,0.000,0.000,0,0
17.605,452.312,88.955,1.000,0.000,0,638.577,88.955,186.331,0,232.739,982.155,0,0,1168.070,330.113,68.746,140.081,196.131,0.953,-0.302,140.081,196.131,0.953,-0.302,109.280,61.306,0.721,0.693,393.595,124.709,0.990,-0.144,393.595,124.709,0.990,-0.144,392.963,52.848,0.989,0.145,0.000,0.000,0,0
17.702,39.000,284.242,0.897,0.443,0,653.758,88.955,645.053,0,656.987,621.210,0,0,1183.224,124.013,101.136,-85.000,286.000,0.000,0.000,-85.000,286.000,0.000,0.000,-296.000,285.000,0.000,0.000,140.000,279.000,0.000,0.000,140.000,279.000,0.000,0.000,290.700,275.300,0.000,0.000,0.000,-1.000,0,0
17.805,39.000,273.054,0.731,-0.683,0,668.408,88.955,655.814,0,654.598,616.746,0,0,1197.851,124.674,101.175,-85.000,286.000,0.000,0.000,-85.000,286.000,0.000,0.000,-296.000,285.000,0.000,0.000,140.000,279.000,0.000,0.000,140.000,279.000,0.000,0.000,290.700,275.300,0.000,0.000,0.000,0.000,0,0
17.904,39.000,273.054,0.731,-0.683,0,670.392,88.955,657.714,0,654.598,616.746,0,0,1199.835,124.674,101.175,-85.000,286.000,0.000,0.000,-85.000,286.000,0.000,0.000,-296.000,285.000,0.000,0.000,140.000,279.000,0.000,0.000,140.000,279.000,0.000,0.000,290.700,275.300,0.000,0.000,0.000,0.000,0,0
18.002,39.000,273.054,0.731,-0.683,0,669.808,88.955,657.150,0,654.598,616.746,0,0,1199.254,124.674,101.175,-85.000,286.000,0.000,0.000,-85.000,286.000,0.000,0.000,-296.000,285.000,0.000,0.000,140.000,279.000,0.000,0.000,140.000,279.000,0.000,0.000,290.700,275.300,0.000,0.000,0.000,0.000,0,0
18.105,39.000,273.054,0.731,-0.683,0,669.806,88.955,657.147,0,654.598,616.746,0,0,1199.254,124.674,101.175,-85.000,286.000,0.000,0.000,-85.000,286.000,0.000,0.000,-296.000,285.000,0.000,0.000,140.000,279.000,0.000,0.000,140.000,279.000,0.000,0.000,290.700,275.300,0.000,0.000,0.000,0.000,0,0
18.205,33.245,273.054,0.253,-0.968,0,669.806,88.955,662.672,0,660.229,611.459,0,0,1199.255,118.951,106.921,-85.000,286.000,0.000,0.000,-85.000,286.000,0.000,0.000,-296.000,285.000,0.000,0.000,140.000,279.000,0.000,0.000,140.000,279.000,0.000,0.000,290.700,275.300,0.000,0.000,-1.000,0.000,0,0
18.301,22.227,264.914,-0.690,-0.724,0,669.806,88.955,671.082,0,669.421,598.131,0,0,1199.255,109.281,118.612,-85.000,286.000,0.000,0.000,-85.000,286.000,0.000,0.000,-296.000,285.000,0.000,0.000,140.000,279.000,0.000,0.000,140.000,279.000,0.000,0.000,290.700,275.300,0.000,0.000,-1.000,-1.000,0,0
18.406,14.088,253.897,-0.617,-0.787,0,669.806,88.955,676.169,0,675.434,586.374,0,0,1199.255,104.159,128.390,-85.000,286.000,0.000,0.000,-85.000,286.000,0.000,0.000,-296.000,285.000,0.000,0.000,140.000,279.000,0.000,0.000,140.000,279.000,0.000,0.000,290.700,275.300,0.000,0.000,0.000,-1.000,0,0
18.504,14.088,239.508,-0.195,-0.981,0,669.806,88.955,672.805,0,673.112,581.055,0,0,1199.253,109.453,131.960,-85.000,286.000,0.000,0.000,-85.000,286.000,0.000,0.000,-296.000,285.000,0.000,0.000,140.000,279.000,0.000,0.000,140.000,279.000,0.000,0.000,290.700,275.300,0.000,0.000,0.000,-1.000,0,0
18.601,14.088,225.120,-0.058,-0.998,0,669.806,88.955,669.735,0,671.090,576.046,0,0,1199.251,116.296,136.956,-85.000,286.000,0.000,0.000,-85.000,286.000,0.000,0.000,-296.000,285.000,0.000,0.000,140.000,279.000,0.000,0.000,140.000,279.000,0.000,0.000,290.700,275.300,0.000,0.000,0.000,-1.000,0,0
18.702,18.158,212.417,0.289,-0.957,0,59.000,80.600,138.146,0,665.515,575.747,0,0,589.175,126.712,138.849,-85.000,286.000,0.000,0.000,-85.000,286.000,0.000,0.000,44.000,-93.000,0.000,0.000,140.000,279.000,0.000,0.000,140.000,279.000,0.000,0.000,290.700,275.300,0.000,0.000,1.000,-1.000,0,0
18.802,28.332,202.243,0.599,-0.801,0,59.000,80.600,125.614,0,654.330,582.333,0,0,589.174,140.924,135.505,-85.000,286.000,0.000,0.000,-85.000,286.000,0.000,0.000,44.000,-93.000,0.000,0.000,140.000,279.000,0.000,0.000,140.000,279.000,0.000,0.000,290.700,275.300,0.000,0.000,1.000,-1.000,0,0
18.904,38.506,192.068,0.678,-0.735,0,59.000,80.600,113.529,0,643.272,589.196,0,0,589.171,155.168,133.634,-85.000,286.000,0.000,0.000,-85.000,286.000,0.000,0.000,44.000,-93.000,0.000,0.000,140.000,279.000,0.000,0.000,140.000,279.000,0.000,0.000,290.700,275.300,0.000,0.000,1.000,-1.000,0,0
19.001,48.681,181.894,0.699,-0.716,0,59.000,80.600,102.034,0,632.348,596.328,0,0,589.171,169.436,133.300,-85.000,286.000,0.000,0.000,-85.000,286.000,0.000,0.000,44.000,-93.000,0.000,0.000,140.000,279.000,0.000,0.000,140.000,279.000,0.000,0.000,290.700,275.300,0.000,0.000,1.000,-1.000,0,0
19.102,56.820,170.877,0.580,-0.814,0,59.000,80.600,90.546,0,623.552,601.545,0,0,589.171,182.665,136.417,-85.000,286.000,0.000,0.000,-85.000,286.000,0.000,0.000,44.000,-93.000,0.000,0.000,140.000,279.000,0.000,0.000,140.000,279.000,0.000,0.000,290.700,275.300,0.000,0.000,0.000,-1.000,0,0
19.200,56.820,156.488,0.182,-0.983,0,59.000,80.600,76.208,0,622.956,598.360,0,0,589.171,192.058,148.081,-85.000,286.000,0.000,0.000,-85.000,286.000,0.000,0.000,44.000,-93.000,0.000,0.000,140.000,279.000,0.000,0.000,140.000,279.000,0.000,0.000,108.800,-94.600,0.000,0.000,0.000,-1.000,0,0
19.303,56.820,142.099,0.051,-0.999,0,59.000,80.600,61.894,0,622.693,595.506,0,0,589.171,202.041,160.190,-85.000,286.000,0.000,0.000,-85.000,286.000,0.000,0.000,44.000,-93.000,0.000,0.000,140.000,279.000,0.000,0.000,140.000,279.000,0.000,0.000,108.800,-94.600,0.000,0.000,0.000,-1.000,0,0
19.401,56.820,127.711,0.015,-1.000,0,59.000,80.600,47.625,0,622.762,592.988,0,0,589.171,212.529,172.648,-85.000,286.000,0.000,0.000,-85.000,286.000,0.000,0.000,44.000,-93.000,0.000,0.000,140.000,279.000,0.000,0.000,140.000,279.000,0.000,0.000,108.800,-94.600,0.000,0.000,0.000,-1.000,0,0
19.504,56.820,113.322,0.004,-1.000,0,59.000,80.600,33.459,0,623.164,590.809,0,0,589.171,206.720,185.386,44.000,-93.000,0.000,0.000,44.000,-93.000,0.000,0.000,-85.000,286.000,0.000,0.000,140.000,279.000,0.000,0.000,140.000,279.000,0.000,0.000,108.800,-94.600,0.000,0.000,0.000,-1.000,0,0
19.604,56.820,98.933,0.001,-1.000,1,56.838,83.800,15.133,1,623.897,588.974,0,0,587.437,192.361,198.351,44.000,-93.000,0.000,0.000,44.000,-93.000,0.000,0.000,-85.000,286.000,0.000,0.000,140.000,279.000,0.000,0.000,140.000,279.000,0.000,0.000,108.800,-94.600,0.000,0.000,0.000,-1.000,0,0
19.705,62.925,87.073,0.336,-0.942,1,68.015,72.822,15.133,1,618.668,593.797,0,0,597.695,181.065,187.376,44.000,-93.000,0.000,0.000,44.000,-93.000,0.000,0.000,-67.000,-108.000,0.000,0.000,108.800,-94.600,0.000,0.000,108.800,-94.600,0.000,0.000,140.000,279.000,0.000,0.000,1.000,-1.000,0,0
19.800,73.099,76.899,0.606,-0.796,1,82.265,64.857,15.133,1,609.466,603.062,0,0,611.411,172.373,175.175,44.000,-93.000,0.000,0.000,44.000,-93.000,0.000,0.000,-67.000,-108.000,0.000,0.000,108.800,-94.600,0.000,0.000,108.800,-94.600,0.000,0.000,140.000,279.000,0.000,0.000,1.000,-1.000,0,0
19.905,83.273,66.724,0.681,-0.732,1,93.576,55.640,15.133,1,600.468,612.525,0,0,622.267,164.482,163.332,44.000,-93.000,0.000,0.000,44.000,-93.000,0.000,0.000,-67.000,-108.000,0.000,0.000,108.800,-94.600,0.000,0.000,108.800,-94.600,0.000,0.000,140.000,279.000,0.000,0.000,1.000,-1.000,0,0
20.002,93.448,56.550,0.699,-0.715,1,104.031,45.733,15.133,1,591.683,622.176,0,0,632.401,157.513,151.928,44.000,-93.000,0.000,0.000,44.000,-93.000,0.000,0.000,-67.000,-108.000,0.000,0.000,108.800,-94.600,0.000,0.000,108.800,-94.600,0.000,0.000,140.000,279.000,0.000,0.000,1.000,-1.000,0,0
20.105,103.622,46.376,0.705,-0.709,1,114.290,35.642,15.133,1,583.121,632.008,0,0,642.500,151.593,141.071,44.000,-93.000,0.000,0.000,44.000,-93.000,0.000,0.000,-67.000,-108.000,0.000,0.000,108.800,-94.600,0.000,0.000,108.800,-94.600,0.000,0.000,140.000,279.000,0.000,0.000,1.000,-1.000,0,0
20.202,113.796,36.201,0.706,-0.708,1,124.487,25.491,15.133,1,574.791,642.011,0,0,652.700,146.849,130.897,44.000,-93.000,0.000,0.000,44.000,-93.000,0.000,0.000,-67.000,-108.000,0.000,0.000,108.800,-94.600,0.000,0.000,108.800,-94.600,0.000,0.000,292.000,-96.000,0.000,0.000,1.000,-1.000,0,0
20.309,126.499,32.132,0.935,-0.355,1,140.649,26.765,15.133,1,563.048,654.690,0,0,668.847,149.880,127.962,44.000,-93.000,0.000,0.000,44.000,-93.000,0.000,0.000,-67.000,-108.000,0.000,0.000,108.800,-94.600,0.000,0.000,108.800,-94.600,0.000,0.000,292.000,-96.000,0.000,0.000,1.000,0.000,0,0
20.407,140.888,32.132,0.996,-0.092,1,155.956,30.733,15.133,1,548.928,669.074,0,0,684.138,158.257,130.731,44.000,-93.000,0.000,0.000,44.000,-93.000,0.000,0.000,-67.000,-108.000,0.000,0.000,108.800,-94.600,0.000,0.000,108.800,-94.600,0.000,0.000,292.000,-96.000,0.000,0.000,1.000,1.000,0,0
20.505,151.062,42.306,0.861,0.509,1,164.088,50.010,15.133,1,537.049,679.341,0,0,692.531,172.540,143.281,44.000,-93.000,0.000,0.000,44.000,-93.000,0.000,0.000,-67.000,-108.000,0.000,0.000,108.800,-94.600,0.000,0.000,108.800,-94.600,0.000,0.000,292.000,-96.000,0.000,0.000,1.000,1.000,0,0
20.601,161.237,52.480,0.759,0.651,1,172.718,62.340,15.133,1,525.294,689.754,0,0,701.599,186.839,156.148,44.000,-93.000,0.000,0.000,44.000,-93.000,0.000,0.000,-67.000,-108.000,0.000,0.000,108.800,-94.600,0.000,0.000,108.800,-94.600,0.000,0.000,292.000,-96.000,0.000,0.000,1.000,1.000,0,0
20.701,165.306,65.183,0.443,0.897,1,172.006,78.753,15.133,1,519.351,694.332,0,0,701.816,199.342,169.481,44.000,-93.000,0.000,0.000,44.000,-93.000,0.000,0.000,-65.963,-107.004,0.721,0.693,108.800,-94.600,0.000,0.000,108.800,-94.600,0.000,0.000,291.181,-94.818,-0.566,0.824,0.000,1.000,0,0
20.806,165.306,79.572,0.125,0.992,1,167.193,94.587,15.133,1,517.532,695.191,0,0,698.281,210.942,183.109,44.000,-93.000,0.000,0.000,44.000,-93.000,0.000,0.000,-60.778,-102.025,0.721,0.693,108.800,-94.600,0.000,0.000,108.800,-94.600,0.000,0.000,140.000,279.000,0.000,0.000,0.000,1.000,0,0
20.901,173.446,90.589,0.442,0.897,1,180.135,104.164,15.133,1,508.306,704.157,0,0,712.089,224.636,191.356,44.000,-93.000,0.000,0.000,44.000,-93.000,0.000,0.000,-55.594,-97.045,0.721,0.693,140.000,279.000,0.000,0.000,140.000,279.000,0.000,0.000,108.800,-94.600,0.000,0.000,1.000,1.000,0,0
21.006,184.463,98.729,0.724,0.690,1,195.421,109.167,15.133,1,496.635,715.858,0,0,727.812,237.676,183.082,44.000,-93.000,0.000,0.000,44.000,-93.000,0.000,0.000,-50.409,-92.065,0.721,0.693,278.256,255.960,-0.491,-0.871,278.256,255.960,-0.491,-0.871,140.000,279.000,0.000,0.000,1.000,0.000,0,0
21.104,198.852,98.729,0.975,0.224,1,213.600,102.120,15.133,1,482.300,730.179,0,0,745.178,246.453,168.960,44.000,-93.000,0.000,0.000,44.000,-93.000,0.000,0.000,-45.224,-87.086,0.721,0.693,275.052,249.530,-0.385,-0.923,275.052,249.530,-0.385,-0.923,277.310,-69.729,-0.348,0.938,1.000,0.000,0,0
21.203,209.869,90.589,0.922,-0.388,1,223.818,84.720,15.133,1,472.072,740.447,0,0,753.906,247.422,164.607,44.000,-93.000,0.000,0.000,44.000,-93.000,0.000,0.000,-40.040,-82.106,0.721,0.693,272.563,242.789,-0.295,-0.956,272.563,242.789,-0.295,-0.956,274.910,-62.953,-0.327,0.945,1.000,-1.000,0,0
21.303,211.904,77.043,0.422,-0.907,1,218.290,63.324,15.133,1,471.604,741.508,0,0,747.160,238.970,146.351,44.000,-93.000,0.000,0.000,44.000,-93.000,0.000,0.000,-34.855,-77.127,0.721,0.693,272.378,-56.228,-0.412,0.911,272.378,-56.228,-0.412,0.911,270.507,235.901,-0.290,-0.957,-1.000,-1.000,0,0
21.401,201.729,66.869,-0.402,-0.915,1,195.639,53.016,15.133,1,483.081,730.785,0,0,724.148,224.581,134.755,44.000,-93.000,0.000,0.000,44.000,-93.000,0.000,0.000,-29.670,-72.147,0.721,0.693,268.865,-49.971,-0.579,0.815,268.865,-49.971,-0.579,0.815,268.129,229.121,-0.381,-0.925,-1.000,-1.000,0,0
21.505,201.729,55.852,-0.046,-0.999,1,201.032,40.735,15.133,1,484.823,730.326,0,0,729.269,216.877,118.168,44.000,-93.000,0.000,0.000,44.000,-93.000,0.000,0.000,-24.485,-67.168,0.721,0.693,264.474,-44.281,-0.598,0.801,264.474,-44.281,-0.598,0.801,108.800,-94.600,0.000,0.000,1.000,-1.000,0,0
21.602,211.904,45.678,0.515,-0.857,1,219.695,32.704,15.133,1,476.668,740.219,0,0,747.863,217.769,97.024,44.000,-93.000,0.000,0.000,44.000,-93.000,0.000,0.000,-19.301,-62.188,0.721,0.693,260.471,-38.316,-0.498,0.867,260.471,-38.316,-0.498,0.867,108.800,-94.600,0.000,0.000,1.000,-1.000,0,0
21.703,226.293,45.678,0.938,-0.346,1,240.489,40.436,15.133,1,462.567,754.601,0,0,768.709,229.046,83.520,44.000,-93.000,0.000,0.000,44.000,-93.000,0.000,0.000,-14.116,-57.208,0.721,0.693,257.668,-31.725,-0.232,0.973,257.668,-31.725,-0.232,0.973,261.927,208.554,-0.126,-0.992,1.000,0.000,0,0
21.800,240.681,45.678,0.995,-0.103,1,255.734,44.123,15.133,1,448.486,768.984,0,0,784.004,240.655,72.091,44.000,-93.000,0.000,0.000,44.000,-93.000,0.000,0.000,-8.931,-52.229,0.721,0.693,256.643,-24.624,-0.013,1.000,256.643,-24.624,-0.013,1.000,261.280,201.397,-0.035,-0.999,1.000,0.000,0,0
21.904,255.070,45.678,1.000,-0.029,1,270.197,45.240,15.133,1,434.424,783.367,0,0,798.481,252.551,63.181,44.000,-93.000,0.000,0.000,44.000,-93.000,0.000,0.000,-3.747,-47.249,0.721,0.693,257.169,-17.468,0.203,0.979,257.169,-17.468,0.203,0.979,261.297,194.211,0.060,-0.998,1.000,0.000,0,0
22.005,266.087,53.817,0.877,0.480,1,279.362,61.083,15.133,1,421.975,794.574,0,0,808.079,266.229,64.716,44.000,-93.000,0.000,0.000,44.000,-93.000,0.000,0.000,1.438,-42.270,0.721,0.693,258.939,-10.503,0.274,0.962,258.939,-10.503,0.274,0.962,261.964,187.055,0.137,-0.991,1.000,1.000,0,0
22.106,276.262,63.991,0.763,0.647,1,287.803,73.780,15.133,1,410.061,805.096,0,0,817.081,280.342,69.313,44.000,-93.000,0.000,0.000,44.000,-93.000,0.000,0.000,6.623,-37.290,0.721,0.693,261.055,-3.633,0.327,0.945,261.055,-3.633,0.327,0.945,263.188,179.974,0.226,-0.974,1.000,1.000,0,0
22.201,288.122,70.096,0.866,0.501,1,301.221,77.674,15.133,1,397.323,817.214,0,0,830.688,293.591,71.355,44.000,-93.000,0.000,0.000,44.000,-93.000,0.000,0.000,11.807,-32.311,0.721,0.693,263.616,3.080,0.450,0.893,263.616,3.080,0.450,0.893,265.143,173.061,0.354,-0.935,1.000,0.000,0,0
22.305,302.510,70.096,0.989,0.145,1,317.483,72.293,15.133,1,383.165,831.584,0,0,846.642,301.683,70.312,16.992,-27.331,0.721,0.693,16.992,-27.331,0.721,0.693,44.000,-93.000,0.000,0.000,267.400,9.178,0.622,0.783,267.400,9.178,0.622,0.783,268.026,166.480,0.465,-0.885,1.000,0.000,0,0
22.403,316.899,70.096,0.999,0.043,1,332.019,70.741,15.133,1,369.025,845.954,0,0,861.085,308.881,71.321,22.177,-22.351,0.721,0.693,22.177,-22.351,0.721,0.693,44.000,-93.000,0.000,0.000,272.200,14.521,0.729,0.685,272.200,14.521,0.729,0.685,271.645,160.273,0.559,-0.829,1.000,0.000,0,0
22.501,331.288,70.096,1.000,0.013,1,346.420,70.286,15.133,1,354.905,860.325,0,0,875.448,316.262,73.942,27.362,-17.372,0.721,0.693,27.362,-17.372,0.721,0.693,44.000,-93.000,0.000,0.000,277.666,19.184,0.803,0.597,277.666,19.184,0.803,0.597,275.910,154.490,0.642,-0.767,1.000,0.000,0,0
22.601,345.677,70.096,1.000,0.004,0,364.056,70.295,18.381,0,340.808,874.697,0,0,893.064,323.813,77.779,32.546,-12.392,0.721,0.693,32.546,-12.392,0.721,0.693,44.000,-93.000,0.000,0.000,283.609,23.221,0.863,0.505,283.609,23.221,0.863,0.505,280.756,149.185,0.726,-0.688,1.000,0.000,0,0
22.702,348.554,70.096,1.000,0.002,0,383.464,70.437,34.911,0,337.991,877.572,0,0,912.454,320.342,72.979,37.731,-7.413,0.721,0.693,37.731,-7.413,0.721,0.693,52.321,238.783,0.946,-0.325,289.948,26.608,0.905,0.424,289.948,26.608,0.905,0.424,286.189,144.483,0.796,-0.606,0.000,0.000,0,0
22.803,348.554,70.096,1.000,0.002,0,402.391,70.577,53.840,0,337.991,877.572,0,0,931.364,314.127,65.999,42.916,-2.433,0.721,0.693,42.916,-2.433,0.721,0.693,59.119,236.445,0.946,-0.325,296.540,29.470,0.932,0.362,296.540,29.470,0.932,0.362,292.061,140.341,0.845,-0.534,0.000,0.000,0,0
22.902,348.554,70.096,1.000,0.002,0,420.849,70.712,72.300,0,337.991,877.572,0,0,949.804,307.954,59.206,48.100,2.547,0.721,0.693,48.100,2.547,0.721,0.693,65.917,234.108,0.946,-0.325,303.296,31.926,0.950,0.313,303.296,31.926,0.950,0.313,298.246,136.679,0.881,-0.474,0.000,0.000,0,0
23.002,348.554,70.096,1.000,0.002,0,438.851,70.845,90.306,0,337.991,877.572,0,0,967.788,301.826,52.656,53.285,7.526,0.721,0.693,53.285,7.526,0.721,0.693,72.715,231.770,0.946,-0.325,310.159,34.063,0.961,0.275,310.159,34.063,0.961,0.275,304.655,133.425,0.906,-0.423,0.000,0.000,0,0
23.101,348.554,70.096,1.000,0.002,0,456.407,70.974,107.867,0,337.991,877.572,0,0,985.325,295.746,46.431,58.470,12.506,0.721,0.693,58.470,12.506,0.721,0.693,79.513,229.433,0.946,-0.325,317.096,35.945,0.970,0.244,317.096,35.945,0.970,0.244,311.227,130.515,0.925,-0.379,0.000,0.000,0,0
23.204,348.554,70.096,1.000,0.002,0,473.529,71.100,124.996,0,337.991,877.572,0,0,1002.428,289.717,40.659,63.654,17.485,0.721,0.693,63.654,17.485,0.721,0.693,86.311,227.095,0.946,-0.325,324.086,37.623,0.976,0.219,324.086,37.623,0.976,0.219,317.921,127.896,0.939,-0.343,0.000,0.000,0,0
23.303,348.554,70.096,1.000,0.002,0,490.227,71.222,141.703,0,337.991,877.572,0,0,1019.108,283.742,35.537,68.839,22.465,0.721,0.693,68.839,22.465,0.721,0.693,93.109,224.758,0.946,-0.325,331.115,39.132,0.980,0.198,331.115,39.132,0.980,0.198,324.707,125.523,0.950,-0.312,0.000,0.000,0,0
23.401,348.554,70.096,1.000,0.002,0,506.511,71.342,157.999,0,337.991,877.572,0,0,1035.374,277.824,31.363,74.024,27.445,0.721,0.693,74.024,27.445,0.721,0.693,99.907,222.420,0.946,-0.325,338.172,40.501,0.984,0.180,338.172,40.501,0.984,0.180,331.563,123.362,0.959,-0.285,0.000,0.000,0,0
23.500,348.554,70.096,1.000,0.002,0,522.393,71.459,173.896,0,337.991,877.572,0,0,1051.238,271.968,28.535,79.209,32.424,0.721,0.693,79.209,32.424,0.721,0.693,106.705,220.083,0.946,-0.325,345.251,41.753,0.986,0.165,345.251,41.753,0.986,0.165,338.473,121.381,0.965,-0.262,0.000,0.000,0,0
23.600,348.554,70.096,1.000,0.002,0,537.881,71.573,189.402,0,337.991,877.572,0,0,1066.709,266.176,27.455,84.393,37.404,0.721,0.693,84.393,37.404,0.721,0.693,113.503,217.745,0.946,-0.325,352.347,42.904,0.988,0.153,352.347,42.904,0.988,0.153,345.427,119.557,0.970,-0.242,0.000,0.000,0,0
23.705,348.554,70.096,1.000,0.002,0,552.986,71.684,204.528,0,337.991,877.572,0,0,1081.798,260.455,28.310,89.578,42.383,0.721,0.693,89.578,42.383,0.721,0.693,120.301,215.408,0.946,-0.325,359.456,43.969,0.990,0.142,359.456,43.969,0.990,0.142,352.414,117.870,0.974,-0.224,0.000,0.000,0,0
23.804,348.554,70.096,1.000,0.002,0,567.429,71.790,218.982,0,337.991,877.572,0,0,1096.229,254.808,30.928,94.763,47.363,0.721,0.693,94.763,47.363,0.721,0.693,127.099,213.070,0.946,-0.325,366.576,44.960,0.991,0.132,366.576,44.960,0.991,0.132,359.430,116.302,0.978,-0.209,0.000,0.000,0,0
23.901,348.554,70.096,1.000,0.002,0,581.134,71.891,232.681,0,337.991,877.572,0,0,1109.928,249.240,34.907,99.947,52.342,0.721,0.693,99.947,52.342,0.721,0.693,133.897,210.733,0.946,-0.325,373.704,45.889,0.992,0.124,373.704,45.889,0.992,0.124,366.467,114.836,0.981,-0.196,0.000,0.000,0,0
24.005,348.554,70.096,1.000,0.002,0,594.443,71.989,245.986,0,337.991,877.572,0,0,1123.232,243.757,39.835,105.132,57.322,0.721,0.693,105.132,57.322,0.721,0.693,140.695,208.395,0.946,-0.325,380.840,46.762,0.993,0.117,380.840,46.762,0.993,0.117,373.523,113.460,0.983,-0.184,0.000,0.000,0,0
24.103,348.554,70.096,1.000,0.002,0,607.366,72.084,258.904,0,337.991,877.572,0,0,1136.149,238.365,45.400,110.317,62.302,0.721,0.693,110.317,62.302,0.721,0.693,147.493,206.058,0.946,-0.325,387.981,47.586,0.994,0.111,387.981,47.586,0.994,0.111,380.594,112.165,0.985,-0.174,0.000,0.000,0,0
24.203,348.554,70.096,1.000,0.002,0,619.910,72.176,271.445,0,337.991,877.572,0,0,1148.688,233.070,51.392,115.502,67.281,0.721,0.693,115.502,67.281,0.721,0.693,154.292,203.720,0.946,-0.325,395.127,48.368,0.994,0.105,395.127,48.368,0.994,0.105,387.678,110.941,0.986,-0.165,0.000,0.000,0,0
24.301,348.554,70.096,1.000,0.002,0,632.086,72.266,283.617,0,337.991,877.572,0,0,1160.859,227.878,57.677,120.686,72.261,0.721,0.693,120.686,72.261,0.721,0.693,161.090,201.383,0.946,-0.325,402.277,49.110,0.995,0.100,402.277,49.110,0.995,0.100,394.773,109.782,0.988,-0.156,0.000,0.000,0,0
24.404,348.554,70.096,1.000,0.002,0,643.902,72.353,295.431,0,337.991,877.572,0,0,1172.670,221.965,64.166,167.888,199.045,0.946,-0.325,167.888,199.045,0.946,-0.325,125.871,77.240,0.721,0.693,409.431,49.817,0.995,0.096,409.431,49.817,0.995,0.096,401.877,108.682,0.989,-0.148,0.000,0.000,0,0
24.502,39.000,287.000,0.897,0.443,0,655.368,72.437,652.677,0,657.611,622.345,0,0,1184.132,124.004,101.316,-85.000,286.000,0.000,0.000,-85.000,286.000,0.000,0.000,-296.000,285.000,0.000,0.000,140.000,279.000,0.000,0.000,140.000,279.000,0.000,0.000,290.700,275.300,0.000,0.000,0.000,0.000,0,0
24.602,39.000,287.000,0.897,0.443,0,666.493,72.519,663.169,0,657.619,622.354,0,0,1195.252,124.004,101.316,-85.000,286.000,0.000,0.000,-85.000,286.000,0.000,0.000,-296.000,285.000,0.000,0.000,140.000,279.000,0.000,0.000,140.000,279.000,0.000,0.000,290.700,275.300,0.000,0.000,0.000,0.000,0,0
24.705,39.000,287.000,0.897,0.443,0,670.248,72.586,666.698,0,657.619,622.354,0,0,1199.011,124.004,101.316,-85.000,286.000,0.000,0.000,-85.000,286.000,0.000,0.000,-296.000,285.000,0.000,0.000,140.000,279.000,0.000,0.000,140.000,279.000,0.000,0.000,290.700,275.300,0.000,0.000,0.000,0.000,0,0
24.803,39.000,281.245,0.995,0.100,0,669.807,72.643,664.426,0,656.338,620.007,0,0,1198.578,124.091,101.025,-85.000,286.000,0.000,0.000,-85.000,286.000,0.000,0.000,-296.000,285.000,0.000,0.000,140.000,279.000,0.000,0.000,140.000,279.000,0.000,0.000,290.700,275.300,0.000,0.000,0.000,-1.000,0,0
24.902,39.000,266.856,0.429,-0.903,0,669.806,72.698,660.029,0,653.346,614.339,0,0,1198.584,125.469,101.728,-85.000,286.000,0.000,0.000,-85.000,286.000,0.000,0.000,-296.000,285.000,0.000,0.000,140.000,279.000,0.000,0.000,140.000,279.000,0.000,0.000,290.700,275.300,0.000,0.000,0.000,-1.000,0,0
25.003,39.000,252.467,0.092,-0.996,0,669.806,72.753,655.922,0,650.659,608.957,0,0,1198.590,128.454,104.427,-85.000,286.000,0.000,0.000,-85.000,286.000,0.000,0.000,-296.000,285.000,0.000,0.000,140.000,279.000,0.000,0.000,140.000,279.000,0.000,0.000,290.700,275.300,0.000,0.000,0.000,-1.000,0,0
25.101,39.000,238.078,0.027,-1.000,0,669.806,72.806,652.111,0,648.281,603.871,0,0,1198.595,132.938,108.975,-85.000,286.000,0.000,0.000,-85.000,286.000,0.000,0.000,44.000,-93.000,0.000,0.000,140.000,279.000,0.000,0.000,140.000,279.000,0.000,0.000,290.700,275.300,0.000,0.000,0.000,-1.000,0,0
25.202,39.000,223.690,0.008,-1.000,0,669.806,72.858,648.600,0,646.213,599.087,0,0,1198.600,138.775,115.153,-85.000,286.000,0.000,0.000,-85.000,286.000,0.000,0.000,44.000,-93.000,0.000,0.000,140.000,279.000,0.000,0.000,140.000,279.000,0.000,0.000,290.700,275.300,0.000,0.000,0.000,-1.000,0,0
25.305,39.000,209.301,0.002,-1.000,0,669.806,72.909,645.394,0,644.461,594.612,0,0,1198.603,145.804,122.715,-85.000,286.000,0.000,0.000,-85.000,286.000,0.000,0.000,44.000,-93.000,0.000,0.000,140.000,279.000,0.000,0.000,140.000,279.000,0.000,0.000,290.700,275.300,0.000,0.000,0.000,-1.000,0,0
25.404,39.000,194.912,0.001,-1.000,0,669.806,72.958,642.498,0,643.026,590.455,0,0,1198.605,153.860,131.422,-85.000,286.000,0.000,0.000,-85.000,286.000,0.000,0.000,44.000,-93.000,0.000,0.000,140.000,279.000,0.000,0.000,140.000,279.000,0.000,0.000,290.700,275.300,0.000,0.000,0.000,-1.000,0,0
25.501,39.000,183.402,0.000,-1.000,0,59.000,80.600,104.922,0,642.108,587.362,0,0,589.175,160.942,139.069,-85.000,286.000,0.000,0.000,-85.000,286.000,0.000,0.000,44.000,-93.000,0.000,0.000,140.000,279.000,0.000,0.000,140.000,279.000,0.000,0.000,290.700,275.300,0.000,0.000,0.000,0.000,0,0
25.602,39.000,183.402,0.000,-1.000,0,59.000,80.600,104.928,0,642.108,587.362,0,0,589.173,160.942,139.069,-85.000,286.000,0.000,0.000,-85.000,286.000,0.000,0.000,44.000,-93.000,0.000,0.000,140.000,279.000,0.000,0.000,140.000,279.000,0.000,0.000,290.700,275.300,0.000,0.000,0.000,0.000,0,0
25.704,39.000,183.402,0.000,-1.000,0,59.000,80.600,104.940,0,642.108,587.362,0,0,589.170,160.942,139.069,-85.000,286.000,0.000,0.000,-85.000,286.000,0.000,0.000,44.000,-93.000,0.000,0.000,140.000,279.000,0.000,0.000,140.000,279.000,0.000,0.000,290.700,275.300,0.000,0.000,0.000,0.000,0,0
25.801,39.000,183.402,0.000,-1.000,0,59.000,80.600,104.939,0,642.108,587.362,0,0,589.171,160.942,139.068,-85.000,286.000,0.000,0.000,-85.000,286.000,0.000,0.000,44.000,-93.000,0.000,0.000,140.000,279.000,0.000,0.000,140.000,279.000,0.000,0.000,290.700,275.300,0.000,0.000,0.000,0.000,0,0
25.902,39.000,183.402,0.000,-1.000,0,59.000,80.600,104.939,0,642.108,587.362,0,0,589.171,160.942,139.068,-85.000,286.000,0.000,0.000,-85.000,286.000,0.000,0.000,44.000,-93.000,0.000,0.000,140.000,279.000,0.000,0.000,140.000,279.000,0.000,0.000,290.700,275.300,0.000,0.000,0.000,0.000,0,0
26.003,39.000,169.013,0.000,-1.000,0,59.000,80.600,90.889,0,641.249,583.791,0,0,589.171,170.476,149.326,-85.000,286.000,0.000,0.000,-85.000,286.000,0.000,0.000,44.000,-93.000,0.000,0.000,140.000,279.000,0.000,0.000,140.000,279.000,0.000,0.000,108.800,-94.600,0.000,0.000,0.000,-1.000,0,0
26.102,39.000,154.625,0.000,-1.000,0,59.000,80.600,76.965,0,640.712,580.555,0,0,589.171,180.653,160.219,-85.000,286.000,0.000,0.000,-85.000,286.000,0.000,0.000,44.000,-93.000,0.000,0.000,140.000,279.000,0.000,0.000,140.000,279.000,0.000,0.000,108.800,-94.600,0.000,0.000,0.000,-1.000,0,0
26.201,39.000,140.236,0.000,-1.000,0,59.000,80.600,63.249,0,640.498,577.660,0,0,589.171,191.372,171.629,-85.000,286.000,0.000,0.000,-85.000,286.000,0.000,0.000,44.000,-93.000,0.000,0.000,140.000,279.000,0.000,0.000,140.000,279.000,0.000,0.000,108.800,-94.600,0.000,0.000,0.000,-1.000,0,0
26.305,39.000,125.847,0.000,-1.000,0,59.000,80.600,49.913,0,640.607,575.110,0,0,589.171,202.546,183.458,-85.000,286.000,0.000,0.000,-85.000,286.000,0.000,0.000,44.000,-93.000,0.000,0.000,140.000,279.000,0.000,0.000,140.000,279.000,0.000,0.000,108.800,-94.600,0.000,0.000,0.000,-1.000,0,0
26.402,39.000,111.459,0.000,-1.000,0,59.000,80.600,37.366,0,641.039,572.911,0,0,589.171,204.520,195.630,44.000,-93.000,0.000,0.000,44.000,-93.000,0.000,0.000,-85.000,286.000,0.000,0.000,140.000,279.000,0.000,0.000,140.000,279.000,0.000,0.000,108.800,-94.600,0.000,0.000,0.000,-1.000,0,0
26.503,45.105,99.598,0.387,-0.922,1,50.963,85.645,15.133,1,635.546,577.422,0,0,581.759,192.602,202.953,44.000,-93.000,0.000,0.000,44.000,-93.000,0.000,0.000,-85.000,286.000,0.000,0.000,140.000,279.000,0.000,0.000,140.000,279.000,0.000,0.000,108.800,-94.600,0.000,0.000,1.000,-1.000,0,0
26.604,58.650,97.564,0.919,-0.394,1,72.560,91.601,15.133,1,622.158,590.636,0,0,603.825,191.126,198.600,44.000,-93.000,0.000,0.000,44.000,-93.000,0.000,0.000,-85.000,286.000,0.000,0.000,108.800,-94.600,0.000,0.000,108.800,-94.600,0.000,0.000,140.000,279.000,0.000,0.000,1.000,0.000,0,0
26.701,73.039,97.564,0.993,-0.121,1,88.061,95.734,15.133,1,607.805,604.930,0,0,619.664,192.763,193.398,44.000,-93.000,0.000,0.000,44.000,-93.000,0.000,0.000,-85.000,286.000,0.000,0.000,140.000,279.000,0.000,0.000,140.000,279.000,0.000,0.000,108.800,-94.600,0.000,0.000,1.000,0.000,0,0
26.803,87.428,97.564,0.999,-0.034,1,102.552,97.046,15.133,1,593.454,619.228,0,0,634.208,195.449,188.900,44.000,-93.000,0.000,0.000,44.000,-93.000,0.000,0.000,-85.000,286.000,0.000,0.000,140.000,279.000,0.000,0.000,140.000,279.000,0.000,0.000,108.800,-94.600,0.000,0.000,1.000,0.000,0,0
26.903,99.288,103.668,0.927,0.375,1,113.315,109.348,15.133,1,581.235,631.691,0,0,646.287,204.292,179.996,44.000,-93.000,0.000,0.000,44.000,-93.000,0.000,0.000,-85.000,286.000,0.000,0.000,140.000,279.000,0.000,0.000,140.000,279.000,0.000,0.000,108.800,-94.600,0.000,0.000,1.000,1.000,0,0
27.003,109.462,113.843,0.784,0.621,1,121.327,123.236,15.133,1,570.563,643.028,0,0,656.049,216.954,167.957,44.000,-93.000,0.000,0.000,44.000,-93.000,0.000,0.000,-85.000,286.000,0.000,0.000,140.000,279.000,0.000,0.000,140.000,279.000,0.000,0.000,108.800,-94.600,0.000,0.000,1.000,1.000,0,0
27.101,121.322,119.947,0.847,0.532,1,134.138,127.995,15.133,1,558.488,655.589,0,0,669.405,226.551,160.146,44.000,-93.000,0.000,0.000,44.000,-93.000,0.000,0.000,-85.000,286.000,0.000,0.000,140.000,279.000,0.000,0.000,140.000,279.000,0.000,0.000,108.800,-94.600,0.000,0.000,1.000,0.000,0,0
27.202,135.711,119.947,0.987,0.162,1,150.644,122.402,15.133,1,544.113,669.843,0,0,684.966,231.856,159.111,44.000,-93.000,0.000,0.000,44.000,-93.000,0.000,0.000,-85.000,286.000,0.000,0.000,140.000,279.000,0.000,0.000,140.000,279.000,0.000,0.000,108.800,-94.600,0.000,0.000,1.000,0.000,0,0
27.304,150.100,119.947,0.999,0.046,1,165.217,120.650,15.133,1,529.739,684.103,0,0,699.180,237.915,159.373,44.000,-93.000,0.000,0.000,44.000,-93.000,0.000,0.000,-85.000,286.000,0.000,0.000,140.000,279.000,0.000,0.000,140.000,279.000,0.000,0.000,290.700,275.300,0.000,0.000,1.000,-1.000,0,0
27.401,160.274,109.773,0.857,-0.515,1,173.250,101.985,15.133,1,520.026,692.957,0,0,705.019,233.744,170.437,44.000,-93.000,0.000,0.000,44.000,-93.000,0.000,0.000,-85.000,286.000,0.000,0.000,140.000,279.000,0.000,0.000,140.000,279.000,0.000,0.000,290.700,275.300,0.000,0.000,1.000,-1.000,0,0
27.503,170.448,99.598,0.754,-0.656,1,181.865,89.665,15.133,1,510.534,701.995,0,0,712.467,230.398,181.967,44.000,-93.000,0.000,0.000,44.000,-93.000,0.000,0.000,-64.926,-106.008,0.721,0.693,140.000,279.000,0.000,0.000,140.000,279.000,0.000,0.000,108.800,-94.600,0.000,0.000,1.000,-1.000,0,0
27.603,174.518,88.581,0.348,-0.938,1,179.779,74.392,15.133,1,507.430,705.058,0,0,709.289,223.622,193.522,44.000,-93.000,0.000,0.000,44.000,-93.000,0.000,0.000,-59.741,-101.029,0.721,0.693,140.000,279.000,0.000,0.000,140.000,279.000,0.000,0.000,108.800,-94.600,0.000,0.000,-1.000,-1.000,0,0
27.701,164.344,78.407,-0.449,-0.894,1,157.556,64.881,15.133,1,518.621,694.150,0,0,686.578,209.435,181.704,44.000,-93.000,0.000,0.000,44.000,-93.000,0.000,0.000,-54.557,-96.049,0.721,0.693,108.800,-94.600,0.000,0.000,108.800,-94.600,0.000,0.000,282.563,-81.591,-0.649,0.761,-1.000,-1.000,0,0
27.801,170.448,66.547,0.222,-0.975,1,173.812,51.792,15.133,1,514.071,699.535,0,0,702.299,203.579,172.536,44.000,-93.000,0.000,0.000,44.000,-93.000,0.000,0.000,-49.372,-91.070,0.721,0.693,108.800,-94.600,0.000,0.000,108.800,-94.600,0.000,0.000,277.879,-76.138,-0.631,0.776,1.000,-1.000,0,0
27.902,183.151,62.477,0.836,-0.549,1,195.800,54.169,15.133,1,502.096,712.026,0,0,724.345,208.653,160.715,44.000,-93.000,0.000,0.000,44.000,-93.000,0.000,0.000,-44.187,-86.090,0.721,0.693,273.560,-70.397,-0.530,0.848,273.560,-70.397,-0.530,0.848,108.800,-94.600,0.000,0.000,1.000,0.000,0,0
28.005,197.540,62.477,0.987,-0.161,1,212.476,60.039,15.133,1,487.882,726.397,0,0,741.216,218.512,145.900,44.000,-93.000,0.000,0.000,44.000,-93.000,0.000,0.000,-39.003,-81.110,0.721,0.693,270.083,-64.110,-0.421,0.907,270.083,-64.110,-0.421,0.907,108.800,-94.600,0.000,0.000,1.000,0.000,0,0
28.101,211.929,62.477,0.999,-0.049,1,227.044,61.734,15.133,1,473.680,740.769,0,0,755.837,228.852,132.127,44.000,-93.000,0.000,0.000,44.000,-93.000,0.000,0.000,-33.818,-76.131,0.721,0.693,267.341,-57.469,-0.320,0.947,267.341,-57.469,-0.320,0.947,270.686,234.101,-0.245,-0.969,1.000,0.000,0,0
28.204,226.317,62.477,1.000,-0.014,1,241.449,62.270,15.133,1,459.489,755.142,0,0,770.249,239.610,119.592,44.000,-93.000,0.000,0.000,44.000,-93.000,0.000,0.000,-28.633,-71.151,0.721,0.693,265.356,-50.564,-0.207,0.978,265.356,-50.564,-0.207,0.978,269.146,227.081,-0.166,-0.986,1.000,0.000,0,0
28.301,240.706,62.477,1.000,-0.004,1,255.839,62.415,15.133,1,445.310,769.515,0,0,784.630,250.732,108.526,44.000,-93.000,0.000,0.000,44.000,-93.000,0.000,0.000,-23.448,-66.172,0.721,0.693,264.226,-43.469,-0.079,0.997,264.226,-43.469,-0.079,0.997,268.202,219.957,-0.078,-0.997,1.000,0.000,0,0
28.402,255.095,62.477,1.000,-0.001,1,270.228,62.460,15.133,1,431.146,783.889,0,0,799.007,262.172,99.171,44.000,-93.000,0.000,0.000,44.000,-93.000,0.000,0.000,-18.264,-61.192,0.721,0.693,264.059,-36.288,0.062,0.998,264.059,-36.288,0.062,0.998,267.906,212.777,0.015,-1.000,1.000,0.000,0,0
28.504,269.483,62.477,1.000,0.000,1,284.617,62.472,15.133,1,416.997,798.263,0,0,813.382,273.890,91.749,44.000,-93.000,0.000,0.000,44.000,-93.000,0.000,0.000,-13.079,-56.213,0.721,0.693,264.930,-29.159,0.210,0.978,264.930,-29.159,0.210,0.978,268.297,205.602,0.113,-0.994,1.000,0.000,0,0
28.603,283.872,62.477,1.000,0.000,1,299.005,62.476,15.133,1,402.864,812.638,0,0,827.758,285.853,86.409,44.000,-93.000,0.000,0.000,44.000,-93.000,0.000,0.000,-7.894,-51.233,0.721,0.693,266.861,-22.241,0.355,0.935,266.861,-22.241,0.355,0.935,269.397,198.501,0.213,-0.977,1.000,0.000,0,0
28.703,298.261,62.477,1.000,0.000,1,313.394,62.477,15.133,1,388.751,827.014,0,0,842.134,298.030,83.185,44.000,-93.000,0.000,0.000,44.000,-93.000,0.000,0.000,-2.710,-46.253,0.721,0.693,269.801,-15.688,0.487,0.873,269.801,-15.688,0.487,0.873,271.209,191.547,0.311,-0.951,1.000,0.000,0,0
28.804,312.650,62.477,1.000,0.000,1,327.783,62.477,15.133,1,374.659,841.390,0,0,856.510,310.396,81.971,44.000,-93.000,0.000,0.000,44.000,-93.000,0.000,0.000,2.475,-41.274,0.721,0.693,273.641,-9.617,0.601,0.800,273.641,-9.617,0.601,0.800,273.715,184.812,0.404,-0.915,1.000,0.000,0,0
28.903,327.038,62.477,1.000,0.000,1,342.171,62.477,15.133,1,360.590,855.766,0,0,870.887,322.930,82.543,44.000,-93.000,0.000,0.000,44.000,-93.000,0.000,0.000,7.660,-36.294,0.721,0.693,278.235,-4.093,0.693,0.721,278.235,-4.093,0.693,0.721,276.875,178.358,0.491,-0.871,1.000,0.000,0,0
29.006,341.427,62.477,1.000,0.000,0,358.745,62.477,17.318,0,346.547,870.143,0,0,887.446,335.613,84.612,44.000,-93.000,0.000,0.000,44.000,-93.000,0.000,0.000,12.844,-31.315,0.721,0.693,283.440,0.860,0.774,0.633,283.440,0.860,0.774,0.633,280.642,172.239,0.580,-0.815,1.000,0.000,0,0
29.103,350.060,62.477,1.000,0.000,0,378.250,62.477,28.190,0,338.135,878.769,0,0,906.935,343.287,83.608,44.000,-93.000,0.000,0.000,44.000,-93.000,0.000,0.000,18.029,-26.335,0.721,0.693,289.212,5.138,0.841,0.541,289.212,5.138,0.841,0.541,285.072,166.583,0.667,-0.745,0.000,0.000,0,0
29.204,350.060,62.477,1.000,0.000,0,397.273,62.477,47.214,0,338.135,878.769,0,0,925.940,337.426,76.611,23.214,-21.355,0.721,0.693,23.214,-21.355,0.721,0.693,44.000,-93.000,0.000,0.000,295.392,8.805,0.885,0.466,295.392,8.805,0.885,0.466,290.072,161.421,0.735,-0.678,0.000,0.000,0,0
29.303,350.060,62.477,1.000,0.000,0,415.825,62.477,65.767,0,338.135,878.769,0,0,944.475,331.186,69.825,28.399,-16.376,0.721,0.693,28.399,-16.376,0.721,0.693,44.000,-93.000,0.000,0.000,301.844,11.972,0.914,0.405,301.844,11.972,0.914,0.405,295.513,156.726,0.787,-0.617,0.000,0.000,0,0
29.404,350.060,62.477,1.000,0.000,0,433.917,62.477,83.863,0,338.135,878.769,0,0,962.549,324.985,63.310,33.583,-11.396,0.721,0.693,33.583,-11.396,0.721,0.693,44.000,-93.000,0.000,0.000,308.479,14.737,0.935,0.356,308.479,14.737,0.935,0.356,301.294,152.455,0.828,-0.561,0.000,0.000,0,0
29.502,350.060,62.477,1.000,0.000,0,451.562,62.477,101.512,0,338.135,878.769,0,0,980.176,318.825,57.138,38.768,-6.417,0.721,0.693,38.768,-6.417,0.721,0.693,44.000,-93.000,0.000,0.000,315.242,17.173,0.949,0.315,315.242,17.173,0.949,0.315,307.337,148.563,0.859,-0.513,0.000,0.000,0,0
29.605,350.060,62.477,1.000,0.000,0,468.770,62.477,118.726,0,338.135,878.769,0,0,997.366,312.709,51.408,43.953,-1.437,0.721,0.693,43.953,-1.437,0.721,0.693,60.478,235.978,0.946,-0.325,322.095,19.341,0.959,0.282,322.095,19.341,0.959,0.282,313.582,145.006,0.883,-0.470,0.000,0.000,0,0
29.703,350.060,62.477,1.000,0.000,0,485.553,62.477,135.517,0,338.135,878.769,0,0,1014.130,306.640,46.255,49.137,3.542,0.721,0.693,49.137,3.542,0.721,0.693,67.276,233.640,0.946,-0.325,329.015,21.287,0.967,0.254,329.015,21.287,0.967,0.254,319.987,141.742,0.902,-0.432,0.000,0.000,0,0
29.802,350.060,62.477,1.000,0.000,0,501.919,62.477,151.895,0,338.135,878.769,0,0,1030.479,300.620,41.867,54.322,8.522,0.721,0.693,54.322,8.522,0.721,0.693,74.075,231.303,0.946,-0.325,335.985,23.047,0.973,0.231,335.985,23.047,0.973,0.231,326.516,138.735,0.917,-0.399,0.000,0.000,0,0
29.904,350.060,62.477,1.000,0.000,0,517.881,62.477,167.871,0,338.135,878.769,0,0,1046.423,294.652,38.481,59.507,13.502,0.721,0.693,59.507,13.502,0.721,0.693,80.873,228.965,0.946,-0.325,342.993,24.650,0.977,0.211,342.993,24.650,0.977,0.211,333.145,135.955,0.929,-0.370,0.000,0.000,0,0
30.001,350.060,62.477,1.000,0.000,0,533.448,62.477,183.454,0,338.135,878.769,0,0,1061.972,288.740,36.357,64.691,18.481,0.721,0.693,64.691,18.481,0.721,0.693,87.671,226.628,0.946,-0.325,350.029,26.120,0.981,0.194,350.029,26.120,0.981,0.194,339.854,133.374,0.939,-0.344,0.000,0.000,0,0
30.100,350.060,62.477,1.000,0.000,0,548.629,62.477,198.656,0,338.135,878.769,0,0,1077.137,282.888,35.702,69.876,23.461,0.721,0.693,69.876,23.461,0.721,0.693,94.469,224.290,0.946,-0.325,357.089,27.474,0.984,0.180,357.089,27.474,0.984,0.180,346.628,130.969,0.947,-0.321,0.000,0.000,0,0
30.203,350.060,62.477,1.000,0.000,0,563.279,62.477,213.323,0,338.135,878.769,0,0,1091.774,277.098,36.578,75.061,28.440,0.721,0.693,75.061,28.440,0.721,0.693,101.267,221.953,0.946,-0.325,364.168,28.729,0.986,0.167,364.168,28.729,0.986,0.167,353.456,128.720,0.954,-0.301,0.000,0.000,0,0
30.303,350.060,62.477,1.000,0.000,0,577.059,62.477,227.096,0,338.135,878.769,0,0,1105.548,271.375,38.869,80.245,33.420,0.721,0.693,80.245,33.420,0.721,0.693,108.065,219.615,0.946,-0.325,371.261,29.898,0.988,0.156,371.261,29.898,0.988,0.156,360.327,126.607,0.959,-0.284,0.000,0.000,0,0
30.403,350.060,62.477,1.000,0.000,0,590.448,62.477,240.479,0,338.135,878.769,0,0,1118.931,265.723,42.336,85.430,38.400,0.721,0.693,85.430,38.400,0.721,0.693,114.863,217.278,0.946,-0.325,378.365,30.994,0.989,0.147,378.365,30.994,0.989,0.147,367.234,124.613,0.963,-0.268,0.000,0.000,0,0
30.504,350.060,62.477,1.000,0.000,0,603.447,62.477,253.474,0,338.135,878.769,0,0,1131.924,260.147,46.710,90.615,43.379,0.721,0.693,90.615,43.379,0.721,0.693,121.661,214.940,0.946,-0.325,385.480,32.025,0.990,0.138,385.480,32.025,0.990,0.138,374.170,122.726,0.967,-0.254,0.000,0.000,0,0
30.602,350.060,62.477,1.000,0.000,0,616.067,62.477,266.089,0,338.135,878.769,0,0,1144.539,254.652,51.758,95.800,48.359,0.721,0.693,95.800,48.359,0.721,0.693,128.459,212.603,0.946,-0.325,392.602,32.997,0.991,0.131,392.602,32.997,0.991,0.131,381.132,120.936,0.970,-0.241,0.000,0.000,0,0
30.701,350.060,62.477,1.000,0.000,0,628.316,62.477,278.335,0,338.135,878.769,0,0,1156.783,249.244,57.297,100.984,53.338,0.721,0.693,100.984,53.338,0.721,0.693,135.257,210.265,0.946,-0.325,399.732,33.918,0.992,0.124,399.732,33.918,0.992,0.124,388.117,119.234,0.973,-0.230,0.000,0.000,0,0
30.800,350.060,62.477,1.000,0.000,0,640.204,62.477,290.219,0,338.135,878.769,0,0,1168.666,243.927,63.195,106.169,58.318,0.721,0.693,106.169,58.318,0.721,0.693,142.055,207.928,0.946,-0.325,406.867,34.791,0.993,0.118,406.867,34.791,0.993,0.118,395.120,117.612,0.976,-0.219,0.000,0.000,0,0
30.905,39.000,287.000,0.897,0.443,0,651.739,62.477,652.608,0,657.606,622.340,0,0,1180.197,124.004,101.316,-85.000,286.000,0.000,0.000,-85.000,286.000,0.000,0.000,-296.000,285.000,0.000,0.000,140.000,279.000,0.000,0.000,140.000,279.000,0.000,0.000,290.700,275.300,0.000,0.000,0.000,0.000,0,0
31.004,39.000,287.000,0.897,0.443,0,662.932,62.477,663.133,0,657.619,622.354,0,0,1191.385,124.004,101.316,-85.000,286.000,0.000,0.000,-85.000,286.000,0.000,0.000,-296.000,285.000,0.000,0.000,140.000,279.000,0.000,0.000,140.000,279.000,0.000,0.000,290.700,275.300,0.000,0.000,0.000,0.000,0,0
31.102,39.000,287.000,0.897,0.443,0,671.444,62.477,671.147,0,657.619,622.354,0,0,1199.895,124.004,101.316,-85.000,286.000,0.000,0.000,-85.000,286.000,0.000,0.000,-296.000,285.000,0.000,0.000,140.000,279.000,0.000,0.000,140.000,279.000,0.000,0.000,290.700,275.300,0.000,0.000,0.000,0.000,0,0
31.201,39.000,272.611,0.841,-0.541,0,670.444,62.477,665.514,0,654.507,616.572,0,0,1198.903,124.721,101.202,-85.000,286.000,0.000,0.000,-85.000,286.000,0.000,0.000,-296.000,285.000,0.000,0.000,140.000,279.000,0.000,0.000,140.000,279.000,0.000,0.000,290.700,275.300,0.000,0.000,0.000,-1.000,0,0
31.303,39.000,258.223,0.158,-0.987,0,669.808,62.477,660.499,0,651.697,611.075,0,0,1198.274,127.073,103.115,-85.000,286.000,0.000,0.000,-85.000,286.000,0.000,0.000,-296.000,285.000,0.000,0.000,140.000,279.000,0.000,0.000,140.000,279.000,0.000,0.000,290.700,275.300,0.000,0.000,0.000,-1.000,0,0
31.400,39.000,243.834,0.047,-0.999,0,669.806,62.477,656.373,0,649.195,605.869,0,0,1198.277,130.973,106.947,-85.000,286.000,0.000,0.000,-85.000,286.000,0.000,0.000,44.000,-93.000,0.000,0.000,140.000,279.000,0.000,0.000,140.000,279.000,0.000,0.000,290.700,275.300,0.000,0.000,0.000,-1.000,0,0
31.501,39.000,229.445,0.014,-1.000,0,669.806,62.477,652.541,0,647.003,600.963,0,0,1198.282,136.288,112.502,-85.000,286.000,0.000,0.000,-85.000,286.000,0.000,0.000,44.000,-93.000,0.000,0.000,140.000,279.000,0.000,0.000,140.000,279.000,0.000,0.000,290.700,275.300,0.000,0.000,0.000,-1.000,0,0
31.601,39.000,215.057,0.004,-1.000,0,669.806,62.477,649.006,0,645.124,596.364,0,0,1198.285,142.860,119.540,-85.000,286.000,0.000,0.000,-85.000,286.000,0.000,0.000,44.000,-93.000,0.000,0.000,140.000,279.000,0.000,0.000,140.000,279.000,0.000,0.000,290.700,275.300,0.000,0.000,0.000,-1.000,0,0
31.701,39.000,200.668,0.001,-1.000,0,669.806,62.477,645.774,0,643.562,592.079,0,0,1198.288,150.524,127.816,-85.000,286.000,0.000,0.000,-85.000,286.000,0.000,0.000,44.000,-93.000,0.000,0.000,140.000,279.000,0.000,0.000,140.000,279.000,0.000,0.000,290.700,275.300,0.000,0.000,0.000,-1.000,0,0
31.802,39.000,186.279,0.000,-1.000,0,669.806,62.477,642.847,0,642.318,588.115,0,0,1198.290,159.123,137.106,-85.000,286.000,0.000,0.000,-85.000,286.000,0.000,0.000,44.000,-93.000,0.000,0.000,140.000,279.000,0.000,0.000,140.000,279.000,0.000,0.000,290.700,275.300,0.000,0.000,0.000,-1.000,0,0
31.904,39.000,171.891,0.000,-1.000,0,59.000,80.600,93.672,0,641.395,584.479,0,0,589.175,168.514,147.219,-85.000,286.000,0.000,0.000,-85.000,286.000,0.000,0.000,44.000,-93.000,0.000,0.000,140.000,279.000,0.000,0.000,140.000,279.000,0.000,0.000,290.700,275.300,0.000,0.000,0.000,-1.000,0,0
32.004,39.000,157.502,0.000,-1.000,0,59.000,80.600,79.720,0,640.793,581.176,0,0,589.174,178.571,157.996,-85.000,286.000,0.000,0.000,-85.000,286.000,0.000,0.000,44.000,-93.000,0.000,0.000,140.000,279.000,0.000,0.000,140.000,279.000,0.000,0.000,108.800,-94.600,0.000,0.000,0.000,-1.000,0,0
32.104,39.000,143.113,0.000,-1.000,0,59.000,80.600,65.966,0,640.515,578.212,0,0,589.171,189.189,169.311,-85.000,286.000,0.000,0.000,-85.000,286.000,0.000,0.000,44.000,-93.000,0.000,0.000,140.000,279.000,0.000,0.000,140.000,279.000,0.000,0.000,108.800,-94.600,0.000,0.000,0.000,-1.000,0,0
32.204,39.000,128.725,0.000,-1.000,0,59.000,80.600,52.536,0,640.559,575.592,0,0,589.171,200.279,181.063,-85.000,286.000,0.000,0.000,-85.000,286.000,0.000,0.000,44.000,-93.000,0.000,0.000,140.000,279.000,0.000,0.000,140.000,279.000,0.000,0.000,108.800,-94.600,0.000,0.000,0.000,-1.000,0,0
32.304,39.000,114.336,0.000,-1.000,0,59.000,80.600,39.776,0,640.927,573.322,0,0,589.171,207.396,193.172,44.000,-93.000,0.000,0.000,44.000,-93.000,0.000,0.000,-85.000,286.000,0.000,0.000,140.000,279.000,0.000,0.000,140.000,279.000,0.000,0.000,108.800,-94.600,0.000,0.000,0.000,-1.000,0,0
32.402,39.000,99.947,0.000,-1.000,1,39.000,84.814,15.133,1,641.617,571.406,0,0,569.775,193.012,205.575,44.000,-93.000,0.000,0.000,44.000,-93.000,0.000,0.000,-85.000,286.000,0.000,0.000,140.000,279.000,0.000,0.000,140.000,279.000,0.000,0.000,108.800,-94.600,0.000,0.000,0.000,-1.000,0,0
32.502,36.965,86.401,-0.164,-0.986,1,34.484,71.473,15.133,1,644.588,567.903,0,0,564.165,179.539,194.735,44.000,-93.000,0.000,0.000,44.000,-93.000,0.000,0.000,-67.000,-108.000,0.000,0.000,108.800,-94.600,0.000,0.000,108.800,-94.600,0.000,0.000,140.000,279.000,0.000,0.000,-1.000,-1.000,0,0
32.604,23.419,84.367,-0.881,-0.472,1,10.080,77.220,15.133,1,658.250,554.229,0,0,540.300,178.557,198.290,44.000,-93.000,0.000,0.000,44.000,-93.000,0.000,0.000,-67.000,-108.000,0.000,0.000,108.800,-94.600,0.000,0.000,108.800,-94.600,0.000,0.000,140.000,279.000,0.000,0.000,-1.000,0.000,0,0
32.704,9.031,84.367,-0.990,-0.141,1,-5.951,82.227,15.133,1,672.588,539.915,0,0,524.803,180.781,204.897,44.000,-93.000,0.000,0.000,44.000,-93.000,0.000,0.000,-67.000,-108.000,0.000,0.000,108.800,-94.600,0.000,0.000,108.800,-94.600,0.000,0.000,140.000,279.000,0.000,0.000,-1.000,0.000,0,0
32.805,-5.297,84.354,-0.999,-0.041,0,-18.886,70.398,19.505,0,686.868,525.665,0,0,510.857,184.078,212.233,44.000,-93.000,0.000,0.000,44.000,-93.000,0.000,0.000,-67.000,-108.000,0.000,0.000,108.800,-94.600,0.000,0.000,108.800,-94.600,0.000,0.000,140.000,279.000,0.000,0.000,-1.000,0.000,0,0
32.903,-19.685,84.354,-1.000,-0.012,0,-30.868,55.415,31.101,0,701.210,511.360,0,0,497.921,188.442,220.303,44.000,-93.000,0.000,0.000,44.000,-93.000,0.000,0.000,-67.000,-108.000,0.000,0.000,108.800,-94.600,0.000,0.000,108.800,-94.600,0.000,0.000,140.000,279.000,0.000,0.000,-1.000,0.000,0,0
33.007,-34.074,84.354,-1.000,-0.003,0,-42.553,40.802,44.502,0,715.554,497.059,0,0,485.704,193.779,228.993,44.000,-93.000,0.000,0.000,44.000,-93.000,0.000,0.000,-67.000,-108.000,0.000,0.000,108.800,-94.600,0.000,0.000,108.800,-94.600,0.000,0.000,140.000,279.000,0.000,0.000,0.000,0.000,0,0
33.103,-34.074,84.354,-1.000,-0.003,0,-53.950,26.551,61.307,0,715.554,497.059,0,0,474.198,193.779,228.993,44.000,-93.000,0.000,0.000,44.000,-93.000,0.000,0.000,-67.000,-108.000,0.000,0.000,108.800,-94.600,0.000,0.000,108.800,-94.600,0.000,0.000,140.000,279.000,0.000,0.000,0.000,0.000,0,0
33.203,-34.074,84.354,-1.000,-0.003,0,-65.064,12.653,78.349,0,715.554,497.059,0,0,463.396,193.779,228.993,44.000,-93.000,0.000,0.000,44.000,-93.000,0.000,0.000,-67.000,-108.000,0.000,0.000,108.800,-94.600,0.000,0.000,108.800,-94.600,0.000,0.000,140.000,279.000,0.000,0.000,0.000,0.000,0,0
33.303,-39.830,84.354,-1.000,-0.002,0,-75.910,-0.206,92.175,0,721.292,491.341,0,0,453.250,194.264,232.627,-67.000,-108.000,0.000,0.000,-67.000,-108.000,0.000,0.000,44.000,-93.000,0.000,0.000,108.800,-94.600,0.000,0.000,108.800,-94.600,0.000,0.000,140.000,279.000,0.000,0.000,-1.000,0.000,0,0
33.401,-54.218,84.354,-1.000,-0.001,0,-86.511,-12.248,102.073,0,735.639,477.048,0,0,443.686,192.779,242.074,-67.000,-108.000,0.000,0.000,-67.000,-108.000,0.000,0.000,44.000,-93.000,0.000,0.000,108.800,-94.600,0.000,0.000,108.800,-94.600,0.000,0.000,140.000,279.000,0.000,0.000,-1.000,0.000,0,0
33.501,-68.607,84.354,-1.000,0.000,0,-96.855,-23.911,112.086,0,749.987,462.760,0,0,434.711,192.361,251.988,-67.000,-108.000,0.000,0.000,-67.000,-108.000,0.000,0.000,-85.000,286.000,0.000,0.000,108.800,-94.600,0.000,0.000,108.800,-94.600,0.000,0.000,140.000,279.000,0.000,0.000,-1.000,0.000,0,0
33.604,-82.996,84.354,-1.000,0.000,0,-106.948,-35.202,122.113,0,764.336,448.480,0,0,426.307,193.018,262.317,-67.000,-108.000,0.000,0.000,-67.000,-108.000,0.000,0.000,-85.000,286.000,0.000,0.000,108.800,-94.600,0.000,0.000,108.800,-94.600,0.000,0.000,140.000,279.000,0.000,0.000,-1.000,0.000,0,0
33.705,-94.856,78.250,-0.933,-0.359,0,-116.789,-46.139,126.481,0,776.610,436.009,0,0,418.465,188.321,267.119,-67.000,-108.000,0.000,0.000,-67.000,-108.000,0.000,0.000,-85.000,286.000,0.000,0.000,108.800,-94.600,0.000,0.000,108.800,-94.600,0.000,0.000,140.000,279.000,0.000,0.000,-1.000,-1.000,0,0
33.802,-105.030,68.076,-0.791,-0.612,0,-126.352,-56.756,126.813,0,787.589,424.892,0,0,411.203,180.136,268.676,-67.000,-108.000,0.000,0.000,-67.000,-108.000,0.000,0.000,-85.000,286.000,0.000,0.000,108.800,-94.600,0.000,0.000,108.800,-94.600,0.000,0.000,140.000,279.000,0.000,0.000,-1.000,-1.000,0,0
33.902,-115.205,57.901,-0.732,-0.681,0,-135.640,-67.068,126.803,0,798.677,413.977,0,0,404.509,172.100,270.988,-65.963,-107.004,0.721,0.693,-65.963,-107.004,0.721,0.693,44.000,-93.000,0.000,0.000,108.800,-94.600,0.000,0.000,108.800,-94.600,0.000,0.000,140.000,279.000,0.000,0.000,-1.000,-1.000,0,0
34.004,-125.379,47.727,-0.714,-0.700,0,-144.660,-77.082,126.464,0,809.869,403.280,0,0,398.363,163.091,274.038,-60.778,-102.025,0.721,0.693,-60.778,-102.025,0.721,0.693,44.000,-93.000,0.000,0.000,108.800,-94.600,0.000,0.000,108.800,-94.600,0.000,0.000,140.000,279.000,0.000,0.000,-1.000,-1.000,0,0
34.102,-135.553,37.552,-0.709,-0.705,0,-153.417,-86.805,125.809,0,821.160,392.819,0,0,392.747,156.557,277.800,-55.594,-97.045,0.721,0.693,-55.594,-97.045,0.721,0.693,44.000,-93.000,0.000,0.000,108.800,-94.600,0.000,0.000,108.800,-94.600,0.000,0.000,140.000,279.000,0.000,0.000,-1.000,-1.000,0,0
34.203,-145.728,27.378,-0.708,-0.707,0,-161.919,-96.244,124.854,0,832.546,382.613,0,0,387.639,152.815,282.246,-50.409,-92.065,0.721,0.693,-50.409,-92.065,0.721,0.693,-293.600,-119.100,0.000,0.000,108.800,-94.600,0.000,0.000,108.800,-94.600,0.000,0.000,140.000,279.000,0.000,0.000,-1.000,-1.000,0,0
34.305,-155.902,17.204,-0.707,-0.707,0,-170.171,-105.406,123.616,0,844.025,372.683,0,0,383.019,152.072,287.345,-45.224,-87.086,0.721,0.693,-45.224,-87.086,0.721,0.693,-293.600,-119.100,0.000,0.000,108.800,-94.600,0.000,0.000,108.800,-94.600,0.000,0.000,140.000,279.000,0.000,0.000,-1.000,-1.000,0,0
34.404,-166.076,7.029,-0.707,-0.707,0,-178.181,-114.299,122.111,0,855.591,363.052,0,0,378.866,154.371,293.062,-40.040,-82.106,0.721,0.693,-40.040,-82.106,0.721,0.693,-293.600,-119.100,0.000,0.000,108.800,-94.600,0.000,0.000,108.800,-94.600,0.000,0.000,140.000,279.000,0.000,0.000,-1.000,-1.000,0,0
34.506,-176.251,-3.145,-0.707,-0.707,0,-185.953,-122.928,120.358,0,867.242,353.744,0,0,375.156,159.581,299.362,-34.855,-77.127,0.721,0.693,-34.855,-77.127,0.721,0.693,-293.600,-119.100,0.000,0.000,108.800,-94.600,0.000,0.000,108.800,-94.600,0.000,0.000,140.000,279.000,0.000,0.000,-1.000,-1.000,0,0
34.603,-186.425,-13.319,-0.707,-0.707,0,-193.494,-131.300,118.379,0,878.974,344.785,0,0,371.868,150.586,306.209,-293.600,-119.100,0.000,0.000,-293.600,-119.100,0.000,0.000,-29.670,-72.147,0.721,0.693,108.800,-94.600,0.000,0.000,108.800,-94.600,0.000,0.000,140.000,279.000,0.000,0.000,-1.000,-1.000,0,0
34.703,-196.599,-23.494,-0.707,-0.707,0,-202.441,-145.601,122.250,0,890.783,336.204,0,0,370.624,136.197,313.568,-293.600,-119.100,0.000,0.000,-293.600,-119.100,0.000,0.000,-24.485,-67.168,0.721,0.693,108.800,-94.600,0.000,0.000,108.800,-94.600,0.000,0.000,140.000,279.000,0.000,0.000,-1.000,-1.000,0,0
34.805,-202.704,-35.354,-0.488,-0.873,0,-211.566,-161.068,126.174,0,898.997,332.348,0,0,370.755,123.594,317.088,-293.600,-119.100,0.000,0.000,-293.600,-119.100,0.000,0.000,-19.301,-62.188,0.721,0.693,108.800,-94.600,0.000,0.000,108.800,-94.600,0.000,0.000,140.000,279.000,0.000,0.000,0.000,-1.000,0,0
34.906,-202.704,-49.743,-0.143,-0.990,0,-220.465,-176.152,128.292,0,901.880,335.513,0,0,371.838,114.336,314.717,-293.600,-119.100,0.000,0.000,-293.600,-119.100,0.000,0.000,-14.116,-57.208,0.721,0.693,108.800,-94.600,0.000,0.000,108.800,-94.600,0.000,0.000,140.000,279.000,0.000,0.000,0.000,-1.000,0,0
35.001,-202.704,-64.131,-0.044,-0.999,0,-229.143,-190.863,130.882,0,904.983,339.259,0,0,373.788,106.225,312.990,-293.600,-119.100,0.000,0.000,-293.600,-119.100,0.000,0.000,-15.728,-57.456,-0.848,-0.530,108.800,-94.600,0.000,0.000,108.800,-94.600,0.000,0.000,271.754,-18.074,-0.251,0.968,0.000,-1.000,0,0
35.104,-202.704,-78.520,-0.012,-1.000,0,-237.607,-205.210,133.845,0,908.304,343.567,0,0,376.524,99.543,311.919,-293.600,-119.100,0.000,0.000,-293.600,-119.100,0.000,0.000,-21.778,-61.339,-0.832,-0.555,108.800,-94.600,0.000,0.000,108.800,-94.600,0.000,0.000,269.946,-11.116,-0.251,0.968,0.000,-1.000,0,0
35.201,-210.843,-89.537,-0.429,-0.903,0,-245.862,-219.202,137.919,0,918.875,339.620,0,0,379.961,87.879,319.683,-293.600,-119.100,0.000,0.000,-293.600,-119.100,0.000,0.000,-27.716,-65.390,-0.817,-0.576,108.800,-94.600,0.000,0.000,108.800,-94.600,0.000,0.000,268.138,-4.158,-0.251,0.968,-1.000,-1.000,0,0
35.306,-221.017,-99.712,-0.637,-0.771,0,-254.954,-234.615,144.274,0,931.278,333.984,0,0,384.668,75.128,329.857,-293.600,-119.100,0.000,0.000,-293.600,-119.100,0.000,0.000,-33.547,-69.594,-0.802,-0.598,108.800,-94.600,0.000,0.000,108.800,-94.600,0.000,0.000,266.331,2.799,-0.251,0.968,-1.000,-1.000,0,0
35.406,-223.052,-113.257,-0.275,-0.961,0,-264.152,-250.207,149.996,0,936.786,337.672,0,0,390.341,70.789,332.376,-293.600,-119.100,0.000,0.000,-293.600,-119.100,0.000,0.000,-39.268,-73.946,-0.787,-0.617,108.800,-94.600,0.000,0.000,108.800,-94.600,0.000,0.000,264.523,9.757,-0.251,0.968,0.000,-1.000,0,0
35.502,-223.052,-127.646,-0.083,-0.997,0,-273.415,-265.909,156.219,0,940.746,344.061,0,0,396.938,71.064,333.494,-293.600,-119.100,0.000,0.000,-293.600,-119.100,0.000,0.000,-44.885,-78.432,-0.773,-0.634,108.800,-94.600,0.000,0.000,108.800,-94.600,0.000,0.000,262.715,16.715,-0.251,0.968,0.000,-1.000,0,0
35.604,-223.052,-142.035,-0.023,-1.000,0,-282.541,-281.378,162.746,0,944.908,350.924,0,0,404.249,74.182,335.225,-293.600,-119.100,0.000,0.000,-293.600,-119.100,0.000,0.000,-50.406,-83.037,-0.760,-0.650,108.800,-94.600,0.000,0.000,108.800,-94.600,0.000,0.000,260.907,23.672,-0.251,0.968,0.000,-1.000,0,0
35.704,-223.052,-156.423,-0.007,-1.000,0,-291.804,-297.079,170.118,0,949.270,358.233,0,0,412.470,79.812,337.562,-293.600,-119.100,0.000,0.000,-293.600,-119.100,0.000,0.000,-55.836,-87.748,-0.748,-0.664,108.800,-94.600,0.000,0.000,108.800,-94.600,0.000,0.000,259.100,30.630,-0.251,0.968,0.000,-1.000,0,0
35.804,-223.052,-170.812,-0.002,-1.000,0,-300.837,-312.392,177.438,0,953.829,365.963,0,0,421.189,87.471,340.491,-293.600,-119.100,0.000,0.000,-293.600,-119.100,0.000,0.000,-61.181,-92.555,-0.737,-0.676,108.800,-94.600,0.000,0.000,108.800,-94.600,0.000,0.000,257.292,37.588,-0.251,0.968,0.000,-1.000,0,0
35.901,-227.122,-183.515,-0.307,-0.952,0,-309.648,-327.326,184.098,0,961.851,369.796,0,0,430.315,92.567,347.490,-293.600,-119.100,0.000,0.000,-293.600,-119.100,0.000,0.000,-66.448,-97.446,-0.727,-0.687,108.800,-94.600,0.000,0.000,108.800,-94.600,0.000,0.000,255.484,44.546,-0.251,0.968,-1.000,-1.000,0,0
36.006,-237.296,-193.689,-0.610,-0.793,0,-318.239,-341.891,189.654,0,974.858,367.691,0,0,439.763,93.454,360.002,-293.600,-119.100,0.000,0.000,-293.600,-119.100,0.000,0.000,-71.645,-102.413,-0.717,-0.697,108.800,-94.600,0.000,0.000,108.800,-94.600,0.000,0.000,253.677,51.503,-0.251,0.968,-1.000,-1.000,0,0
36.103,-247.471,-203.864,-0.679,-0.734,0,-326.619,-356.094,194.880,0,987.904,366.140,0,0,449.462,96.503,372.649,-293.600,-119.100,0.000,0.000,-293.600,-119.100,0.000,0.000,-76.777,-107.447,-0.709,-0.705,108.800,-94.600,0.000,0.000,108.800,-94.600,0.000,0.000,251.869,58.461,-0.251,0.968,-1.000,-1.000,0,0
36.205,-261.016,-205.899,-0.949,-0.316,0,-335.526,-371.193,206.634,0,1001.319,357.214,0,0,460.345,92.713,386.201,-293.600,-119.100,0.000,0.000,-293.600,-119.100,0.000,0.000,-375.863,-49.937,0.250,-0.968,108.800,-94.600,0.000,0.000,108.800,-94.600,0.000,0.000,250.061,65.419,-0.251,0.968,-1.000,0.000,0,0
36.306,-275.405,-205.899,-0.996,-0.093,0,-344.696,-386.738,220.837,0,1014.843,346.591,0,0,472.098,88.685,400.001,-293.600,-119.100,0.000,0.000,-293.600,-119.100,0.000,0.000,-374.064,-56.897,0.250,-0.968,108.800,-94.600,0.000,0.000,108.800,-94.600,0.000,0.000,248.254,72.376,-0.251,0.968,-1.000,0.000,0,0
36.401,-289.794,-205.899,-1.000,-0.028,0,-353.841,-402.239,235.476,0,1028.391,336.249,0,0,484.302,86.882,413.841,-293.600,-119.100,0.000,0.000,-293.600,-119.100,0.000,0.000,-372.266,-63.857,0.250,-0.968,108.800,-94.600,0.000,0.000,108.800,-94.600,0.000,0.000,246.446,79.334,-0.251,0.968,-1.000,0.000,0,0
36.501,-304.183,-205.899,-1.000,-0.008,0,-363.058,-417.862,250.686,0,1041.961,326.214,0,0,497.066,87.441,427.717,-293.600,-119.100,0.000,0.000,-293.600,-119.100,0.000,0.000,-370.468,-70.818,0.250,-0.968,108.800,-94.600,0.000,0.000,108.800,-94.600,0.000,0.000,244.638,86.292,-0.251,0.968,-1.000,0.000,0,0
36.605,-316.886,-209.968,-0.949,-0.315,0,-372.147,-433.270,262.827,0,1055.294,320.678,0,0,510.054,93.804,441.042,-293.600,-119.100,0.000,0.000,-293.600,-119.100,0.000,0.000,-368.670,-77.778,0.250,-0.968,108.800,-94.600,0.000,0.000,108.800,-94.600,0.000,0.000,242.830,93.250,-0.251,0.968,-1.000,-1.000,0,0
36.705,-327.060,-220.143,-0.796,-0.606,0,-381.410,-448.971,270.816,0,1068.271,321.943,0,0,523.703,106.439,453.580,-293.600,-119.100,0.000,0.000,-293.600,-119.100,0.000,0.000,-366.871,-84.738,0.250,-0.968,108.800,-94.600,0.000,0.000,108.800,-94.600,0.000,0.000,241.023,100.207,-0.251,0.968,-1.000,-1.000,0,0
36.803,-337.234,-230.317,-0.734,-0.679,0,-390.536,-464.440,278.565,0,1081.283,323.842,0,0,537.491,119.470,466.225,-293.600,-119.100,0.000,0.000,-293.600,-119.100,0.000,0.000,-367.824,-80.531,-0.228,0.974,108.800,-94.600,0.000,0.000,108.800,-94.600,0.000,0.000,239.215,107.165,-0.251,0.968,-1.000,-1.000,0,0
36.901,-347.409,-240.491,-0.715,-0.699,0,-399.799,-480.142,286.680,0,1094.330,326.365,0,0,551.840,132.783,478.968,-293.600,-119.100,0.000,0.000,-293.600,-119.100,0.000,0.000,-369.465,-73.532,-0.228,0.974,108.800,-94.600,0.000,0.000,108.800,-94.600,0.000,0.000,237.407,114.123,-0.251,0.968,-1.000,-1.000,0,0
37.003,-357.583,-250.666,-0.709,-0.705,0,-408.832,-495.455,294.344,0,1107.410,329.498,0,0,566.106,146.299,491.803,-293.600,-119.100,0.000,0.000,-293.600,-119.100,0.000,0.000,-371.105,-66.533,-0.228,0.974,108.800,-94.600,0.000,0.000,108.800,-94.600,0.000,0.000,235.600,121.080,-0.251,0.968,-1.000,-1.000,0,0
37.101,-367.757,-260.840,-0.708,-0.706,0,-418.142,-511.235,302.670,0,1120.522,333.223,0,0,581.131,159.967,504.721,-293.600,-119.100,0.000,0.000,-293.600,-119.100,0.000,0.000,-372.746,-59.534,-0.228,0.974,108.800,-94.600,0.000,0.000,108.800,-94.600,0.000,0.000,233.792,128.038,-0.251,0.968,-1.000,-1.000,0,0
37.201,-369.792,-274.386,-0.317,-0.949,0,-427.221,-526.625,309.173,0,1127.307,344.205,0,0,596.016,172.971,511.247,-293.600,-119.100,0.000,0.000,-293.600,-119.100,0.000,0.000,-374.386,-52.535,-0.228,0.974,108.800,-94.600,0.000,0.000,108.800,-94.600,0.000,0.000,231.984,134.996,-0.251,0.968,0.000,-1.000,0,0
37.305,-369.792,-288.775,-0.089,-0.996,0,-436.476,-542.313,315.999,0,1132.649,357.029,0,0,611.457,185.997,516.483,-293.600,-119.100,0.000,0.000,-293.600,-119.100,0.000,0.000,-376.027,-45.536,-0.228,0.974,108.800,-94.600,0.000,0.000,108.800,-94.600,0.000,0.000,230.176,141.953,-0.251,0.968,0.000,-1.000,0,0
37.403,-369.792,-303.163,-0.026,-1.000,0,-445.600,-557.780,322.816,0,1138.147,369.967,0,0,626.889,199.210,522.063,-293.600,-119.100,0.000,0.000,-293.600,-119.100,0.000,0.000,-138.803,-177.287,-0.628,-0.778,108.800,-94.600,0.000,0.000,108.800,-94.600,0.000,0.000,228.369,148.911,-0.251,0.968,0.000,-1.000,0,0
37.504,-369.792,-317.552,-0.007,-1.000,0,-454.499,-572.865,329.385,0,1143.800,383.010,0,0,642.108,212.576,527.976,-293.600,-119.100,0.000,0.000,-293.600,-119.100,0.000,0.000,-143.303,-182.893,-0.624,-0.782,108.800,-94.600,0.000,0.000,108.800,-94.600,0.000,0.000,226.561,155.869,-0.251,0.968,0.000,-1.000,0,0
37.601,-369.792,-331.941,-0.002,-1.000,0,-463.177,-587.576,335.697,0,1149.605,396.145,0,0,657.094,226.067,534.211,-293.600,-119.100,0.000,0.000,-293.600,-119.100,0.000,0.000,-147.777,-188.520,-0.620,-0.785,108.800,-94.600,0.000,0.000,108.800,-94.600,0.000,0.000,224.753,162.827,-0.251,0.968,0.000,-1.000,0,0
37.704,-369.792,-346.336,-0.001,-1.000,0,-471.641,-601.923,341.754,0,1155.563,409.370,0,0,671.834,239.670,540.760,-293.600,-119.100,0.000,0.000,-293.600,-119.100,0.000,0.000,-152.224,-194.168,-0.617,-0.787,108.800,-94.600,0.000,0.000,108.800,-94.600,0.000,0.000,222.946,169.784,-0.251,0.968,0.000,-1.000,0,0
37.801,-369.792,-360.736,0.000,-1.000,0,-479.895,-615.914,347.589,0,1161.670,422.673,0,0,686.315,253.364,547.612,-293.600,-119.100,0.000,0.000,-293.600,-119.100,0.000,0.000,-156.648,-199.834,-0.614,-0.790,108.800,-94.600,0.000,0.000,108.800,-94.600,0.000,0.000,221.138,176.742,-0.251,0.968,0.000,-1.000,0,0
37.903,-369.792,-375.136,0.000,-1.000,0,-487.945,-629.560,353.200,0,1167.921,436.043,0,0,700.529,267.133,554.753,-293.600,-119.100,0.000,0.000,-293.600,-119.100,0.000,0.000,-161.050,-205.518,-0.611,-0.792,108.800,-94.600,0.000,0.000,108.800,-94.600,0.000,0.000,219.330,183.700,-0.251,0.968,0.000,-1.000,0,0
38.001,-369.792,-389.536,0.000,-1.000,0,-495.796,-642.868,358.580,0,1174.315,449.475,0,0,714.469,271.223,562.173,-165.431,-211.217,-0.608,-0.794,-165.431,-211.217,-0.608,-0.794,-293.600,-119.100,0.000,0.000,108.800,-94.600,0.000,0.000,108.800,-94.600,0.000,0.000,217.522,190.657,-0.251,0.968,0.000,-1.000,0,0
38.104,-369.792,-403.902,0.000,-1.000,0,-503.453,-655.846,363.715,0,1180.834,462.934,0,0,728.130,273.786,569.841,-169.792,-216.932,-0.605,-0.796,-169.792,-216.932,-0.605,-0.796,-293.600,-119.100,0.000,0.000,108.800,-94.600,0.000,0.000,108.800,-94.600,0.000,0.000,215.715,197.615,-0.251,0.968,0.000,-1.000,0,0
38.205,-369.792,-418.291,0.000,-1.000,0,-510.920,-668.503,368.441,0,1187.505,476.474,0,0,741.508,276.683,577.777,-174.135,-222.660,-0.603,-0.798,-174.135,-222.660,-0.603,-0.798,-293.600,-119.100,0.000,0.000,108.800,-94.600,0.000,0.000,108.800,-94.600,0.000,0.000,424.800,-106.500,0.000,0.000,0.000,-1.000,0,0
38.300,-369.792,-432.679,0.000,-1.000,0,-518.202,-680.847,372.911,0,1194.312,490.062,0,0,754.603,279.889,585.960,-178.462,-228.401,-0.600,-0.800,-178.462,-228.401,-0.600,-0.800,-293.600,-119.100,0.000,0.000,108.800,-94.600,0.000,0.000,108.800,-94.600,0.000,0.000,424.800,-106.500,0.000,0.000,0.000,-1.000,0,0
38.403,-369.792,-447.068,0.000,-1.000,0,-525.303,-692.886,377.129,0,1201.252,503.695,0,0,767.412,283.389,594.378,-182.772,-234.154,-0.598,-0.801,-182.772,-234.154,-0.598,-0.801,-293.600,-119.100,0.000,0.000,108.800,-94.600,0.000,0.000,108.800,-94.600,0.000,0.000,424.800,-106.500,0.000,0.000,0.000,-1.000,0,0
38.505,-369.792,-461.457,0.000,-1.000,0,-532.229,-704.626,381.102,0,1208.325,517.369,0,0,779.936,287.173,603.022,-187.067,-239.919,-0.596,-0.803,-187.067,-239.919,-0.596,-0.803,-293.600,-119.100,0.000,0.000,108.800,-94.600,0.000,0.000,108.800,-94.600,0.000,0.000,424.800,-106.500,0.000,0.000,0.000,-1.000,0,0
38.603,-369.792,-475.846,0.000,-1.000,0,-538.984,-716.076,384.838,0,1215.526,531.080,0,0,792.177,291.227,611.882,-191.348,-245.694,-0.594,-0.804,-191.348,-245.694,-0.594,-0.804,-293.600,-119.100,0.000,0.000,108.800,-94.600,0.000,0.000,108.800,-94.600,0.000,0.000,424.800,-106.500,0.000,0.000,0.000,-1.000,0,0
38.703,-369.792,-490.234,0.000,-1.000,0,-545.571,-727.242,388.343,0,1222.854,544.827,0,0,804.135,295.538,620.949,-195.615,-251.479,-0.593,-0.806,-195.615,-251.479,-0.593,-0.806,-293.600,-119.100,0.000,0.000,108.800,-94.600,0.000,0.000,108.800,-94.600,0.000,0.000,424.800,-106.500,0.000,0.000,0.000,-1.000,0,0
38.805,-369.792,-504.623,0.000,-1.000,0,-551.996,-738.132,391.626,0,1230.307,558.605,0,0,815.813,300.094,630.214,-199.870,-257.273,-0.591,-0.807,-199.870,-257.273,-0.591,-0.807,-293.600,-119.100,0.000,0.000,108.800,-94.600,0.000,0.000,108.800,-94.600,0.000,0.000,424.800,-106.500,0.000,0.000,0.000,-1.000,0,0
38.902,-369.792,-519.012,0.000,-1.000,0,-558.261,-748.753,394.695,0,1237.882,572.414,0,0,827.213,304.882,639.669,-204.112,-263.077,-0.589,-0.808,-204.112,-263.077,-0.589,-0.808,-293.600,-119.100,0.000,0.000,108.800,-94.600,0.000,0.000,108.800,-94.600,0.000,0.000,424.800,-106.500,0.000,0.000,0.000,-1.000,0,0
39.004,-369.792,-533.401,0.000,-1.000,0,-564.372,-759.110,397.560,0,1245.578,586.251,0,0,838.339,309.892,649.305,-208.343,-268.888,-0.588,-0.809,-208.343,-268.888,-0.588,-0.809,-293.600,-119.100,0.000,0.000,108.800,-94.600,0.000,0.000,108.800,-94.600,0.000,0.000,424.800,-106.500,0.000,0.000,0.000,-1.000,0,0
39.101,-369.792,-547.789,0.000,-1.000,0,-570.331,-769.212,400.228,0,1253.391,600.114,0,0,849.195,315.111,659.114,-212.563,-274.708,-0.586,-0.810,-212.563,-274.708,-0.586,-0.810,-293.600,-119.100,0.000,0.000,108.800,-94.600,0.000,0.000,108.800,-94.600,0.000,0.000,424.800,-106.500,0.000,0.000,0.000,-1.000,0,0
39.206,-365.723,-560.492,0.233,-0.972,0,-576.142,-779.063,405.717,0,1257.000,613.436,0,0,859.783,317.116,665.002,-216.773,-280.535,-0.585,-0.811,-216.773,-280.535,-0.585,-0.811,-293.600,-119.100,0.000,0.000,108.800,-94.600,0.000,0.000,108.800,-94.600,0.000,0.000,424.800,-106.500,0.000,0.000,1.000,-1.000,0,0
39.301,-352.177,-562.527,0.894,-0.448,0,-581.810,-788.670,421.866,0,1246.903,619.108,0,0,870.108,305.742,656.853,-220.973,-286.370,-0.583,-0.812,-220.973,-286.370,-0.583,-0.812,-293.600,-119.100,0.000,0.000,108.800,-94.600,0.000,0.000,108.800,-94.600,0.000,0.000,424.800,-106.500,0.000,0.000,1.000,0.000,0,0
39.401,-339.474,-558.457,0.986,0.166,0,-587.338,-798.040,440.910,0,1234.115,618.958,0,0,880.174,289.750,645.069,-225.163,-292.211,-0.582,-0.813,-225.163,-292.211,-0.582,-0.813,-293.600,-119.100,0.000,0.000,108.800,-94.600,0.000,0.000,108.800,-94.600,0.000,0.000,424.800,-106.500,0.000,0.000,1.000,1.000,0,0
39.505,-329.299,-548.283,0.816,0.578,0,-592.728,-807.178,461.927,0,1219.977,612.503,0,0,889.985,269.451,630.682,-229.345,-298.058,-0.581,-0.814,-229.345,-298.058,-0.581,-0.814,-293.600,-119.100,0.000,0.000,108.800,-94.600,0.000,0.000,108.800,-94.600,0.000,0.000,424.800,-106.500,0.000,0.000,1.000,1.000,0,0
39.604,-325.230,-535.580,0.452,0.892,0,-597.985,-816.089,480.989,0,1209.496,601.865,0,0,899.546,249.163,618.745,-233.517,-303.912,-0.580,-0.815,-233.517,-303.912,-0.580,-0.815,-293.600,-119.100,0.000,0.000,108.800,-94.600,0.000,0.000,108.800,-94.600,0.000,0.000,424.800,-106.500,0.000,0.000,0.000,1.000,0,0
39.704,-325.230,-521.191,0.136,0.991,0,-603.112,-824.780,498.891,0,1201.543,588.342,0,0,908.861,228.831,608.574,-237.682,-309.771,-0.579,-0.816,-237.682,-309.771,-0.579,-0.816,-293.600,-119.100,0.000,0.000,108.800,-94.600,0.000,0.000,108.800,-94.600,0.000,0.000,424.800,-106.500,0.000,0.000,0.000,1.000,0,0
39.802,-333.369,-510.174,-0.407,0.913,0,-608.113,-833.256,510.426,0,1202.383,575.211,0,0,917.935,214.996,606.808,-241.839,-315.636,-0.578,-0.816,-241.839,-315.636,-0.578,-0.816,-293.600,-119.100,0.000,0.000,108.800,-94.600,0.000,0.000,108.800,-94.600,0.000,0.000,424.800,-106.500,0.000,0.000,-1.000,1.000,0,0
39.903,-345.229,-504.070,-0.812,0.583,0,-612.989,-841.522,517.034,0,1209.136,565.529,0,0,926.773,207.795,611.399,-245.989,-321.506,-0.577,-0.817,-245.989,-321.506,-0.577,-0.817,-293.600,-119.100,0.000,0.000,108.800,-94.600,0.000,0.000,108.800,-94.600,0.000,0.000,424.800,-106.500,0.000,0.000,-1.000,0.000,0,0
40.004,-359.618,-504.070,-0.985,0.174,0,-617.745,-849.584,518.435,0,1221.352,561.044,0,0,935.379,207.862,622.159,-250.131,-327.381,-0.576,-0.818,-250.131,-327.381,-0.576,-0.818,-293.600,-119.100,0.000,0.000,108.800,-94.600,0.000,0.000,108.800,-94.600,0.000,0.000,424.800,-106.500,0.000,0.000,-1.000,0.000,0,0
40.103,-370.635,-512.209,-0.924,-0.382,0,-622.383,-857.445,516.009,0,1235.002,565.647,0,0,943.757,213.459,635.811,-254.266,-333.262,-0.575,-0.818,-254.266,-333.262,-0.575,-0.818,-293.600,-119.100,0.000,0.000,108.800,-94.600,0.000,0.000,108.800,-94.600,0.000,0.000,424.800,-106.500,0.000,0.000,-1.000,-1.000,0,0
40.202,-380.810,-522.383,-0.783,-0.622,0,-626.906,-865.113,512.434,0,1249.012,572.724,0,0,951.913,220.363,650.167,-258.398,-339.150,-0.574,-0.819,-258.398,-339.150,-0.574,-0.819,-293.600,-119.100,0.000,0.000,108.800,-94.600,0.000,0.000,108.800,-94.600,0.000,0.000,424.800,-106.500,0.000,0.000,-1.000,-1.000,0,0
40.300,-390.984,-532.558,-0.731,-0.683,0,-631.317,-872.590,508.656,0,1263.031,580.072,0,0,959.851,227.292,664.523,-262.527,-345.048,-0.573,-0.819,-262.527,-345.048,-0.573,-0.819,-293.600,-119.100,0.000,0.000,108.800,-94.600,0.000,0.000,108.800,-94.600,0.000,0.000,424.800,-106.500,0.000,0.000,-1.000,-1.000,0,0
40.402,-401.158,-542.732,-0.714,-0.700,0,-635.619,-879.883,504.684,0,1277.057,587.680,0,0,967.576,234.249,678.882,-266.649,-350.951,-0.572,-0.820,-266.649,-350.951,-0.572,-0.820,-293.600,-119.100,0.000,0.000,108.800,-94.600,0.000,0.000,108.800,-94.600,0.000,0.000,424.800,-106.500,0.000,0.000,-1.000,-1.000,0,0
40.505,-411.333,-552.906,-0.709,-0.705,0,-639.815,-886.995,500.526,0,1291.092,595.539,0,0,975.093,241.234,693.241,-270.766,-356.858,-0.571,-0.820,-270.766,-356.858,-0.571,-0.820,-293.600,-119.100,0.000,0.000,108.800,-94.600,0.000,0.000,108.800,-94.600,0.000,0.000,424.800,-106.500,0.000,0.000,-1.000,-1.000,0,0
40.605,-421.507,-563.080,-0.708,-0.707,0,-643.907,-893.931,496.188,0,1305.134,603.638,0,0,982.405,248.244,707.602,-274.878,-362.769,-0.570,-0.821,-274.878,-362.769,-0.570,-0.821,-293.600,-119.100,0.000,0.000,108.800,-94.600,0.000,0.000,108.800,-94.600,0.000,0.000,424.800,-106.500,0.000,0.000,-1.000,-1.000,0,0
40.702,-431.682,-573.255,-0.707,-0.707,0,-647.897,-900.695,491.679,0,1319.184,611.968,0,0,989.518,255.320,721.963,-278.959,-368.647,-0.570,-0.822,-278.959,-368.647,-0.570,-0.822,-293.600,-119.100,0.000,0.000,108.800,-94.600,0.000,0.000,108.800,-94.600,0.000,0.000,424.800,-106.500,0.000,0.000,-1.000,-1.000,0,0
40.803,-441.856,-583.429,-0.707,-0.707,0,-651.789,-907.292,487.006,0,1333.241,620.521,0,0,996.437,262.386,736.326,-283.053,-374.556,-0.569,-0.822,-283.053,-374.556,-0.569,-0.822,-293.600,-119.100,0.000,0.000,108.800,-94.600,0.000,0.000,108.800,-94.600,0.000,0.000,90.162,244.441,0.002,-1.000,-1.000,-1.000,0,0
40.903,-452.030,-593.603,-0.707,-0.707,0,-655.584,-913.726,482.177,0,1347.305,629.286,0,0,1003.164,269.471,750.690,-287.143,-380.468,-0.568,-0.823,-287.143,-380.468,-0.568,-0.823,-293.600,-119.100,0.000,0.000,108.800,-94.600,0.000,0.000,108.800,-94.600,0.000,0.000,90.179,237.252,0.002,-1.000,-1.000,-1.000,0,0
41.002,-462.205,-603.777,-0.707,-0.707,0,-659.286,-920.000,477.201,0,1361.376,638.255,0,0,1009.706,276.574,765.055,-291.227,-386.384,-0.568,-0.823,-291.227,-386.384,-0.568,-0.823,-293.600,-119.100,0.000,0.000,108.800,-94.600,0.000,0.000,108.800,-94.600,0.000,0.000,90.195,230.063,0.002,-1.000,-1.000,-1.000,0,0
41.103,-472.379,-613.952,-0.707,-0.707,0,-662.896,-926.119,472.085,0,1375.453,647.420,0,0,1016.066,283.695,779.420,-295.307,-392.303,-0.567,-0.824,-295.307,-392.303,-0.567,-0.824,-293.600,-119.100,0.000,0.000,108.800,-94.600,0.000,0.000,108.800,-94.600,0.000,0.000,90.212,222.875,0.002,-1.000,-1.000,-1.000,0,0
41.205,-482.554,-624.126,-0.707,-0.707,0,-666.416,-932.086,466.838,0,1389.537,656.772,0,0,1022.248,290.832,793.787,-299.382,-398.225,-0.567,-0.824,-299.382,-398.225,-0.567,-0.824,-293.600,-119.100,0.000,0.000,108.800,-94.600,0.000,0.000,108.800,-94.600,0.000,0.000,90.229,215.686,0.002,-1.000,-1.000,-1.000,0,0
41.301,-492.728,-634.300,-0.707,-0.707,0,-669.850,-937.906,461.468,0,1403.627,666.304,0,0,1028.257,297.984,808.154,-303.453,-404.150,-0.566,-0.824,-303.453,-404.150,-0.566,-0.824,-293.600,-119.100,0.000,0.000,108.800,-94.600,0.000,0.000,108.800,-94.600,0.000,0.000,90.246,208.497,0.002,-1.000,-1.000,-1.000,0,0
41.402,-502.902,-644.474,-0.707,-0.707,0,-673.198,-943.582,455.983,0,1417.723,676.007,0,0,1034.097,305.150,822.522,-307.520,-410.078,-0.565,-0.825,-307.520,-410.078,-0.565,-0.825,-293.600,-119.100,0.000,0.000,108.800,-94.600,0.000,0.000,108.800,-94.600,0.000,0.000,90.262,201.309,0.002,-1.000,-1.000,-1.000,0,0
41.519,-515.112,-656.684,-0.707,-0.707,0,-677.107,-950.208,449.262,0,1434.645,687.868,0,0,1040.887,313.766,839.764,-312.394,-417.195,-0.565,-0.825,-312.394,-417.195,-0.565,-0.825,-293.600,-119.100,0.000,0.000,108.800,-94.600,0.000,0.000,108.800,-94.600,0.000,0.000,90.282,192.682,0.002,-1.000,-1.000,-1.000,0,0
41.605,-523.251,-664.823,-0.707,-0.707,0,-679.648,-954.516,444.704,0,1445.932,695.901,0,0,1045.286,319.521,851.260,-315.641,-421.941,-0.564,-0.826,-315.641,-421.941,-0.564,-0.826,-293.600,-119.100,0.000,0.000,108.800,-94.600,0.000,0.000,108.800,-94.600,0.000,0.000,90.296,186.932,0.002,-1.000,-1.000,-1.000,0,0
41.705,-533.425,-674.997,-0.707,-0.707,0,-682.754,-959.781,438.929,0,1460.044,706.078,0,0,1050.642,326.724,865.630,-319.696,-427.877,-0.564,-0.826,-319.696,-427.877,-0.564,-0.826,-293.600,-119.100,0.000,0.000,108.800,-94.600,0.000,0.000,108.800,-94.600,0.000,0.000,90.312,179.743,0.002,-1.000,-1.000,-1.000,0,0
41.803,-543.600,-685.171,-0.707,-0.707,0,-685.783,-964.915,433.074,0,1474.163,716.399,0,0,1055.845,333.938,880.000,-323.747,-433.816,-0.563,-0.826,-323.747,-433.816,-0.563,-0.826,-293.600,-119.100,0.000,0.000,108.800,-94.600,0.000,0.000,108.800,-94.600,0.000,0.000,90.329,172.554,0.002,-1.000,-1.000,-1.000,0,0
41.906,-553.774,-695.346,-0.707,-0.707,0,-688.737,-969.922,427.152,0,1488.286,726.858,0,0,1060.899,341.163,894.371,-327.795,-439.757,-0.563,-0.827,-327.795,-439.757,-0.563,-0.827,-293.600,-119.100,0.000,0.000,108.800,-94.600,0.000,0.000,108.800,-94.600,0.000,0.000,90.346,165.366,0.002,-1.000,-1.000,-1.000,0,0
42.004,-563.948,-705.520,-0.707,-0.707,0,-691.618,-974.806,421.170,0,1502.414,737.450,0,0,1065.807,348.398,908.743,-331.839,-445.700,-0.562,-0.827,-331.839,-445.700,-0.562,-0.827,-293.600,-119.100,0.000,0.000,108.800,-94.600,0.000,0.000,108.800,-94.600,0.000,0.000,90.362,158.177,0.002,-1.000,-1.000,-1.000,0,0
42.103,-574.122,-715.694,-0.707,-0.707,0,-694.427,-979.568,415.140,0,1516.547,748.168,0,0,1070.573,355.642,923.115,-335.880,-451.645,-0.562,-0.827,-335.880,-451.645,-0.562,-0.827,-293.600,-119.100,0.000,0.000,108.800,-94.600,0.000,0.000,108.800,-94.600,0.000,0.000,90.379,150.988,0.002,-1.000,-1.000,-1.000,0,0
42.201,-584.297,-725.868,-0.707,-0.707,0,-697.167,-984.213,409.072,0,1530.685,759.008,0,0,1075.200,362.895,937.488,-339.918,-457.593,-0.561,-0.828,-339.918,-457.593,-0.561,-0.828,-293.600,-119.100,0.000,0.000,108.800,-94.600,0.000,0.000,108.800,-94.600,0.000,0.000,90.396,143.800,0.002,-1.000,-1.000,-1.000,0,0
42.302,-594.471,-736.043,-0.707,-0.707,0,-699.840,-988.743,402.978,0,1544.828,769.964,0,0,1079.692,370.156,951.861,-343.952,-463.543,-0.561,-0.828,-343.952,-463.543,-0.561,-0.828,-293.600,-119.100,0.000,0.000,108.800,-94.600,0.000,0.000,108.800,-94.600,0.000,0.000,90.412,136.611,0.002,-1.000,-1.000,-1.000,0,0
42.404,-604.645,-746.217,-0.707,-0.707,0,-702.446,-993.160,396.869,0,1558.975,781.032,0,0,1084.052,377.426,966.235,-347.983,-469.495,-0.561,-0.828,-347.983,-469.495,-0.561,-0.828,-293.600,-119.100,0.000,0.000,108.800,-94.600,0.000,0.000,108.800,-94.600,0.000,0.000,90.429,129.422,0.002,-1.000,-1.000,-1.000,0,0
42.505,-614.819,-756.391,-0.707,-0.707,0,-704.987,-997.468,390.757,0,1573.126,792.206,0,0,1088.284,384.703,980.609,-352.012,-475.449,-0.560,-0.828,-352.012,-475.449,-0.560,-0.828,-293.600,-119.100,0.000,0.000,108.800,-94.600,0.000,0.000,108.800,-94.600,0.000,0.000,90.446,122.234,0.002,-1.000,-1.000,-1.000,0,0
42.602,-624.994,-766.565,-0.707,-0.707,0,-707.466,-1001.670,384.656,0,1587.282,803.483,0,0,1092.390,391.988,994.983,-356.037,-481.405,-0.560,-0.829,-356.037,-481.405,-0.560,-0.829,-293.600,-119.100,0.000,0.000,108.800,-94.600,0.000,0.000,108.800,-94.600,0.000,0.000,90.463,115.045,0.002,-1.000,-1.000,-1.000,0,0
42.704,-635.168,-776.740,-0.707,-0.707,0,-709.883,-1005.768,378.578,0,1601.442,814.857,0,0,1096.375,399.279,1009.358,-360.060,-487.363,-0.559,-0.829,-360.060,-487.363,-0.559,-0.829,-293.600,-119.100,0.000,0.000,108.800,-94.600,0.000,0.000,108.800,-94.600,0.000,0.000,90.479,107.856,0.002,-1.000,-1.000,-1.000,0,0
42.806,-645.342,-786.914,-0.707,-0.707,0,-712.241,-1009.764,372.536,0,1615.606,826.326,0,0,1100.242,406.577,1023.733,-364.080,-493.322,-0.559,-0.829,-364.080,-493.322,-0.559,-0.829,-293.600,-119.100,0.000,0.000,108.800,-94.600,0.000,0.000,108.800,-94.600,0.000,0.000,90.496,100.668,0.002,-1.000,-1.000,-1.000,0,0
42.901,-655.516,-797.088,-0.707,-0.707,0,-714.540,-1013.661,366.547,0,1629.774,837.884,0,0,1103.992,413.881,1038.109,-368.097,-499.284,-0.559,-0.829,-368.097,-499.284,-0.559,-0.829,-293.600,-119.100,0.000,0.000,108.800,-94.600,0.000,0.000,108.800,-94.600,0.000,0.000,90.513,93.479,0.002,-1.000,-1.000,-1.000,0,0
43.005,-657.575,-798.546,-0.707,-0.707,0,-716.782,-1017.462,366.995,0,1632.296,839.640,0,0,1107.630,409.284,1040.611,-372.112,-505.247,-0.558,-0.830,-372.112,-505.247,-0.558,-0.830,-293.600,-119.100,0.000,0.000,108.800,-94.600,0.000,0.000,108.800,-94.600,0.000,0.000,90.529,86.290,0.002,-1.000,-1.000,-1.000,0,0
43.101,-657.607,-798.539,-0.707,-0.707,0,-718.969,-1021.169,368.561,0,1632.318,839.638,0,0,1111.159,402.231,1040.630,-376.124,-511.212,-0.558,-0.830,-376.124,-511.212,-0.558,-0.830,-293.600,-119.100,0.000,0.000,108.800,-94.600,0.000,0.000,108.800,-94.600,0.000,0.000,90.546,79.102,0.002,-1.000,-1.000,-1.000,0,0
43.205,-657.639,-798.539,-0.707,-0.707,0,-721.101,-1024.784,370.054,0,1632.345,839.643,0,0,1114.581,395.187,1040.654,-380.134,-517.178,-0.558,-0.830,-380.134,-517.178,-0.558,-0.830,-293.600,-119.100,0.000,0.000,108.800,-94.600,0.000,0.000,108.800,-94.600,0.000,0.000,90.563,71.913,0.002,-1.000,-1.000,-1.000,0,0
43.301,-657.672,-798.539,-0.707,-0.707,0,-723.181,-1028.309,371.481,0,1632.371,839.648,0,0,1117.899,388.149,1040.677,-384.142,-523.146,-0.557,-0.830,-384.142,-523.146,-0.557,-0.830,-293.600,-119.100,0.000,0.000,108.800,-94.600,0.000,0.000,108.800,-94.600,0.000,0.000,90.579,64.724,0.002,-1.000,-1.000,-1.000,0,0
43.404,-657.685,-797.952,-0.399,-0.917,0,-725.209,-1031.747,373.213,0,1632.045,839.070,0,0,1121.115,380.688,1040.290,-388.147,-529.116,-0.557,-0.831,-388.147,-529.116,-0.557,-0.831,-293.600,-119.100,0.000,0.000,108.800,-94.600,0.000,0.000,108.800,-94.600,0.000,0.000,90.596,57.535,0.002,-1.000,0.000,-1.000,0,0
43.504,-657.668,-800.208,0.271,-0.963,0,-727.188,-1035.100,373.098,0,1633.327,841.297,0,0,1124.234,375.219,1041.805,-392.150,-535.087,-0.557,-0.831,-392.150,-535.087,-0.557,-0.831,-293.600,-119.100,0.000,0.000,108.800,-94.600,0.000,0.000,108.800,-94.600,0.000,0.000,90.613,50.347,0.002,-1.000,1.000,-1.000,0,0
43.604,-652.409,-799.208,0.753,-0.659,0,-729.117,-1038.371,376.005,0,1628.449,839.513,0,0,1127.256,363.744,1037.262,-396.150,-541.059,-0.556,-0.831,-396.150,-541.059,-0.556,-0.831,-293.600,-119.100,0.000,0.000,108.800,-94.600,0.000,0.000,108.800,-94.600,0.000,0.000,90.629,43.158,0.002,-1.000,1.000,0.000,0,0
43.705,-638.507,-798.834,0.979,-0.203,0,-730.998,-1041.560,380.576,0,1616.883,837.195,0,0,1130.186,346.725,1026.847,-400.149,-547.033,-0.556,-0.831,-400.149,-547.033,-0.556,-0.831,-293.600,-119.100,0.000,0.000,108.800,-94.600,0.000,0.000,108.800,-94.600,0.000,0.000,90.646,35.969,0.002,-1.000,1.000,0.000,0,0
43.803,-624.226,-798.790,0.998,-0.060,0,-732.833,-1044.670,385.571,0,1605.240,835.386,0,0,1133.024,329.915,1016.470,-404.146,-553.009,-0.556,-0.831,-404.146,-553.009,-0.556,-0.831,-293.600,-119.100,0.000,0.000,108.800,-94.600,0.000,0.000,108.800,-94.600,0.000,0.000,90.663,28.781,0.002,-1.000,1.000,0.000,0,0
43.904,-609.838,-798.790,1.000,-0.018,0,-734.622,-1047.704,391.107,0,1593.578,833.852,0,0,1135.775,313.351,1006.144,-408.140,-558.985,-0.555,-0.832,-408.140,-558.985,-0.555,-0.832,-293.600,-119.100,0.000,0.000,108.800,-94.600,0.000,0.000,108.800,-94.600,0.000,0.000,90.679,21.592,0.002,-1.000,1.000,0.000,0,0
44.001,-595.451,-798.790,1.000,-0.005,0,-736.368,-1050.662,397.156,0,1581.962,832.563,0,0,1138.440,297.120,995.918,-412.132,-564.964,-0.555,-0.832,-412.132,-564.964,-0.555,-0.832,-293.600,-119.100,0.000,0.000,108.800,-94.600,0.000,0.000,108.800,-94.600,0.000,0.000,90.696,14.403,0.002,-1.000,1.000,0.000,0,0
44.104,-581.062,-798.790,1.000,-0.001,0,-738.070,-1053.547,403.693,0,1570.391,831.521,0,0,1141.021,281.282,985.796,-416.123,-570.943,-0.555,-0.832,-416.123,-570.943,-0.555,-0.832,-293.600,-119.100,0.000,0.000,108.800,-94.600,0.000,0.000,108.800,-94.600,0.000,0.000,87.117,13.926,-0.831,0.556,1.000,0.000,0,0
44.202,-566.674,-798.790,1.000,0.000,0,-739.729,-1056.360,410.689,0,1558.866,830.727,0,0,1143.522,265.904,975.781,-420.112,-576.924,-0.555,-0.832,-420.112,-576.924,-0.555,-0.832,-293.600,-119.100,0.000,0.000,108.800,-94.600,0.000,0.000,108.800,-94.600,0.000,0.000,81.142,17.922,-0.831,0.556,1.000,0.000,0,0
44.304,-552.285,-798.790,1.000,0.000,0,-741.348,-1059.104,418.120,0,1547.390,830.181,0,0,1145.943,251.074,965.876,-424.098,-582.905,-0.554,-0.832,-424.098,-582.905,-0.554,-0.832,-293.600,-119.100,0.000,0.000,108.800,-94.600,0.000,0.000,108.800,-94.600,0.000,0.000,75.166,21.918,-0.831,0.556,1.000,0.000,0,0
44.405,-549.381,-798.791,0.882,-0.471,0,-742.927,-1061.780,420.550,0,1545.080,830.102,0,0,1148.288,242.430,963.892,-428.083,-588.889,-0.554,-0.832,-428.083,-588.889,-0.554,-0.832,-293.600,-119.100,0.000,0.000,108.800,-94.600,0.000,0.000,108.800,-94.600,0.000,0.000,69.191,25.914,-0.831,0.556,1.000,-1.000,0,0
44.504,-549.352,-797.964,0.766,-0.643,0,-744.467,-1064.390,422.136,0,1544.556,829.275,0,0,1150.558,234.525,963.268,-432.067,-594.873,-0.554,-0.833,-432.067,-594.873,-0.554,-0.833,-293.600,-119.100,0.000,0.000,108.800,-94.600,0.000,0.000,108.800,-94.600,0.000,0.000,63.215,29.910,-0.831,0.556,1.000,-1.000,0,0
44.603,-549.320,-797.752,0.725,-0.689,0,-745.968,-1066.935,423.282,0,1544.402,829.063,0,0,1152.756,227.152,963.092,-436.048,-600.858,-0.554,-0.833,-436.048,-600.858,-0.554,-0.833,-293.600,-119.100,0.000,0.000,108.800,-94.600,0.000,0.000,108.800,-94.600,0.000,0.000,57.239,33.906,-0.831,0.556,1.000,-1.000,0,0
44.706,-549.288,-797.698,0.712,-0.702,0,-747.432,-1069.417,424.274,0,1544.343,829.007,0,0,1154.884,219.915,963.030,-440.028,-606.845,-0.553,-0.833,-440.028,-606.845,-0.553,-0.833,-293.600,-119.100,0.000,0.000,108.800,-94.600,0.000,0.000,108.800,-94.600,0.000,0.000,51.264,37.902,-0.831,0.556,1.000,-1.000,0,0
44.802,-549.256,-797.683,0.709,-0.706,0,-748.860,-1071.838,425.187,0,1544.309,828.992,0,0,1156.943,212.714,962.997,-444.006,-612.832,-0.553,-0.833,-444.006,-612.832,-0.553,-0.833,-293.600,-119.100,0.000,0.000,108.800,-94.600,0.000,0.000,108.800,-94.600,0.000,0.000,45.288,41.898,-0.831,0.556,1.000,-1.000,0,0
44.905,-534.867,-797.683,0.964,-0.267,0,-750.253,-1074.199,432.997,0,1532.887,828.747,0,0,1158.936,198.848,953.223,-447.983,-618.821,-0.553,-0.833,-447.983,-618.821,-0.553,-0.833,-293.600,-119.100,0.000,0.000,108.800,-94.600,0.000,0.000,108.800,-94.600,0.000,0.000,39.312,45.895,-0.831,0.556,1.000,0.000,0,0
45.004,-520.478,-797.683,0.997,-0.079,0,-751.612,-1076.501,441.179,0,1521.515,828.753,0,0,1160.864,185.957,943.566,-451.958,-624.811,-0.553,-0.833,-451.958,-624.811,-0.553,-0.833,-293.600,-119.100,0.000,0.000,108.800,-94.600,0.000,0.000,108.800,-94.600,0.000,0.000,33.337,49.891,-0.831,0.556,1.000,0.000,0,0
45.103,-506.090,-797.683,1.000,-0.023,0,-752.936,-1078.747,449.711,0,1510.195,829.009,0,0,1162.730,174.257,934.032,-455.931,-630.802,-0.553,-0.833,-455.931,-630.802,-0.553,-0.833,-293.600,-119.100,0.000,0.000,108.800,-94.600,0.000,0.000,108.800,-94.600,0.000,0.000,27.361,53.887,-0.831,0.556,1.000,0.000,0,0
45.202,-491.701,-797.683,1.000,-0.007,0,-754.228,-1080.937,458.572,0,1498.927,829.514,0,0,1164.536,164.002,924.623,-459.903,-636.793,-0.552,-0.834,-459.903,-636.793,-0.552,-0.834,-293.600,-119.100,0.000,0.000,108.800,-94.600,0.000,0.000,108.800,-94.600,0.000,0.000,21.385,57.883,-0.831,0.556,1.000,0.000,0,0
45.302,-477.312,-797.683,1.000,-0.002,0,-755.488,-1083.072,467.740,0,1487.714,830.268,0,0,1166.282,155.479,915.343,-463.873,-642.786,-0.552,-0.834,-463.873,-642.786,-0.552,-0.834,-293.600,-119.100,0.000,0.000,108.800,-94.600,0.000,0.000,108.800,-94.600,0.000,0.000,15.410,61.879,-0.831,0.556,1.000,0.000,0,0
45.406,-462.923,-797.683,1.000,-0.001,0,-756.717,-1085.155,477.197,0,1476.555,831.270,0,0,1167.971,148.985,906.197,-467.842,-648.780,-0.552,-0.834,-467.842,-648.780,-0.552,-0.834,-293.600,-119.100,0.000,0.000,108.800,-94.600,0.000,0.000,108.800,-94.600,0.000,0.000,9.434,65.875,-0.831,0.556,1.000,0.000,0,0
45.504,-448.535,-797.683,1.000,0.000,0,-757.915,-1087.186,486.925,0,1465.453,832.520,0,0,1169.604,144.792,897.189,-471.810,-654.774,-0.552,-0.834,-471.810,-654.774,-0.552,-0.834,-293.600,-119.100,0.000,0.000,108.800,-94.600,0.000,0.000,108.800,-94.600,0.000,0.000,3.458,69.871,-0.831,0.556,1.000,0.000,0,0
45.605,-434.146,-797.683,1.000,0.000,0,-759.084,-1089.167,496.907,0,1454.408,834.017,0,0,1171.184,143.102,888.322,-475.776,-660.770,-0.552,-0.834,-475.776,-660.770,-0.552,-0.834,-293.600,-119.100,0.000,0.000,108.800,-94.600,0.000,0.000,108.800,-94.600,0.000,0.000,-2.517,73.867,-0.831,0.556,1.000,0.000,0,0
45.704,-419.757,-797.683,1.000,0.000,0,-760.223,-1091.099,507.125,0,1443.422,835.758,0,0,1172.712,144.004,879.602,-479.741,-666.766,-0.551,-0.834,-479.741,-666.766,-0.551,-0.834,-293.600,-119.100,0.000,0.000,108.800,-94.600,0.000,0.000,108.800,-94.600,0.000,0.000,-8.493,77.864,-0.831,0.556,1.000,0.000,0,0
45.802,-405.368,-797.683,1.000,0.000,0,-761.335,-1092.983,517.566,0,1432.497,837.743,0,0,1174.188,147.449,871.031,-483.704,-672.764,-0.551,-0.834,-483.704,-672.764,-0.551,-0.834,-293.600,-119.100,0.000,0.000,108.800,-94.600,0.000,0.000,108.800,-94.600,0.000,0.000,-14.469,81.860,-0.831,0.556,1.000,0.000,0,0
45.902,-391.823,-795.648,0.993,0.119,0,-762.419,-1094.821,528.771,0,1420.930,837.825,0,0,1175.616,151.157,861.448,-487.666,-678.762,-0.551,-0.834,-487.666,-678.762,-0.551,-0.834,-293.600,-119.100,0.000,0.000,108.800,-94.600,0.000,0.000,108.800,-94.600,0.000,0.000,39.065,50.563,-0.493,-0.870,1.000,1.000,0,0
46.003,-381.648,-785.474,0.829,0.559,0,-763.476,-1096.613,542.352,0,1406.576,829.524,0,0,1176.997,149.126,847.258,-491.627,-684.761,-0.551,-0.835,-491.627,-684.761,-0.551,-0.835,-293.600,-119.100,0.000,0.000,108.800,-94.600,0.000,0.000,108.800,-94.600,0.000,0.000,35.519,44.309,-0.493,-0.870,1.000,1.000,0,0
46.103,-373.509,-774.457,0.663,0.748,0,-764.507,-1098.360,555.095,0,1393.207,820.178,0,0,1178.331,148.014,833.563,-495.587,-690.761,-0.551,-0.835,-495.587,-690.761,-0.551,-0.835,-293.600,-119.100,0.000,0.000,108.800,-94.600,0.000,0.000,108.800,-94.600,0.000,0.000,31.973,38.056,-0.493,-0.870,0.000,1.000,0,0
46.202,-373.509,-760.068,0.211,0.978,0,-765.512,-1100.065,564.265,0,1383.827,806.054,0,0,1179.620,141.042,821.870,-499.545,-696.762,-0.551,-0.835,-499.545,-696.762,-0.551,-0.835,-293.600,-119.100,0.000,0.000,108.800,-94.600,0.000,0.000,108.800,-94.600,0.000,0.000,28.428,31.803,-0.493,-0.870,0.000,1.000,0,0
46.303,-373.509,-745.679,0.060,0.998,0,-766.493,-1101.727,573.700,0,1374.534,791.940,0,0,1180.866,136.895,810.263,-503.502,-702.763,-0.550,-0.835,-503.502,-702.763,-0.550,-0.835,-293.600,-119.100,0.000,0.000,108.800,-94.600,0.000,0.000,108.800,-94.600,0.000,0.000,24.882,25.549,-0.493,-0.870,0.000,1.000,0,0
46.400,-373.509,-731.291,0.018,1.000,0,-767.449,-1103.348,583.385,0,1365.329,777.835,0,0,1182.071,135.830,798.747,-507.458,-708.765,-0.550,-0.835,-507.458,-708.765,-0.550,-0.835,-293.600,-119.100,0.000,0.000,108.800,-94.600,0.000,0.000,108.800,-94.600,0.000,0.000,21.336,19.296,-0.493,-0.870,0.000,1.000,0,0
46.501,-373.509,-716.902,0.005,1.000,0,-768.382,-1104.929,593.306,0,1356.214,763.741,0,0,1183.234,137.921,787.326,-511.413,-714.769,-0.550,-0.835,-511.413,-714.769,-0.550,-0.835,-293.600,-119.100,0.000,0.000,108.800,-94.600,0.000,0.000,108.800,-94.600,0.000,0.000,17.790,13.043,-0.493,-0.870,0.000,1.000,0,0
46.601,-381.648,-705.885,-0.464,0.886,0,-769.291,-1106.471,595.871,0,1355.658,751.329,0,0,1184.359,134.545,783.715,-515.367,-720.772,-0.550,-0.835,-515.367,-720.772,-0.550,-0.835,-293.600,-119.100,0.000,0.000,108.800,-94.600,0.000,0.000,108.800,-94.600,0.000,0.000,14.244,6.789,-0.493,-0.870,-1.000,1.000,0,0
46.700,-392.665,-697.745,-0.680,0.733,0,-770.179,-1107.974,594.928,0,1359.278,741.259,0,0,1185.446,129.938,784.380,-519.319,-726.777,-0.550,-0.835,-519.319,-726.777,-0.550,-0.835,-293.600,-119.100,0.000,0.000,108.800,-94.600,0.000,0.000,108.800,-94.600,0.000,0.000,10.698,0.536,-0.493,-0.870,-1.000,0.000,0,0
46.804,-407.054,-697.745,-0.975,0.221,0,-771.044,-1109.441,586.457,0,1370.654,738.767,0,0,1186.496,121.383,793.656,-523.270,-732.782,-0.550,-0.835,-523.270,-732.782,-0.550,-0.835,-293.600,-119.100,0.000,0.000,108.800,-94.600,0.000,0.000,108.800,-94.600,0.000,0.000,7.152,-5.717,-0.493,-0.870,-1.000,0.000,0,0
46.903,-421.443,-697.745,-0.998,0.066,0,-771.887,-1110.871,578.148,0,1382.087,736.549,0,0,1187.510,113.461,803.083,-527.221,-738.788,-0.549,-0.836,-527.221,-738.788,-0.549,-0.836,-293.600,-119.100,0.000,0.000,108.800,-94.600,0.000,0.000,108.800,-94.600,0.000,0.000,3.607,-11.971,-0.493,-0.870,-1.000,0.000,0,0
47.000,-435.832,-697.745,-1.000,0.020,0,-772.710,-1112.266,570.011,0,1393.573,734.605,0,0,1188.490,106.316,807.312,-531.170,-744.795,-0.549,-0.836,-531.170,-744.795,-0.549,-0.836,-293.600,-119.100,0.000,0.000,0.061,-18.224,-0.493,-0.870,0.061,-18.224,-0.493,-0.870,108.800,-94.600,0.000,0.000,-1.000,0.000,0,0
47.105,-450.220,-697.745,-1.000,0.005,0,-773.513,-1113.626,562.057,0,1405.114,732.939,0,0,1189.437,100.113,807.999,-535.118,-750.803,-0.549,-0.836,-535.118,-750.803,-0.549,-0.836,-293.600,-119.100,0.000,0.000,-3.485,-24.477,-0.493,-0.870,-3.485,-24.477,-0.493,-0.870,108.800,-94.600,0.000,0.000,-1.000,0.000,0,0
47.205,-464.609,-697.745,-1.000,0.002,0,-774.295,-1114.953,554.296,0,1416.706,731.552,0,0,1190.352,95.039,808.880,-539.065,-756.811,-0.549,-0.836,-539.065,-756.811,-0.549,-0.836,-293.600,-119.100,0.000,0.000,-7.031,-30.731,-0.493,-0.870,-7.031,-30.731,-0.493,-0.870,108.800,-94.600,0.000,0.000,-1.000,0.000,0,0
47.300,-478.998,-697.745,-1.000,0.000,0,-775.058,-1116.246,546.740,0,1428.349,730.445,0,0,1191.236,91.282,809.953,-543.011,-762.820,-0.549,-0.836,-543.011,-762.820,-0.549,-0.836,-293.600,-119.100,0.000,0.000,-10.577,-36.984,-0.493,-0.870,-10.577,-36.984,-0.493,-0.870,108.800,-94.600,0.000,0.000,-1.000,0.000,0,0
47.402,-493.387,-697.745,-1.000,0.000,0,-775.803,-1117.508,539.399,0,1440.042,729.621,0,0,1192.090,89.009,811.218,-546.956,-768.829,-0.549,-0.836,-546.956,-768.829,-0.549,-0.836,-293.600,-119.100,0.000,0.000,-14.123,-43.237,-0.493,-0.870,-14.123,-43.237,-0.493,-0.870,108.800,-94.600,0.000,0.000,-1.000,0.000,0,0
47.503,-507.775,-697.745,-1.000,0.000,0,-776.529,-1118.738,532.285,0,1451.784,729.080,0,0,1192.916,88.336,812.674,-550.900,-774.839,-0.549,-0.836,-550.900,-774.839,-0.549,-0.836,-293.600,-119.100,0.000,0.000,-17.669,-49.491,-0.493,-0.870,-17.669,-49.491,-0.493,-0.870,108.800,-94.600,0.000,0.000,-1.000,0.000,0,0
47.606,-522.164,-697.745,-1.000,0.000,0,-777.237,-1119.938,525.410,0,1463.572,728.823,0,0,1193.714,89.299,814.320,-554.843,-780.850,-0.548,-0.836,-554.843,-780.850,-0.548,-0.836,-293.600,-119.100,0.000,0.000,-21.214,-55.744,-0.493,-0.870,-21.214,-55.744,-0.493,-0.870,108.800,-94.600,0.000,0.000,-1.000,0.000,0,0
47.703,-535.710,-699.780,-0.993,-0.115,0,-777.927,-1121.109,517.520,0,1475.866,730.875,0,0,1194.485,90.087,817.213,-558.785,-786.861,-0.548,-0.836,-558.785,-786.861,-0.548,-0.836,-293.600,-119.100,0.000,0.000,-24.760,-61.997,-0.493,-0.870,-24.760,-61.997,-0.493,-0.870,108.800,-94.600,0.000,0.000,-1.000,-1.000,0,0
47.801,-545.884,-709.954,-0.833,-0.553,0,-778.600,-1122.250,504.669,0,1490.020,741.222,0,0,1195.230,84.612,824.422,-562.727,-792.873,-0.548,-0.836,-562.727,-792.873,-0.548,-0.836,-293.600,-119.100,0.000,0.000,-28.306,-68.251,-0.493,-0.870,-28.306,-68.251,-0.493,-0.870,108.800,-94.600,0.000,0.000,-1.000,-1.000,0,0
47.903,-556.058,-720.129,-0.746,-0.666,0,-779.257,-1123.363,491.813,0,1504.177,751.703,0,0,1195.950,79.469,831.639,-566.667,-798.886,-0.548,-0.836,-566.667,-798.886,-0.548,-0.836,-293.600,-119.100,0.000,0.000,-31.852,-74.504,-0.493,-0.870,-31.852,-74.504,-0.493,-0.870,108.800,-94.600,0.000,0.000,-1.000,-1.000,0,0
48.001,-566.233,-730.303,-0.719,-0.695,0,-779.897,-1124.449,478.957,0,1518.339,762.310,0,0,1196.647,67.585,838.866,-566.667,-797.886,-0.547,-0.837,-566.667,-797.886,-0.547,-0.837,-293.600,-119.100,0.000,0.000,-35.398,-80.757,-0.493,-0.870,-35.398,-80.757,-0.493,-0.870,108.800,-94.600,0.000,0.000,-1.000,-1.000,0,0
48.101,-579.778,-732.338,-0.944,-0.330,0,-780.522,-1125.507,471.403,0,1530.626,765.139,0,0,1197.320,66.789,841.992,-566.667,-797.828,-0.547,-0.837,-566.667,-797.828,-0.547,-0.837,-293.600,-119.100,0.000,0.000,-38.944,-87.011,-0.493,-0.870,-38.944,-87.011,-0.493,-0.870,108.800,-94.600,0.000,0.000,-1.000,0.000,0,0
48.204,-594.167,-732.338,-0.996,-0.093,0,-781.131,-1126.540,465.458,0,1542.484,766.248,0,0,1197.972,71.029,849.241,-566.668,-797.827,-0.546,-0.838,-566.668,-797.827,-0.546,-0.838,-293.600,-119.100,0.000,0.000,-41.091,-87.887,-0.007,1.000,-41.091,-87.887,-0.007,1.000,108.800,-94.600,0.000,0.000,-1.000,0.000,0,0
48.304,-608.556,-732.338,-1.000,-0.027,0,-781.725,-1127.547,459.838,0,1554.385,767.624,0,0,1198.602,77.739,864.057,-566.668,-797.827,-0.546,-0.838,-566.668,-797.827,-0.546,-0.838,-293.600,-119.100,0.000,0.000,-41.140,-80.699,-0.007,1.000,-41.140,-80.699,-0.007,1.000,108.800,-94.600,0.000,0.000,-1.000,0.000,0,0
48.404,-620.416,-738.442,-0.911,-0.413,0,-782.304,-1128.529,450.152,0,1567.630,775.018,0,0,1199.212,80.095,881.838,-566.668,-797.826,-0.546,-0.838,-566.668,-797.826,-0.546,-0.838,-293.600,-119.100,0.000,0.000,-41.189,-73.510,-0.007,1.000,-41.189,-73.510,-0.007,1.000,108.800,-94.600,0.000,0.000,-1.000,-1.000,0,0
48.504,-630.590,-748.617,-0.777,-0.630,0,-782.869,-1129.486,437.626,0,1581.755,786.382,0,0,1199.802,80.669,901.589,-566.669,-797.826,-0.546,-0.838,-566.669,-797.826,-0.546,-0.838,-293.600,-119.100,0.000,0.000,-41.239,-66.322,-0.007,1.000,-41.239,-66.322,-0.007,1.000,108.800,-94.600,0.000,0.000,-1.000,-1.000,0,0
48.603,-640.765,-758.791,-0.729,-0.685,0,-783.420,-1130.421,425.141,0,1595.885,797.843,0,0,1200.374,83.749,921.354,-566.669,-797.826,-0.546,-0.838,-566.669,-797.826,-0.546,-0.838,-293.600,-119.100,0.000,0.000,-41.288,-59.133,-0.007,1.000,-41.288,-59.133,-0.007,1.000,108.800,-94.600,0.000,0.000,-1.000,-1.000,0,0
48.701,-650.939,-768.965,-0.713,-0.701,0,-783.958,-1131.331,412.704,0,1610.020,809.397,0,0,1200.927,89.075,941.134,-566.669,-797.826,-0.546,-0.838,-566.669,-797.826,-0.546,-0.838,-293.600,-119.100,0.000,0.000,-41.337,-51.945,-0.007,1.000,-41.337,-51.945,-0.007,1.000,108.800,-94.600,0.000,0.000,-1.000,-1.000,0,0
48.806,-661.113,-779.139,-0.709,-0.705,0,-784.482,-1132.220,400.324,0,1624.159,821.041,0,0,1201.464,96.274,960.927,-566.670,-797.825,-0.546,-0.838,-566.670,-797.825,-0.546,-0.838,-293.600,-119.100,0.000,0.000,-41.386,-44.756,-0.007,1.000,-41.386,-44.756,-0.007,1.000,108.800,-94.600,0.000,0.000,-1.000,-1.000,0,0
48.904,-671.287,-789.314,-0.708,-0.707,0,-784.993,-1133.086,388.011,0,1638.303,832.771,0,0,1201.983,104.963,980.732,-566.670,-797.825,-0.546,-0.838,-566.670,-797.825,-0.546,-0.838,-293.600,-119.100,0.000,0.000,-41.436,-37.568,-0.007,1.000,-41.436,-37.568,-0.007,1.000,108.800,-94.600,0.000,0.000,-1.000,-1.000,0,0
49.004,-681.462,-799.488,-0.707,-0.707,0,-785.491,-1133.931,375.774,0,1652.451,844.583,0,0,1202.487,114.803,1000.549,-566.670,-797.825,-0.546,-0.838,-566.670,-797.825,-0.546,-0.838,-293.600,-119.100,0.000,0.000,-41.485,-30.379,-0.007,1.000,-41.485,-30.379,-0.007,1.000,108.800,-94.600,0.000,0.000,-1.000,-1.000,0,0
49.101,-681.490,-798.568,-0.707,-0.707,0,-785.977,-1134.755,376.267,0,1651.952,843.683,0,0,1202.977,114.822,1005.362,-566.670,-797.825,-0.546,-0.838,-566.670,-797.825,-0.546,-0.838,-293.600,-119.100,0.000,0.000,-41.534,-23.191,-0.007,1.000,-41.534,-23.191,-0.007,1.000,108.800,-94.600,0.000,0.000,-1.000,-1.000,0,0
49.205,-681.522,-798.538,-0.707,-0.707,0,-786.451,-1135.558,375.972,0,1651.962,843.660,0,0,1203.452,114.854,1010.883,-566.671,-797.825,-0.545,-0.838,-566.671,-797.825,-0.545,-0.838,-293.600,-119.100,0.000,0.000,-41.583,-16.002,-0.007,1.000,-41.583,-16.002,-0.007,1.000,108.800,-94.600,0.000,0.000,-1.000,-1.000,0,0
49.302,-690.168,-798.538,-0.917,-0.400,0,-786.914,-1136.342,373.331,0,1659.091,845.276,0,0,1203.913,123.499,1021.892,-566.671,-797.825,-0.545,-0.838,-566.671,-797.825,-0.545,-0.838,-293.600,-119.100,0.000,0.000,-41.633,-8.814,-0.007,1.000,-41.633,-8.814,-0.007,1.000,108.800,-94.600,0.000,0.000,-1.000,0.000,0,0
49.403,-704.557,-798.538,-0.993,-0.119,0,-787.364,-1137.106,369.530,0,1670.988,848.154,0,0,1204.361,137.888,1036.568,-566.671,-797.824,-0.545,-0.838,-566.671,-797.824,-0.545,-0.838,-293.600,-119.100,0.000,0.000,-41.682,-1.625,-0.007,1.000,-41.682,-1.625,-0.007,1.000,108.800,-94.600,0.000,0.000,-1.000,0.000,0,0
49.504,-718.946,-798.538,-0.999,-0.033,0,-787.804,-1137.852,366.229,0,1682.924,851.265,0,0,1204.797,152.276,1051.284,-566.672,-797.824,-0.545,-0.838,-566.672,-797.824,-0.545,-0.838,-293.600,-119.100,0.000,0.000,-41.731,5.564,-0.007,1.000,-41.731,5.564,-0.007,1.000,108.800,-94.600,0.000,0.000,-1.000,0.000,0,0
49.604,-733.334,-798.538,-1.000,-0.010,0,-788.233,-1138.578,363.443,0,1694.897,854.608,0,0,1205.221,166.664,1066.039,-566.672,-797.824,-0.545,-0.838,-566.672,-797.824,-0.545,-0.838,-293.600,-119.100,0.000,0.000,-41.780,12.752,-0.007,1.000,-41.780,12.752,-0.007,1.000,108.800,-94.600,0.000,0.000,-1.000,0.000,0,0
49.704,-741.968,-798.538,-1.000,-0.004,0,-788.651,-1139.287,361.885,0,1702.099,856.723,0,0,1205.634,175.297,1077.080,-566.672,-797.824,-0.545,-0.838,-566.672,-797.824,-0.545,-0.838,-293.600,-119.100,0.000,0.000,-41.830,19.941,-0.007,1.000,-41.830,19.941,-0.007,1.000,108.800,-94.600,0.000,0.000,0.000,0.000,0,0
49.804,-741.968,-798.538,-1.000,-0.004,0,-789.059,-1139.979,361.542,0,1702.099,856.723,0,0,1206.036,175.297,1082.521,-566.673,-797.824,-0.545,-0.838,-566.673,-797.824,-0.545,-0.838,-293.600,-119.100,0.000,0.000,-41.879,27.129,-0.007,1.000,-41.879,27.129,-0.007,1.000,108.800,-94.600,0.000,0.000,0.000,0.000,0,0
49.906,-741.968,-798.538,-1.000,-0.004,0,-789.457,-1140.653,361.212,0,1702.099,856.723,0,0,1206.429,175.296,1087.982,-566.673,-797.824,-0.545,-0.839,-566.673,-797.824,-0.545,-0.839,-293.600,-119.100,0.000,0.000,-41.928,34.318,-0.007,1.000,-41.928,34.318,-0.007,1.000,108.800,-94.600,0.000,0.000,0.000,0.000,0,0
50.005,-741.968,-798.538,-1.000,-0.004,0,-789.845,-1141.311,360.895,0,1702.099,856.723,0,0,1206.812,175.296,1093.463,-566.673,-797.823,-0.545,-0.839,-566.673,-797.823,-0.545,-0.839,-293.600,-119.100,0.000,0.000,-41.977,41.506,-0.007,1.000,-41.977,41.506,-0.007,1.000,108.800,-94.600,0.000,0.000,0.000,0.000,0,0
50.105,-741.968,-798.538,-1.000,-0.004,0,-790.223,-1141.952,360.593,0,1702.099,856.723,0,0,1207.187,175.296,1098.964,-566.674,-797.823,-0.545,-0.839,-566.674,-797.823,-0.545,-0.839,-293.600,-119.100,0.000,0.000,-42.027,48.695,-0.007,1.000,-42.027,48.695,-0.007,1.000,108.800,-94.600,0.000,0.000,0.000,0.000,0,0
50.202,-741.968,-798.538,-1.000,-0.004,0,-790.592,-1142.577,360.306,0,1702.099,856.723,0,0,1207.553,175.295,1104.235,-566.674,-797.823,-0.545,-0.839,-566.674,-797.823,-0.545,-0.839,-293.600,-119.100,0.000,0.000,108.800,-94.600,0.000,0.000,108.800,-94.600,0.000,0.000,-42.076,55.883,-0.007,1.000,0.000,0.000,0,0
50.302,-741.968,-798.538,-1.000,-0.004,0,-790.952,-1143.187,360.034,0,1702.099,856.723,0,0,1207.911,175.295,1104.235,-566.674,-797.823,-0.545,-0.839,-566.674,-797.823,-0.545,-0.839,-293.600,-119.100,0.000,0.000,108.800,-94.600,0.000,0.000,108.800,-94.600,0.000,0.000,-42.125,63.072,-0.007,1.000,0.000,0.000,0,0
50.404,-741.968,-798.538,-1.000,-0.004,0,-791.303,-1143.782,359.779,0,1702.099,856.723,0,0,1208.263,175.295,1104.235,-566.674,-797.823,-0.545,-0.839,-566.674,-797.823,-0.545,-0.839,-293.600,-119.100,0.000,0.000,108.800,-94.600,0.000,0.000,108.800,-94.600,0.000,0.000,-42.174,70.260,-0.007,1.000,0.000,0.000,0,0
50.505,-741.968,-798.538,-1.000,-0.004,0,-791.645,-1144.362,359.541,0,1702.099,856.723,0,0,1208.607,175.294,1104.235,-566.675,-797.823,-0.545,-0.839,-566.675,-797.823,-0.545,-0.839,-293.600,-119.100,0.000,0.000,108.800,-94.600,0.000,0.000,108.800,-94.600,0.000,0.000,-42.224,77.449,-0.007,1.000,0.000,0.000,0,0
50.605,-741.968,-798.538,-1.000,-0.004,0,-791.979,-1144.928,359.321,0,1702.099,856.723,0,0,1208.945,175.294,1104.235,-566.675,-797.823,-0.544,-0.839,-566.675,-797.823,-0.544,-0.839,-293.600,-119.100,0.000,0.000,108.800,-94.600,0.000,0.000,108.800,-94.600,0.000,0.000,-42.273,84.637,-0.007,1.000,0.000,0.000,0,0
50.703,-741.968,-798.538,-1.000,-0.004,0,-792.304,-1145.479,359.119,0,1702.099,856.723,0,0,1209.278,175.294,1104.235,-566.675,-797.823,-0.544,-0.839,-566.675,-797.823,-0.544,-0.839,-293.600,-119.100,0.000,0.000,108.800,-94.600,0.000,0.000,108.800,-94.600,0.000,0.000,-42.322,91.826,-0.007,1.000,0.000,0.000,0,0
50.803,-741.968,-798.538,-1.000,-0.004,0,-792.622,-1146.018,358.937,0,1702.099,856.723,0,0,1209.605,175.294,1104.235,-566.676,-797.823,-0.544,-0.839,-566.676,-797.823,-0.544,-0.839,-293.600,-119.100,0.000,0.000,108.800,-94.600,0.000,0.000,108.800,-94.600,0.000,0.000,-42.371,99.014,-0.007,1.000,0.000,0.000,0,0
50.906,-741.968,-798.538,-1.000,-0.004,0,-792.931,-1146.542,358.774,0,1702.099,856.723,0,0,1209.928,175.293,1104.235,-566.676,-797.822,-0.544,-0.839,-566.676,-797.822,-0.544,-0.839,-293.600,-119.100,0.000,0.000,108.800,-94.600,0.000,0.000,108.800,-94.600,0.000,0.000,-42.421,106.203,-0.007,1.000,0.000,0.000,0,0
51.005,-741.968,-798.538,-1.000,-0.004,0,-793.233,-1147.054,358.632,0,1702.099,856.723,0,0,1210.246,175.293,1104.235,-566.676,-797.822,-0.544,-0.839,-566.676,-797.822,-0.544,-0.839,-293.600,-119.100,0.000,0.000,108.800,-94.600,0.000,0.000,108.800,-94.600,0.000,0.000,-42.470,113.392,-0.007,1.000,0.000,0.000,0,0
51.103,-741.968,-798.538,-1.000,-0.004,0,-793.528,-1147.554,358.511,0,1702.099,856.723,0,0,1210.560,175.293,1104.235,-566.677,-797.822,-0.544,-0.839,-566.677,-797.822,-0.544,-0.839,-293.600,-119.100,0.000,0.000,108.800,-94.600,0.000,0.000,108.800,-94.600,0.000,0.000,-42.519,120.580,-0.007,1.000,0.000,0.000,0,0
51.204,-741.968,-798.538,-1.000,-0.004,0,-793.815,-1148.041,358.411,0,1702.099,856.723,0,0,1210.871,175.292,1104.235,-566.677,-797.822,-0.544,-0.839,-566.677,-797.822,-0.544,-0.839,-293.600,-119.100,0.000,0.000,108.800,-94.600,0.000,0.000,108.800,-94.600,0.000,0.000,-42.568,127.769,-0.007,1.000,0.000,0.000,0,0
51.302,-741.968,-798.538,-1.000,-0.004,0,-794.095,-1148.516,358.334,0,1702.099,856.723,0,0,1211.178,175.292,1104.235,-566.677,-797.822,-0.544,-0.839,-566.677,-797.822,-0.544,-0.839,-293.600,-119.100,0.000,0.000,108.800,-94.600,0.000,0.000,108.800,-94.600,0.000,0.000,-42.618,134.957,-0.007,1.000,0.000,0.000,0,0
51.410,-741.968,-798.538,-1.000,-0.004,0,-794.368,-1148.979,358.279,0,1702.099,856.723,0,0,1211.483,175.292,1104.235,-566.677,-797.822,-0.544,-0.839,-566.677,-797.822,-0.544,-0.839,-293.600,-119.100,0.000,0.000,108.800,-94.600,0.000,0.000,108.800,-94.600,0.000,0.000,-42.667,142.146,-0.007,1.000,0.000,0.000,0,0
51.502,-741.968,-798.538,-1.000,-0.004,0,-794.634,-1149.430,358.247,0,1702.099,856.723,0,0,1211.785,175.291,1104.235,-566.678,-797.822,-0.544,-0.839,-566.678,-797.822,-0.544,-0.839,-293.600,-119.100,0.000,0.000,108.800,-94.600,0.000,0.000,108.800,-94.600,0.000,0.000,-42.716,149.334,-0.007,1.000,0.000,0.000,0,0
51.601,-741.968,-798.538,-1.000,-0.004,0,-794.894,-1149.870,358.239,0,1702.099,856.723,0,0,1212.085,175.291,1104.235,-566.678,-797.822,-0.544,-0.839,-566.678,-797.822,-0.544,-0.839,-293.600,-119.100,0.000,0.000,108.800,-94.600,0.000,0.000,108.800,-94.600,0.000,0.000,-42.765,156.523,-0.007,1.000,0.000,0.000,0,0
