PosX,PosZ,OrientacionX,OrientacionZ,TienePelota,PosPelotaX,PosPelotaZ,DistPelota,TienePelotaEquipo,DistPorteriaContraria,DistPorteriaPropia,PuntuacionPropia,PuntuacionContraria,DistPelotaPorteriaPropia,DistAliadoCercano,DistEnemigoCercano,Aliado1PosX,Aliado1PosZ,Aliado1DirX,Aliado1DirZ,Aliado2PosX,Aliado2PosZ,Aliado2DirX,Aliado2DirZ,Aliado3PosX,Aliado3PosZ,Aliado3DirX,Aliado3DirZ,Enemigo1PosX,Enemigo1PosZ,Enemigo1DirX,Enemigo1DirZ,Enemigo2PosX,Enemigo2PosZ,Enemigo2DirX,Enemigo2DirZ,Enemigo3PosX,Enemigo3PosZ,Enemigo3DirX,Enemigo3DirZ,InputX,InputZ,Disparo,Pase
39.000,287.000,0.897,0.443,0,59.000,80.600,207.473,0,657.619,622.354,0,0,589.171,124.004,101.316,-85.000,286.000,0.000,0.000,-85.000,286.000,0.000,0.000,-296.000,285.000,0.000,0.000,140.000,279.000,0.000,0.000,140.000,279.000,0.000,0.000,290.700,275.300,0.000,0.000,0.000,0.000,0,0
39.000,287.000,0.897,0.443,0,59.000,80.600,207.473,0,657.619,622.354,0,0,589.171,124.004,101.316,-85.000,286.000,0.331,-0.944,-85.000,286.000,0.331,-0.944,-296.000,285.000,0.000,0.000,140.000,279.000,0.000,0.000,140.000,279.000,0.000,0.000,290.700,275.300,-0.313,-0.950,0.000,0.000,0,0
39.000,287.000,0.897,0.443,0,59.000,80.600,207.473,0,657.619,622.354,0,0,589.171,123.547,101.316,-84.525,284.643,0.331,-0.944,-84.525,284.643,0.331,-0.944,-296.000,285.000,0.000,0.000,140.000,279.000,0.000,0.000,140.000,279.000,0.000,0.000,290.250,273.935,-0.313,-0.950,0.000,0.000,0,0
39.000,287.000,0.897,0.443,0,59.000,80.600,207.473,0,657.619,622.354,0,0,589.171,123.105,101.316,-84.049,283.286,0.331,-0.944,-84.049,283.286,0.331,-0.944,-296.000,285.000,0.000,0.000,140.000,279.000,0.000,0.000,140.000,279.000,0.000,0.000,289.799,272.569,-0.313,-0.950,0.000,0.000,0,0
39.000,287.000,0.897,0.443,0,59.000,80.600,207.473,0,657.619,622.354,0,0,589.171,122.678,101.316,-83.574,281.930,0.331,-0.944,-83.574,281.930,0.331,-0.944,-296.000,285.000,0.000,0.000,140.000,279.000,0.000,0.000,140.000,279.000,0.000,0.000,289.349,271.204,-0.313,-0.950,0.000,0.000,0,0
39.000,287.000,0.897,0.443,0,59.000,80.600,207.473,0,657.619,622.354,0,0,589.171,122.267,101.316,-83.098,280.573,0.331,-0.944,-83.098,280.573,0.331,-0.944,-296.000,285.000,0.000,0.000,140.000,279.000,0.000,0.000,140.000,279.000,0.000,0.000,288.898,269.839,-0.313,-0.950,0.000,0.000,0,0
39.000,287.000,0.897,0.443,0,59.000,80.600,207.473,0,657.619,622.354,0,0,589.171,122.267,101.316,-83.098,280.573,0.331,-0.944,-83.098,280.573,0.331,-0.944,-296.000,285.000,0.000,0.000,140.000,279.000,0.000,0.000,140.000,279.000,0.000,0.000,288.898,269.839,-0.313,-0.950,0.000,0.000,0,0
39.000,287.000,0.897,0.443,0,59.000,80.600,207.473,0,657.619,622.354,0,0,589.171,120.779,101.316,-81.196,275.145,0.331,-0.944,-81.196,275.145,0.331,-0.944,-296.000,285.000,0.000,0.000,140.000,279.000,0.000,0.000,140.000,279.000,0.000,0.000,287.097,264.377,-0.313,-0.950,0.000,0.000,0,0
39.000,287.000,0.897,0.443,0,59.000,80.600,207.473,0,657.619,622.354,0,0,589.171,119.550,101.316,-79.294,269.718,0.331,-0.944,-79.294,269.718,0.331,-0.944,-296.000,285.000,0.000,0.000,140.000,279.000,0.000,0.000,140.000,279.000,0.000,0.000,285.295,258.916,-0.313,-0.950,0.000,0.000,0,0
39.000,284.122,0.809,0.588,0,59.000,80.600,204.610,0,656.973,621.175,0,0,589.171,117.837,101.130,-76.917,262.934,0.331,-0.944,-76.917,262.934,0.331,-0.944,-296.000,285.000,0.000,0.000,140.000,279.000,0.000,0.000,140.000,279.000,0.000,0.000,283.043,252.089,-0.313,-0.950,0.000,-1.000,0,0
39.000,269.734,-0.359,0.934,0,59.000,80.600,190.304,0,653.921,615.450,0,0,589.171,114.349,101.424,-74.539,256.150,0.331,-0.944,-74.539,256.150,0.331,-0.944,-296.000,285.000,0.000,0.000,140.000,279.000,0.000,0.000,140.000,279.000,0.000,0.000,280.791,245.262,-0.313,-0.950,0.000,-1.000,0,0
39.000,255.345,-0.997,-0.078,0,59.000,80.600,176.011,0,651.172,610.010,0,0,589.171,111.323,103.733,-72.162,249.365,0.331,-0.944,-72.162,249.365,0.331,-0.944,-296.000,285.000,0.000,0.000,140.000,279.000,0.000,0.000,140.000,279.000,0.000,0.000,278.539,238.435,-0.313,-0.950,0.000,-1.000,0,0
39.000,240.956,-0.289,-0.957,0,59.000,80.600,161.735,0,648.731,604.864,0,0,589.171,108.796,107.927,-69.784,242.581,0.331,-0.944,-69.784,242.581,0.331,-0.944,44.000,-93.000,0.000,0.000,140.000,279.000,0.000,0.000,140.000,279.000,0.000,0.000,276.287,231.609,-0.313,-0.950,0.000,-1.000,0,0
39.000,226.568,-0.016,-1.000,0,59.000,80.600,147.481,0,646.602,600.019,0,0,589.171,106.806,113.799,-67.407,235.797,0.331,-0.944,-67.407,235.797,0.331,-0.944,44.000,-93.000,0.000,0.000,140.000,279.000,0.000,0.000,140.000,279.000,0.000,0.000,274.035,224.782,-0.313,-0.950,0.000,-1.000,0,0
39.000,212.179,-0.004,-1.000,0,59.000,80.600,133.255,0,644.786,595.482,0,0,589.171,105.383,121.104,-65.029,229.013,0.331,-0.944,-65.029,229.013,0.331,-0.944,44.000,-93.000,0.000,0.000,140.000,279.000,0.000,0.000,140.000,279.000,0.000,0.000,271.783,217.955,-0.313,-0.950,0.000,-1.000,0,0
39.000,197.790,-0.001,-1.000,0,59.000,80.600,119.069,0,643.288,591.261,0,0,589.171,104.548,129.600,-62.652,222.229,0.331,-0.944,-62.652,222.229,0.331,-0.944,44.000,-93.000,0.000,0.000,140.000,279.000,0.000,0.000,140.000,279.000,0.000,0.000,269.531,211.128,-0.313,-0.950,0.000,-1.000,0,0
39.000,183.402,0.000,-1.000,0,59.000,80.600,104.939,0,642.108,587.362,0,0,589.171,104.318,139.069,-60.274,215.445,0.331,-0.944,-60.274,215.445,0.331,-0.944,44.000,-93.000,0.000,0.000,140.000,279.000,0.000,0.000,140.000,279.000,0.000,0.000,267.279,204.302,-0.313,-0.950,0.000,-1.000,0,0
39.000,169.013,0.000,-1.000,0,59.000,80.600,90.889,0,641.249,583.791,0,0,589.171,104.695,149.326,-57.897,208.660,0.331,-0.944,-57.897,208.660,0.331,-0.944,44.000,-93.000,0.000,0.000,140.000,279.000,0.000,0.000,140.000,279.000,0.000,0.000,265.027,197.475,-0.313,-0.950,0.000,-1.000,0,0
39.000,154.624,0.000,-1.000,0,59.000,80.600,76.965,0,640.712,580.555,0,0,589.171,105.673,160.220,-55.520,201.876,0.331,-0.944,-55.520,201.876,0.331,-0.944,44.000,-93.000,0.000,0.000,140.000,279.000,0.000,0.000,140.000,279.000,0.000,0.000,262.775,190.648,-0.313,-0.950,0.000,-1.000,0,0
39.000,140.236,0.000,-1.000,0,59.000,80.600,63.249,0,640.498,577.660,0,0,589.171,107.235,171.629,-53.142,195.092,0.331,-0.944,-53.142,195.092,0.331,-0.944,44.000,-93.000,0.000,0.000,140.000,279.000,0.000,0.000,140.000,279.000,0.000,0.000,260.523,183.821,-0.313,-0.950,0.000,-1.000,0,0
41.035,126.690,0.104,-0.995,0,59.000,80.600,49.910,0,638.558,577.256,0,0,589.171,110.562,181.638,-50.765,188.308,0.331,-0.944,-50.765,188.308,0.331,-0.944,44.000,-93.000,0.000,0.000,140.000,279.000,0.000,0.000,140.000,279.000,0.000,0.000,258.271,176.994,-0.313,-0.950,1.000,-1.000,0,0
51.209,116.515,0.549,-0.836,0,59.000,80.600,37.344,0,628.652,585.714,0,0,589.171,118.935,185.162,-48.387,181.524,0.331,-0.944,-48.387,181.524,0.331,-0.944,44.000,-93.000,0.000,0.000,140.000,279.000,0.000,0.000,140.000,279.000,0.000,0.000,256.019,170.168,-0.313,-0.950,1.000,-1.000,0,0
61.384,106.341,0.666,-0.746,1,71.462,95.052,15.133,1,618.922,594.401,0,0,603.091,127.325,189.715,-46.010,174.739,0.331,-0.944,-46.010,174.739,0.331,-0.944,44.000,-93.000,0.000,0.000,140.000,279.000,0.000,0.000,140.000,279.000,0.000,0.000,233.507,6.360,-0.496,0.868,1.000,-1.000,0,0
71.558,96.167,0.696,-0.718,1,82.096,85.305,15.133,1,609.377,603.305,0,0,612.719,135.729,179.076,-43.632,167.955,0.331,-0.944,-43.632,167.955,0.331,-0.944,44.000,-93.000,0.000,0.000,229.940,12.602,-0.496,0.868,229.940,12.602,-0.496,0.868,251.514,156.514,-0.313,-0.950,1.000,-1.000,0,0
81.732,85.992,0.704,-0.710,1,92.385,75.244,15.133,1,600.025,612.419,0,0,622.167,144.145,159.468,-41.255,161.171,0.331,-0.944,-41.255,161.171,0.331,-0.944,44.000,-93.000,0.000,0.000,226.374,18.843,-0.496,0.868,226.374,18.843,-0.496,0.868,249.262,149.687,-0.313,-0.950,1.000,-1.000,0,0
85.802,73.289,0.389,-0.921,1,91.688,59.348,15.133,1,597.212,615.465,0,0,620.540,148.734,145.238,-38.878,154.387,0.331,-0.944,-38.878,154.387,0.331,-0.944,44.000,-93.000,0.000,0.000,222.807,25.085,-0.496,0.868,222.807,25.085,-0.496,0.868,108.800,-94.600,0.000,0.000,0.000,-1.000,0,0
85.802,58.901,0.114,-0.993,1,87.525,43.866,15.133,1,598.940,614.642,0,0,615.863,151.082,136.258,-36.500,147.603,0.331,-0.944,-36.500,147.603,0.331,-0.944,44.000,-93.000,0.000,0.000,219.241,31.326,-0.496,0.868,219.241,31.326,-0.496,0.868,108.800,-94.600,0.000,0.000,0.000,-1.000,0,0
85.802,44.512,0.031,-1.000,1,86.273,29.386,15.133,1,601.007,614.155,0,0,614.476,143.725,130.058,44.000,-93.000,0.000,0.000,44.000,-93.000,0.000,0.000,-34.123,140.818,0.331,-0.944,215.674,37.568,-0.496,0.868,215.674,37.568,-0.496,0.868,108.800,-94.600,0.000,0.000,1.000,-1.000,0,0
95.976,34.338,0.534,-0.845,1,104.058,21.543,15.133,1,592.655,624.184,0,0,632.323,137.537,116.517,44.000,-93.000,0.000,0.000,44.000,-93.000,0.000,0.000,-31.745,134.034,0.331,-0.944,212.107,43.809,-0.496,0.868,212.107,43.809,-0.496,0.868,108.800,-94.600,0.000,0.000,1.000,-1.000,0,0
106.151,24.163,0.662,-0.749,1,116.170,12.822,15.133,1,584.538,634.382,0,0,644.616,132.627,105.612,44.000,-93.000,0.000,0.000,44.000,-93.000,0.000,0.000,-29.368,127.250,0.331,-0.944,208.541,50.051,-0.496,0.868,208.541,50.051,-0.496,0.868,108.800,-94.600,0.000,0.000,1.000,-1.000,0,0
116.325,13.989,0.695,-0.719,1,126.844,3.109,15.133,1,576.665,644.739,0,0,655.622,129.142,98.226,44.000,-93.000,0.000,0.000,44.000,-93.000,0.000,0.000,-26.990,120.466,0.331,-0.944,204.974,56.292,-0.496,0.868,204.974,56.292,-0.496,0.868,108.800,-94.600,0.000,0.000,1.000,-1.000,0,0
129.871,11.954,0.961,-0.276,1,144.415,7.774,15.133,1,563.900,658.332,0,0,672.997,135.607,87.612,44.000,-93.000,0.000,0.000,44.000,-93.000,0.000,0.000,-24.613,113.682,0.331,-0.944,201.408,62.534,-0.496,0.868,201.408,62.534,-0.496,0.868,108.800,-94.600,0.000,0.000,1.000,0.000,0,0
144.259,11.954,0.997,-0.080,1,159.344,10.737,15.133,1,549.890,672.711,0,0,687.820,145.146,78.100,44.000,-93.000,0.000,0.000,44.000,-93.000,0.000,0.000,-22.236,106.898,0.331,-0.944,197.841,68.775,-0.496,0.868,197.841,68.775,-0.496,0.868,108.800,-94.600,0.000,0.000,1.000,0.000,0,0
158.648,11.954,1.000,-0.023,1,173.777,11.604,15.133,1,535.900,687.090,0,0,702.219,155.434,72.430,44.000,-93.000,0.000,0.000,44.000,-93.000,0.000,0.000,-19.858,100.113,0.331,-0.944,194.274,75.017,-0.496,0.868,194.274,75.017,-0.496,0.868,220.958,92.821,-0.502,-0.865,1.000,0.000,0,0
173.037,11.954,1.000,-0.007,1,188.170,11.855,15.133,1,521.932,701.469,0,0,716.596,166.331,71.521,44.000,-93.000,0.000,0.000,44.000,-93.000,0.000,0.000,-17.481,93.329,0.331,-0.944,190.708,81.258,-0.496,0.868,190.708,81.258,-0.496,0.868,217.708,86.416,-0.368,-0.930,1.000,0.000,0,0
187.425,11.954,1.000,-0.002,1,202.559,11.926,15.133,1,507.987,715.849,0,0,730.975,177.725,73.231,44.000,-93.000,0.000,0.000,44.000,-93.000,0.000,0.000,-15.103,86.545,0.331,-0.944,215.550,79.569,-0.189,-0.982,215.550,79.569,-0.189,-0.982,187.141,87.499,-0.496,0.868,1.000,0.000,0,0
201.814,11.954,1.000,-0.001,1,216.947,11.946,15.133,1,494.068,730.230,0,0,745.355,189.528,61.860,44.000,-93.000,0.000,0.000,44.000,-93.000,0.000,0.000,-12.726,79.761,0.331,-0.944,214.816,72.433,0.035,-0.999,214.816,72.433,0.035,-0.999,183.574,93.741,-0.496,0.868,1.000,0.000,0,0
216.203,11.954,1.000,0.000,1,231.336,11.952,15.133,1,480.176,744.610,0,0,759.736,201.666,53.373,44.000,-93.000,0.000,0.000,44.000,-93.000,0.000,0.000,-10.348,72.977,0.331,-0.944,215.772,65.325,0.280,-0.960,215.772,65.325,0.280,-0.960,180.008,99.982,-0.496,0.868,1.000,0.000,0,0
230.591,11.954,1.000,0.000,1,245.725,11.954,15.133,1,466.315,758.991,0,0,774.117,214.084,48.271,44.000,-93.000,0.000,0.000,44.000,-93.000,0.000,0.000,-7.971,66.192,0.331,-0.944,218.453,58.674,0.504,-0.864,218.453,58.674,0.504,-0.864,176.441,106.224,-0.496,0.868,1.000,0.000,0,0
241.609,20.094,0.901,0.434,1,255.245,26.657,15.133,1,453.542,769.846,0,0,783.414,227.683,37.898,44.000,-93.000,0.000,0.000,44.000,-93.000,0.000,0.000,-5.594,59.408,0.331,-0.944,222.805,52.998,0.776,-0.630,222.805,52.998,0.776,-0.630,172.874,112.465,-0.496,0.868,1.000,1.000,0,0
251.783,30.268,0.770,0.638,0,240.864,40.062,14.668,2,441.139,779.942,0,0,769.080,241.596,29.788,44.000,-93.000,0.000,0.000,44.000,-93.000,0.000,0.000,-3.216,52.624,0.331,-0.944,229.018,49.480,-0.351,-0.936,229.018,49.480,-0.351,-0.936,169.308,118.707,-0.496,0.868,1.000,1.000,0,0
262.800,38.407,0.828,0.561,0,238.338,33.332,24.983,2,428.507,790.993,0,0,766.504,255.228,36.567,44.000,-93.000,0.000,0.000,44.000,-93.000,0.000,0.000,-0.839,45.840,0.331,-0.944,226.492,42.750,-0.351,-0.936,226.492,42.750,-0.351,-0.936,165.741,124.948,-0.496,0.868,1.000,0.000,0,0
277.189,38.407,0.986,0.165,0,235.812,26.602,43.028,2,414.536,805.378,0,0,763.986,267.666,53.277,44.000,-93.000,0.000,0.000,44.000,-93.000,0.000,0.000,1.539,39.056,0.331,-0.944,223.966,36.019,-0.351,-0.936,223.966,36.019,-0.351,-0.936,162.174,131.189,-0.496,0.868,1.000,0.000,0,0
291.578,38.407,0.999,0.049,0,233.286,19.872,61.168,2,400.594,819.763,0,0,761.529,280.290,70.728,44.000,-93.000,0.000,0.000,44.000,-93.000,0.000,0.000,3.916,32.272,0.331,-0.944,221.440,29.289,-0.351,-0.936,221.440,29.289,-0.351,-0.936,158.608,137.431,-0.496,0.868,1.000,0.000,0,0
305.967,38.407,1.000,0.013,0,230.760,13.141,79.337,2,386.684,834.149,0,0,759.131,293.077,88.484,44.000,-93.000,0.000,0.000,44.000,-93.000,0.000,0.000,6.294,25.487,0.331,-0.944,218.914,22.559,-0.351,-0.936,218.914,22.559,-0.351,-0.936,155.041,143.672,-0.496,0.868,1.000,0.000,0,0
311.722,38.407,0.948,0.319,0,228.234,6.411,89.409,2,381.130,839.903,0,0,756.794,298.233,97.972,44.000,-93.000,0.000,0.000,44.000,-93.000,0.000,0.000,8.671,18.703,0.331,-0.944,216.388,15.829,-0.351,-0.936,216.388,15.829,-0.351,-0.936,424.800,-106.500,0.000,0.000,-1.000,0.000,0,0
298.176,36.372,0.007,1.000,0,225.708,-0.319,81.228,2,394.729,826.344,0,0,754.518,285.207,88.616,44.000,-93.000,0.000,0.000,44.000,-93.000,0.000,0.000,11.048,11.919,0.331,-0.944,213.862,9.098,-0.351,-0.936,213.862,9.098,-0.351,-0.936,424.800,-106.500,0.000,0.000,-1.000,-1.000,0,0
288.002,26.198,-0.940,0.341,0,223.182,-7.049,72.849,2,407.234,816.167,0,0,752.304,271.560,80.284,44.000,-93.000,0.000,0.000,44.000,-93.000,0.000,0.000,13.426,5.135,0.331,-0.944,211.336,2.368,-0.351,-0.936,211.336,2.368,-0.351,-0.936,424.800,-106.500,0.000,0.000,-1.000,-1.000,0,0
277.827,16.024,-0.778,-0.628,0,220.655,-13.779,64.474,2,419.859,806.118,0,0,750.153,257.995,71.966,44.000,-93.000,0.000,0.000,44.000,-93.000,0.000,0.000,15.803,-1.649,0.331,-0.944,208.809,-4.362,-0.351,-0.936,208.809,-4.362,-0.351,-0.936,148.623,153.295,0.396,-0.918,-1.000,-1.000,0,0
267.653,5.849,-0.727,-0.687,0,218.129,-20.510,56.102,2,432.595,796.203,0,0,748.064,244.524,63.665,44.000,-93.000,0.000,0.000,44.000,-93.000,0.000,0.000,18.181,-8.433,0.331,-0.944,206.283,-11.092,-0.351,-0.936,206.283,-11.092,-0.351,-0.936,151.396,146.663,0.371,-0.929,-1.000,-1.000,0,0
257.479,-4.325,-0.713,-0.701,0,215.603,-27.240,47.735,2,445.431,786.426,0,0,746.039,231.163,55.391,44.000,-93.000,0.000,0.000,44.000,-93.000,0.000,0.000,20.558,-15.217,0.331,-0.944,203.757,-17.823,-0.351,-0.936,203.757,-17.823,-0.351,-0.936,108.800,-94.600,0.000,0.000,-1.000,-1.000,0,0
247.304,-14.499,-0.709,-0.705,0,213.077,-33.970,39.378,2,458.360,776.792,0,0,744.078,217.933,47.157,44.000,-93.000,0.000,0.000,44.000,-93.000,0.000,0.000,22.936,-22.002,0.331,-0.944,201.231,-24.553,-0.351,-0.936,201.231,-24.553,-0.351,-0.936,108.800,-94.600,0.000,0.000,-1.000,-1.000,0,0
237.130,-24.674,-0.708,-0.707,1,226.422,-35.367,15.133,1,471.373,767.307,0,0,757.490,204.860,38.989,44.000,-93.000,0.000,0.000,44.000,-93.000,0.000,0.000,25.313,-28.786,0.331,-0.944,198.705,-31.283,-0.351,-0.936,198.705,-31.283,-0.351,-0.936,108.800,-94.600,0.000,0.000,-1.000,-1.000,0,0
235.095,-38.219,-0.324,-0.946,1,230.196,-52.538,15.133,1,478.105,766.381,0,0,762.936,198.792,38.917,44.000,-93.000,0.000,0.000,44.000,-93.000,0.000,0.000,27.690,-35.570,0.331,-0.944,196.179,-38.013,-0.351,-0.936,196.179,-38.013,-0.351,-0.936,108.800,-94.600,0.000,0.000,0.000,-1.000,0,0
235.095,-52.608,-0.089,-0.996,1,233.743,-67.681,15.133,1,483.590,767.812,0,0,768.257,195.317,42.182,44.000,-93.000,0.000,0.000,44.000,-93.000,0.000,0.000,30.068,-42.354,0.331,-0.944,193.653,-44.743,-0.351,-0.936,193.653,-44.743,-0.351,-0.936,108.800,-94.600,0.000,0.000,0.000,-1.000,0,0
239.165,-65.311,0.286,-0.958,1,243.497,-79.811,15.133,1,485.038,773.335,0,0,779.559,197.119,49.991,44.000,-93.000,0.000,0.000,44.000,-93.000,0.000,0.000,32.445,-49.138,0.331,-0.944,191.127,-51.474,-0.351,-0.936,191.127,-51.474,-0.351,-0.936,108.800,-94.600,0.000,0.000,1.000,-1.000,0,0
251.868,-69.381,0.868,-0.497,1,264.998,-76.905,15.133,1,475.302,786.446,0,0,800.447,209.205,64.247,44.000,-93.000,0.000,0.000,44.000,-93.000,0.000,0.000,34.823,-55.922,0.331,-0.944,188.601,-58.204,-0.351,-0.936,188.601,-58.204,-0.351,-0.936,108.800,-94.600,0.000,0.000,1.000,0.000,0,0
264.571,-65.311,0.997,0.075,1,279.662,-64.179,15.133,1,462.107,798.544,0,0,813.391,222.302,78.497,44.000,-93.000,0.000,0.000,44.000,-93.000,0.000,0.000,37.200,-62.707,0.331,-0.944,186.075,-64.934,-0.351,-0.936,186.075,-64.934,-0.351,-0.936,108.800,-94.600,0.000,0.000,1.000,1.000,0,0
272.710,-54.294,0.733,0.680,1,283.803,-43.999,15.133,1,450.002,805.384,0,0,815.403,231.962,90.838,44.000,-93.000,0.000,0.000,44.000,-93.000,0.000,0.000,39.577,-69.491,0.331,-0.944,183.549,-71.664,-0.351,-0.936,183.549,-71.664,-0.351,-0.936,424.800,-106.500,0.000,0.000,0.000,1.000,0,0
272.710,-39.905,0.221,0.975,1,276.058,-25.147,15.133,1,444.047,803.989,0,0,806.162,233.604,99.439,41.955,-76.275,0.331,-0.944,41.955,-76.275,0.331,-0.944,44.000,-93.000,0.000,0.000,181.023,-78.394,-0.351,-0.936,181.023,-78.394,-0.351,-0.936,182.127,82.278,0.658,-0.753,-1.000,1.000,0,0
262.536,-29.731,-0.476,0.880,1,255.337,-16.420,15.133,1,449.489,793.014,0,0,784.923,224.626,100.653,44.332,-83.059,0.331,-0.944,44.332,-83.059,0.331,-0.944,44.000,-93.000,0.000,0.000,178.497,-85.125,-0.351,-0.936,178.497,-85.125,-0.351,-0.936,186.672,76.710,0.593,-0.805,-1.000,1.000,0,0
262.536,-18.714,-0.030,1.000,1,262.074,-3.587,15.133,1,445.498,792.248,0,0,790.983,227.245,113.328,46.710,-89.843,0.331,-0.944,46.710,-89.843,0.331,-0.944,44.661,52.484,0.383,0.924,175.971,-91.855,-0.351,-0.936,175.971,-91.855,-0.351,-0.936,190.999,70.975,0.690,-0.724,1.000,1.000,0,0
272.710,-8.539,0.537,0.844,1,280.834,4.229,15.133,1,432.444,801.836,0,0,809.426,235.239,106.842,47.413,59.125,0.383,0.924,47.413,59.125,0.383,0.924,49.087,-96.627,0.331,-0.944,196.350,66.189,0.806,-0.591,196.350,66.189,0.806,-0.591,173.445,-98.585,-0.351,-0.936,1.000,1.000,0,0
282.885,1.635,0.660,0.752,1,292.867,13.009,15.133,1,419.477,811.565,0,0,821.213,241.395,100.792,50.164,65.767,0.383,0.924,50.164,65.767,0.383,0.924,51.464,-103.411,0.331,-0.944,202.364,62.261,0.878,-0.478,202.364,62.261,0.878,-0.478,170.919,-105.315,-0.351,-0.936,1.000,1.000,0,0
291.024,12.652,0.525,0.851,1,298.969,25.532,15.133,1,408.281,819.379,0,0,827.136,245.492,94.427,52.916,72.408,0.383,0.924,52.916,72.408,0.383,0.924,53.842,-110.195,0.331,-0.944,208.846,59.163,0.937,-0.350,208.846,59.163,0.937,-0.350,168.393,-112.045,-0.351,-0.936,0.000,1.000,0,0
291.024,27.041,0.164,0.986,1,293.512,41.968,15.133,1,404.099,819.185,0,0,821.738,241.035,81.077,55.667,79.049,0.383,0.924,55.667,79.049,0.383,0.924,44.000,-93.000,0.000,0.000,215.722,57.091,0.982,-0.191,215.722,57.091,0.982,-0.191,424.800,-106.500,0.000,0.000,0.000,1.000,0,0
291.024,41.430,0.044,0.999,1,291.691,56.548,15.133,1,400.390,819.243,0,0,820.244,236.780,69.767,58.418,85.690,0.383,0.924,58.418,85.690,0.383,0.924,44.000,-93.000,0.000,0.000,222.851,56.259,1.000,0.004,222.851,56.259,1.000,0.004,424.800,-106.500,0.000,0.000,0.000,1.000,0,0
291.024,55.818,0.013,1.000,1,291.225,70.950,15.133,1,397.169,819.554,0,0,820.354,232.737,61.038,61.170,92.332,0.383,0.924,61.170,92.332,0.383,0.924,44.000,-93.000,0.000,0.000,229.996,56.914,0.975,0.223,229.996,56.914,0.975,0.223,424.800,-106.500,0.000,0.000,0.000,1.000,0,0
299.164,66.836,0.441,0.897,1,305.839,80.417,15.133,1,387.042,828.094,0,0,835.456,237.428,62.759,63.921,98.973,0.383,0.924,63.921,98.973,0.383,0.924,44.000,-93.000,0.000,0.000,236.914,58.859,0.954,0.299,236.914,58.859,0.954,0.299,424.800,-106.500,0.000,0.000,1.000,1.000,0,0
312.710,68.870,0.907,0.422,1,326.431,75.252,15.133,1,373.365,841.714,0,0,855.727,248.766,69.342,66.672,105.614,0.383,0.924,66.672,105.614,0.383,0.924,44.000,-93.000,0.000,0.000,243.846,60.738,0.985,0.173,243.846,60.738,0.985,0.173,424.800,-106.500,0.000,0.000,1.000,0.000,0,0
327.098,68.870,0.993,0.117,1,342.127,70.647,15.133,1,359.248,856.086,0,0,871.177,261.301,76.467,69.424,112.256,0.383,0.924,69.424,112.256,0.383,0.924,44.000,-93.000,0.000,0.000,250.967,61.710,0.995,0.098,250.967,61.710,0.995,0.098,424.800,-106.500,0.000,0.000,1.000,0.000,0,0
341.487,68.870,0.999,0.035,1,356.611,69.394,15.133,1,345.153,870.458,0,0,885.588,273.919,83.615,72.175,118.897,0.383,0.924,72.175,118.897,0.383,0.924,44.000,-93.000,0.000,0.000,258.129,62.324,0.997,0.072,258.129,62.324,0.997,0.072,424.800,-106.500,0.000,0.000,1.000,0.000,0,0
355.876,68.870,1.000,0.009,0,373.191,69.228,17.319,0,331.083,884.831,0,0,902.143,286.607,90.777,74.927,125.539,0.383,0.924,74.927,125.539,0.383,0.924,44.000,-93.000,0.000,0.000,265.302,62.797,0.998,0.060,265.302,62.797,0.998,0.060,424.800,-106.500,0.000,0.000,1.000,0.000,1,0
370.265,68.870,1.000,0.003,0,392.694,69.531,22.439,0,317.042,899.205,0,0,921.637,299.358,97.949,77.678,132.180,0.383,0.924,77.678,132.180,0.383,0.924,44.000,-93.000,0.000,0.000,272.479,63.204,0.999,0.053,272.479,63.204,0.999,0.053,424.800,-106.500,0.000,0.000,1.000,0.000,0,0
376.020,68.870,1.000,0.002,0,411.714,69.826,35.708,0,311.435,904.954,0,0,940.647,303.755,96.507,80.429,138.821,0.383,0.924,80.429,138.821,0.383,0.924,44.000,-93.000,0.000,0.000,279.659,63.566,0.999,0.047,279.659,63.566,0.999,0.047,424.800,-106.500,0.000,0.000,0.000,0.000,0,0
376.020,68.870,1.000,0.002,0,430.264,70.114,54.261,0,311.435,904.954,0,0,959.186,302.690,89.319,83.181,145.462,0.383,0.924,83.181,145.462,0.383,0.924,44.000,-93.000,0.000,0.000,286.840,63.894,0.999,0.043,286.840,63.894,0.999,0.043,424.800,-106.500,0.000,0.000,0.000,0.000,0,0
376.020,68.870,1.000,0.002,0,448.354,70.395,72.357,0,311.435,904.954,0,0,977.265,301.793,82.131,85.932,152.104,0.383,0.924,85.932,152.104,0.383,0.924,44.000,-93.000,0.000,0.000,294.022,64.196,0.999,0.040,294.022,64.196,0.999,0.040,424.800,-106.500,0.000,0.000,0.000,0.000,0,0
376.020,68.870,1.000,0.002,0,465.997,70.669,90.006,0,311.435,904.954,0,0,994.896,301.064,74.943,88.684,158.745,0.383,0.924,88.684,158.745,0.383,0.924,44.000,-93.000,0.000,0.000,301.206,64.477,0.999,0.038,301.206,64.477,0.999,0.038,424.800,-106.500,0.000,0.000,0.000,0.000,0,0
376.020,68.870,1.000,0.002,0,483.203,70.936,107.221,0,311.435,904.954,0,0,1012.089,300.506,67.756,91.435,165.386,0.383,0.924,91.435,165.386,0.383,0.924,44.000,-93.000,0.000,0.000,308.390,64.741,0.999,0.035,308.390,64.741,0.999,0.035,424.800,-106.500,0.000,0.000,0.000,0.000,0,0
376.020,68.870,1.000,0.002,0,499.983,71.196,124.012,0,311.435,904.954,0,0,1028.857,300.119,60.571,94.186,172.028,0.383,0.924,94.186,172.028,0.383,0.924,44.000,-93.000,0.000,0.000,315.574,64.990,0.999,0.034,315.574,64.990,0.999,0.034,424.800,-106.500,0.000,0.000,0.000,0.000,0,0
376.020,68.870,1.000,0.002,0,516.348,71.450,140.391,0,311.435,904.954,0,0,1045.209,299.904,53.386,96.938,178.669,0.383,0.924,96.938,178.669,0.383,0.924,44.000,-93.000,0.000,0.000,322.759,65.227,0.999,0.032,322.759,65.227,0.999,0.032,424.800,-106.500,0.000,0.000,0.000,0.000,0,0
376.020,68.870,1.000,0.002,0,532.308,71.698,156.367,0,311.435,904.954,0,0,1061.157,299.862,46.203,99.689,185.310,0.383,0.924,99.689,185.310,0.383,0.924,100.153,-174.107,0.536,0.844,329.944,65.454,1.000,0.031,329.944,65.454,1.000,0.031,424.800,-106.500,0.000,0.000,0.000,0.000,0,0
376.020,68.870,1.000,0.002,0,547.873,71.939,171.951,0,311.435,904.954,0,0,1076.709,299.991,39.022,102.441,191.952,0.383,0.924,102.441,191.952,0.383,0.924,104.004,-168.037,0.536,0.844,337.129,65.673,1.000,0.030,337.129,65.673,1.000,0.030,424.800,-106.500,0.000,0.000,0.000,0.000,0,0
376.020,68.870,1.000,0.002,0,563.052,72.175,187.154,0,311.435,904.954,0,0,1091.877,300.293,31.846,105.192,198.593,0.383,0.924,105.192,198.593,0.383,0.924,107.855,-161.967,0.536,0.844,344.315,65.883,1.000,0.029,344.315,65.883,1.000,0.029,424.800,-106.500,0.000,0.000,0.000,0.000,0,0
376.020,68.870,1.000,0.002,0,577.701,72.402,201.821,0,311.435,904.954,0,0,1106.517,300.766,24.677,107.943,205.234,0.383,0.924,107.943,205.234,0.383,0.924,111.707,-155.897,0.536,0.844,351.501,66.088,1.000,0.028,351.501,66.088,1.000,0.028,424.800,-106.500,0.000,0.000,0.000,0.000,0,0
376.020,68.870,1.000,0.002,0,591.479,72.616,215.594,0,311.435,904.954,0,0,1120.293,301.410,17.525,110.695,211.876,0.383,0.924,110.695,211.876,0.383,0.924,115.558,-149.827,0.536,0.844,358.687,66.286,1.000,0.027,358.687,66.286,1.000,0.027,424.800,-106.500,0.000,0.000,0.000,0.000,0,0
376.020,68.870,1.000,0.002,0,604.866,72.824,228.976,0,311.435,904.954,0,0,1133.678,302.224,10.425,113.446,218.517,0.383,0.924,113.446,218.517,0.383,0.924,119.410,-143.757,0.536,0.844,365.873,66.480,1.000,0.027,365.873,66.480,1.000,0.027,424.800,-106.500,0.000,0.000,0.000,0.000,0,0
376.020,68.870,1.000,0.002,0,617.864,73.025,241.970,0,311.435,904.954,0,0,1146.674,303.206,3.690,116.197,225.158,0.383,0.924,116.197,225.158,0.383,0.924,123.261,-137.687,0.536,0.844,373.059,66.669,1.000,0.026,373.059,66.669,1.000,0.026,424.800,-106.500,0.000,0.000,0.000,0.000,0,0
376.020,68.870,1.000,0.002,0,630.482,73.221,254.585,0,311.435,904.954,0,0,1159.290,304.354,4.682,118.949,231.799,0.383,0.924,118.949,231.799,0.383,0.924,127.112,-131.617,0.536,0.844,380.245,66.854,1.000,0.025,380.245,66.854,1.000,0.025,424.800,-106.500,0.000,0.000,0.000,0.000,0,0
376.020,68.870,1.000,0.002,0,642.729,73.411,266.831,0,311.435,904.954,0,0,1171.536,305.668,11.558,121.700,238.441,0.383,0.924,121.700,238.441,0.383,0.924,130.964,-125.547,0.536,0.844,387.432,67.035,1.000,0.025,387.432,67.035,1.000,0.025,424.800,-106.500,0.000,0.000,0.000,0.000,0,0
39.000,287.000,0.897,0.443,0,654.616,73.596,651.586,0,657.611,622.345,0,0,1183.422,124.004,101.316,-85.000,286.000,0.000,0.000,-85.000,286.000,0.000,0.000,-296.000,285.000,0.000,0.000,140.000,279.000,0.000,0.000,140.000,279.000,0.000,0.000,290.700,275.300,0.000,0.000,0.000,0.000,0,0
39.000,287.000,0.897,0.443,0,666.150,73.775,662.440,0,657.619,622.354,0,0,1194.954,124.004,101.316,-85.000,286.000,0.000,0.000,-85.000,286.000,0.000,0.000,-296.000,285.000,0.000,0.000,140.000,279.000,0.000,0.000,140.000,279.000,0.000,0.000,290.700,275.300,0.000,0.000,0.000,0.000,0,0
39.000,287.000,0.897,0.443,0,670.067,73.922,666.098,0,657.619,622.354,0,0,1198.878,124.004,101.316,-85.000,286.000,0.000,0.000,-85.000,286.000,0.000,0.000,-296.000,285.000,0.000,0.000,140.000,279.000,0.000,0.000,140.000,279.000,0.000,0.000,290.700,275.300,0.000,0.000,0.000,0.000,0,0
39.000,287.000,0.897,0.443,0,669.806,74.046,665.805,0,657.619,622.354,0,0,1198.627,124.004,101.316,-85.000,286.000,0.000,0.000,-85.000,286.000,0.000,0.000,-296.000,285.000,0.000,0.000,140.000,279.000,0.000,0.000,140.000,279.000,0.000,0.000,290.700,275.300,0.000,0.000,0.000,0.000,0,0
39.000,287.000,0.897,0.443,0,669.806,74.169,665.762,0,657.619,622.354,0,0,1198.635,124.004,101.316,-85.000,286.000,0.000,0.000,-85.000,286.000,0.000,0.000,-296.000,285.000,0.000,0.000,140.000,279.000,0.000,0.000,140.000,279.000,0.000,0.000,290.700,275.300,0.000,0.000,0.000,0.000,0,0
39.000,287.000,0.897,0.443,0,669.806,74.288,665.721,0,657.619,622.354,0,0,1198.643,124.004,101.316,-85.000,286.000,0.000,0.000,-85.000,286.000,0.000,0.000,-296.000,285.000,0.000,0.000,140.000,279.000,0.000,0.000,140.000,279.000,0.000,0.000,290.700,275.300,0.000,0.000,0.000,0.000,0,0
39.000,287.000,0.897,0.443,0,669.806,74.405,665.682,0,657.619,622.354,0,0,1198.650,124.004,101.316,-85.000,286.000,0.000,0.000,-85.000,286.000,0.000,0.000,-296.000,285.000,0.000,0.000,140.000,279.000,0.000,0.000,140.000,279.000,0.000,0.000,290.700,275.300,0.000,0.000,0.000,0.000,0,0
39.000,287.000,0.897,0.443,0,669.806,74.518,665.644,0,657.619,622.354,0,0,1198.656,124.004,101.316,-85.000,286.000,0.000,0.000,-85.000,286.000,0.000,0.000,-296.000,285.000,0.000,0.000,140.000,279.000,0.000,0.000,140.000,279.000,0.000,0.000,290.700,275.300,0.000,0.000,0.000,0.000,0,0
39.000,287.000,0.897,0.443,0,669.806,74.629,665.608,0,657.619,622.354,0,0,1198.661,124.004,101.316,-85.000,286.000,0.000,0.000,-85.000,286.000,0.000,0.000,-296.000,285.000,0.000,0.000,140.000,279.000,0.000,0.000,140.000,279.000,0.000,0.000,290.700,275.300,0.000,0.000,0.000,0.000,0,0
39.000,287.000,0.897,0.443,0,669.806,74.737,665.574,0,657.619,622.354,0,0,1198.665,124.004,101.316,-85.000,286.000,0.000,0.000,-85.000,286.000,0.000,0.000,-296.000,285.000,0.000,0.000,140.000,279.000,0.000,0.000,140.000,279.000,0.000,0.000,290.700,275.300,0.000,0.000,0.000,0.000,0,0
39.000,275.489,0.840,-0.542,0,59.000,80.600,196.016,0,655.105,617.706,0,0,589.175,124.445,101.061,-85.000,286.000,0.000,0.000,-85.000,286.000,0.000,0.000,-296.000,285.000,0.000,0.000,140.000,279.000,0.000,0.000,140.000,279.000,0.000,0.000,290.700,275.300,0.000,0.000,0.000,-1.000,0,0
39.000,261.100,0.150,-0.989,0,59.000,80.600,181.720,0,652.235,612.151,0,0,589.173,126.475,102.574,-85.000,286.000,0.000,0.000,-85.000,286.000,0.000,0.000,-296.000,285.000,0.000,0.000,140.000,279.000,0.000,0.000,140.000,279.000,0.000,0.000,290.700,275.300,0.000,0.000,0.000,-1.000,0,0
39.000,246.712,0.043,-0.999,0,59.000,80.600,167.443,0,649.671,606.887,0,0,589.170,130.075,106.036,-85.000,286.000,0.000,0.000,-85.000,286.000,0.000,0.000,-296.000,285.000,0.000,0.000,140.000,279.000,0.000,0.000,140.000,279.000,0.000,0.000,290.700,275.300,0.000,0.000,0.000,-1.000,0,0
39.000,232.323,0.013,-1.000,0,59.000,80.600,153.179,0,647.416,601.920,0,0,589.171,135.119,111.264,-85.000,286.000,0.000,0.000,-85.000,286.000,0.000,0.000,44.000,-93.000,0.000,0.000,140.000,279.000,0.000,0.000,140.000,279.000,0.000,0.000,290.700,275.300,0.000,0.000,0.000,-1.000,0,0
39.000,217.934,0.003,-1.000,0,59.000,80.600,138.941,0,645.475,597.259,0,0,589.171,141.453,118.026,-85.000,286.000,0.000,0.000,-85.000,286.000,0.000,0.000,44.000,-93.000,0.000,0.000,140.000,279.000,0.000,0.000,140.000,279.000,0.000,0.000,290.700,275.300,0.000,0.000,0.000,-1.000,0,0
39.000,203.546,0.001,-1.000,0,59.000,80.600,124.738,0,643.849,592.911,0,0,589.171,148.912,126.073,-85.000,286.000,0.000,0.000,-85.000,286.000,0.000,0.000,44.000,-93.000,0.000,0.000,140.000,279.000,0.000,0.000,140.000,279.000,0.000,0.000,290.700,275.300,0.000,0.000,0.000,-1.000,0,0
39.000,189.157,0.000,-1.000,0,59.000,80.600,110.583,0,642.541,588.882,0,0,589.171,157.336,135.177,-85.000,286.000,0.000,0.000,-85.000,286.000,0.000,0.000,44.000,-93.000,0.000,0.000,140.000,279.000,0.000,0.000,140.000,279.000,0.000,0.000,290.700,275.300,0.000,0.000,0.000,-1.000,0,0
39.000,174.768,0.000,-1.000,0,59.000,80.600,96.497,0,641.554,585.179,0,0,589.171,166.579,145.139,-85.000,286.000,0.000,0.000,-85.000,286.000,0.000,0.000,44.000,-93.000,0.000,0.000,140.000,279.000,0.000,0.000,140.000,279.000,0.000,0.000,290.700,275.300,0.000,0.000,0.000,-1.000,0,0
39.000,160.380,0.000,-1.000,0,59.000,80.600,82.515,0,640.888,581.809,0,0,589.171,176.512,155.794,-85.000,286.000,0.000,0.000,-85.000,286.000,0.000,0.000,44.000,-93.000,0.000,0.000,140.000,279.000,0.000,0.000,140.000,279.000,0.000,0.000,108.800,-94.600,0.000,0.000,0.000,-1.000,0,0
39.000,145.991,0.000,-1.000,0,59.000,80.600,68.702,0,640.545,578.777,0,0,589.171,187.026,167.010,-85.000,286.000,0.000,0.000,-85.000,286.000,0.000,0.000,44.000,-93.000,0.000,0.000,140.000,279.000,0.000,0.000,140.000,279.000,0.000,0.000,108.800,-94.600,0.000,0.000,0.000,-1.000,0,0
39.000,131.602,0.000,-1.000,0,59.000,80.600,55.184,0,640.525,576.088,0,0,589.171,198.027,178.682,-85.000,286.000,0.000,0.000,-85.000,286.000,0.000,0.000,44.000,-93.000,0.000,0.000,140.000,279.000,0.000,0.000,140.000,279.000,0.000,0.000,108.800,-94.600,0.000,0.000,0.000,-1.000,0,0
39.000,117.214,0.000,-1.000,0,59.000,80.600,42.244,0,640.828,573.748,0,0,589.171,209.439,190.725,-85.000,286.000,0.000,0.000,-85.000,286.000,0.000,0.000,44.000,-93.000,0.000,0.000,140.000,279.000,0.000,0.000,140.000,279.000,0.000,0.000,108.800,-94.600,0.000,0.000,0.000,-1.000,0,0
39.000,102.825,0.000,-1.000,1,39.000,87.692,15.133,1,641.453,571.761,0,0,570.055,195.889,203.073,44.000,-93.000,0.000,0.000,44.000,-93.000,0.000,0.000,-85.000,286.000,0.000,0.000,140.000,279.000,0.000,0.000,140.000,279.000,0.000,0.000,108.800,-94.600,0.000,0.000,1.000,-1.000,0,0
49.174,92.651,0.540,-0.841,1,57.354,79.918,15.133,1,631.944,580.682,0,0,587.614,185.723,196.515,44.000,-93.000,0.000,0.000,44.000,-93.000,0.000,0.000,-67.000,-108.000,0.000,0.000,108.800,-94.600,0.000,0.000,108.800,-94.600,0.000,0.000,140.000,279.000,0.000,0.000,1.000,-1.000,0,0
59.349,82.476,0.662,-0.750,1,69.360,71.128,15.133,1,622.623,589.819,0,0,598.920,176.146,183.852,44.000,-93.000,0.000,0.000,44.000,-93.000,0.000,0.000,-67.000,-108.000,0.000,0.000,108.800,-94.600,0.000,0.000,108.800,-94.600,0.000,0.000,140.000,279.000,0.000,0.000,1.000,-1.000,0,0
72.052,78.407,0.934,-0.356,1,86.193,73.018,15.133,1,610.359,602.135,0,0,615.837,173.687,176.866,44.000,-93.000,0.000,0.000,44.000,-93.000,0.000,0.000,-67.000,-108.000,0.000,0.000,108.800,-94.600,0.000,0.000,108.800,-94.600,0.000,0.000,140.000,279.000,0.000,0.000,1.000,0.000,0,0
86.440,78.407,0.994,-0.110,1,101.482,76.748,15.133,1,596.045,616.475,0,0,631.346,176.583,174.445,44.000,-93.000,0.000,0.000,44.000,-93.000,0.000,0.000,-67.000,-108.000,0.000,0.000,108.800,-94.600,0.000,0.000,108.800,-94.600,0.000,0.000,140.000,279.000,0.000,0.000,1.000,0.000,0,0
100.829,78.407,0.999,-0.032,1,115.955,77.924,15.133,1,581.735,630.818,0,0,645.861,180.582,173.190,44.000,-93.000,0.000,0.000,44.000,-93.000,0.000,0.000,-67.000,-108.000,0.000,0.000,108.800,-94.600,0.000,0.000,108.800,-94.600,0.000,0.000,140.000,279.000,0.000,0.000,1.000,0.000,0,0
115.218,78.407,1.000,-0.009,1,130.350,78.272,15.133,1,567.429,645.162,0,0,660.240,185.613,173.126,44.000,-93.000,0.000,0.000,44.000,-93.000,0.000,0.000,-67.000,-108.000,0.000,0.000,108.800,-94.600,0.000,0.000,108.800,-94.600,0.000,0.000,140.000,279.000,0.000,0.000,1.000,0.000,0,0
127.078,84.511,0.932,0.363,1,141.179,90.004,15.133,1,555.020,657.456,0,0,671.968,195.990,180.041,44.000,-93.000,0.000,0.000,44.000,-93.000,0.000,0.000,-67.000,-108.000,0.000,0.000,108.800,-94.600,0.000,0.000,108.800,-94.600,0.000,0.000,140.000,279.000,0.000,0.000,1.000,1.000,0,0
137.252,94.685,0.783,0.623,1,149.096,104.106,15.133,1,543.996,668.489,0,0,681.223,209.575,184.335,44.000,-93.000,0.000,0.000,44.000,-93.000,0.000,0.000,-65.713,-105.428,0.447,0.894,140.000,279.000,0.000,0.000,140.000,279.000,0.000,0.000,108.800,-94.600,0.000,0.000,1.000,1.000,0,0
147.427,104.860,0.730,0.683,1,158.479,115.197,15.133,1,533.131,679.646,0,0,691.814,223.261,174.299,44.000,-93.000,0.000,0.000,44.000,-93.000,0.000,0.000,-75.060,287.575,0.988,0.156,140.000,279.000,0.000,0.000,140.000,279.000,0.000,0.000,108.800,-94.600,0.000,0.000,1.000,1.000,0,0
157.601,115.034,0.714,0.700,1,168.405,125.630,15.133,1,522.437,690.923,0,0,702.995,237.030,164.908,44.000,-93.000,0.000,0.000,44.000,-93.000,0.000,0.000,-67.960,288.700,0.988,0.156,140.000,279.000,0.000,0.000,140.000,279.000,0.000,0.000,286.457,258.577,-0.246,-0.969,1.000,1.000,0,0
167.775,125.209,0.709,0.705,1,178.504,135.881,15.133,1,511.924,702.314,0,0,714.435,250.869,156.280,44.000,-93.000,0.000,0.000,44.000,-93.000,0.000,0.000,-60.860,289.825,0.988,0.156,140.000,279.000,0.000,0.000,140.000,279.000,0.000,0.000,284.689,251.609,-0.246,-0.969,1.000,1.000,0,0
178.792,133.348,0.817,0.576,1,191.160,142.069,15.133,1,500.776,714.352,0,0,727.872,263.443,150.730,44.000,-93.000,0.000,0.000,44.000,-93.000,0.000,0.000,-53.759,290.950,0.988,0.156,140.000,279.000,0.000,0.000,140.000,279.000,0.000,0.000,282.921,244.641,-0.246,-0.969,1.000,0.000,0,0
193.181,133.348,0.987,0.163,1,208.111,135.822,15.133,1,486.395,728.591,0,0,743.717,271.087,136.465,44.000,-93.000,0.000,0.000,44.000,-93.000,0.000,0.000,-46.659,292.074,0.988,0.156,281.153,237.673,-0.246,-0.969,281.153,237.673,-0.246,-0.969,140.000,279.000,0.000,0.000,1.000,0.000,0,0
207.570,133.348,0.999,0.049,1,222.685,134.091,15.133,1,472.015,742.837,0,0,757.907,279.264,120.979,44.000,-93.000,0.000,0.000,44.000,-93.000,0.000,0.000,-39.559,293.199,0.988,0.156,279.385,230.705,-0.246,-0.969,279.385,230.705,-0.246,-0.969,140.000,279.000,0.000,0.000,1.000,0.000,0,0
221.958,133.348,1.000,0.013,1,237.090,133.547,15.133,1,457.635,757.087,0,0,772.106,287.928,106.152,44.000,-93.000,0.000,0.000,44.000,-93.000,0.000,0.000,-32.459,294.324,0.988,0.156,277.617,223.737,-0.246,-0.969,277.617,223.737,-0.246,-0.969,140.000,279.000,0.000,0.000,1.000,0.000,0,0
236.347,133.348,1.000,0.004,1,251.480,133.406,15.133,1,443.256,771.343,0,0,786.349,297.037,92.301,44.000,-93.000,0.000,0.000,44.000,-93.000,0.000,0.000,-25.359,295.449,0.988,0.156,275.849,216.769,-0.246,-0.969,275.849,216.769,-0.246,-0.969,140.000,279.000,0.000,0.000,1.000,0.000,0,0
250.736,133.348,1.000,0.001,1,265.869,133.364,15.133,1,428.878,785.603,0,0,800.609,306.550,79.938,44.000,-93.000,0.000,0.000,44.000,-93.000,0.000,0.000,-18.259,296.574,0.988,0.156,274.081,209.802,-0.246,-0.969,274.081,209.802,-0.246,-0.969,268.548,-33.747,-0.016,1.000,1.000,0.000,0,0
265.124,133.348,1.000,0.000,1,280.258,133.352,15.133,1,414.500,799.869,0,0,814.877,316.432,69.857,44.000,-93.000,0.000,0.000,44.000,-93.000,0.000,0.000,-11.159,297.699,0.988,0.156,272.313,202.834,-0.246,-0.969,272.313,202.834,-0.246,-0.969,268.685,-26.562,0.072,0.997,1.000,-1.000,0,0
275.299,123.174,0.847,-0.532,1,288.113,115.124,15.133,1,404.576,808.734,0,0,820.599,316.591,74.328,44.000,-93.000,0.000,0.000,44.000,-93.000,0.000,0.000,-4.059,298.824,0.988,0.156,269.461,197.272,-1.000,0.009,269.461,197.272,-1.000,0.009,269.393,-19.410,0.138,0.990,1.000,-1.000,0,0
279.369,110.471,0.452,-0.892,1,286.202,96.968,15.133,1,401.180,811.433,0,0,817.030,311.125,88.533,44.000,-93.000,0.000,0.000,44.000,-93.000,0.000,0.000,3.042,299.949,0.988,0.156,262.273,197.337,-1.000,0.009,262.273,197.337,-1.000,0.009,270.513,-12.309,0.142,0.990,0.000,-1.000,0,0
279.369,96.082,0.136,-0.991,1,281.433,81.090,15.133,1,402.420,810.148,0,0,811.140,301.911,101.573,44.000,-93.000,0.000,0.000,44.000,-93.000,0.000,0.000,-23.900,-21.851,0.447,0.894,271.437,-5.180,0.115,0.993,271.437,-5.180,0.115,0.993,255.084,197.402,-1.000,0.009,0.000,-1.000,0,0
279.369,81.693,0.040,-0.999,1,279.971,66.572,15.133,1,404.169,809.118,0,0,808.911,293.114,80.048,44.000,-93.000,0.000,0.000,44.000,-93.000,0.000,0.000,-20.684,-15.422,0.447,0.894,272.258,1.961,0.119,0.993,272.258,1.961,0.119,0.993,247.896,197.466,-1.000,0.009,0.000,-1.000,0,0
281.403,68.147,0.180,-0.984,1,284.123,53.261,15.133,1,404.271,810.413,0,0,812.584,286.930,59.627,44.000,-93.000,0.000,0.000,44.000,-93.000,0.000,0.000,-17.467,-8.993,0.447,0.894,273.173,9.091,0.241,0.971,273.173,9.091,0.241,0.971,240.707,197.531,-1.000,0.009,1.000,-1.000,0,0
294.106,64.078,0.876,-0.482,1,307.368,56.787,15.133,1,392.520,822.926,0,0,835.917,295.342,51.728,44.000,-93.000,0.000,0.000,44.000,-93.000,0.000,0.000,-14.251,-2.564,0.447,0.894,276.160,15.563,0.604,0.797,276.160,15.563,0.604,0.797,233.519,197.596,-1.000,0.009,1.000,0.000,0,0
308.495,64.078,0.989,-0.147,1,323.464,61.850,15.133,1,378.410,837.301,0,0,852.171,307.622,51.187,44.000,-93.000,0.000,0.000,44.000,-93.000,0.000,0.000,-11.035,3.865,0.447,0.894,280.868,20.986,0.722,0.692,280.868,20.986,0.722,0.692,226.331,197.660,-1.000,0.009,1.000,0.000,0,0
322.884,64.078,0.999,-0.043,1,338.003,63.430,15.133,1,364.321,851.676,0,0,866.757,320.078,53.033,44.000,-93.000,0.000,0.000,44.000,-93.000,0.000,0.000,-7.818,10.294,0.447,0.894,286.315,25.669,0.807,0.590,286.315,25.669,0.807,0.590,219.142,197.725,-1.000,0.009,1.000,0.000,0,0
334.744,70.182,0.921,0.389,1,348.685,76.071,15.133,1,351.500,863.781,0,0,877.989,333.408,58.652,44.000,-93.000,0.000,0.000,44.000,-93.000,0.000,0.000,-4.602,16.723,0.447,0.894,292.155,29.856,0.774,0.633,292.155,29.856,0.774,0.633,211.954,197.790,-1.000,0.009,1.000,1.000,0,0
338.814,82.885,0.495,0.869,1,346.302,96.036,15.133,1,345.261,868.514,0,0,876.866,343.294,63.498,44.000,-93.000,0.000,0.000,44.000,-93.000,0.000,0.000,-1.385,23.152,0.447,0.894,297.409,34.744,0.624,0.782,297.409,34.744,0.624,0.782,204.765,197.854,-1.000,0.009,0.000,1.000,0,0
338.814,97.274,0.137,0.991,1,340.891,112.264,15.133,1,343.263,869.494,0,0,872.834,343.715,67.817,1.831,29.581,0.447,0.894,1.831,29.581,0.447,0.894,66.943,310.072,0.988,0.156,301.434,40.690,0.483,0.876,301.434,40.690,0.483,0.876,197.577,197.919,-1.000,0.009,0.000,1.000,0,0
338.814,111.663,0.040,0.999,1,339.425,126.784,15.133,1,341.858,870.710,0,0,872.850,331.538,73.031,74.043,311.197,0.988,0.156,74.043,311.197,0.988,0.156,5.047,36.010,0.447,0.894,304.648,47.116,0.400,0.916,304.648,47.116,0.400,0.916,190.388,197.984,-1.000,0.009,0.000,1.000,0,0
342.884,124.366,0.240,0.971,1,346.515,139.057,15.133,1,337.057,876.026,0,0,881.319,322.236,79.024,81.143,312.322,0.988,0.156,81.143,312.322,0.988,0.156,8.264,42.439,0.447,0.894,307.394,53.759,0.417,0.909,307.394,53.759,0.417,0.909,183.200,198.049,-1.000,0.009,1.000,1.000,0,0
357.272,124.366,0.910,0.416,1,371.036,130.656,15.133,1,322.696,890.332,0,0,904.691,328.829,79.299,88.243,313.447,0.988,0.156,88.243,313.447,0.988,0.156,11.480,48.868,0.447,0.894,311.136,59.869,0.646,0.763,311.136,59.869,0.646,0.763,427.000,279.000,0.000,0.000,1.000,0.000,0,0
371.661,124.366,0.994,0.113,1,386.696,126.083,15.133,1,308.339,904.640,0,0,919.770,335.455,81.268,95.343,314.572,0.988,0.156,95.343,314.572,0.988,0.156,14.697,55.297,0.447,0.894,316.140,65.019,0.756,0.654,316.140,65.019,0.756,0.654,427.000,279.000,0.000,0.000,1.000,0.000,0,0
382.678,116.226,0.903,-0.429,1,396.348,109.734,15.133,1,297.829,914.802,0,0,927.837,343.977,76.788,102.444,315.697,0.988,0.156,102.444,315.697,0.988,0.156,17.913,61.726,0.447,0.894,321.911,69.281,0.879,0.477,321.911,69.281,0.879,0.477,427.000,279.000,0.000,0.000,1.000,-1.000,0,0
392.853,106.052,0.770,-0.638,1,404.507,96.398,15.133,1,288.642,924.048,0,0,934.937,353.112,72.740,109.544,316.822,0.988,0.156,109.544,316.822,0.988,0.156,21.129,68.155,0.447,0.894,328.466,72.207,0.953,0.303,328.466,72.207,0.953,0.303,427.000,279.000,0.000,0.000,1.000,-1.000,0,0
405.556,101.982,0.952,-0.307,1,419.959,97.339,15.133,1,276.539,936.390,0,0,950.415,360.709,75.493,116.644,317.947,0.988,0.156,116.644,317.947,0.988,0.156,24.346,74.584,0.447,0.894,335.396,74.112,0.964,0.265,335.396,74.112,0.964,0.265,427.000,279.000,0.000,0.000,1.000,0.000,0,0
419.944,101.982,0.996,-0.090,1,435.016,100.618,15.133,1,262.304,950.736,0,0,965.665,367.237,81.845,123.744,319.072,0.988,0.156,123.744,319.072,0.988,0.156,27.562,81.013,0.447,0.894,342.330,76.008,0.967,0.257,342.330,76.008,0.967,0.257,427.000,279.000,0.000,0.000,1.000,0.000,0,0
431.455,101.982,0.999,-0.033,0,450.558,101.352,19.113,0,250.928,962.214,0,0,981.217,371.463,85.649,130.844,320.197,0.988,0.156,130.844,320.197,0.988,0.156,30.779,87.442,0.447,0.894,349.296,77.782,0.974,0.227,349.296,77.782,0.974,0.227,427.000,279.000,0.000,0.000,0.000,0.000,1,0
431.455,101.982,0.999,-0.033,0,470.151,100.707,38.717,0,250.928,962.214,0,0,1000.712,366.413,78.484,137.944,321.322,0.988,0.156,137.944,321.322,0.988,0.156,33.995,93.871,0.447,0.894,356.325,79.284,0.983,0.185,356.325,79.284,0.983,0.185,427.000,279.000,0.000,0.000,0.000,0.000,0,0
431.455,101.982,0.999,-0.033,0,489.259,100.077,57.836,0,250.928,962.214,0,0,1019.726,361.436,71.353,145.044,322.447,0.988,0.156,145.044,322.447,0.988,0.156,37.211,100.300,0.447,0.894,363.407,80.519,0.988,0.154,363.407,80.519,0.988,0.154,427.000,279.000,0.000,0.000,0.000,0.000,0,0
431.455,101.982,0.999,-0.033,0,507.894,99.462,76.482,0,250.928,962.214,0,0,1038.272,356.534,64.269,152.145,323.572,0.988,0.156,152.145,323.572,0.988,0.156,40.428,106.729,0.447,0.894,370.521,81.550,0.992,0.129,370.521,81.550,0.992,0.129,427.000,279.000,0.000,0.000,0.000,0.000,0,0
431.455,101.982,0.999,-0.033,0,526.068,98.863,94.668,0,250.928,962.214,0,0,1056.361,351.711,57.244,159.245,324.697,0.988,0.156,159.245,324.697,0.988,0.156,43.644,113.158,0.447,0.894,377.657,82.421,0.994,0.110,377.657,82.421,0.994,0.110,427.000,279.000,0.000,0.000,0.000,0.000,0,0
431.455,101.982,0.999,-0.033,0,543.791,98.279,112.405,0,250.928,962.214,0,0,1074.004,346.969,50.300,166.345,325.822,0.988,0.156,166.345,325.822,0.988,0.156,46.860,119.587,0.447,0.894,384.807,83.167,0.996,0.095,384.807,83.167,0.996,0.095,427.000,279.000,0.000,0.000,0.000,0.000,0,0
431.455,101.982,0.999,-0.033,0,561.077,97.709,129.705,0,250.928,962.214,0,0,1091.213,342.313,43.470,173.445,326.946,0.988,0.156,173.445,326.946,0.988,0.156,50.077,126.016,0.447,0.894,391.967,83.809,0.997,0.082,391.967,83.809,0.997,0.082,427.000,279.000,0.000,0.000,0.000,0.000,0,0
431.455,101.982,0.999,-0.033,0,577.934,97.154,146.579,0,250.928,962.214,0,0,1107.997,337.746,36.811,180.545,328.071,0.988,0.156,180.545,328.071,0.988,0.156,53.293,132.445,0.447,0.894,399.134,84.366,0.997,0.071,399.134,84.366,0.997,0.071,427.000,279.000,0.000,0.000,0.000,0.000,0,0
431.455,101.982,0.999,-0.033,0,594.374,96.612,163.038,0,250.928,962.214,0,0,1124.367,333.271,30.429,187.645,329.196,0.988,0.156,187.645,329.196,0.988,0.156,56.510,138.874,0.447,0.894,406.306,84.853,0.998,0.062,406.306,84.853,0.998,0.062,427.000,279.000,0.000,0.000,0.000,0.000,0,0
431.455,101.982,0.999,-0.033,0,610.407,96.083,179.092,0,250.928,962.214,0,0,1140.333,328.893,24.537,194.745,330.321,0.988,0.156,194.745,330.321,0.988,0.156,59.726,145.303,0.447,0.894,413.482,85.279,0.998,0.055,413.482,85.279,0.998,0.055,427.000,279.000,0.000,0.000,0.000,0.000,0,0
431.455,101.982,0.999,-0.033,0,626.044,95.568,194.752,0,250.928,962.214,0,0,1155.906,324.614,19.575,201.846,331.446,0.988,0.156,201.846,331.446,0.988,0.156,62.942,151.732,0.447,0.894,420.661,85.653,0.999,0.048,420.661,85.653,0.999,0.048,427.000,279.000,0.000,0.000,0.000,0.000,0,0
431.455,101.982,0.999,-0.033,0,641.293,95.065,210.029,0,250.928,962.214,0,0,1171.095,320.440,16.402,208.946,332.571,0.988,0.156,208.946,332.571,0.988,0.156,66.159,158.161,0.447,0.894,427.842,85.983,0.999,0.043,427.842,85.983,0.999,0.043,427.000,279.000,0.000,0.000,0.000,0.000,0,0
39.000,287.000,0.897,0.443,0,656.165,94.575,646.499,0,657.611,622.345,0,0,1185.910,124.004,101.316,-85.000,286.000,0.000,0.000,-85.000,286.000,0.000,0.000,-296.000,285.000,0.000,0.000,140.000,279.000,0.000,0.000,140.000,279.000,0.000,0.000,290.700,275.300,0.000,0.000,0.000,0.000,0,0
39.000,287.000,0.897,0.443,0,669.988,94.119,659.843,0,657.619,622.354,0,0,1199.690,124.004,101.316,-85.000,286.000,0.000,0.000,-85.000,286.000,0.000,0.000,-296.000,285.000,0.000,0.000,140.000,279.000,0.000,0.000,140.000,279.000,0.000,0.000,290.700,275.300,0.000,0.000,0.000,0.000,0,0
39.000,287.000,0.897,0.443,0,669.806,93.790,659.761,0,657.619,622.354,0,0,1199.494,124.004,101.316,-85.000,286.000,0.000,0.000,-85.000,286.000,0.000,0.000,-296.000,285.000,0.000,0.000,140.000,279.000,0.000,0.000,140.000,279.000,0.000,0.000,290.700,275.300,0.000,0.000,0.000,0.000,0,0
39.000,287.000,0.897,0.443,0,669.806,93.468,659.853,0,657.619,622.354,0,0,1199.480,124.004,101.316,-85.000,286.000,0.000,0.000,-85.000,286.000,0.000,0.000,-296.000,285.000,0.000,0.000,140.000,279.000,0.000,0.000,140.000,279.000,0.000,0.000,290.700,275.300,0.000,0.000,0.000,0.000,0,0
39.000,287.000,0.897,0.443,0,669.806,93.155,659.943,0,657.619,622.354,0,0,1199.465,124.004,101.316,-85.000,286.000,0.000,0.000,-85.000,286.000,0.000,0.000,-296.000,285.000,0.000,0.000,140.000,279.000,0.000,0.000,140.000,279.000,0.000,0.000,290.700,275.300,0.000,0.000,0.000,0.000,0,0
39.000,287.000,0.897,0.443,0,669.806,92.849,660.031,0,657.619,622.354,0,0,1199.451,124.004,101.316,-85.000,286.000,0.000,0.000,-85.000,286.000,0.000,0.000,-296.000,285.000,0.000,0.000,140.000,279.000,0.000,0.000,140.000,279.000,0.000,0.000,290.700,275.300,0.000,0.000,0.000,0.000,0,0
39.000,287.000,0.897,0.443,0,669.806,92.551,660.119,0,657.619,622.354,0,0,1199.436,124.004,101.316,-85.000,286.000,0.000,0.000,-85.000,286.000,0.000,0.000,-296.000,285.000,0.000,0.000,140.000,279.000,0.000,0.000,140.000,279.000,0.000,0.000,290.700,275.300,0.000,0.000,0.000,0.000,0,0
39.000,287.000,0.897,0.443,0,669.806,92.261,660.205,0,657.619,622.354,0,0,1199.420,124.004,101.316,-85.000,286.000,0.000,0.000,-85.000,286.000,0.000,0.000,-296.000,285.000,0.000,0.000,140.000,279.000,0.000,0.000,140.000,279.000,0.000,0.000,290.700,275.300,0.000,0.000,0.000,0.000,0,0
39.000,287.000,0.897,0.443,0,669.806,91.977,660.290,0,657.619,622.354,0,0,1199.404,124.004,101.316,-85.000,286.000,0.000,0.000,-85.000,286.000,0.000,0.000,-296.000,285.000,0.000,0.000,140.000,279.000,0.000,0.000,140.000,279.000,0.000,0.000,290.700,275.300,0.000,0.000,0.000,0.000,0,0
39.000,287.000,0.897,0.443,0,669.806,91.701,660.374,0,657.619,622.354,0,0,1199.388,124.004,101.316,-85.000,286.000,0.000,0.000,-85.000,286.000,0.000,0.000,-296.000,285.000,0.000,0.000,140.000,279.000,0.000,0.000,140.000,279.000,0.000,0.000,290.700,275.300,0.000,0.000,0.000,0.000,0,0
39.000,287.000,0.897,0.443,0,59.000,80.600,207.464,0,657.619,622.354,0,0,589.175,124.004,101.316,-85.000,286.000,0.000,0.000,-85.000,286.000,0.000,0.000,-296.000,285.000,0.000,0.000,140.000,279.000,0.000,0.000,140.000,279.000,0.000,0.000,290.700,275.300,0.000,0.000,0.000,0.000,0,0
39.000,287.000,0.897,0.443,0,59.000,80.600,207.467,0,657.619,622.354,0,0,589.173,124.004,101.316,-85.000,286.000,0.000,0.000,-85.000,286.000,0.000,0.000,-296.000,285.000,0.000,0.000,140.000,279.000,0.000,0.000,140.000,279.000,0.000,0.000,290.700,275.300,0.000,0.000,0.000,0.000,0,0
39.000,287.000,0.897,0.443,0,59.000,80.600,207.473,0,657.619,622.354,0,0,589.170,124.004,101.316,-85.000,286.000,0.000,0.000,-85.000,286.000,0.000,0.000,-296.000,285.000,0.000,0.000,140.000,279.000,0.000,0.000,140.000,279.000,0.000,0.000,290.700,275.300,0.000,0.000,0.000,0.000,0,0
39.000,287.000,0.897,0.443,0,59.000,80.600,207.473,0,657.619,622.354,0,0,589.171,124.004,101.316,-85.000,286.000,0.000,0.000,-85.000,286.000,0.000,0.000,-296.000,285.000,0.000,0.000,140.000,279.000,0.000,0.000,140.000,279.000,0.000,0.000,290.700,275.300,0.000,0.000,0.000,0.000,0,0
39.000,287.000,0.897,0.443,0,59.000,80.600,207.473,0,657.619,622.354,0,0,589.171,124.004,101.316,-85.000,286.000,0.000,0.000,-85.000,286.000,0.000,0.000,-296.000,285.000,0.000,0.000,140.000,279.000,0.000,0.000,140.000,279.000,0.000,0.000,290.700,275.300,0.000,0.000,0.000,0.000,0,0
39.000,287.000,0.897,0.443,0,59.000,80.600,207.473,0,657.619,622.354,0,0,589.171,124.004,101.316,-85.000,286.000,0.000,0.000,-85.000,286.000,0.000,0.000,-296.000,285.000,0.000,0.000,140.000,279.000,0.000,0.000,140.000,279.000,0.000,0.000,290.700,275.300,0.000,0.000,0.000,0.000,0,0
39.000,281.245,0.996,-0.088,0,59.000,80.600,201.748,0,656.338,620.007,0,0,589.171,124.091,101.025,-85.000,286.000,0.000,0.000,-85.000,286.000,0.000,0.000,-296.000,285.000,0.000,0.000,140.000,279.000,0.000,0.000,140.000,279.000,0.000,0.000,290.700,275.300,0.000,0.000,0.000,-1.000,0,0
39.000,266.856,0.238,-0.971,0,59.000,80.600,187.444,0,653.346,614.339,0,0,589.171,125.469,101.728,-85.000,286.000,0.000,0.000,-85.000,286.000,0.000,0.000,-296.000,285.000,0.000,0.000,140.000,279.000,0.000,0.000,140.000,279.000,0.000,0.000,290.700,275.300,0.000,0.000,0.000,-1.000,0,0
39.000,252.467,0.071,-0.997,0,59.000,80.600,173.154,0,650.659,608.957,0,0,589.171,128.454,104.427,-85.000,286.000,0.000,0.000,-85.000,286.000,0.000,0.000,-296.000,285.000,0.000,0.000,140.000,279.000,0.000,0.000,140.000,279.000,0.000,0.000,290.700,275.300,0.000,0.000,0.000,-1.000,0,0
39.000,238.078,0.019,-1.000,0,59.000,80.600,158.882,0,648.281,603.871,0,0,589.171,132.938,108.975,-85.000,286.000,0.000,0.000,-85.000,286.000,0.000,0.000,44.000,-93.000,0.000,0.000,140.000,279.000,0.000,0.000,140.000,279.000,0.000,0.000,290.700,275.300,0.000,0.000,0.000,-1.000,0,0
39.000,223.690,0.006,-1.000,0,59.000,80.600,144.633,0,646.213,599.087,0,0,589.171,138.775,115.153,-85.000,286.000,0.000,0.000,-85.000,286.000,0.000,0.000,44.000,-93.000,0.000,0.000,140.000,279.000,0.000,0.000,140.000,279.000,0.000,0.000,290.700,275.300,0.000,0.000,0.000,-1.000,0,0
39.000,209.301,0.002,-1.000,0,59.000,80.600,130.415,0,644.461,594.612,0,0,589.171,145.804,122.715,-85.000,286.000,0.000,0.000,-85.000,286.000,0.000,0.000,44.000,-93.000,0.000,0.000,140.000,279.000,0.000,0.000,140.000,279.000,0.000,0.000,290.700,275.300,0.000,0.000,0.000,-1.000,0,0
39.000,194.912,0.000,-1.000,0,59.000,80.600,116.238,0,643.026,590.455,0,0,589.171,153.860,131.422,-85.000,286.000,0.000,0.000,-85.000,286.000,0.000,0.000,44.000,-93.000,0.000,0.000,140.000,279.000,0.000,0.000,140.000,279.000,0.000,0.000,290.700,275.300,0.000,0.000,0.000,-1.000,0,0
39.000,180.524,0.000,-1.000,0,59.000,80.600,102.121,0,641.910,586.621,0,0,589.171,162.792,141.062,-85.000,286.000,0.000,0.000,-85.000,286.000,0.000,0.000,44.000,-93.000,0.000,0.000,140.000,279.000,0.000,0.000,140.000,279.000,0.000,0.000,290.700,275.300,0.000,0.000,0.000,-1.000,0,0
39.000,166.135,0.000,-1.000,0,59.000,80.600,88.092,0,641.116,583.117,0,0,589.171,172.463,151.458,-85.000,286.000,0.000,0.000,-85.000,286.000,0.000,0.000,44.000,-93.000,0.000,0.000,140.000,279.000,0.000,0.000,140.000,279.000,0.000,0.000,108.800,-94.600,0.000,0.000,0.000,-1.000,0,0
39.000,151.747,0.000,-1.000,0,59.000,80.600,74.201,0,640.643,579.949,0,0,589.171,182.757,162.464,-85.000,286.000,0.000,0.000,-85.000,286.000,0.000,0.000,44.000,-93.000,0.000,0.000,140.000,279.000,0.000,0.000,140.000,279.000,0.000,0.000,108.800,-94.600,0.000,0.000,0.000,-1.000,0,0
39.000,137.358,0.000,-1.000,0,59.000,80.600,60.543,0,640.494,577.122,0,0,589.171,193.573,173.964,-85.000,286.000,0.000,0.000,-85.000,286.000,0.000,0.000,44.000,-93.000,0.000,0.000,140.000,279.000,0.000,0.000,140.000,279.000,0.000,0.000,108.800,-94.600,0.000,0.000,0.000,-1.000,0,0
39.000,122.969,0.000,-1.000,0,59.000,80.600,47.320,0,640.668,574.642,0,0,589.171,204.829,185.867,-85.000,286.000,0.000,0.000,-85.000,286.000,0.000,0.000,44.000,-93.000,0.000,0.000,140.000,279.000,0.000,0.000,140.000,279.000,0.000,0.000,108.800,-94.600,0.000,0.000,0.000,-1.000,0,0
47.139,111.952,0.432,-0.902,0,59.000,80.600,34.170,0,632.889,581.036,0,0,589.171,204.976,191.123,44.000,-93.000,0.000,0.000,44.000,-93.000,0.000,0.000,-85.000,286.000,0.000,0.000,140.000,279.000,0.000,0.000,140.000,279.000,0.000,0.000,108.800,-94.600,0.000,0.000,1.000,-1.000,0,0
57.314,101.778,0.642,-0.767,1,67.024,90.170,15.133,1,623.233,589.800,0,0,598.176,195.232,195.563,44.000,-93.000,0.000,0.000,44.000,-93.000,0.000,0.000,-85.000,286.000,0.000,0.000,140.000,279.000,0.000,0.000,140.000,279.000,0.000,0.000,108.800,-94.600,0.000,0.000,1.000,-1.000,0,0
65.453,90.760,0.629,-0.777,1,74.976,78.999,15.133,1,615.855,596.672,0,0,605.096,185.009,190.361,44.000,-93.000,0.000,0.000,44.000,-93.000,0.000,0.000,-65.713,-105.428,0.447,0.894,108.800,-94.600,0.000,0.000,108.800,-94.600,0.000,0.000,140.000,279.000,0.000,0.000,0.000,-1.000,0,0
65.453,76.372,0.195,-0.981,1,68.410,61.530,15.133,1,617.123,595.401,0,0,597.403,170.725,176.381,44.000,-93.000,0.000,0.000,44.000,-93.000,0.000,0.000,-62.497,-98.999,0.447,0.894,108.800,-94.600,0.000,0.000,108.800,-94.600,0.000,0.000,140.000,279.000,0.000,0.000,0.000,-1.000,0,0
65.453,61.983,0.058,-0.998,1,66.335,46.876,15.133,1,618.724,594.475,0,0,594.758,156.461,162.472,44.000,-93.000,0.000,0.000,44.000,-93.000,0.000,0.000,-59.281,-92.570,0.447,0.894,108.800,-94.600,0.000,0.000,108.800,-94.600,0.000,0.000,140.000,279.000,0.000,0.000,0.000,-1.000,0,0
65.453,47.594,0.016,-1.000,1,65.689,32.463,15.133,1,620.653,593.897,0,0,593.899,142.222,148.655,44.000,-93.000,0.000,0.000,44.000,-93.000,0.000,0.000,-56.064,-86.141,0.447,0.894,108.800,-94.600,0.000,0.000,108.800,-94.600,0.000,0.000,140.000,279.000,0.000,0.000,0.000,-1.000,0,0
65.453,38.961,0.007,-1.000,1,65.558,23.828,15.133,1,621.968,593.717,0,0,593.809,133.694,140.419,44.000,-93.000,0.000,0.000,44.000,-93.000,0.000,0.000,-52.848,-79.712,0.447,0.894,108.800,-94.600,0.000,0.000,108.800,-94.600,0.000,0.000,265.570,-78.762,-0.890,0.456,0.000,0.000,0,0
65.453,38.961,0.007,-1.000,1,65.558,23.828,15.133,1,621.968,593.717,0,0,593.809,133.694,140.419,44.000,-93.000,0.000,0.000,44.000,-93.000,0.000,0.000,-49.631,-73.283,0.447,0.894,108.800,-94.600,0.000,0.000,108.800,-94.600,0.000,0.000,259.174,-75.482,-0.890,0.456,0.000,0.000,0,0
75.279,43.031,0.874,-0.486,1,88.506,35.679,15.133,1,611.629,603.606,0,0,616.725,139.581,141.654,44.000,-93.000,0.000,0.000,44.000,-93.000,0.000,0.000,-46.415,-66.854,0.447,0.894,108.800,-94.600,0.000,0.000,108.800,-94.600,0.000,0.000,252.863,-72.043,-0.836,0.548,1.000,1.000,0,0
85.453,53.205,0.884,0.467,1,98.831,60.280,15.133,1,600.063,614.060,0,0,627.716,151.968,149.638,44.000,-93.000,0.000,0.000,44.000,-93.000,0.000,0.000,-43.199,-60.425,0.762,0.648,108.800,-94.600,0.000,0.000,108.800,-94.600,0.000,0.000,247.103,-67.752,-0.757,0.654,1.000,1.000,0,0
91.557,65.065,0.522,0.853,1,99.464,77.969,15.133,1,592.448,620.698,0,0,629.424,165.065,160.594,44.000,-93.000,0.000,0.000,44.000,-93.000,0.000,0.000,-37.799,-55.682,0.716,0.698,108.800,-94.600,0.000,0.000,108.800,-94.600,0.000,0.000,241.812,-62.888,-0.711,0.703,0.000,1.000,0,0
91.557,79.454,0.148,0.989,1,93.793,94.421,15.133,1,590.851,621.656,0,0,625.228,178.891,174.906,44.000,-93.000,0.000,0.000,44.000,-93.000,0.000,0.000,-32.834,-50.486,0.658,0.753,108.800,-94.600,0.000,0.000,108.800,-94.600,0.000,0.000,236.776,-57.759,-0.685,0.729,0.000,1.000,0,0
83.418,90.471,-0.418,0.908,1,77.087,104.217,15.133,1,597.974,614.515,0,0,609.716,175.526,186.804,-28.320,-44.895,0.577,0.817,-28.320,-44.895,0.577,0.817,44.000,-93.000,0.000,0.000,108.800,-94.600,0.000,0.000,108.800,-94.600,0.000,0.000,140.000,279.000,0.000,0.000,-1.000,1.000,0,0
74.785,90.471,-0.866,0.500,1,61.679,98.037,15.133,1,606.577,605.926,0,0,593.697,162.991,188.171,-24.369,-38.892,0.532,0.847,-24.369,-38.892,0.532,0.847,44.000,-93.000,0.000,0.000,108.800,-94.600,0.000,0.000,108.800,-94.600,0.000,0.000,140.000,279.000,0.000,0.000,0.000,0.000,0,0
74.785,84.716,-1.000,-0.009,1,59.652,84.577,15.133,1,607.054,605.387,0,0,590.309,151.321,182.513,-20.527,-32.816,0.564,0.826,-20.527,-32.816,0.564,0.826,44.000,-93.000,0.000,0.000,108.800,-94.600,0.000,0.000,108.800,-94.600,0.000,0.000,221.172,-42.900,-0.785,0.620,0.000,-1.000,0,0
74.785,70.327,-0.357,-0.934,1,69.385,56.190,15.133,1,608.484,604.278,0,0,598.127,133.282,168.398,-16.064,-27.195,0.716,0.698,-16.064,-27.195,0.716,0.698,44.000,-93.000,0.000,0.000,108.800,-94.600,0.000,0.000,108.800,-94.600,0.000,0.000,215.347,-38.692,-0.838,0.545,0.000,-1.000,0,0
74.785,58.816,-0.121,-0.993,1,72.948,43.795,15.133,1,609.869,603.636,0,0,601.292,117.927,157.142,-10.667,-22.453,0.784,0.621,-10.667,-22.453,0.784,0.621,44.000,-93.000,0.000,0.000,108.800,-94.600,0.000,0.000,108.800,-94.600,0.000,0.000,209.222,-34.932,-0.866,0.500,0.000,0.000,0,0
63.274,58.816,-0.840,-0.542,1,50.557,50.612,15.133,1,621.281,592.142,0,0,579.107,102.740,160.029,-5.294,-17.695,0.633,0.774,-5.294,-17.695,0.633,0.774,44.000,-93.000,0.000,0.000,108.800,-94.600,0.000,0.000,108.800,-94.600,0.000,0.000,202.950,-31.421,-0.881,0.474,-1.000,0.000,0,0
51.414,52.711,-0.873,-0.488,1,38.208,45.320,15.133,1,633.834,580.038,0,0,566.611,83.218,158.094,-0.898,-12.008,0.564,0.826,-0.898,-12.008,0.564,0.826,44.000,-93.000,0.000,0.000,108.800,-94.600,0.000,0.000,108.800,-94.600,0.000,0.000,196.539,-28.172,-0.907,0.421,0.000,0.000,0,0
51.414,52.711,-0.895,-0.446,1,37.870,45.960,15.133,1,633.834,580.038,0,0,566.289,76.060,158.094,3.108,-6.039,0.556,0.831,3.108,-6.039,0.556,0.831,44.000,-93.000,0.000,0.000,108.800,-94.600,0.000,0.000,108.800,-94.600,0.000,0.000,190.025,-25.133,-0.906,0.423,0.000,0.000,0,0
51.414,52.711,-0.895,-0.446,1,37.870,45.960,15.133,1,633.834,580.038,0,0,566.289,68.910,151.806,7.103,-0.063,0.556,0.831,7.103,-0.063,0.556,0.831,44.000,-93.000,0.000,0.000,183.512,-22.090,-0.906,0.423,183.512,-22.090,-0.906,0.423,108.800,-94.600,0.000,0.000,0.000,0.000,0,0
51.414,52.711,-0.895,-0.446,0,29.088,32.824,29.899,0,633.834,580.038,0,0,557.313,61.769,144.664,11.098,5.913,0.556,0.831,11.098,5.913,0.556,0.831,44.000,-93.000,0.000,0.000,176.914,-19.242,-0.943,0.332,176.914,-19.242,-0.943,0.332,108.800,-94.600,0.000,0.000,0.000,0.000,0,1
51.414,52.711,-0.895,-0.446,0,21.342,21.236,43.532,0,633.834,580.038,0,0,549.646,54.729,137.678,15.044,11.815,0.556,0.831,15.044,11.815,0.556,0.831,44.000,-93.000,0.000,0.000,170.031,-17.183,-0.968,0.250,170.031,-17.183,-0.968,0.250,108.800,-94.600,0.000,0.000,0.000,0.000,0,0
51.414,52.711,-0.895,-0.446,0,25.884,28.031,35.515,0,633.834,580.038,0,0,554.097,47.633,130.743,19.031,17.779,0.556,0.831,19.031,17.779,0.556,0.831,44.000,-93.000,0.000,0.000,163.111,-15.241,-0.954,0.301,163.111,-15.241,-0.954,0.301,108.800,-94.600,0.000,0.000,0.000,0.000,0,0
51.414,52.711,-0.895,-0.446,1,37.870,45.960,15.133,1,633.834,580.038,0,0,566.289,40.556,123.655,23.023,23.750,0.556,0.831,23.023,23.750,0.556,0.831,44.000,-93.000,0.000,0.000,156.504,-12.456,-0.897,0.442,156.504,-12.456,-0.897,0.442,108.800,-94.600,0.000,0.000,0.000,0.000,0,0
51.414,52.711,-0.895,-0.446,1,37.870,45.960,15.133,1,633.834,580.038,0,0,566.289,33.518,116.503,27.018,29.727,0.556,0.831,27.018,29.727,0.556,0.831,44.000,-93.000,0.000,0.000,150.054,-9.280,-0.897,0.442,150.054,-9.280,-0.897,0.442,108.800,-94.600,0.000,0.000,0.000,0.000,0,0
51.414,55.589,-0.977,-0.213,1,36.628,52.365,15.133,1,633.454,580.153,0,0,565.255,28.490,110.929,31.013,35.703,0.319,0.948,31.013,35.703,0.319,0.948,44.000,-93.000,0.000,0.000,143.605,-6.104,-0.877,0.480,143.605,-6.104,-0.877,0.480,108.800,-94.600,0.000,0.000,0.000,1.000,0,0
51.414,69.978,-0.459,0.889,1,44.475,83.427,15.133,1,631.746,580.943,0,0,575.095,33.110,112.392,32.660,42.691,0.279,0.960,32.660,42.691,0.279,0.960,44.000,-93.000,0.000,0.000,137.674,-2.071,-0.737,0.676,137.674,-2.071,-0.737,0.676,108.800,-94.600,0.000,0.000,0.000,1.000,0,0
51.414,84.367,-0.124,0.992,1,49.534,99.383,15.133,1,630.361,582.088,0,0,581.793,38.580,114.932,34.759,49.567,0.284,0.959,34.759,49.567,0.284,0.959,44.000,-93.000,0.000,0.000,132.644,3.059,-0.653,0.757,132.644,3.059,-0.653,0.757,224.680,97.373,-0.348,-0.938,0.000,1.000,0,0
51.414,98.755,-0.033,0.999,1,50.910,113.880,15.133,1,629.302,583.586,0,0,585.038,44.756,118.340,36.686,56.492,0.241,0.971,36.686,56.492,0.241,0.971,44.000,-93.000,0.000,0.000,128.133,8.653,-0.592,0.806,128.133,8.653,-0.592,0.806,222.179,90.633,-0.348,-0.938,0.000,1.000,0,0
51.414,113.144,-0.010,1.000,1,51.264,128.276,15.133,1,628.571,585.433,0,0,587.603,51.351,122.446,38.284,63.500,0.196,0.981,38.284,63.500,0.196,0.981,44.000,-93.000,0.000,0.000,124.035,14.558,-0.539,0.842,124.035,14.558,-0.539,0.842,219.678,83.894,-0.348,-0.938,0.000,1.000,0,0
51.414,127.533,-0.003,1.000,1,51.371,142.666,15.133,1,628.169,587.627,0,0,590.263,58.178,127.117,39.590,70.569,0.161,0.987,39.590,70.569,0.161,0.987,123.744,319.072,0.988,0.156,120.298,20.698,-0.492,0.871,120.298,20.698,-0.492,0.871,217.178,77.154,-0.348,-0.938,0.000,1.000,0,0
51.414,141.921,-0.001,1.000,1,51.401,157.055,15.133,1,628.096,590.164,0,0,593.185,65.138,132.242,40.667,77.676,0.134,0.991,40.667,77.676,0.134,0.991,130.844,320.197,0.988,0.156,116.885,27.024,-0.450,0.893,116.885,27.024,-0.450,0.893,140.000,279.000,0.000,0.000,1.000,1.000,0,0
61.588,152.096,0.532,0.847,1,69.641,164.908,15.133,1,618.076,602.122,0,0,612.684,70.136,129.569,42.298,84.664,0.323,0.947,42.298,84.664,0.323,0.947,137.944,321.322,0.988,0.156,114.067,33.631,-0.321,0.947,114.067,33.631,-0.321,0.947,140.000,279.000,0.000,0.000,1.000,1.000,0,0
74.291,156.165,0.889,0.458,1,87.741,163.103,15.133,1,605.489,615.381,0,0,629.970,71.158,121.650,45.039,91.298,0.511,0.859,45.039,91.298,0.511,0.859,145.044,322.447,0.988,0.156,112.092,40.538,-0.195,0.981,112.092,40.538,-0.195,0.981,140.000,279.000,0.000,0.000,1.000,0.000,0,0
88.680,156.165,0.990,0.139,1,103.666,158.266,15.133,1,591.112,629.471,0,0,644.572,71.007,110.802,49.205,97.143,0.665,0.747,49.205,97.143,0.665,0.747,152.145,323.572,0.988,0.156,111.058,47.647,-0.067,0.998,111.058,47.647,-0.067,0.998,140.000,279.000,0.000,0.000,1.000,0.000,0,0
103.068,156.165,0.999,0.041,1,118.189,156.787,15.133,1,576.736,643.573,0,0,658.525,72.731,101.643,54.284,102.222,0.760,0.649,54.284,102.222,0.760,0.649,159.245,324.697,0.988,0.156,110.967,54.830,0.071,0.998,110.967,54.830,0.071,0.998,140.000,279.000,0.000,0.000,1.000,0.000,0,0
117.457,156.165,1.000,0.011,1,132.589,156.333,15.133,1,562.360,657.689,0,0,672.577,75.893,94.377,59.951,106.639,0.825,0.565,59.951,106.639,0.825,0.565,166.345,325.822,0.988,0.156,111.887,61.953,0.214,0.977,111.887,61.953,0.214,0.977,140.000,279.000,0.000,0.000,1.000,0.000,0,0
128.474,164.305,0.886,0.464,1,141.877,171.332,15.133,1,551.683,670.077,0,0,684.620,82.401,96.529,65.826,110.778,0.782,0.623,65.826,110.778,0.782,0.623,173.445,326.946,0.988,0.156,113.653,68.921,0.266,0.964,113.653,68.921,0.266,0.964,140.000,279.000,0.000,0.000,1.000,1.000,0,0
138.649,174.479,0.768,0.641,1,150.268,184.175,15.133,1,542.116,682.117,0,0,695.549,89.567,101.300,71.352,115.375,0.754,0.657,71.352,115.375,0.754,0.657,180.545,328.071,0.988,0.156,115.667,75.821,0.304,0.953,115.667,75.821,0.304,0.953,140.000,279.000,0.000,0.000,1.000,1.000,0,0
150.427,180.520,0.897,0.441,0,159.926,193.002,15.700,0,530.821,694.908,0,0,706.927,95.270,99.031,76.739,120.135,0.752,0.659,76.739,120.135,0.752,0.659,187.645,329.196,0.988,0.156,140.000,279.000,0.000,0.000,140.000,279.000,0.000,0.000,117.985,82.625,0.355,0.935,1.000,0.000,0,1
164.815,180.520,0.992,0.123,0,169.242,197.647,17.848,0,516.488,708.961,0,0,717.028,99.645,101.345,82.190,124.821,0.767,0.642,82.190,124.821,0.767,0.642,194.745,330.321,0.988,0.156,120.696,89.282,0.409,0.913,120.696,89.282,0.409,0.913,140.000,279.000,0.000,0.000,1.000,0.000,0,0
170.570,180.520,0.998,0.068,0,178.301,202.112,23.301,0,510.755,714.587,0,0,726.849,97.340,96.804,87.741,129.388,0.780,0.626,87.741,129.388,0.780,0.626,201.846,331.446,0.988,0.156,123.775,95.777,0.456,0.890,123.775,95.777,0.456,0.890,140.000,279.000,0.000,0.000,0.000,0.000,0,0
170.570,171.886,0.851,-0.526,0,187.137,206.466,38.798,0,510.107,712.829,0,0,736.438,86.055,82.170,93.378,133.849,0.791,0.612,93.378,133.849,0.791,0.612,208.946,332.571,0.988,0.156,127.179,102.108,0.498,0.867,127.179,102.108,0.498,0.867,140.000,279.000,0.000,0.000,0.000,-1.000,0,0
170.570,157.498,0.257,-0.966,0,195.214,210.256,58.607,0,509.351,710.123,0,0,745.178,74.036,63.237,99.090,138.214,0.800,0.600,99.090,138.214,0.800,0.600,216.046,333.696,0.988,0.156,130.866,108.278,0.534,0.846,130.866,108.278,0.534,0.846,140.000,279.000,0.000,0.000,0.000,-1.000,0,0
176.675,145.638,0.488,-0.873,0,202.720,213.629,73.111,0,502.932,714.128,0,0,753.276,71.876,52.308,104.868,142.491,0.809,0.588,104.868,142.491,0.809,0.588,223.146,334.821,0.988,0.156,134.793,114.299,0.564,0.825,134.793,114.299,0.564,0.825,140.000,279.000,0.000,0.000,1.000,0.000,0,0
191.063,145.638,0.955,-0.296,0,209.987,216.895,74.025,0,488.552,728.330,0,0,761.119,80.365,58.017,110.705,146.687,0.816,0.577,110.705,146.687,0.816,0.577,230.246,335.946,0.988,0.156,138.932,120.176,0.592,0.806,138.932,120.176,0.592,0.806,140.000,279.000,0.000,0.000,1.000,0.000,0,0
205.452,145.638,0.996,-0.087,0,217.021,220.056,75.604,0,474.173,742.539,0,0,768.713,89.008,65.243,116.594,150.809,0.823,0.568,116.594,150.809,0.823,0.568,237.346,337.071,0.988,0.156,143.261,125.915,0.617,0.787,143.261,125.915,0.617,0.787,140.000,279.000,0.000,0.000,1.000,0.000,0,0
219.841,145.638,1.000,-0.026,0,223.828,223.115,77.863,0,459.794,756.755,0,0,776.064,97.747,73.450,122.530,154.864,0.829,0.559,122.530,154.864,0.829,0.559,244.446,338.196,0.988,0.156,147.759,131.522,0.639,0.769,147.759,131.522,0.639,0.769,140.000,279.000,0.000,0.000,1.000,0.000,0,0
234.229,145.638,1.000,-0.007,0,230.414,226.075,80.800,0,445.416,770.977,0,0,783.178,106.545,82.273,128.508,158.857,0.835,0.551,128.508,158.857,0.835,0.551,251.547,339.321,0.988,0.156,152.411,137.003,0.659,0.752,152.411,137.003,0.659,0.752,140.000,279.000,0.000,0.000,1.000,0.000,0,0
245.247,153.777,0.886,0.463,0,236.784,228.937,75.925,0,434.629,783.107,0,0,790.061,111.090,88.784,134.523,162.793,0.840,0.543,134.523,162.793,0.840,0.543,258.647,340.446,0.988,0.156,157.200,142.364,0.677,0.736,157.200,142.364,0.677,0.736,140.000,279.000,0.000,0.000,1.000,1.000,0,0
249.316,166.480,0.411,0.912,0,242.944,231.705,65.871,0,431.220,789.209,0,0,796.718,108.744,89.222,140.572,166.677,0.844,0.536,140.572,166.677,0.844,0.536,265.747,341.571,0.988,0.156,162.112,147.612,0.693,0.721,162.112,147.612,0.693,0.721,140.000,279.000,0.000,0.000,0.000,1.000,0,0
249.316,180.869,0.122,0.993,0,248.898,234.381,53.923,0,432.412,791.807,0,0,803.155,103.185,86.856,146.652,170.513,0.848,0.530,146.652,170.513,0.848,0.530,272.847,342.696,0.988,0.156,167.137,152.753,0.708,0.707,167.137,152.753,0.708,0.707,140.000,279.000,0.000,0.000,0.000,1.000,0,0
249.316,195.257,0.036,0.999,0,254.697,236.987,42.595,0,434.078,794.658,0,0,809.425,99.613,85.678,151.793,174.964,0.179,0.984,151.793,174.964,0.179,0.984,279.947,343.821,0.988,0.156,172.264,157.792,0.721,0.693,172.264,157.792,0.721,0.693,140.000,279.000,0.000,0.000,0.000,1.000,0,0
249.316,209.646,0.010,1.000,1,249.462,224.779,15.133,1,436.213,797.759,0,0,801.427,100.122,85.794,153.077,182.037,0.179,0.984,153.077,182.037,0.179,0.984,287.047,344.946,0.988,0.156,177.484,162.734,0.757,0.653,177.484,162.734,0.757,0.653,140.000,279.000,0.000,0.000,0.000,1.000,0,0
251.351,223.192,0.086,0.996,1,252.655,238.269,15.133,1,436.650,802.877,0,0,807.881,102.805,88.288,154.360,189.110,0.179,0.984,154.360,189.110,0.179,0.984,294.147,346.071,0.988,0.156,182.710,167.665,0.704,0.710,182.710,167.665,0.704,0.710,140.000,279.000,0.000,0.000,1.000,1.000,0,0
261.526,233.366,0.543,0.840,1,269.743,246.074,15.133,1,428.832,815.224,0,0,826.402,112.220,95.438,155.644,196.183,0.179,0.984,155.644,196.183,0.179,0.984,301.247,347.196,0.988,0.156,187.917,172.620,0.744,0.668,187.917,172.620,0.744,0.668,140.000,279.000,0.000,0.000,1.000,1.000,0,0
267.630,245.226,0.480,0.877,0,274.898,258.500,15.133,0,425.722,824.143,0,0,834.683,110.844,100.636,308.347,348.321,0.000,0.000,308.347,348.321,0.000,0.000,156.928,203.256,0.179,0.984,193.275,177.412,0.709,0.705,193.275,177.412,0.709,0.705,140.000,279.000,0.000,0.000,0.000,1.000,0,1
267.630,250.982,0.299,0.954,0,281.774,276.963,29.582,0,427.209,825.658,0,0,846.479,109.460,97.416,315.447,349.446,0.988,0.156,315.447,349.446,0.988,0.156,158.212,210.330,0.179,0.984,198.236,182.613,0.663,0.749,198.236,182.613,0.663,0.749,140.000,279.000,0.000,0.000,0.000,0.000,0,0
267.630,239.471,0.943,0.332,0,288.479,294.969,59.286,0,424.307,822.665,0,0,858.261,110.363,82.652,159.496,217.403,0.179,0.984,159.496,217.403,0.179,0.984,322.547,350.570,0.988,0.156,202.888,188.092,0.625,0.781,202.888,188.092,0.625,0.781,140.000,279.000,0.000,0.000,0.000,-1.000,0,0
273.735,227.611,0.689,-0.724,0,295.019,312.530,87.547,0,415.667,825.664,0,0,870.005,112.999,74.565,160.780,224.476,0.179,0.984,160.780,224.476,0.179,0.984,329.647,351.695,0.988,0.156,207.289,193.775,0.594,0.804,207.289,193.775,0.594,0.804,140.000,279.000,0.000,0.000,1.000,-1.000,0,0
287.281,225.576,0.952,-0.305,0,301.397,329.656,105.036,0,402.013,838.349,0,0,881.690,125.359,80.120,162.064,231.549,0.179,0.984,162.064,231.549,0.179,0.984,336.747,352.820,0.988,0.156,211.484,199.612,0.569,0.823,211.484,199.612,0.569,0.823,427.000,279.000,0.000,0.000,1.000,0.000,0,0
301.669,225.576,0.996,-0.091,0,307.616,346.358,120.935,0,387.995,852.348,0,0,893.297,135.121,88.452,343.847,353.945,0.988,0.156,343.847,353.945,0.988,0.156,163.348,238.622,0.179,0.984,215.510,205.568,0.547,0.837,215.510,205.568,0.547,0.837,427.000,279.000,0.000,0.000,1.000,0.000,0,0
312.687,233.715,0.901,0.434,0,313.682,362.647,128.947,0,379.254,864.949,0,0,904.810,127.244,95.876,350.948,355.070,0.988,0.156,350.948,355.070,0.988,0.156,164.631,245.695,0.179,0.984,219.392,211.618,0.530,0.848,219.392,211.618,0.530,0.848,427.000,279.000,0.000,0.000,1.000,1.000,0,0
314.722,247.261,0.397,0.918,0,319.598,378.532,131.382,0,380.953,870.195,0,0,916.215,117.234,96.208,358.048,356.195,0.988,0.156,358.048,356.195,0.988,0.156,165.915,252.768,0.179,0.984,223.154,217.744,0.514,0.858,223.154,217.744,0.514,0.858,427.000,279.000,0.000,0.000,0.000,1.000,0,0
314.722,261.650,0.115,0.993,0,325.367,394.025,132.836,0,385.330,873.884,0,0,927.501,108.146,95.659,365.148,357.320,0.988,0.156,365.148,357.320,0.988,0.156,167.199,259.841,0.179,0.984,226.813,223.932,0.501,0.865,226.813,223.932,0.501,0.865,427.000,279.000,0.000,0.000,0.000,1.000,0,0
314.722,276.039,0.034,0.999,0,330.994,409.134,134.139,0,390.189,877.793,0,0,938.656,100.499,96.004,372.248,358.445,0.988,0.156,372.248,358.445,0.988,0.156,168.483,266.914,0.179,0.984,230.384,230.171,0.490,0.872,230.384,230.171,0.490,0.872,427.000,279.000,0.000,0.000,0.000,1.000,0,0
314.722,290.427,0.010,1.000,0,336.481,423.869,135.282,0,395.512,881.919,0,0,949.671,94.643,97.206,379.348,359.570,0.988,0.156,379.348,359.570,0.988,0.156,169.767,273.988,0.179,0.984,233.877,236.453,0.480,0.877,233.877,236.453,0.480,0.877,427.000,279.000,0.000,0.000,0.000,1.000,0,0
314.722,304.816,0.003,1.000,0,341.832,438.239,136.261,0,401.281,886.260,0,0,960.540,90.924,99.211,386.448,360.695,0.988,0.156,386.448,360.695,0.988,0.156,171.051,281.061,0.179,0.984,237.304,242.773,0.472,0.882,237.304,242.773,0.472,0.882,427.000,279.000,0.000,0.000,0.000,1.000,0,0
314.722,319.205,0.001,1.000,0,347.051,452.253,137.074,0,407.476,890.813,0,0,971.256,89.608,101.955,393.548,361.820,0.988,0.156,393.548,361.820,0.988,0.156,172.335,288.134,0.179,0.984,240.672,249.124,0.464,0.886,240.672,249.124,0.464,0.886,427.000,279.000,0.000,0.000,0.000,1.000,0,0
314.722,330.716,0.000,1.000,0,351.950,465.407,139.899,0,412.727,894.604,0,0,981.423,87.321,103.249,397.625,358.138,0.287,-0.958,397.625,358.138,0.287,-0.958,173.619,295.207,0.179,0.984,243.987,255.502,0.457,0.889,243.987,255.502,0.457,0.889,427.000,279.000,0.000,0.000,0.000,0.000,0,0
314.722,330.716,0.000,1.000,0,356.677,478.102,153.385,0,412.727,894.604,0,0,991.326,87.411,96.366,399.687,351.251,0.287,-0.958,399.687,351.251,0.287,-0.958,174.902,302.280,0.179,0.984,247.258,261.904,0.452,0.892,247.258,261.904,0.452,0.892,427.000,279.000,0.000,0.000,0.000,0.000,0,0
314.722,330.716,0.000,1.000,0,361.268,490.429,166.490,0,412.727,894.604,0,0,1001.023,88.090,89.545,401.748,344.364,0.287,-0.958,401.748,344.364,0.287,-0.958,176.186,309.353,0.179,0.984,250.489,268.325,0.446,0.895,250.489,268.325,0.446,0.895,427.000,279.000,0.000,0.000,0.000,0.000,0,0
314.722,330.716,0.000,1.000,0,365.724,502.396,179.219,0,412.727,894.604,0,0,1010.512,89.344,82.801,403.810,337.478,0.287,-0.958,403.810,337.478,0.287,-0.958,177.470,316.426,0.179,0.984,253.684,274.765,0.442,0.897,253.684,274.765,0.442,0.897,427.000,279.000,0.000,0.000,0.000,0.000,0,0
314.722,330.716,0.000,1.000,0,370.051,514.015,191.583,0,412.727,894.604,0,0,1019.793,91.150,76.153,405.871,330.591,0.287,-0.958,405.871,330.591,0.287,-0.958,178.754,323.499,0.179,0.984,256.846,281.221,0.437,0.899,256.846,281.221,0.437,0.899,427.000,279.000,0.000,0.000,0.000,0.000,0,0
314.722,330.716,0.000,1.000,0,374.266,525.333,203.634,0,412.727,894.604,0,0,1028.897,93.475,69.627,407.933,323.704,0.287,-0.958,407.933,323.704,0.287,-0.958,180.038,330.572,0.179,0.984,259.978,287.692,0.433,0.901,259.978,287.692,0.433,0.901,427.000,279.000,0.000,0.000,0.000,0.000,0,0
314.722,330.716,0.000,1.000,0,378.377,536.372,215.392,0,412.727,894.604,0,0,1037.834,96.281,63.259,409.995,316.817,0.287,-0.958,409.995,316.817,0.287,-0.958,181.322,337.645,0.179,0.984,263.083,294.175,0.430,0.903,263.083,294.175,0.430,0.903,427.000,279.000,0.000,0.000,0.000,0.000,0,0
314.722,330.716,0.000,1.000,0,382.385,547.137,226.865,0,412.727,894.604,0,0,1046.602,99.529,57.102,412.056,309.931,0.287,-0.958,412.056,309.931,0.287,-0.958,182.606,344.718,0.179,0.984,266.163,300.670,0.427,0.904,266.163,300.670,0.427,0.904,427.000,279.000,0.000,0.000,0.000,0.000,0,0
314.722,330.716,0.000,1.000,0,386.266,557.556,237.969,0,412.727,894.604,0,0,1055.139,103.176,51.229,414.118,303.044,0.287,-0.958,414.118,303.044,0.287,-0.958,183.890,351.791,0.179,0.984,269.221,307.177,0.423,0.906,269.221,307.177,0.423,0.906,427.000,279.000,0.000,0.000,0.000,0.000,0,0
314.722,330.716,0.000,1.000,0,389.986,567.547,248.612,0,412.727,894.604,0,0,1063.371,107.182,45.750,416.179,296.157,0.287,-0.958,416.179,296.157,0.287,-0.958,185.173,358.864,0.179,0.984,272.257,313.693,0.421,0.907,272.257,313.693,0.421,0.907,427.000,279.000,0.000,0.000,0.000,0.000,0,0
314.722,336.471,0.000,1.000,0,393.594,577.235,253.461,0,415.447,896.550,0,0,1071.395,113.773,42.665,418.241,289.270,0.287,-0.958,418.241,289.270,0.287,-0.958,186.457,365.937,0.179,0.984,275.274,320.218,0.418,0.908,275.274,320.218,0.418,0.908,427.000,279.000,0.000,0.000,0.000,1.000,0,0
314.722,350.860,0.000,1.000,0,397.092,586.629,249.853,0,422.513,901.555,0,0,1079.213,125.843,43.701,420.303,282.384,0.287,-0.958,420.303,282.384,0.287,-0.958,184.378,365.319,-0.601,-0.799,278.273,326.751,0.416,0.909,278.273,326.751,0.416,0.909,427.000,279.000,0.000,0.000,0.000,1.000,0,0
310.652,363.563,-0.300,0.954,0,400.484,595.737,249.056,0,432.519,902.358,0,0,1086.827,130.656,42.196,180.057,359.574,-0.601,-0.799,180.057,359.574,-0.601,-0.799,422.364,275.497,0.287,-0.958,281.256,333.291,0.414,0.910,281.256,333.291,0.414,0.910,427.000,279.000,0.000,0.000,-1.000,1.000,0,0
300.478,373.737,-0.615,0.788,0,403.771,604.564,252.992,0,446.513,896.750,0,0,1094.239,126.320,37.594,175.736,353.829,-0.601,-0.799,175.736,353.829,-0.601,-0.799,424.426,268.610,0.287,-0.958,284.223,339.839,0.412,0.911,284.223,339.839,0.412,0.911,427.000,279.000,0.000,0.000,-1.000,1.000,0,0
298.443,387.283,-0.239,0.971,0,406.957,613.119,250.662,0,455.513,900.147,0,0,1101.451,132.938,42.414,171.415,348.084,-0.601,-0.799,171.415,348.084,-0.601,-0.799,426.488,261.723,0.287,-0.958,287.176,346.393,0.410,0.912,287.176,346.393,0.410,0.912,427.000,279.000,0.000,0.000,0.000,1.000,0,0
298.443,401.672,-0.071,0.997,0,410.044,621.408,246.562,0,463.547,905.940,0,0,1108.465,144.128,49.425,167.094,342.339,-0.601,-0.799,167.094,342.339,-0.601,-0.799,428.549,254.837,0.287,-0.958,290.116,352.953,0.408,0.913,290.116,352.953,0.408,0.913,427.000,279.000,0.000,0.000,0.000,1.000,0,0
298.443,416.061,-0.021,1.000,0,413.034,629.437,242.311,0,471.883,911.923,0,0,1115.285,157.230,56.799,162.773,336.594,-0.601,-0.799,162.773,336.594,-0.601,-0.799,430.611,247.950,0.287,-0.958,293.043,359.519,0.406,0.914,293.043,359.519,0.406,0.914,427.000,279.000,0.000,0.000,0.000,1.000,0,0
298.443,427.572,-0.006,1.000,0,415.929,637.213,240.431,0,478.759,916.844,0,0,1121.913,170.155,61.532,158.452,330.849,-0.601,-0.799,158.452,330.849,-0.601,-0.799,432.672,241.063,0.287,-0.958,295.959,366.090,0.405,0.914,295.959,366.090,0.405,0.914,427.000,279.000,0.000,0.000,0.000,0.000,0,0
298.443,427.572,-0.006,1.000,0,418.733,644.743,248.369,0,478.759,916.844,0,0,1128.351,176.990,54.908,154.131,325.104,-0.601,-0.799,154.131,325.104,-0.601,-0.799,434.734,234.176,0.287,-0.958,298.863,372.666,0.403,0.915,298.863,372.666,0.403,0.915,427.000,279.000,0.000,0.000,0.000,0.000,0,0
298.443,427.572,-0.006,1.000,0,421.448,652.031,256.060,0,478.759,916.844,0,0,1134.603,183.852,48.439,149.810,319.359,-0.601,-0.799,149.810,319.359,-0.601,-0.799,436.796,227.290,0.287,-0.958,301.758,379.246,0.402,0.916,301.758,379.246,0.402,0.916,427.000,279.000,0.000,0.000,0.000,0.000,0,0
298.443,427.572,-0.006,1.000,0,424.074,659.085,263.507,0,478.759,916.844,0,0,1140.672,190.739,42.199,145.489,313.614,-0.601,-0.799,145.489,313.614,-0.601,-0.799,438.857,220.403,0.287,-0.958,304.642,385.831,0.400,0.916,304.642,385.831,0.400,0.916,427.000,279.000,0.000,0.000,0.000,0.000,0,0
298.443,427.572,-0.006,1.000,0,426.616,665.910,270.717,0,478.759,916.844,0,0,1146.560,197.646,36.305,141.168,307.869,-0.601,-0.799,141.168,307.869,-0.601,-0.799,440.919,213.516,0.287,-0.958,307.518,392.419,0.399,0.917,307.518,392.419,0.399,0.917,427.000,279.000,0.000,0.000,0.000,0.000,0,0
298.443,427.572,-0.006,1.000,0,429.074,672.512,277.695,0,478.759,916.844,0,0,1152.271,204.574,30.956,136.847,302.124,-0.601,-0.799,136.847,302.124,-0.601,-0.799,442.980,206.629,0.287,-0.958,310.384,399.012,0.398,0.917,310.384,399.012,0.398,0.917,427.000,279.000,0.000,0.000,0.000,0.000,0,0
298.443,427.572,-0.006,1.000,0,431.452,678.896,284.446,0,478.759,916.844,0,0,1157.807,211.518,26.485,132.526,296.378,-0.601,-0.799,132.526,296.378,-0.601,-0.799,445.042,199.743,0.287,-0.958,313.243,405.608,0.397,0.918,313.243,405.608,0.397,0.918,427.000,279.000,0.000,0.000,0.000,0.000,0,0
298.443,427.572,-0.006,1.000,0,433.750,685.068,290.975,0,478.759,916.844,0,0,1163.172,218.479,23.402,128.205,290.633,-0.601,-0.799,128.205,290.633,-0.601,-0.799,447.104,192.856,0.287,-0.958,316.094,412.207,0.396,0.918,316.094,412.207,0.396,0.918,427.000,279.000,0.000,0.000,0.000,0.000,0,0
298.443,427.572,-0.006,1.000,0,435.971,691.032,297.287,0,478.759,916.844,0,0,1168.369,225.453,22.289,123.884,284.888,-0.601,-0.799,123.884,284.888,-0.601,-0.799,449.165,185.969,0.287,-0.958,318.937,418.809,0.395,0.919,318.937,418.809,0.395,0.919,427.000,279.000,0.000,0.000,0.000,0.000,0,0
298.443,427.572,-0.006,1.000,0,438.117,696.795,303.388,0,478.759,916.844,0,0,1173.400,232.441,23.431,119.563,279.143,-0.601,-0.799,119.563,279.143,-0.601,-0.799,451.227,179.082,0.287,-0.958,321.774,425.415,0.394,0.919,321.774,425.415,0.394,0.919,427.000,279.000,0.000,0.000,0.000,0.000,0,0
298.443,427.572,-0.006,1.000,0,440.190,702.360,309.282,0,478.759,916.844,0,0,1178.270,239.441,26.537,115.242,273.398,-0.601,-0.799,115.242,273.398,-0.601,-0.799,453.289,172.196,0.287,-0.958,324.604,432.023,0.393,0.919,324.604,432.023,0.393,0.919,427.000,279.000,0.000,0.000,0.000,0.000,0,0
298.443,427.572,-0.006,1.000,0,442.207,707.777,315.020,0,478.759,916.844,0,0,1183.019,246.451,31.024,110.921,267.653,-0.601,-0.799,110.921,267.653,-0.601,-0.799,455.350,165.309,0.287,-0.958,327.427,438.634,0.392,0.920,327.427,438.634,0.392,0.920,427.000,279.000,0.000,0.000,0.000,0.000,0,0
298.443,427.572,-0.006,1.000,0,444.185,713.087,320.647,0,478.759,916.844,0,0,1187.684,253.472,36.384,106.600,261.908,-0.601,-0.799,106.600,261.908,-0.601,-0.799,457.412,158.422,0.287,-0.958,330.245,445.247,0.391,0.920,330.245,445.247,0.391,0.920,427.000,279.000,0.000,0.000,0.000,0.000,0,0
298.443,427.572,-0.006,1.000,0,446.123,718.294,326.164,0,478.759,916.844,0,0,1192.265,260.502,42.287,102.279,256.163,-0.601,-0.799,102.279,256.163,-0.601,-0.799,459.473,151.535,0.287,-0.958,333.057,451.863,0.391,0.921,333.057,451.863,0.391,0.921,427.000,279.000,0.000,0.000,0.000,0.000,0,0
298.443,427.572,-0.006,1.000,0,448.024,723.397,331.574,0,478.759,916.844,0,0,1196.764,267.540,48.535,97.958,250.418,-0.601,-0.799,97.958,250.418,-0.601,-0.799,461.535,144.649,0.287,-0.958,335.863,458.482,0.390,0.921,335.863,458.482,0.390,0.921,427.000,279.000,0.000,0.000,0.000,0.000,0,0
298.443,427.572,-0.006,1.000,0,449.887,728.401,336.880,0,478.759,916.844,0,0,1201.183,274.586,55.011,93.637,244.673,-0.601,-0.799,93.637,244.673,-0.601,-0.799,463.597,137.762,0.287,-0.958,338.663,465.102,0.389,0.921,338.663,465.102,0.389,0.921,427.000,279.000,0.000,0.000,0.000,0.000,0,0
298.443,427.572,-0.006,1.000,0,450.988,460.000,156.109,0,478.759,916.844,0,0,1068.934,281.639,61.229,89.316,238.928,-0.601,-0.799,89.316,238.928,-0.601,-0.799,465.658,130.875,0.287,-0.958,342.331,470.266,0.996,-0.094,342.331,470.266,0.996,-0.094,427.000,279.000,0.000,0.000,0.000,0.000,0,0
298.443,427.572,-0.006,1.000,0,450.988,460.000,156.095,0,478.759,916.844,0,0,1068.937,288.699,66.114,84.995,233.182,-0.601,-0.799,84.995,233.182,-0.601,-0.799,467.720,123.988,0.287,-0.958,349.488,469.590,0.996,-0.094,349.488,469.590,0.996,-0.094,427.000,279.000,0.000,0.000,0.000,0.000,0,0
298.443,427.572,-0.006,1.000,0,450.988,460.000,156.095,0,478.759,916.844,0,0,1068.937,295.765,71.391,80.674,227.437,-0.601,-0.799,80.674,227.437,-0.601,-0.799,469.781,117.102,0.287,-0.958,356.645,468.914,0.996,-0.094,356.645,468.914,0.996,-0.094,427.000,279.000,0.000,0.000,0.000,0.000,0,0
301.320,427.572,0.107,0.994,0,450.988,460.000,153.284,0,476.473,919.439,0,0,1068.937,304.954,74.549,76.353,221.692,-0.601,-0.799,76.353,221.692,-0.601,-0.799,471.843,110.215,0.287,-0.958,363.802,468.238,0.996,-0.094,363.802,468.238,0.996,-0.094,427.000,279.000,0.000,0.000,1.000,0.000,0,0
315.709,427.572,0.922,0.386,0,450.988,460.000,139.269,0,465.141,932.438,0,0,1068.937,322.744,68.203,72.032,215.947,-0.601,-0.799,72.032,215.947,-0.601,-0.799,473.905,103.328,0.287,-0.958,370.958,467.561,0.996,-0.094,370.958,467.561,0.996,-0.094,427.000,279.000,0.000,0.000,1.000,0.000,0,0
330.098,427.572,0.994,0.112,0,450.988,460.000,125.339,0,453.982,945.478,0,0,1068.937,340.729,62.058,67.711,210.202,-0.601,-0.799,67.711,210.202,-0.601,-0.799,475.966,96.441,0.287,-0.958,378.115,466.885,0.996,-0.094,378.115,466.885,0.996,-0.094,427.000,279.000,0.000,0.000,1.000,0.000,0,0
344.487,427.572,0.999,0.033,0,450.988,460.000,111.526,0,443.010,958.556,0,0,1068.937,358.881,56.181,63.390,204.457,-0.601,-0.799,63.390,204.457,-0.601,-0.799,478.028,89.555,0.287,-0.958,385.272,466.209,0.996,-0.094,385.272,466.209,0.996,-0.094,427.000,279.000,0.000,0.000,1.000,0.000,0,0
358.033,429.607,0.994,0.111,0,450.988,460.000,98.022,0,434.227,971.735,0,0,1068.937,367.783,49.737,480.090,82.668,0.287,-0.958,480.090,82.668,0.287,-0.958,59.069,198.712,-0.601,-0.799,392.429,465.533,0.996,-0.094,392.429,465.533,0.996,-0.094,427.000,279.000,0.000,0.000,1.000,1.000,0,0
368.207,439.781,0.817,0.577,0,450.988,460.000,85.472,0,433.773,985.200,0,0,1068.937,381.417,40.167,482.151,75.781,0.287,-0.958,482.151,75.781,0.287,-0.958,54.748,192.967,-0.601,-0.799,399.586,464.857,0.996,-0.094,399.586,464.857,0.996,-0.094,427.000,279.000,0.000,0.000,1.000,1.000,0,0
381.753,441.816,0.975,0.223,0,450.988,460.000,71.890,0,425.614,998.374,0,0,1068.937,386.741,33.536,484.213,68.894,0.287,-0.958,484.213,68.894,0.287,-0.958,50.427,187.222,-0.601,-0.799,406.743,464.180,0.996,-0.094,406.743,464.180,0.996,-0.094,427.000,279.000,0.000,0.000,1.000,0.000,0,0
396.141,441.816,0.998,0.065,0,450.988,460.000,58.161,0,415.682,1011.502,0,0,1068.937,390.357,28.031,486.274,62.008,0.287,-0.958,486.274,62.008,0.287,-0.958,50.121,182.031,0.795,-0.606,413.899,463.504,0.996,-0.094,413.899,463.504,0.996,-0.094,427.000,279.000,0.000,0.000,1.000,0.000,0,0
410.530,441.816,1.000,0.019,0,436.122,461.405,32.229,2,406.017,1024.665,0,0,1055.990,394.445,23.501,488.336,55.121,0.287,-0.958,488.336,55.121,0.287,-0.958,55.838,177.673,0.795,-0.606,421.056,462.828,-0.848,-0.530,421.056,462.828,-0.848,-0.530,427.000,279.000,0.000,0.000,1.000,0.000,0,0
424.919,441.816,1.000,0.005,1,440.052,441.892,15.133,1,396.639,1037.860,0,0,1051.802,398.991,19.876,490.398,48.234,0.287,-0.958,490.398,48.234,0.287,-0.958,61.554,173.314,0.795,-0.606,414.960,459.018,-0.848,-0.530,414.960,459.018,-0.848,-0.530,427.000,279.000,0.000,0.000,1.000,0.000,0,0
439.308,441.816,1.000,0.001,1,454.441,441.838,15.133,1,387.568,1051.087,0,0,1065.039,403.980,33.258,492.459,41.347,0.287,-0.958,492.459,41.347,0.287,-0.958,67.271,168.955,0.795,-0.606,408.865,455.208,-0.848,-0.530,408.865,455.208,-0.848,-0.530,427.000,279.000,0.000,0.000,1.000,0.000,0,0
451.168,435.711,0.919,-0.395,1,465.072,429.737,15.133,1,375.478,1059.665,0,0,1070.285,403.586,50.877,494.521,34.461,0.287,-0.958,494.521,34.461,0.287,-0.958,72.987,164.597,0.795,-0.606,402.769,451.397,0.945,-0.328,402.769,451.397,0.945,-0.328,427.000,279.000,0.000,0.000,1.000,-1.000,0,0
459.307,424.694,0.654,-0.756,1,469.210,413.251,15.133,1,361.795,1063.060,0,0,1068.114,398.866,55.353,496.582,27.574,0.287,-0.958,496.582,27.574,0.287,-0.958,78.704,160.238,0.795,-0.606,409.391,448.616,0.861,-0.509,409.391,448.616,0.861,-0.509,427.000,279.000,0.000,0.000,0.000,-1.000,0,0
459.307,410.305,0.205,-0.979,1,462.405,395.493,15.133,1,350.499,1057.815,0,0,1055.499,391.599,55.758,498.644,20.687,0.287,-0.958,498.644,20.687,0.287,-0.958,84.421,155.879,0.795,-0.606,415.083,444.264,0.696,-0.718,415.083,444.264,0.696,-0.718,427.000,279.000,0.000,0.000,0.000,-1.000,0,0
459.307,395.917,0.059,-0.998,1,460.206,380.810,15.133,1,339.437,1052.740,0,0,1048.444,384.352,58.348,500.706,13.800,0.287,-0.958,500.706,13.800,0.287,-0.958,90.137,151.521,0.795,-0.606,419.715,438.777,0.573,-0.820,419.715,438.777,0.573,-0.820,427.000,279.000,0.000,0.000,0.000,-1.000,0,0
459.307,381.528,0.017,-1.000,1,459.562,366.397,15.133,1,328.632,1047.838,0,0,1043.113,377.127,62.428,502.767,6.914,0.287,-0.958,502.767,6.914,0.287,-0.958,95.854,147.162,0.795,-0.606,423.543,432.697,0.477,-0.879,423.543,432.697,0.477,-0.879,427.000,279.000,0.000,0.000,0.000,-1.000,0,0
465.412,369.668,0.393,-0.919,1,471.362,355.753,15.133,1,315.773,1049.704,0,0,1050.953,371.737,68.514,504.829,0.027,0.287,-0.958,504.829,0.027,0.287,-0.958,101.570,142.803,0.795,-0.606,426.959,426.374,0.532,-0.847,426.959,426.374,0.532,-0.847,427.000,279.000,0.000,0.000,1.000,-1.000,0,0
475.586,359.494,0.634,-0.773,1,485.186,347.795,15.133,1,301.415,1056.128,0,0,1061.705,367.689,75.506,506.891,-6.860,0.287,-0.958,506.891,-6.860,0.287,-0.958,107.287,138.445,0.795,-0.606,431.018,420.443,0.598,-0.802,431.018,420.443,0.598,-0.802,427.000,279.000,0.000,0.000,1.000,-1.000,0,0
477.621,345.948,0.307,-0.952,1,482.266,331.545,15.133,1,290.183,1053.934,0,0,1054.169,361.056,80.697,508.952,-13.747,0.287,-0.958,508.952,-13.747,0.287,-0.958,113.004,134.086,0.795,-0.606,435.107,414.537,0.494,-0.869,435.107,414.537,0.494,-0.869,427.000,279.000,0.000,0.000,0.000,-1.000,0,0
477.621,331.559,0.080,-0.997,1,478.829,316.474,15.133,1,280.047,1049.723,0,0,1046.664,353.772,72.972,511.014,-20.633,0.287,-0.958,511.014,-20.633,0.287,-0.958,118.720,129.727,0.795,-0.606,427.000,279.000,0.000,0.000,427.000,279.000,0.000,0.000,438.366,408.134,0.404,-0.915,0.000,-1.000,0,0
477.621,317.170,0.023,-1.000,1,477.966,302.041,15.133,1,270.296,1045.692,0,0,1041.985,346.509,63.399,513.075,-27.520,0.287,-0.958,513.075,-27.520,0.287,-0.958,124.437,125.369,0.795,-0.606,427.000,279.000,0.000,0.000,427.000,279.000,0.000,0.000,441.099,401.486,0.348,-0.938,0.000,-1.000,0,0
477.621,302.782,0.006,-1.000,1,477.719,287.649,15.133,1,260.975,1041.845,0,0,1038.094,339.269,55.929,515.137,-34.407,0.287,-0.958,515.137,-34.407,0.287,-0.958,130.153,121.010,0.795,-0.606,427.000,279.000,0.000,0.000,427.000,279.000,0.000,0.000,443.469,394.700,0.305,-0.952,0.000,-1.000,0,0
477.621,288.393,0.002,-1.000,1,477.649,273.260,15.133,1,252.132,1038.183,0,0,1034.561,332.053,51.485,517.198,-41.294,0.287,-0.958,517.198,-41.294,0.287,-0.958,135.870,116.651,0.795,-0.606,427.000,279.000,0.000,0.000,427.000,279.000,0.000,0.000,445.556,387.821,0.270,-0.963,-1.000,-1.000,0,0
467.447,278.218,-0.515,-0.857,1,459.657,265.244,15.133,1,254.596,1025.831,0,0,1015.200,330.486,40.454,519.260,-48.180,0.287,-0.958,519.260,-48.180,0.287,-0.958,141.586,112.292,0.795,-0.606,427.000,279.000,0.000,0.000,427.000,279.000,0.000,0.000,447.014,380.790,0.109,-0.994,-1.000,-1.000,0,0
463.377,265.515,-0.294,-0.956,0,422.375,293.409,49.590,2,251.309,1018.882,0,0,986.089,325.777,38.796,521.321,-55.067,0.287,-0.958,521.321,-55.067,0.287,-0.958,147.303,107.934,0.795,-0.606,427.000,279.000,0.000,0.000,427.000,279.000,0.000,0.000,445.576,373.835,-0.277,-0.961,0.000,-1.000,0,0
463.377,251.127,-0.080,-0.997,0,422.375,293.409,58.898,2,244.317,1015.665,0,0,986.089,318.779,45.828,523.383,-61.954,0.287,-0.958,523.383,-61.954,0.287,-0.958,153.020,103.575,0.795,-0.606,427.000,279.000,0.000,0.000,427.000,279.000,0.000,0.000,443.584,366.928,-0.277,-0.961,0.000,-1.000,0,0
463.377,236.738,-0.022,-1.000,0,422.375,293.409,69.948,2,237.991,1012.643,0,0,986.089,311.818,55.762,525.444,-68.841,0.287,-0.958,525.444,-68.841,0.287,-0.958,158.736,99.216,0.795,-0.606,427.000,279.000,0.000,0.000,427.000,279.000,0.000,0.000,441.591,360.021,-0.277,-0.961,0.000,-1.000,0,0
463.377,222.349,-0.006,-1.000,0,422.375,293.409,82.040,2,232.384,1009.816,0,0,986.089,304.897,67.324,527.506,-75.727,0.287,-0.958,527.506,-75.727,0.287,-0.958,164.453,94.858,0.795,-0.606,427.000,279.000,0.000,0.000,427.000,279.000,0.000,0.000,439.599,353.114,-0.277,-0.961,0.000,-1.000,0,0
463.377,207.961,-0.002,-1.000,0,422.375,293.409,94.776,2,227.550,1007.188,0,0,986.089,298.018,79.811,529.567,-82.614,0.287,-0.958,529.567,-82.614,0.287,-0.958,170.169,90.499,0.795,-0.606,427.000,279.000,0.000,0.000,427.000,279.000,0.000,0.000,437.606,346.207,-0.277,-0.961,0.000,-1.000,0,0
456.430,198.136,-0.469,-0.883,0,422.375,293.409,101.177,2,231.403,998.658,0,0,986.089,297.304,86.053,531.629,-89.501,0.287,-0.958,531.629,-89.501,0.287,-0.958,175.886,86.140,0.795,-0.606,427.000,279.000,0.000,0.000,427.000,279.000,0.000,0.000,435.614,339.300,-0.277,-0.961,-1.000,0.000,0,0
442.041,198.136,-0.956,-0.294,0,422.375,293.409,97.282,2,245.292,984.477,0,0,986.089,285.248,82.251,181.602,81.782,0.795,-0.606,181.602,81.782,0.795,-0.606,533.690,-96.387,0.287,-0.958,427.000,279.000,0.000,0.000,427.000,279.000,0.000,0.000,433.621,332.393,-0.277,-0.961,-1.000,0.000,0,0
429.338,202.205,-0.976,0.220,0,422.375,293.409,91.469,2,258.581,972.671,0,0,986.089,272.294,76.830,187.319,77.423,0.795,-0.606,187.319,77.423,0.795,-0.606,535.752,-103.274,0.287,-0.958,427.000,279.000,0.000,0.000,427.000,279.000,0.000,0.000,431.629,325.486,-0.277,-0.961,-1.000,1.000,0,0
419.163,212.380,-0.810,0.587,0,422.375,293.409,81.093,2,271.046,964.521,0,0,986.089,265.599,67.080,193.035,73.064,0.795,-0.606,193.035,73.064,0.795,-0.606,537.814,-110.161,0.287,-0.958,427.000,279.000,0.000,0.000,427.000,279.000,0.000,0.000,429.636,318.579,-0.277,-0.961,0.000,1.000,0,0
419.163,226.768,-0.257,0.966,0,422.375,293.409,66.718,2,275.348,967.332,0,0,986.089,271.229,52.816,198.752,68.706,0.795,-0.606,198.752,68.706,0.795,-0.606,539.875,-117.048,0.287,-0.958,427.000,279.000,0.000,0.000,427.000,279.000,0.000,0.000,427.644,311.672,-0.277,-0.961,0.000,1.000,0,0
413.059,238.628,-0.410,0.912,0,422.375,293.409,55.567,2,285.094,963.842,0,0,986.089,271.816,42.711,204.468,64.347,0.795,-0.606,204.468,64.347,0.795,-0.606,541.937,-123.935,0.287,-0.958,427.000,279.000,0.000,0.000,427.000,279.000,0.000,0.000,425.651,304.765,-0.277,-0.961,-1.000,1.000,0,0
402.884,248.803,-0.628,0.778,0,422.375,293.409,48.679,2,298.250,956.177,0,0,986.089,269.785,38.645,210.185,59.988,0.795,-0.606,210.185,59.988,0.795,-0.606,543.999,-130.821,0.287,-0.958,427.000,279.000,0.000,0.000,427.000,279.000,0.000,0.000,423.659,297.858,-0.277,-0.961,-1.000,1.000,0,0
392.710,258.977,-0.687,0.726,0,422.375,293.409,45.449,2,311.515,948.669,0,0,986.089,269.465,39.708,215.902,55.630,0.795,-0.606,215.902,55.630,0.795,-0.606,546.060,-137.708,0.287,-0.958,427.000,279.000,0.000,0.000,427.000,279.000,0.000,0.000,422.463,293.713,-0.277,-0.961,-1.000,1.000,0,0
388.640,271.680,-0.398,0.917,0,422.375,293.409,40.128,2,320.356,947.867,0,0,986.089,276.544,39.052,221.618,51.271,0.795,-0.606,221.618,51.271,0.795,-0.606,548.122,-144.595,0.287,-0.958,427.000,279.000,0.000,0.000,427.000,279.000,0.000,0.000,422.065,292.332,0.277,0.961,0.000,1.000,0,0
388.640,286.069,-0.117,0.993,0,422.375,293.409,34.525,2,326.627,951.624,0,0,986.089,288.471,34.676,227.335,46.912,0.795,-0.606,227.335,46.912,0.795,-0.606,550.183,-151.481,0.287,-0.958,422.463,293.713,-0.277,-0.961,422.463,293.713,-0.277,-0.961,427.000,279.000,0.000,0.000,0.000,1.000,0,0
396.780,297.086,0.475,0.880,0,401.997,297.350,5.224,2,324.663,962.455,0,0,967.542,302.645,20.212,233.051,42.554,0.795,-0.606,233.051,42.554,0.795,-0.606,550.414,-157.224,-0.987,-0.162,416.754,293.999,-0.993,-0.115,416.754,293.999,-0.993,-0.115,427.000,279.000,0.000,0.000,1.000,1.000,0,0
412.360,301.156,0.933,0.360,0,393.427,296.359,19.531,2,313.300,978.552,0,0,959.033,315.193,9.155,239.911,37.323,0.795,-0.606,239.911,37.323,0.795,-0.606,541.901,-158.621,-0.987,-0.162,408.185,293.009,-0.993,-0.115,408.185,293.009,-0.993,-0.115,427.000,279.000,0.000,0.000,1.000,0.000,0,0
423.871,301.156,0.991,0.131,0,387.714,295.699,36.567,2,303.552,989.619,0,0,953.362,321.931,22.376,244.484,33.836,0.795,-0.606,244.484,33.836,0.795,-0.606,536.226,-159.553,-0.987,-0.162,427.000,279.000,0.000,0.000,427.000,279.000,0.000,0.000,402.472,292.349,-0.993,-0.115,1.000,0.000,0,0
438.260,301.156,0.999,0.033,0,380.573,294.874,58.028,2,291.549,1003.466,0,0,946.274,330.417,24.853,250.201,29.478,0.795,-0.606,250.201,29.478,0.795,-0.606,529.132,-160.717,-0.987,-0.162,427.000,279.000,0.000,0.000,427.000,279.000,0.000,0.000,395.331,291.523,-0.993,-0.115,1.000,0.000,0,0
452.649,301.156,1.000,0.009,0,373.432,294.048,79.535,2,279.770,1017.329,0,0,939.188,338.968,33.893,255.918,25.119,0.795,-0.606,255.918,25.119,0.795,-0.606,522.039,-161.882,-0.987,-0.162,427.000,279.000,0.000,0.000,427.000,279.000,0.000,0.000,388.190,290.698,-0.993,-0.115,1.000,0.000,0,0
467.038,301.156,1.000,0.003,0,366.291,293.223,101.059,2,268.246,1031.206,0,0,932.104,347.581,45.759,261.634,20.760,0.795,-0.606,261.634,20.760,0.795,-0.606,514.945,-163.047,-0.987,-0.162,427.000,279.000,0.000,0.000,427.000,279.000,0.000,0.000,381.049,289.873,-0.993,-0.115,0.000,0.000,0,0
458.404,301.156,0.804,-0.595,0,359.150,292.398,99.640,2,275.128,1022.878,0,0,925.021,342.909,38.433,267.351,16.402,0.795,-0.606,267.351,16.402,0.795,-0.606,507.851,-164.211,-0.987,-0.162,427.000,279.000,0.000,0.000,427.000,279.000,0.000,0.000,373.908,289.047,-0.993,-0.115,-1.000,0.000,0,0
444.016,301.156,-0.338,-0.941,0,352.009,291.572,92.505,2,286.808,1009.010,0,0,917.940,335.871,27.936,273.067,12.043,0.795,-0.606,273.067,12.043,0.795,-0.606,500.757,-165.376,-0.987,-0.162,427.000,279.000,0.000,0.000,427.000,279.000,0.000,0.000,366.766,288.222,-0.993,-0.115,-1.000,0.000,0,0
429.627,301.156,-0.992,-0.125,0,344.868,290.747,85.396,2,298.726,995.156,0,0,910.860,329.968,22.311,278.784,7.684,0.795,-0.606,278.784,7.684,0.795,-0.606,493.664,-166.540,-0.987,-0.162,427.000,279.000,0.000,0.000,427.000,279.000,0.000,0.000,359.625,287.396,-0.993,-0.115,-1.000,0.000,0,0
415.238,301.156,-0.999,-0.035,0,337.727,289.922,78.322,2,310.852,981.318,0,0,903.782,325.262,25.084,284.500,3.326,0.795,-0.606,284.500,3.326,0.795,-0.606,486.570,-167.705,-0.987,-0.162,427.000,279.000,0.000,0.000,427.000,279.000,0.000,0.000,352.484,286.571,-0.993,-0.115,-1.000,0.000,0,0
400.849,301.156,-1.000,-0.010,0,330.585,289.096,71.291,2,323.164,967.495,0,0,896.706,321.804,34.274,290.217,-1.033,0.795,-0.606,290.217,-1.033,0.795,-0.606,479.476,-168.869,-0.987,-0.162,427.000,279.000,0.000,0.000,427.000,279.000,0.000,0.000,345.343,285.746,-0.993,-0.115,-1.000,0.000,0,0
386.461,301.156,-1.000,-0.003,0,323.444,288.271,64.320,2,335.641,953.690,0,0,889.632,319.635,46.199,295.933,-5.392,0.795,-0.606,295.933,-5.392,0.795,-0.606,472.382,-170.034,-0.987,-0.162,427.000,279.000,0.000,0.000,427.000,279.000,0.000,0.000,338.202,284.920,-0.993,-0.115,-1.000,0.000,0,0
372.072,301.156,-1.000,-0.001,0,316.303,287.446,57.429,2,348.266,939.902,0,0,882.560,318.782,44.418,301.650,-9.750,0.795,-0.606,301.650,-9.750,0.795,-0.606,465.288,-171.198,-0.987,-0.162,331.061,284.095,-0.993,-0.115,331.061,284.095,-0.993,-0.115,427.000,279.000,0.000,0.000,-1.000,0.000,0,0
357.683,301.156,-1.000,0.000,0,309.162,286.620,50.652,2,361.023,926.132,0,0,875.489,319.255,38.209,307.366,-14.109,0.795,-0.606,307.366,-14.109,0.795,-0.606,458.195,-172.363,-0.987,-0.162,323.920,283.270,-0.993,-0.115,323.920,283.270,-0.993,-0.115,427.000,279.000,0.000,0.000,-1.000,0.000,0,0
343.295,301.156,-1.000,0.000,0,302.021,285.795,44.039,2,373.898,912.382,0,0,868.420,321.048,32.453,313.083,-18.468,0.795,-0.606,313.083,-18.468,0.795,-0.606,451.101,-173.528,-0.987,-0.162,316.779,282.444,-0.993,-0.115,316.779,282.444,-0.993,-0.115,427.000,279.000,0.000,0.000,-1.000,0.000,0,0
328.906,301.156,-1.000,0.000,0,294.880,284.970,37.680,2,386.880,898.651,0,0,861.354,324.140,27.440,318.800,-22.826,0.795,-0.606,318.800,-22.826,0.795,-0.606,44.000,-93.000,0.000,0.000,309.638,281.619,-0.993,-0.115,309.638,281.619,-0.993,-0.115,427.000,279.000,0.000,0.000,-1.000,0.000,0,0
314.517,301.156,-1.000,0.000,1,299.384,301.156,15.133,1,399.959,884.941,0,0,870.546,328.493,23.646,324.516,-27.185,0.795,-0.606,324.516,-27.185,0.795,-0.606,44.000,-93.000,0.000,0.000,302.496,280.794,-0.993,-0.115,302.496,280.794,-0.993,-0.115,427.000,279.000,0.000,0.000,-1.000,0.000,0,0
300.128,301.156,-1.000,0.000,1,284.995,301.156,15.133,1,413.124,871.253,0,0,856.882,334.059,21.719,330.233,-31.544,0.795,-0.606,330.233,-31.544,0.795,-0.606,44.000,-93.000,0.000,0.000,295.355,279.968,-0.993,-0.115,295.355,279.968,-0.993,-0.115,427.000,279.000,0.000,0.000,-1.000,0.000,0,0
285.740,301.156,-1.000,0.000,1,270.606,301.156,15.133,1,426.369,857.589,0,0,843.243,340.777,22.152,335.949,-35.902,0.795,-0.606,335.949,-35.902,0.795,-0.606,44.000,-93.000,0.000,0.000,288.214,279.143,-0.993,-0.115,288.214,279.143,-0.993,-0.115,237.912,184.062,0.269,0.963,-1.000,0.000,0,0
273.037,305.226,-0.936,0.353,1,258.876,310.563,15.133,1,439.654,846.854,0,0,835.244,352.237,28.082,341.666,-40.261,0.795,-0.606,341.666,-40.261,0.795,-0.606,44.000,-93.000,0.000,0.000,281.073,278.318,-0.993,-0.115,281.073,278.318,-0.993,-0.115,239.516,191.066,0.160,0.987,-1.000,1.000,0,0
262.862,315.400,-0.788,0.616,1,250.939,324.719,15.133,1,452.962,840.625,0,0,832.660,369.808,39.491,347.382,-44.620,0.795,-0.606,347.382,-44.620,0.795,-0.606,44.000,-93.000,0.000,0.000,273.932,277.492,-0.993,-0.115,273.932,277.492,-0.993,-0.115,240.440,198.193,0.083,0.997,-1.000,1.000,0,0
262.862,326.417,-0.297,0.955,1,258.370,340.868,15.133,1,457.392,844.418,0,0,845.403,386.089,49.905,353.099,-48.978,0.795,-0.606,353.099,-48.978,0.795,-0.606,44.000,-93.000,0.000,0.000,266.791,276.667,-0.993,-0.115,266.791,276.667,-0.993,-0.115,240.946,205.363,0.128,0.992,1.000,1.000,0,0
275.565,330.487,0.802,0.597,1,287.702,339.527,15.133,1,447.593,857.740,0,0,872.277,392.749,56.916,358.815,-53.337,0.795,-0.606,358.815,-53.337,0.795,-0.606,44.000,-93.000,0.000,0.000,259.650,275.842,-0.993,-0.115,259.650,275.842,-0.993,-0.115,242.413,212.388,0.336,0.942,1.000,0.000,0,0
288.268,326.417,0.991,-0.132,1,303.269,324.417,15.133,1,434.388,868.258,0,0,881.707,391.611,62.616,364.532,-57.696,0.795,-0.606,364.532,-57.696,0.795,-0.606,44.000,-93.000,0.000,0.000,252.509,275.016,-0.993,-0.115,252.509,275.016,-0.993,-0.115,245.230,218.995,0.482,0.876,1.000,-1.000,0,0
298.443,316.243,0.827,-0.562,1,310.959,307.737,15.133,1,420.840,874.457,0,0,883.594,385.052,67.715,370.249,-62.054,0.795,-0.606,370.249,-62.054,0.795,-0.606,44.000,-93.000,0.000,0.000,245.367,274.191,-0.993,-0.115,245.367,274.191,-0.993,-0.115,249.043,225.082,0.600,0.800,1.000,-1.000,0,0
308.617,306.069,0.744,-0.668,1,319.874,295.954,15.133,1,407.350,880.848,0,0,888.477,378.521,77.617,375.965,-66.413,0.795,-0.606,375.965,-66.413,0.795,-0.606,44.000,-93.000,0.000,0.000,238.226,273.366,-0.993,-0.115,238.226,273.366,-0.993,-0.115,253.676,230.571,0.711,0.703,1.000,-1.000,0,0
318.791,295.894,0.718,-0.696,1,329.658,285.362,15.133,1,393.924,887.426,0,0,894.749,372.020,85.073,381.682,-70.772,0.795,-0.606,381.682,-70.772,0.795,-0.606,44.000,-93.000,0.000,0.000,259.097,235.280,0.815,0.579,259.097,235.280,0.815,0.579,231.085,272.540,-0.993,-0.115,1.000,-1.000,0,0
328.966,285.720,0.710,-0.704,1,339.710,275.062,15.133,1,380.569,894.188,0,0,901.545,365.550,79.014,387.398,-75.130,0.795,-0.606,387.398,-75.130,0.795,-0.606,44.000,-93.000,0.000,0.000,265.217,239.036,0.900,0.435,265.217,239.036,0.900,0.435,427.000,279.000,0.000,0.000,1.000,-1.000,0,0
339.140,275.545,0.708,-0.706,1,349.854,264.857,15.133,1,367.291,901.128,0,0,908.631,359.114,75.287,393.115,-79.489,0.795,-0.606,393.115,-79.489,0.795,-0.606,351.787,-189.831,-0.987,-0.162,271.873,241.732,0.959,0.284,271.873,241.732,0.959,0.284,427.000,279.000,0.000,0.000,1.000,-1.000,0,0
349.315,265.371,0.707,-0.707,1,360.019,254.674,15.133,1,354.100,908.243,0,0,915.915,352.712,73.806,398.831,-83.848,0.795,-0.606,398.831,-83.848,0.795,-0.606,344.694,-190.996,-0.987,-0.162,278.870,243.350,0.990,0.138,278.870,243.350,0.990,0.138,427.000,279.000,0.000,0.000,0.000,-1.000,0,0
349.315,250.982,0.201,-0.980,1,352.349,236.156,15.133,1,349.179,904.635,0,0,904.098,343.656,63.708,404.548,-88.206,0.795,-0.606,404.548,-88.206,0.795,-0.606,337.600,-192.160,-0.987,-0.162,286.036,243.598,0.994,-0.112,286.036,243.598,0.994,-0.112,427.000,279.000,0.000,0.000,0.000,-1.000,0,0
349.315,236.593,0.059,-0.998,1,350.206,221.487,15.133,1,344.788,901.243,0,0,898.786,334.754,56.529,410.264,-92.565,0.795,-0.606,410.264,-92.565,0.795,-0.606,330.506,-193.325,-0.987,-0.162,293.058,242.132,0.941,-0.340,293.058,242.132,0.941,-0.340,427.000,279.000,0.000,0.000,0.000,-1.000,0,0
349.315,222.205,0.016,-1.000,1,349.563,207.074,15.133,1,340.948,898.068,0,0,895.210,326.017,52.546,415.981,-96.924,0.795,-0.606,415.981,-96.924,0.795,-0.606,323.412,-194.489,-0.987,-0.162,299.556,239.091,0.842,-0.539,299.556,239.091,0.842,-0.539,427.000,279.000,0.000,0.000,0.000,-1.000,0,0
349.315,207.816,0.005,-1.000,1,349.384,192.683,15.133,1,337.678,895.113,0,0,892.314,317.461,51.625,421.698,-101.282,0.795,-0.606,421.698,-101.282,0.795,-0.606,316.318,-195.654,-0.987,-0.162,305.273,234.751,0.724,-0.690,305.273,234.751,0.724,-0.690,427.000,279.000,0.000,0.000,0.000,-1.000,0,0
349.315,193.428,0.001,-1.000,1,349.334,178.294,15.133,1,334.995,892.381,0,0,889.768,309.098,53.233,427.414,-105.641,0.795,-0.606,427.414,-105.641,0.795,-0.606,309.225,-196.819,-0.987,-0.162,310.136,229.467,0.608,-0.794,310.136,229.467,0.608,-0.794,427.000,279.000,0.000,0.000,0.000,-1.000,0,0
349.315,179.039,0.000,-1.000,1,349.320,163.906,15.133,1,332.912,889.873,0,0,887.485,300.946,56.688,433.131,-110.000,0.795,-0.606,433.131,-110.000,0.795,-0.606,302.131,-197.983,-0.987,-0.162,314.208,223.548,0.507,-0.862,314.208,223.548,0.507,-0.862,427.000,279.000,0.000,0.000,0.000,-1.000,0,0
349.315,164.650,0.000,-1.000,1,349.316,149.517,15.133,1,331.442,887.591,0,0,885.439,293.022,61.389,438.847,-114.358,0.795,-0.606,438.847,-114.358,0.795,-0.606,295.037,-199.148,-0.987,-0.162,317.606,217.216,0.424,-0.906,317.606,217.216,0.424,-0.906,427.000,279.000,0.000,0.000,0.000,-1.000,0,0
349.315,150.262,0.000,-1.000,1,349.315,135.128,15.133,1,330.592,885.537,0,0,883.625,285.345,66.901,444.564,-118.717,0.795,-0.606,444.564,-118.717,0.795,-0.606,287.943,-200.312,-0.987,-0.162,320.454,210.618,0.357,-0.934,320.454,210.618,0.357,-0.934,427.000,279.000,0.000,0.000,0.000,-1.000,0,0
349.315,135.873,0.000,-1.000,1,349.315,120.740,15.133,1,330.367,883.713,0,0,882.043,277.936,72.938,450.280,-123.076,0.795,-0.606,450.280,-123.076,0.795,-0.606,280.849,-201.477,-0.987,-0.162,322.860,203.844,0.303,-0.953,322.860,203.844,0.303,-0.953,427.000,279.000,0.000,0.000,0.000,-1.000,0,0
353.384,123.170,0.233,-0.973,1,356.908,108.453,15.133,1,326.628,886.341,0,0,888.439,270.798,79.084,455.997,-127.434,0.795,-0.606,455.997,-127.434,0.795,-0.606,273.755,-202.641,-0.987,-0.162,324.963,196.971,0.339,-0.941,324.963,196.971,0.339,-0.941,427.000,279.000,0.000,0.000,1.000,-1.000,0,0
365.245,117.065,0.801,-0.599,1,377.365,108.005,15.133,1,315.139,897.529,0,0,908.779,266.902,82.318,461.714,-131.793,0.795,-0.606,461.714,-131.793,0.795,-0.606,266.662,-203.806,-0.987,-0.162,327.793,190.370,0.516,-0.857,327.793,190.370,0.516,-0.857,427.000,279.000,0.000,0.000,1.000,0.000,0,0
379.633,117.065,0.983,-0.185,1,394.506,114.269,15.133,1,300.802,911.850,0,0,926.399,268.006,82.606,467.430,-136.151,0.795,-0.606,467.430,-136.151,0.795,-0.606,259.568,-204.970,-0.987,-0.162,331.983,184.542,0.665,-0.747,331.983,184.542,0.665,-0.747,427.000,279.000,0.000,0.000,1.000,0.000,0,0
394.022,117.065,0.999,-0.053,1,409.134,116.257,15.133,1,286.471,926.173,0,0,941.145,269.455,84.484,473.147,-140.510,0.795,-0.606,473.147,-140.510,0.795,-0.606,252.474,-206.135,-0.987,-0.162,337.034,179.434,0.752,-0.659,337.034,179.434,0.752,-0.659,427.000,279.000,0.000,0.000,1.000,0.000,0,0
408.411,117.065,1.000,-0.015,1,423.542,116.834,15.133,1,272.145,940.499,0,0,955.544,271.243,87.607,478.863,-144.869,0.795,-0.606,478.863,-144.869,0.795,-0.606,245.380,-207.300,-0.987,-0.162,342.626,174.921,0.812,-0.583,342.626,174.921,0.812,-0.583,427.000,279.000,0.000,0.000,1.000,0.000,0,0
422.799,117.065,1.000,-0.004,0,440.117,116.909,17.318,0,257.826,954.826,0,0,972.057,273.365,91.688,484.580,-149.227,0.795,-0.606,484.580,-149.227,0.795,-0.606,238.287,-208.464,-0.987,-0.162,348.604,170.932,0.861,-0.508,348.604,170.932,0.861,-0.508,427.000,279.000,0.000,0.000,0.000,0.000,1,0
422.799,117.065,1.000,-0.003,0,459.622,116.776,36.824,0,257.826,954.826,0,0,991.472,278.941,84.566,490.296,-153.586,0.795,-0.606,490.296,-153.586,0.795,-0.606,231.193,-209.629,-0.987,-0.162,354.915,167.495,0.900,-0.436,354.915,167.495,0.900,-0.436,427.000,279.000,0.000,0.000,0.000,0.000,0,0
422.799,117.065,1.000,-0.003,0,478.644,116.647,55.847,0,257.826,954.826,0,0,1010.407,284.588,77.558,496.013,-157.944,0.795,-0.606,496.013,-157.944,0.795,-0.606,224.099,-210.793,-0.987,-0.162,361.465,164.535,0.926,-0.378,361.465,164.535,0.926,-0.378,427.000,279.000,0.000,0.000,0.000,0.000,0,0
422.799,117.065,1.000,-0.003,0,497.195,116.521,74.400,0,257.826,954.826,0,0,1028.876,290.304,70.703,501.729,-162.303,0.795,-0.606,501.729,-162.303,0.795,-0.606,217.005,-211.958,-0.987,-0.162,368.173,161.954,0.943,-0.332,368.173,161.954,0.943,-0.332,427.000,279.000,0.000,0.000,0.000,0.000,0,0
422.799,117.065,1.000,-0.003,0,515.288,116.398,92.496,0,257.826,954.826,0,0,1046.890,296.084,64.042,507.446,-166.662,0.795,-0.606,507.446,-166.662,0.795,-0.606,209.912,-213.122,-0.987,-0.162,374.992,159.678,0.956,-0.295,374.992,159.678,0.956,-0.295,427.000,279.000,0.000,0.000,0.000,0.000,0,0
422.799,117.065,1.000,-0.003,0,532.932,116.278,110.145,0,257.826,954.826,0,0,1064.458,299.327,57.627,511.778,-168.731,-0.168,0.986,511.778,-168.731,-0.168,0.986,202.818,-214.287,-0.987,-0.162,381.888,157.650,0.964,-0.264,381.888,157.650,0.964,-0.264,427.000,279.000,0.000,0.000,0.000,0.000,0,0
422.799,117.065,1.000,-0.003,0,550.140,116.161,127.359,0,257.826,954.826,0,0,1081.594,292.203,51.532,510.569,-161.645,-0.168,0.986,510.569,-161.645,-0.168,0.986,195.724,-215.451,-0.987,-0.162,388.842,155.827,0.971,-0.239,388.842,155.827,0.971,-0.239,427.000,279.000,0.000,0.000,0.000,0.000,0,0
422.799,117.065,1.000,-0.003,0,566.922,116.047,144.149,0,257.826,954.826,0,0,1098.306,285.083,45.869,509.361,-154.558,-0.168,0.986,509.361,-154.558,-0.168,0.986,188.630,-216.616,-0.987,-0.162,395.838,154.173,0.976,-0.218,395.838,154.173,0.976,-0.218,427.000,279.000,0.000,0.000,0.000,0.000,0,0
422.799,117.065,1.000,-0.003,0,583.288,115.936,160.526,0,257.826,954.826,0,0,1114.606,277.966,40.799,508.152,-147.472,-0.168,0.986,508.152,-147.472,-0.168,0.986,181.537,-217.780,-0.987,-0.162,402.866,152.663,0.980,-0.199,402.866,152.663,0.980,-0.199,427.000,279.000,0.000,0.000,0.000,0.000,0,0
422.799,117.065,1.000,-0.003,0,599.249,115.827,176.502,0,257.826,954.826,0,0,1130.504,270.853,36.554,506.944,-140.386,-0.168,0.986,506.944,-140.386,-0.168,0.986,174.443,-218.945,-0.987,-0.162,409.919,151.275,0.983,-0.184,409.919,151.275,0.983,-0.184,427.000,279.000,0.000,0.000,1.000,0.000,0,0
437.188,117.065,1.000,-0.001,0,614.816,115.721,177.702,0,243.516,969.155,0,0,1146.010,259.579,38.626,505.735,-133.299,-0.168,0.986,505.735,-133.299,-0.168,0.986,167.349,-220.110,-0.987,-0.162,416.992,149.991,0.985,-0.171,416.992,149.991,0.985,-0.171,427.000,279.000,0.000,0.000,1.000,0.000,0,0
449.048,110.961,0.901,-0.434,0,629.997,115.618,181.104,0,232.356,980.449,0,0,1161.133,243.576,45.333,504.527,-126.213,-0.168,0.986,504.527,-126.213,-0.168,0.986,160.256,-221.274,-0.987,-0.162,424.081,148.798,0.987,-0.159,424.081,148.798,0.987,-0.159,427.000,279.000,0.000,0.000,1.000,-1.000,0,0
459.223,100.786,0.772,-0.636,0,644.647,115.519,186.127,0,223.739,989.819,0,0,1175.731,224.290,54.641,503.319,-119.126,-0.168,0.986,503.319,-119.126,-0.168,0.986,153.162,-222.439,-0.987,-0.162,431.183,147.685,0.989,-0.149,431.183,147.685,0.989,-0.149,629.000,42.742,0.000,0.000,1.000,-1.000,0,0
44.850,281.150,1.000,-0.028,0,658.426,115.425,635.596,0,650.608,625.320,0,0,1189.468,129.941,95.174,-85.000,286.000,0.000,0.000,-85.000,286.000,0.000,0.000,-296.000,285.000,0.000,0.000,140.000,279.000,0.000,0.000,140.000,279.000,0.000,0.000,290.700,275.300,0.000,0.000,1.000,-1.000,0,0
46.836,267.670,0.352,-0.936,0,671.815,115.334,643.310,0,645.832,621.888,0,0,1202.816,133.104,93.850,-85.000,286.000,0.000,0.000,-85.000,286.000,0.000,0.000,-296.000,285.000,0.000,0.000,140.000,279.000,0.000,0.000,140.000,279.000,0.000,0.000,290.700,275.300,0.000,0.000,0.000,-1.000,0,0
46.836,253.281,0.079,-0.997,0,670.815,115.272,639.088,0,643.095,616.553,0,0,1201.818,135.836,96.649,-85.000,286.000,0.000,0.000,-85.000,286.000,0.000,0.000,-296.000,285.000,0.000,0.000,140.000,279.000,0.000,0.000,140.000,279.000,0.000,0.000,290.700,275.300,0.000,0.000,0.000,-1.000,0,0
46.836,238.893,0.022,-1.000,0,669.848,115.210,635.196,0,640.670,611.511,0,0,1200.853,140.000,101.430,-85.000,286.000,0.000,0.000,-85.000,286.000,0.000,0.000,44.000,-93.000,0.000,0.000,140.000,279.000,0.000,0.000,140.000,279.000,0.000,0.000,290.700,275.300,0.000,0.000,0.000,-1.000,0,0
46.836,224.504,0.006,-1.000,0,669.806,115.155,632.518,0,638.560,606.768,0,0,1200.810,145.474,107.932,-85.000,286.000,0.000,0.000,-85.000,286.000,0.000,0.000,44.000,-93.000,0.000,0.000,140.000,279.000,0.000,0.000,140.000,279.000,0.000,0.000,290.700,275.300,0.000,0.000,0.000,-1.000,0,0
46.836,210.115,0.002,-1.000,0,669.806,115.100,630.197,0,636.768,602.331,0,0,1200.807,152.116,115.865,-85.000,286.000,0.000,0.000,-85.000,286.000,0.000,0.000,44.000,-93.000,0.000,0.000,140.000,279.000,0.000,0.000,140.000,279.000,0.000,0.000,290.700,275.300,0.000,0.000,0.000,-1.000,0,0
46.836,195.727,0.001,-1.000,0,669.806,115.045,628.195,0,635.297,598.208,0,0,1200.804,159.781,124.956,-85.000,286.000,0.000,0.000,-85.000,286.000,0.000,0.000,44.000,-93.000,0.000,0.000,140.000,279.000,0.000,0.000,140.000,279.000,0.000,0.000,290.700,275.300,0.000,0.000,0.000,-1.000,0,0
46.836,181.338,0.000,-1.000,0,669.806,114.993,626.516,0,634.149,594.404,0,0,1200.800,168.330,134.972,-85.000,286.000,0.000,0.000,-85.000,286.000,0.000,0.000,44.000,-93.000,0.000,0.000,140.000,279.000,0.000,0.000,140.000,279.000,0.000,0.000,290.700,275.300,0.000,0.000,0.000,-1.000,0,0
46.836,166.949,0.000,-1.000,0,669.806,114.941,625.161,0,633.326,590.926,0,0,1200.795,177.634,145.722,-85.000,286.000,0.000,0.000,-85.000,286.000,0.000,0.000,44.000,-93.000,0.000,0.000,140.000,279.000,0.000,0.000,140.000,279.000,0.000,0.000,290.700,275.300,0.000,0.000,0.000,-1.000,0,0
46.836,152.561,0.000,-1.000,0,669.806,114.891,624.134,0,632.830,587.781,0,0,1200.789,187.582,157.055,-85.000,286.000,0.000,0.000,-85.000,286.000,0.000,0.000,44.000,-93.000,0.000,0.000,140.000,279.000,0.000,0.000,140.000,279.000,0.000,0.000,108.800,-94.600,0.000,0.000,0.000,-1.000,0,0
50.906,139.858,0.268,-0.963,0,59.000,80.600,60.147,0,628.594,589.281,0,0,589.175,199.570,165.222,-85.000,286.000,0.000,0.000,-85.000,286.000,0.000,0.000,44.000,-93.000,0.000,0.000,140.000,279.000,0.000,0.000,140.000,279.000,0.000,0.000,108.800,-94.600,0.000,0.000,1.000,-1.000,0,0
61.080,129.683,0.603,-0.798,0,59.000,80.600,49.554,0,618.475,597.513,0,0,589.173,213.949,168.890,-85.000,286.000,0.000,0.000,-85.000,286.000,0.000,0.000,44.000,-93.000,0.000,0.000,140.000,279.000,0.000,0.000,140.000,279.000,0.000,0.000,108.800,-94.600,0.000,0.000,1.000,-1.000,0,0
65.150,116.980,0.305,-0.952,0,59.000,80.600,37.489,0,614.708,599.570,0,0,589.171,211.043,178.474,44.000,-93.000,0.000,0.000,44.000,-93.000,0.000,0.000,-85.000,286.000,0.000,0.000,140.000,279.000,0.000,0.000,140.000,279.000,0.000,0.000,108.800,-94.600,0.000,0.000,0.000,-1.000,0,0
65.150,102.592,0.085,-0.996,1,66.433,87.513,15.133,1,615.365,597.674,0,0,597.330,196.732,191.631,44.000,-93.000,0.000,0.000,44.000,-93.000,0.000,0.000,-85.000,286.000,0.000,0.000,140.000,279.000,0.000,0.000,140.000,279.000,0.000,0.000,108.800,-94.600,0.000,0.000,0.000,-1.000,0,0
69.220,89.889,0.358,-0.934,1,74.643,75.761,15.133,1,612.169,600.333,0,0,604.516,184.620,188.687,44.000,-93.000,0.000,0.000,44.000,-93.000,0.000,0.000,-67.000,-108.000,0.000,0.000,108.800,-94.600,0.000,0.000,108.800,-94.600,0.000,0.000,140.000,279.000,0.000,0.000,1.000,-1.000,0,0
79.394,79.714,0.614,-0.790,1,88.681,67.766,15.133,1,602.927,609.556,0,0,617.982,176.304,176.777,44.000,-93.000,0.000,0.000,44.000,-93.000,0.000,0.000,-67.000,-108.000,0.000,0.000,108.800,-94.600,0.000,0.000,108.800,-94.600,0.000,0.000,140.000,279.000,0.000,0.000,1.000,-1.000,0,0
89.568,69.540,0.683,-0.731,1,99.901,58.483,15.133,1,593.889,618.976,0,0,628.703,168.807,165.263,44.000,-93.000,0.000,0.000,44.000,-93.000,0.000,0.000,-67.000,-108.000,0.000,0.000,108.800,-94.600,0.000,0.000,108.800,-94.600,0.000,0.000,140.000,279.000,0.000,0.000,1.000,-1.000,0,0
99.743,59.366,0.700,-0.714,1,110.336,48.559,15.133,1,585.066,628.585,0,0,638.774,162.242,154.232,44.000,-93.000,0.000,0.000,44.000,-93.000,0.000,0.000,-67.000,-108.000,0.000,0.000,108.800,-94.600,0.000,0.000,108.800,-94.600,0.000,0.000,140.000,279.000,0.000,0.000,1.000,-1.000,0,0
111.603,53.261,0.883,-0.469,1,124.969,46.165,15.133,1,574.188,640.187,0,0,653.337,161.129,147.888,44.000,-93.000,0.000,0.000,44.000,-93.000,0.000,0.000,-67.000,-108.000,0.000,0.000,108.800,-94.600,0.000,0.000,108.800,-94.600,0.000,0.000,140.000,279.000,0.000,0.000,1.000,0.000,0,0
125.992,53.261,0.992,-0.125,1,141.006,51.369,15.133,1,559.966,654.563,0,0,669.504,167.675,148.857,44.000,-93.000,0.000,0.000,44.000,-93.000,0.000,0.000,-67.000,-108.000,0.000,0.000,108.800,-94.600,0.000,0.000,108.800,-94.600,0.000,0.000,292.000,-96.000,0.000,0.000,1.000,0.000,0,0
140.380,53.261,0.999,-0.039,1,155.502,52.674,15.133,1,545.753,668.940,0,0,684.030,175.161,151.196,44.000,-93.000,0.000,0.000,44.000,-93.000,0.000,0.000,-67.000,-108.000,0.000,0.000,108.800,-94.600,0.000,0.000,108.800,-94.600,0.000,0.000,292.000,-96.000,0.000,0.000,1.000,1.000,0,0
150.555,63.436,0.846,0.533,1,163.357,71.505,15.133,1,534.195,679.517,0,0,692.727,189.278,163.459,44.000,-93.000,0.000,0.000,44.000,-93.000,0.000,0.000,-67.000,-108.000,0.000,0.000,108.800,-94.600,0.000,0.000,108.800,-94.600,0.000,0.000,292.000,-96.000,0.000,0.000,1.000,1.000,0,0
154.624,76.138,0.428,0.904,1,161.099,89.817,15.133,1,528.533,684.303,0,0,691.792,202.103,176.781,44.000,-93.000,0.000,0.000,44.000,-93.000,0.000,0.000,-67.000,-108.000,0.000,0.000,108.800,-94.600,0.000,0.000,108.800,-94.600,0.000,0.000,140.000,279.000,0.000,0.000,-1.000,1.000,0,0
144.450,86.313,-0.419,0.908,1,138.112,100.055,15.133,1,537.563,674.913,0,0,669.878,205.532,184.392,44.000,-93.000,0.000,0.000,44.000,-93.000,0.000,0.000,-67.000,-108.000,0.000,0.000,108.800,-94.600,0.000,0.000,108.800,-94.600,0.000,0.000,140.000,279.000,0.000,0.000,-1.000,1.000,0,0
134.276,96.487,-0.639,0.770,1,124.613,108.134,15.133,1,546.822,665.702,0,0,657.355,209.893,182.603,44.000,-93.000,0.000,0.000,44.000,-93.000,0.000,0.000,-67.000,-108.000,0.000,0.000,140.000,279.000,0.000,0.000,140.000,279.000,0.000,0.000,108.800,-94.600,0.000,0.000,-1.000,1.000,0,0
124.101,106.662,-0.687,0.726,1,113.697,117.651,15.133,1,556.300,656.676,0,0,647.726,215.130,173.070,44.000,-93.000,0.000,0.000,44.000,-93.000,0.000,0.000,-85.000,286.000,0.000,0.000,140.000,279.000,0.000,0.000,140.000,279.000,0.000,0.000,108.800,-94.600,0.000,0.000,-1.000,1.000,0,0
113.927,116.836,-0.702,0.712,1,103.304,127.614,15.133,1,565.984,647.845,0,0,638.863,221.181,164.247,44.000,-93.000,0.000,0.000,44.000,-93.000,0.000,0.000,-85.000,286.000,0.000,0.000,140.000,279.000,0.000,0.000,140.000,279.000,0.000,0.000,108.800,-94.600,0.000,0.000,-1.000,1.000,0,0
103.799,126.941,-0.706,0.709,0,86.209,130.665,18.007,0,575.821,639.251,0,0,622.434,227.926,156.309,44.000,-93.000,0.000,0.000,44.000,-93.000,0.000,0.000,-85.000,286.000,0.000,0.000,140.000,279.000,0.000,0.000,140.000,279.000,0.000,0.000,108.800,-94.600,0.000,0.000,-1.000,1.000,0,1
93.625,137.116,-0.707,0.708,0,67.961,131.725,26.309,0,585.887,630.830,0,0,604.583,232.537,149.271,-85.000,286.000,0.000,0.000,-85.000,286.000,0.000,0.000,44.000,-93.000,0.000,0.000,140.000,279.000,0.000,0.000,140.000,279.000,0.000,0.000,108.800,-94.600,0.000,0.000,-1.000,1.000,0,0
82.608,145.255,-0.772,0.635,0,50.165,132.759,34.923,0,596.945,621.423,0,0,587.201,218.864,145.539,-85.000,286.000,0.000,0.000,-85.000,286.000,0.000,0.000,44.000,-93.000,0.000,0.000,140.000,279.000,0.000,0.000,140.000,279.000,0.000,0.000,108.800,-94.600,0.000,0.000,-1.000,0.000,0,0
68.219,145.255,-0.980,0.200,0,32.809,133.767,37.506,0,611.328,607.291,0,0,570.275,205.272,151.790,-85.151,281.689,-0.035,-0.999,-85.151,281.689,-0.035,-0.999,44.000,-93.000,0.000,0.000,140.000,279.000,0.000,0.000,140.000,279.000,0.000,0.000,108.800,-94.600,0.000,0.000,-1.000,0.000,0,0
61.271,135.430,-0.841,-0.541,0,15.883,134.750,45.774,0,618.234,598.678,0,0,553.797,202.126,163.740,-85.402,274.505,-0.035,-0.999,-85.402,274.505,-0.035,-0.999,44.000,-93.000,0.000,0.000,140.000,279.000,0.000,0.000,140.000,279.000,0.000,0.000,108.800,-94.600,0.000,0.000,0.000,-1.000,0,0
61.271,121.041,-0.244,-0.970,0,-0.218,135.981,63.626,0,618.459,596.334,0,0,538.218,207.327,176.491,-85.653,267.321,-0.035,-0.999,-85.653,267.321,-0.035,-0.999,44.000,-93.000,0.000,0.000,140.000,279.000,0.000,0.000,140.000,279.000,0.000,0.000,108.800,-94.600,0.000,0.000,0.000,-1.000,0,0
61.271,106.652,-0.072,-0.997,0,-15.399,137.614,82.952,0,619.018,594.329,0,0,523.670,200.398,189.478,44.000,-93.000,0.000,0.000,44.000,-93.000,0.000,0.000,-85.904,260.137,-0.035,-0.999,140.000,279.000,0.000,0.000,140.000,279.000,0.000,0.000,108.800,-94.600,0.000,0.000,-1.000,-1.000,0,0
51.097,96.478,-0.550,-0.835,0,-30.143,139.256,92.054,0,629.764,583.011,0,0,509.594,189.611,199.601,44.000,-93.000,0.000,0.000,44.000,-93.000,0.000,0.000,-39.494,-89.644,0.832,0.555,108.800,-94.600,0.000,0.000,108.800,-94.600,0.000,0.000,140.000,279.000,0.000,0.000,-1.000,-1.000,0,0
40.923,86.304,-0.665,-0.747,0,-44.458,140.909,101.565,0,640.653,571.831,0,0,495.982,179.330,193.219,44.000,-93.000,0.000,0.000,44.000,-93.000,0.000,0.000,-33.515,-85.654,0.832,0.555,108.800,-94.600,0.000,0.000,108.800,-94.600,0.000,0.000,140.000,279.000,0.000,0.000,-1.000,-1.000,0,0
30.748,76.129,-0.695,-0.719,0,-58.354,142.567,111.342,0,651.677,560.797,0,0,482.825,168.213,187.725,-27.535,-81.664,0.832,0.555,-27.535,-81.664,0.832,0.555,44.000,-93.000,0.000,0.000,108.800,-94.600,0.000,0.000,108.800,-94.600,0.000,0.000,140.000,279.000,0.000,0.000,-1.000,-1.000,0,0
20.574,65.955,-0.704,-0.710,0,-71.848,144.187,121.269,0,662.830,549.918,0,0,470.098,149.680,183.199,-21.556,-77.674,0.832,0.555,-21.556,-77.674,0.832,0.555,44.000,-93.000,0.000,0.000,108.800,-94.600,0.000,0.000,108.800,-94.600,0.000,0.000,140.000,279.000,0.000,0.000,-1.000,-1.000,0,0
10.400,55.781,-0.706,-0.708,0,-84.950,145.761,131.271,0,674.106,539.204,0,0,457.788,132.044,179.714,-15.576,-73.683,0.832,0.555,-15.576,-73.683,0.832,0.555,44.000,-93.000,0.000,0.000,108.800,-94.600,0.000,0.000,108.800,-94.600,0.000,0.000,140.000,279.000,0.000,0.000,-1.000,-1.000,0,0
0.225,45.606,-0.707,-0.707,0,-97.670,147.289,141.304,0,685.499,528.664,0,0,445.885,115.717,177.331,-9.597,-69.693,0.832,0.555,-9.597,-69.693,0.832,0.555,44.000,-93.000,0.000,0.000,108.800,-94.600,0.000,0.000,108.800,-94.600,0.000,0.000,225.474,-77.644,-0.964,0.266,-1.000,-1.000,0,0
-13.321,43.572,-0.945,-0.327,0,-110.018,148.773,143.044,0,699.192,515.076,0,0,434.380,109.704,184.404,-3.617,-65.703,0.832,0.555,-3.617,-65.703,0.832,0.555,44.000,-93.000,0.000,0.000,108.800,-94.600,0.000,0.000,108.800,-94.600,0.000,0.000,218.544,-75.732,-0.964,0.266,-1.000,0.000,0,0
-27.709,43.572,-0.996,-0.091,0,-122.003,150.212,142.504,0,713.448,500.699,0,0,423.264,109.494,194.232,2.362,-61.712,0.832,0.555,2.362,-61.712,0.832,0.555,44.000,-93.000,0.000,0.000,108.800,-94.600,0.000,0.000,108.800,-94.600,0.000,0.000,211.615,-73.820,-0.964,0.266,-1.000,0.000,0,0
-42.098,43.572,-1.000,-0.025,0,-133.633,151.609,141.756,0,727.709,486.322,0,0,412.528,113.157,204.601,8.342,-57.722,0.832,0.555,8.342,-57.722,0.832,0.555,-88.163,195.478,-0.035,-0.999,108.800,-94.600,0.000,0.000,108.800,-94.600,0.000,0.000,204.685,-71.908,-0.964,0.266,-1.000,0.000,0,0
-56.487,43.572,-1.000,-0.007,0,-144.918,152.965,140.823,0,741.976,471.946,0,0,402.163,120.340,215.432,14.322,-53.732,0.832,0.555,14.322,-53.732,0.832,0.555,-88.414,188.294,-0.035,-0.999,108.800,-94.600,0.000,0.000,108.800,-94.600,0.000,0.000,197.755,-69.996,-0.964,0.266,-1.000,0.000,0,0
-70.875,43.572,-1.000,-0.002,0,-155.866,154.280,139.728,0,756.247,457.571,0,0,392.160,130.462,226.660,20.301,-49.741,0.832,0.555,20.301,-49.741,0.832,0.555,-88.665,181.109,-0.035,-0.999,108.800,-94.600,0.000,0.000,108.800,-94.600,0.000,0.000,190.825,-68.084,-0.964,0.266,-1.000,0.000,0,0
-85.264,43.572,-1.000,-0.001,0,-166.486,155.556,138.497,0,770.522,443.197,0,0,382.511,130.405,238.227,-88.916,173.925,-0.035,-0.999,-88.916,173.925,-0.035,-0.999,26.281,-45.751,0.832,0.555,108.800,-94.600,0.000,0.000,108.800,-94.600,0.000,0.000,183.896,-66.172,-0.964,0.266,-1.000,0.000,0,0
-99.653,43.572,-1.000,0.000,0,-176.785,156.793,137.159,0,784.801,428.824,0,0,373.208,123.615,250.088,-89.167,166.741,-0.035,-0.999,-89.167,166.741,-0.035,-0.999,32.260,-41.761,0.832,0.555,108.800,-94.600,0.000,0.000,108.800,-94.600,0.000,0.000,176.966,-64.259,-0.964,0.266,-1.000,0.000,0,0
-114.041,43.572,-1.000,0.000,0,-186.772,157.993,135.742,0,799.085,414.452,0,0,364.242,118.570,262.202,-89.418,159.556,-0.035,-0.999,-89.418,159.556,-0.035,-0.999,38.240,-37.770,0.832,0.555,108.800,-94.600,0.000,0.000,108.800,-94.600,0.000,0.000,170.036,-62.347,-0.964,0.266,-1.000,0.000,0,0
-128.430,43.572,-1.000,0.000,0,-196.453,159.156,134.279,0,813.372,400.081,0,0,355.606,115.499,274.535,-89.669,152.372,-0.035,-0.999,-89.669,152.372,-0.035,-0.999,44.219,-33.780,0.832,0.555,108.800,-94.600,0.000,0.000,108.800,-94.600,0.000,0.000,163.107,-60.435,-0.964,0.266,-1.000,0.000,0,0
-142.819,43.572,-1.000,0.000,0,-205.838,160.283,132.804,0,827.662,385.711,0,0,347.291,114.561,287.060,-89.920,145.188,-0.035,-0.999,-89.920,145.188,-0.035,-0.999,50.199,-29.790,0.832,0.555,108.800,-94.600,0.000,0.000,108.800,-94.600,0.000,0.000,156.177,-58.523,-0.964,0.266,-1.000,0.000,0,0
-155.522,47.641,-0.952,0.305,0,-214.933,161.376,128.488,0,839.834,373.187,0,0,339.290,111.517,300.164,-90.171,138.004,-0.035,-0.999,-90.171,138.004,-0.035,-0.999,-293.600,-119.100,0.000,0.000,108.800,-94.600,0.000,0.000,108.800,-94.600,0.000,0.000,149.247,-56.611,-0.964,0.266,-1.000,1.000,0,0
-165.696,57.816,-0.798,0.603,0,-223.745,162.434,119.828,0,848.929,363.643,0,0,331.595,104.860,313.972,-90.422,130.819,-0.035,-0.999,-90.422,130.819,-0.035,-0.999,-293.600,-119.100,0.000,0.000,108.800,-94.600,0.000,0.000,108.800,-94.600,0.000,0.000,142.317,-54.699,-0.964,0.266,-1.000,1.000,0,0
-175.870,67.990,-0.732,0.682,0,-232.282,163.460,111.089,0,858.168,354.427,0,0,324.198,101.759,327.830,-90.673,123.635,-0.035,-0.999,-90.673,123.635,-0.035,-0.999,-293.600,-119.100,0.000,0.000,108.800,-94.600,0.000,0.000,108.800,-94.600,0.000,0.000,135.388,-52.787,-0.964,0.266,-1.000,1.000,0,0
-186.045,78.164,-0.714,0.700,0,-240.549,164.453,102.276,0,867.547,345.565,0,0,317.092,102.536,339.946,-90.924,116.451,-0.035,-0.999,-90.924,116.451,-0.035,-0.999,-293.600,-119.100,0.000,0.000,128.458,-50.875,-0.964,0.266,128.458,-50.875,-0.964,0.266,108.800,-94.600,0.000,0.000,-1.000,1.000,0,0
-196.219,88.339,-0.709,0.705,0,-248.555,165.414,93.401,0,877.062,337.084,0,0,310.269,107.108,346.143,-91.176,109.266,-0.035,-0.999,-91.176,109.266,-0.035,-0.999,-296.000,285.000,0.000,0.000,121.528,-48.963,-0.964,0.266,121.528,-48.963,-0.964,0.266,108.800,-94.600,0.000,0.000,-1.000,1.000,0,0
-206.393,98.513,-0.708,0.707,0,-256.305,166.345,84.477,0,886.709,329.014,0,0,303.722,115.022,352.455,-91.427,102.082,-0.035,-0.999,-91.427,102.082,-0.035,-0.999,-296.000,285.000,0.000,0.000,114.599,-47.051,-0.964,0.266,114.599,-47.051,-0.964,0.266,108.800,-94.600,0.000,0.000,-1.000,0.000,0,0
-220.782,98.513,-0.976,0.219,0,-263.805,167.246,81.359,0,901.081,314.964,0,0,297.443,129.155,358.491,-91.678,94.898,-0.035,-0.999,-91.678,94.898,-0.035,-0.999,-296.000,285.000,0.000,0.000,107.669,-45.138,-0.964,0.266,107.669,-45.138,-0.964,0.266,108.800,-94.600,0.000,0.000,-1.000,0.000,0,0
-235.171,98.513,-0.998,0.057,0,-271.062,168.118,78.594,0,915.454,300.946,0,0,291.426,143.649,364.589,-91.929,87.713,-0.035,-0.999,-91.929,87.713,-0.035,-0.999,-392.349,6.450,0.585,0.811,100.739,-43.226,-0.964,0.266,100.739,-43.226,-0.964,0.266,108.800,-94.600,0.000,0.000,-1.000,0.000,0,0
-249.559,98.513,-1.000,0.017,0,-278.082,168.961,76.292,0,929.827,286.964,0,0,285.662,158.404,370.748,-92.180,80.529,-0.035,-0.999,-92.180,80.529,-0.035,-0.999,-388.144,12.281,0.585,0.811,93.809,-41.314,-0.964,0.266,93.809,-41.314,-0.964,0.266,108.800,-94.600,0.000,0.000,-1.000,0.000,0,0
-263.948,98.513,-1.000,0.005,0,-284.871,169.777,74.567,0,944.201,273.025,0,0,280.146,144.437,378.204,-383.938,18.111,0.585,0.811,-92.431,73.345,-0.035,-0.999,-92.431,73.345,-0.035,-0.999,86.930,-42.635,-0.955,-0.296,86.930,-42.635,-0.955,-0.296,108.800,-94.600,0.000,0.000,-1.000,0.000,0,0
-278.337,98.513,-1.000,0.001,0,-291.434,170.565,73.533,0,958.576,259.135,0,0,274.869,125.865,385.979,-379.732,23.941,0.585,0.811,-296.000,285.000,0.000,0.000,-296.000,285.000,0.000,0.000,80.064,-44.764,-0.955,-0.296,80.064,-44.764,-0.955,-0.296,108.800,-94.600,0.000,0.000,-1.000,0.000,0,0
-292.726,98.513,-1.000,0.000,0,-297.777,171.327,73.290,0,972.951,245.303,0,0,269.825,107.618,393.755,-375.527,29.771,0.585,0.811,-296.000,285.000,0.000,0.000,-296.000,285.000,0.000,0.000,73.198,-46.893,-0.955,-0.296,73.198,-46.893,-0.955,-0.296,108.800,-94.600,0.000,0.000,-1.000,0.000,0,0
-305.429,102.583,-0.936,0.352,0,-303.905,172.063,69.813,0,985.487,234.360,0,0,265.007,96.127,401.484,-373.560,34.770,-0.972,0.234,-296.000,285.000,0.000,0.000,-296.000,285.000,0.000,0.000,66.332,-49.022,-0.955,-0.296,66.332,-49.022,-0.955,-0.296,108.800,-94.600,0.000,0.000,-1.000,1.000,0,0
-315.603,112.757,-0.788,0.616,0,-309.824,172.774,60.659,0,995.345,228.169,0,0,260.407,100.205,409.319,-380.550,36.449,-0.972,0.234,-296.000,285.000,0.000,0.000,-296.000,285.000,0.000,0.000,59.466,-51.151,-0.955,-0.296,59.466,-51.151,-0.955,-0.296,104.060,325.844,-0.986,-0.169,-1.000,1.000,0,0
-325.777,122.932,-0.731,0.682,0,-315.546,173.462,51.981,0,1005.312,222.737,0,0,256.015,104.911,417.396,-387.540,38.128,-0.972,0.234,-296.000,285.000,0.000,0.000,-296.000,285.000,0.000,0.000,52.599,-53.279,-0.955,-0.296,52.599,-53.279,-0.955,-0.296,96.975,324.626,-0.986,-0.169,-1.000,1.000,0,0
-335.952,133.106,-0.714,0.700,0,-321.139,174.134,44.121,0,1015.385,218.120,0,0,251.774,110.165,425.700,-394.530,39.806,-0.972,0.234,-296.000,285.000,0.000,0.000,-296.000,285.000,0.000,0.000,45.733,-55.408,-0.955,-0.296,45.733,-55.408,-0.955,-0.296,89.890,323.408,-0.986,-0.169,-1.000,1.000,0,0
-340.022,145.809,-0.374,0.927,1,-345.687,159.841,15.133,1,1019.474,220.880,0,0,223.857,121.101,430.007,-401.520,41.485,-0.972,0.234,-296.000,285.000,0.000,0.000,-296.000,285.000,0.000,0.000,38.867,-57.537,-0.955,-0.296,38.867,-57.537,-0.955,-0.296,82.805,322.191,-0.986,-0.169,0.000,1.000,0,0
-340.022,160.197,-0.112,0.994,1,-341.710,175.236,15.133,1,1019.687,228.695,0,0,236.188,132.339,432.135,-296.000,285.000,0.000,0.000,-296.000,285.000,0.000,0.000,-408.510,43.163,-0.972,0.234,32.001,-59.666,-0.955,-0.296,32.001,-59.666,-0.955,-0.296,75.720,320.973,-0.986,-0.169,0.000,1.000,0,0
-340.022,174.586,-0.032,0.999,1,-340.505,189.712,15.133,1,1020.103,237.128,0,0,246.218,118.866,433.676,-296.000,285.000,0.000,0.000,-296.000,285.000,0.000,0.000,-415.499,44.842,-0.972,0.234,68.636,319.755,-0.986,-0.169,68.636,319.755,-0.986,-0.169,25.134,-61.795,-0.955,-0.296,0.000,1.000,0,0
-331.039,183.568,0.595,0.804,0,-322.036,195.732,15.133,0,1011.493,249.698,0,0,264.270,107.313,415.143,-296.000,285.000,0.000,0.000,-296.000,285.000,0.000,0.000,-418.476,43.244,0.423,-0.906,61.551,318.538,-0.986,-0.169,61.551,318.538,-0.986,-0.169,18.268,-63.924,-0.955,-0.296,1.000,0.000,0,1
-319.528,183.568,0.942,0.335,0,-316.519,214.646,31.223,0,999.996,258.875,0,0,280.593,104.125,397.192,-296.000,285.000,0.000,0.000,-296.000,285.000,0.000,0.000,-415.434,36.731,0.423,-0.906,54.466,317.320,-0.986,-0.169,54.466,317.320,-0.986,-0.169,11.402,-66.053,-0.955,-0.296,0.000,0.000,0,0
-319.528,183.568,0.942,0.335,0,-311.139,233.092,50.229,0,999.996,258.875,0,0,296.903,104.125,390.112,-296.000,285.000,0.000,0.000,-296.000,285.000,0.000,0.000,-412.391,30.218,0.423,-0.906,47.381,316.102,-0.986,-0.169,47.381,316.102,-0.986,-0.169,4.536,-68.182,-0.955,-0.296,0.000,0.000,0,0
-319.528,183.568,0.942,0.335,0,-305.893,251.081,68.877,0,999.996,258.875,0,0,313.121,104.125,383.037,-296.000,285.000,0.000,0.000,-296.000,285.000,0.000,0.000,-409.480,26.364,0.331,0.943,40.296,314.885,-0.986,-0.169,40.296,314.885,-0.986,-0.169,-2.331,-70.311,-0.955,-0.296,0.000,0.000,0,0
-319.528,183.568,0.942,0.335,0,-286.510,273.212,95.531,1,999.996,258.875,0,0,342.462,104.125,375.967,-296.000,285.000,0.000,0.000,-296.000,285.000,0.000,0.000,-407.097,33.146,0.331,0.943,33.211,313.667,-0.986,-0.169,33.211,313.667,-0.986,-0.169,-9.197,-72.440,-0.955,-0.296,1.000,0.000,0,0
-305.139,183.568,0.996,0.090,0,-286.510,273.212,91.559,1,985.624,270.596,0,0,342.462,101.843,355.454,-296.000,285.000,0.000,0.000,-296.000,285.000,0.000,0.000,-404.714,39.928,0.331,0.943,26.127,312.450,-0.986,-0.169,26.127,312.450,-0.986,-0.169,-16.063,-74.568,-0.955,-0.296,1.000,0.000,0,0
-290.751,183.568,1.000,0.027,0,-286.510,273.212,89.744,1,971.253,282.565,0,0,342.462,101.567,335.066,-296.000,285.000,0.000,0.000,-296.000,285.000,0.000,0.000,-402.332,46.711,0.331,0.943,19.042,311.232,-0.986,-0.169,19.042,311.232,-0.986,-0.169,-22.929,-76.697,-0.955,-0.296,1.000,0.000,0,0
-276.362,183.568,1.000,0.007,0,-286.510,273.212,90.216,1,956.882,294.749,0,0,342.462,103.315,314.827,-296.000,285.000,0.000,0.000,-296.000,285.000,0.000,0.000,-399.949,53.493,0.331,0.943,11.957,310.014,-0.986,-0.169,11.957,310.014,-0.986,-0.169,-29.795,-78.826,-0.955,-0.296,1.000,0.000,0,0
-261.973,183.568,1.000,0.002,0,-286.510,273.212,92.941,1,942.512,307.125,0,0,342.462,106.987,294.769,-296.000,285.000,0.000,0.000,-296.000,285.000,0.000,0.000,-397.566,60.275,0.331,0.943,4.872,308.797,-0.986,-0.169,4.872,308.797,-0.986,-0.169,-36.662,-80.955,-0.955,-0.296,1.000,0.000,0,0
-247.585,183.568,1.000,0.001,0,-286.510,273.212,97.730,1,928.142,319.669,0,0,342.462,112.394,274.929,-296.000,285.000,0.000,0.000,-296.000,285.000,0.000,0.000,-395.183,67.058,0.331,0.943,-2.213,307.579,-0.986,-0.169,-2.213,307.579,-0.986,-0.169,-43.528,-83.084,-0.955,-0.296,1.000,0.000,0,0
-233.196,183.568,1.000,0.000,0,-286.510,273.212,104.300,1,913.774,332.363,0,0,342.462,119.301,255.360,-296.000,285.000,0.000,0.000,-296.000,285.000,0.000,0.000,-392.800,73.840,0.331,0.943,-9.298,306.361,-0.986,-0.169,-9.298,306.361,-0.986,-0.169,-50.394,-85.213,-0.955,-0.296,1.000,0.000,0,0
-218.807,183.568,1.000,0.000,0,-286.510,273.212,112.337,1,899.405,345.189,0,0,342.462,127.464,236.128,-296.000,285.000,0.000,0.000,-296.000,285.000,0.000,0.000,-390.418,80.622,0.331,0.943,-16.382,305.144,-0.986,-0.169,-16.382,305.144,-0.986,-0.169,-57.260,-87.342,-0.955,-0.296,1.000,1.000,0,1
-208.633,193.743,0.845,0.535,0,-286.510,273.212,111.267,1,889.826,358.833,0,0,342.462,126.337,215.468,-296.000,285.000,0.000,0.000,-296.000,285.000,0.000,0.000,-388.035,87.405,0.331,0.943,-23.467,303.926,-0.986,-0.169,-23.467,303.926,-0.986,-0.169,-64.127,-89.471,-0.955,-0.296,1.000,1.000,0,0
-195.930,197.813,0.948,0.319,0,-284.014,270.112,113.957,0,877.419,371.992,0,0,342.051,132.724,195.839,-296.000,285.000,0.000,0.000,-296.000,285.000,0.000,0.000,-385.652,94.187,0.331,0.943,-30.552,302.708,-0.986,-0.169,-30.552,302.708,-0.986,-0.169,-70.993,-91.600,-0.955,-0.296,1.000,0.000,1,0
-183.227,193.743,0.970,-0.245,0,-271.721,254.842,107.538,0,864.476,381.620,0,0,340.697,145.071,181.125,-296.000,285.000,0.000,0.000,-296.000,285.000,0.000,0.000,-383.269,100.969,0.331,0.943,-37.637,301.491,-0.986,-0.169,-37.637,301.491,-0.986,-0.169,-77.859,-93.729,-0.955,-0.296,1.000,-1.000,0,0
-187.297,182.726,0.223,-0.975,0,-259.732,239.950,92.312,0,867.898,373.333,0,0,340.455,149.253,184.784,-296.000,285.000,0.000,0.000,-296.000,285.000,0.000,0.000,-380.886,107.752,0.331,0.943,-44.722,300.273,-0.986,-0.169,-44.722,300.273,-0.986,-0.169,-84.725,-95.858,-0.955,-0.296,-1.000,-1.000,0,0
-197.471,172.551,-0.529,-0.848,0,-248.040,225.426,73.166,0,877.597,359.948,0,0,341.248,149.508,192.929,-296.000,285.000,0.000,0.000,-296.000,285.000,0.000,0.000,-378.503,114.534,0.331,0.943,-51.806,299.055,-0.986,-0.169,-51.806,299.055,-0.986,-0.169,-91.591,-97.986,-0.955,-0.296,-1.000,-1.000,0,0
-199.506,160.691,-0.263,-0.965,0,-236.637,211.262,62.745,0,879.242,353.556,0,0,342.993,157.365,196.422,-296.000,285.000,0.000,0.000,-296.000,285.000,0.000,0.000,-376.121,121.316,0.331,0.943,-58.891,297.838,-0.986,-0.169,-58.891,297.838,-0.986,-0.169,-98.458,-100.115,-0.955,-0.296,1.000,-1.000,0,0
-186.803,156.621,0.754,-0.657,0,-225.517,197.449,56.279,0,866.448,363.963,0,0,345.605,168.538,184.929,-296.000,285.000,0.000,0.000,-296.000,285.000,0.000,0.000,-373.738,128.098,0.331,0.943,-65.976,296.620,-0.986,-0.169,-65.976,296.620,-0.986,-0.169,-105.324,-102.244,-0.955,-0.296,1.000,0.000,0,0
-173.257,154.587,0.926,-0.378,0,-214.671,183.977,50.817,0,852.866,376.017,0,0,349.000,179.091,172.825,-296.000,285.000,0.000,0.000,-296.000,285.000,0.000,0.000,-371.355,134.881,0.331,0.943,-73.061,295.402,-0.986,-0.169,-73.061,295.402,-0.986,-0.169,-112.190,-104.373,-0.955,-0.296,1.000,-1.000,0,0
-177.327,143.569,0.164,-0.986,0,-204.094,170.839,38.291,0,856.790,368.665,0,0,353.093,184.624,179.246,-296.000,285.000,0.000,0.000,-296.000,285.000,0.000,0.000,-368.972,141.663,0.331,0.943,-80.146,294.185,-0.986,-0.169,-80.146,294.185,-0.986,-0.169,-119.056,-106.502,-0.955,-0.296,-1.000,-1.000,0,0
-187.501,133.395,-0.524,-0.852,1,-195.430,120.505,15.133,1,866.956,355.939,0,0,344.790,179.720,188.461,-366.590,148.445,0.331,0.943,-296.000,285.000,0.000,0.000,-296.000,285.000,0.000,0.000,-87.231,292.967,-0.986,-0.169,-87.231,292.967,-0.986,-0.169,-125.923,-108.631,-0.955,-0.296,-1.000,-1.000,0,0
-193.606,121.535,-0.387,-0.922,1,-199.467,107.583,15.133,1,873.201,346.817,0,0,337.731,173.897,197.057,-364.207,155.228,0.331,0.943,-296.000,285.000,0.000,0.000,-296.000,285.000,0.000,0.000,-94.316,291.749,-0.986,-0.169,-94.316,291.749,-0.986,-0.169,-132.789,-110.760,-0.955,-0.296,0.000,-1.000,0,0
-190.728,112.902,0.098,-0.995,1,-189.247,97.841,15.133,1,870.529,347.455,0,0,345.663,178.004,198.826,-361.824,162.010,0.331,0.943,-296.000,285.000,0.000,0.000,-296.000,285.000,0.000,0.000,-101.400,290.532,-0.986,-0.169,-101.400,290.532,-0.986,-0.169,-139.655,-112.889,-0.955,-0.296,1.000,0.000,0,0
-176.339,112.902,0.922,-0.387,1,-162.384,107.048,15.133,1,856.149,361.438,0,0,373.793,191.442,189.012,-359.441,168.792,0.331,0.943,-296.000,285.000,0.000,0.000,-296.000,285.000,0.000,0.000,-108.485,289.314,-0.986,-0.169,-108.485,289.314,-0.986,-0.169,-146.521,-115.018,-0.955,-0.296,1.000,0.000,0,0
-161.951,112.902,0.995,-0.104,1,-146.899,111.332,15.133,1,841.769,375.452,0,0,389.815,204.927,181.230,-357.059,175.575,0.331,0.943,-296.000,285.000,0.000,0.000,-296.000,285.000,0.000,0.000,-115.570,288.097,-0.986,-0.169,-115.570,288.097,-0.986,-0.169,-153.387,-117.147,-0.955,-0.296,1.000,0.000,0,0
-149.248,108.832,0.929,-0.370,1,-135.188,103.233,15.133,1,829.207,387.007,0,0,399.726,218.190,180.022,-354.676,182.357,0.331,0.943,-296.000,285.000,0.000,0.000,-296.000,285.000,0.000,0.000,-122.655,286.879,-0.986,-0.169,-122.655,286.879,-0.986,-0.169,-160.254,-119.276,-0.955,-0.296,1.000,-1.000,0,0
-139.073,98.658,0.785,-0.620,1,-127.197,89.278,15.133,1,819.465,395.099,0,0,405.338,231.624,187.237,-352.293,189.139,0.331,0.943,-296.000,285.000,0.000,0.000,-296.000,285.000,0.000,0.000,-129.740,285.661,-0.986,-0.169,-129.740,285.661,-0.986,-0.169,-167.120,-121.405,-0.955,-0.296,1.000,-1.000,0,0
-127.213,92.553,0.920,-0.391,1,-113.285,86.634,15.133,1,807.940,405.807,0,0,418.739,245.518,192.131,-349.911,195.921,0.331,0.943,44.000,-93.000,0.000,0.000,44.000,-93.000,0.000,0.000,-136.825,284.444,-0.986,-0.169,-136.825,284.444,-0.986,-0.169,-173.986,-123.534,-0.955,-0.296,1.000,0.000,0,0
-112.824,92.553,0.993,-0.115,0,-99.217,79.634,18.763,0,793.578,420.024,0,0,431.829,242.948,193.190,44.000,-93.000,0.000,0.000,44.000,-93.000,0.000,0.000,-347.528,202.704,0.331,0.943,-143.909,283.226,-0.986,-0.169,-143.909,283.226,-0.986,-0.169,-180.852,-125.663,-0.955,-0.296,1.000,0.000,0,1
-98.436,92.553,0.999,-0.032,0,-86.826,64.697,30.179,0,779.216,434.252,0,0,442.742,233.918,196.611,44.000,-93.000,0.000,0.000,44.000,-93.000,0.000,0.000,-345.145,209.486,0.331,0.943,-150.994,282.008,-0.986,-0.169,-150.994,282.008,-0.986,-0.169,-187.719,-127.792,-0.955,-0.296,1.000,0.000,0,0
-84.047,92.553,1.000,-0.009,0,-74.741,50.130,43.433,0,764.855,448.490,0,0,453.928,225.446,202.273,44.000,-93.000,0.000,0.000,44.000,-93.000,0.000,0.000,-296.000,285.000,0.000,0.000,-158.079,280.791,-0.986,-0.169,-158.079,280.791,-0.986,-0.169,-194.585,-129.921,-0.955,-0.296,1.000,0.000,0,0
-73.030,84.414,0.889,-0.457,0,-62.955,35.923,49.530,0,754.393,458.377,0,0,465.317,212.536,215.815,44.000,-93.000,0.000,0.000,44.000,-93.000,0.000,0.000,-102.743,-202.526,-0.017,1.000,-165.164,279.573,-0.986,-0.169,-165.164,279.573,-0.986,-0.169,-201.451,-132.050,-0.955,-0.296,1.000,-1.000,0,0
-59.484,82.379,0.975,-0.221,0,-51.461,22.068,60.851,0,741.035,471.599,0,0,476.848,203.634,226.104,44.000,-93.000,0.000,0.000,44.000,-93.000,0.000,0.000,-102.865,-195.339,-0.017,1.000,-172.249,278.356,-0.986,-0.169,-172.249,278.356,-0.986,-0.169,108.800,-94.600,0.000,0.000,1.000,0.000,0,0
-45.095,82.379,0.998,-0.058,0,-40.251,8.556,73.997,0,726.690,485.896,0,0,488.468,196.712,234.532,44.000,-93.000,0.000,0.000,44.000,-93.000,0.000,0.000,-102.987,-188.151,-0.017,1.000,108.800,-94.600,0.000,0.000,108.800,-94.600,0.000,0.000,-179.333,277.138,-0.986,-0.169,1.000,0.000,0,0
-30.707,82.379,1.000,-0.017,0,-29.319,-4.622,87.036,0,712.348,500.199,0,0,500.132,190.627,225.352,44.000,-93.000,0.000,0.000,44.000,-93.000,0.000,0.000,-103.109,-180.963,-0.017,1.000,108.800,-94.600,0.000,0.000,108.800,-94.600,0.000,0.000,-186.418,275.921,-0.986,-0.169,1.000,0.000,0,0
-16.318,82.379,1.000,-0.005,0,-18.657,-17.473,99.916,0,698.008,514.506,0,0,511.801,185.461,216.739,44.000,-93.000,0.000,0.000,44.000,-93.000,0.000,0.000,-103.231,-173.776,-0.017,1.000,108.800,-94.600,0.000,0.000,108.800,-94.600,0.000,0.000,140.000,279.000,0.000,0.000,1.000,0.000,0,0
-1.929,82.379,1.000,-0.001,0,-8.259,-30.007,112.616,0,683.669,528.818,0,0,523.442,181.293,208.764,44.000,-93.000,0.000,0.000,44.000,-93.000,0.000,0.000,-103.353,-166.588,-0.017,1.000,108.800,-94.600,0.000,0.000,108.800,-94.600,0.000,0.000,140.000,279.000,0.000,0.000,1.000,0.000,0,0
9.931,88.483,0.936,0.352,0,1.881,-42.230,131.030,0,671.375,541.233,0,0,535.027,184.653,208.074,44.000,-93.000,0.000,0.000,44.000,-93.000,0.000,0.000,-103.474,-159.401,-0.017,1.000,108.800,-94.600,0.000,0.000,108.800,-94.600,0.000,0.000,140.000,279.000,0.000,0.000,1.000,1.000,0,0
20.105,98.658,0.782,0.623,0,11.771,-54.151,153.121,0,660.549,552.502,0,0,546.533,193.141,212.639,44.000,-93.000,0.000,0.000,44.000,-93.000,0.000,0.000,-103.596,-152.213,-0.017,1.000,108.800,-94.600,0.000,0.000,108.800,-94.600,0.000,0.000,140.000,279.000,0.000,0.000,1.000,1.000,0,0
31.965,104.762,0.872,0.489,0,21.415,-65.776,170.973,0,648.374,565.035,0,0,557.940,198.128,205.013,44.000,-93.000,0.000,0.000,44.000,-93.000,0.000,0.000,-103.718,-145.025,-0.017,1.000,140.000,279.000,0.000,0.000,140.000,279.000,0.000,0.000,108.800,-94.600,0.000,0.000,1.000,0.000,0,0
46.354,104.762,0.990,0.140,0,33.378,-82.221,187.433,1,634.008,579.298,0,0,572.878,197.776,197.809,44.000,-93.000,0.000,0.000,44.000,-93.000,0.000,0.000,-103.840,-137.838,-0.017,1.000,140.000,279.000,0.000,0.000,140.000,279.000,0.000,0.000,108.800,-94.600,0.000,0.000,1.000,0.000,0,0
57.371,96.623,0.900,-0.436,0,33.378,-82.221,180.446,1,623.496,589.260,0,0,572.878,190.094,198.018,44.000,-93.000,0.000,0.000,44.000,-93.000,0.000,0.000,-103.962,-130.650,-0.017,1.000,108.800,-94.600,0.000,0.000,108.800,-94.600,0.000,0.000,140.000,279.000,0.000,0.000,0.000,-1.000,0,0
57.371,82.234,0.286,-0.958,0,33.378,-82.221,166.196,1,624.614,587.829,0,0,572.878,175.743,184.161,44.000,-93.000,0.000,0.000,44.000,-93.000,0.000,0.000,-104.084,-123.462,-0.017,1.000,108.800,-94.600,0.000,0.000,108.800,-94.600,0.000,0.000,140.000,279.000,0.000,0.000,0.000,-1.000,0,0
62.284,71.566,0.394,-0.919,0,33.378,-82.221,156.480,1,620.771,591.892,0,0,572.878,165.579,172.554,44.000,-93.000,0.000,0.000,44.000,-93.000,0.000,0.000,-104.206,-116.275,-0.017,1.000,108.800,-94.600,0.000,0.000,108.800,-94.600,0.000,0.000,140.000,279.000,0.000,0.000,1.000,0.000,0,0
76.673,71.566,0.947,-0.321,0,33.378,-82.221,159.765,1,606.472,606.243,0,0,572.878,167.778,169.243,44.000,-93.000,0.000,0.000,44.000,-93.000,0.000,0.000,-104.327,-109.087,-0.017,1.000,108.800,-94.600,0.000,0.000,108.800,-94.600,0.000,0.000,140.000,279.000,0.000,0.000,1.000,0.000,0,0
91.061,71.566,0.995,-0.098,0,25.039,-73.759,159.619,0,592.176,620.595,0,0,563.075,171.163,167.110,44.000,-93.000,0.000,0.000,44.000,-93.000,0.000,0.000,-104.449,-101.899,-0.017,1.000,108.800,-94.600,0.000,0.000,108.800,-94.600,0.000,0.000,140.000,279.000,0.000,0.000,0.000,0.000,1,0
85.306,71.566,0.883,-0.469,0,11.417,-59.935,150.838,0,597.894,614.854,0,0,547.234,169.671,167.819,44.000,-93.000,0.000,0.000,44.000,-93.000,0.000,0.000,-104.571,-94.712,-0.017,1.000,108.800,-94.600,0.000,0.000,108.800,-94.600,0.000,0.000,140.000,279.000,0.000,0.000,-1.000,0.000,0,0
70.917,71.566,-0.128,-0.992,0,-1.869,-46.453,138.659,0,612.191,600.502,0,0,532.010,166.753,170.430,44.000,-93.000,0.000,0.000,44.000,-93.000,0.000,0.000,-104.693,-87.524,-0.017,1.000,108.800,-94.600,0.000,0.000,108.800,-94.600,0.000,0.000,140.000,279.000,0.000,0.000,-1.000,0.000,0,0
56.528,71.566,-0.987,-0.158,0,-14.825,-33.305,126.845,0,626.492,586.153,0,0,517.396,165.042,174.194,44.000,-93.000,0.000,0.000,44.000,-93.000,0.000,0.000,-104.815,-80.336,-0.017,1.000,108.800,-94.600,0.000,0.000,108.800,-94.600,0.000,0.000,140.000,279.000,0.000,0.000,-1.000,0.000,0,0
42.140,71.566,-0.999,-0.046,0,-27.461,-20.483,115.405,0,640.797,571.805,0,0,503.385,164.577,179.038,44.000,-93.000,0.000,0.000,44.000,-93.000,0.000,0.000,-104.937,-73.149,-0.017,1.000,108.800,-94.600,0.000,0.000,108.800,-94.600,0.000,0.000,140.000,279.000,0.000,0.000,-1.000,0.000,0,0
27.751,71.566,-1.000,-0.013,0,-39.784,-7.978,104.357,0,655.106,557.459,0,0,489.969,165.366,184.879,44.000,-93.000,0.000,0.000,44.000,-93.000,0.000,0.000,-105.059,-65.961,-0.017,1.000,108.800,-94.600,0.000,0.000,108.800,-94.600,0.000,0.000,-162.111,192.905,0.511,-0.860,-1.000,0.000,0,0
13.362,71.566,-1.000,-0.004,0,-51.802,4.218,93.736,0,669.419,543.116,0,0,477.141,167.394,191.623,44.000,-93.000,0.000,0.000,44.000,-93.000,0.000,0.000,-105.180,-58.773,-0.017,1.000,108.800,-94.600,0.000,0.000,108.800,-94.600,0.000,0.000,-158.441,186.724,0.511,-0.860,-1.000,0.000,0,0
-1.026,71.566,-1.000,-0.001,0,-63.522,16.112,83.596,0,683.734,528.775,0,0,464.896,161.368,188.450,-105.302,-51.586,-0.017,1.000,-105.302,-51.586,-0.017,1.000,44.000,-93.000,0.000,0.000,-154.771,180.543,0.511,-0.860,-154.771,180.543,0.511,-0.860,108.800,-94.600,0.000,0.000,-1.000,0.000,0,0
-15.415,71.566,-1.000,0.000,0,-74.953,27.711,74.026,0,698.052,514.437,0,0,453.226,146.797,170.228,-105.424,-44.398,-0.017,1.000,-105.424,-44.398,-0.017,1.000,44.000,-93.000,0.000,0.000,-151.101,174.362,0.511,-0.860,-151.101,174.362,0.511,-0.860,108.800,-94.600,0.000,0.000,-1.000,0.000,0,0
-28.118,75.636,-0.955,0.297,0,-86.100,39.023,68.706,0,710.327,502.127,0,0,442.124,136.855,150.997,-105.546,-37.210,-0.017,1.000,-105.546,-37.210,-0.017,1.000,44.000,-93.000,0.000,0.000,-147.430,168.181,0.511,-0.860,-147.430,168.181,0.511,-0.860,108.800,-94.600,0.000,0.000,-1.000,1.000,0,0
-38.292,85.810,-0.800,0.600,0,-96.972,50.056,68.906,0,719.653,493.028,0,0,431.584,134.003,130.109,-105.668,-30.023,-0.017,1.000,-105.668,-30.023,-0.017,1.000,44.000,-93.000,0.000,0.000,-143.760,161.999,0.511,-0.860,-143.760,161.999,0.511,-0.860,108.800,-94.600,0.000,0.000,-1.000,1.000,0,0
-50.152,91.915,-0.905,0.426,0,-107.574,60.815,65.586,0,731.070,481.984,0,0,421.599,127.526,110.329,-105.790,-22.835,-0.017,1.000,-105.790,-22.835,-0.017,1.000,44.000,-93.000,0.000,0.000,-140.090,155.818,0.511,-0.860,-140.090,155.818,0.511,-0.860,108.800,-94.600,0.000,0.000,-1.000,0.000,0,0
-64.541,91.915,-0.993,0.117,0,-117.712,71.102,57.483,0,745.428,467.723,0,0,412.354,115.244,92.187,-105.912,-15.647,-0.017,1.000,-105.912,-15.647,-0.017,1.000,44.000,-93.000,0.000,0.000,-136.420,149.637,0.511,-0.860,-136.420,149.637,0.511,-0.860,-151.998,-128.214,0.979,0.206,-1.000,0.000,0,0
-78.930,91.915,-0.999,0.035,0,-127.332,80.865,50.088,0,759.786,453.470,0,0,403.874,103.969,74.519,-106.033,-8.460,-0.017,1.000,-106.033,-8.460,-0.017,1.000,44.000,-93.000,0.000,0.000,-132.750,143.456,0.511,-0.860,-132.750,143.456,0.511,-0.860,-144.963,-126.734,0.979,0.206,-1.000,0.000,0,0
-93.319,91.915,-1.000,0.010,0,-136.674,90.345,43.888,0,774.146,439.225,0,0,395.920,94.067,57.761,-106.155,-1.272,-0.017,1.000,-106.155,-1.272,-0.017,1.000,44.000,-93.000,0.000,0.000,-129.079,137.275,0.511,-0.860,-129.079,137.275,0.511,-0.860,-137.929,-125.254,0.979,0.206,-1.000,0.000,0,0
-107.707,91.915,-1.000,0.003,0,-145.744,99.549,39.359,0,788.507,424.990,0,0,388.478,86.011,42.992,-106.277,5.916,-0.017,1.000,-106.277,5.916,-0.017,1.000,44.000,-93.000,0.000,0.000,-125.409,131.093,0.511,-0.860,-125.409,131.093,0.511,-0.860,-130.894,-123.774,0.979,0.206,-1.000,0.000,0,0
-122.096,91.915,-1.000,0.001,0,-154.549,108.485,37.038,0,802.869,410.766,0,0,381.534,80.359,32.999,-106.399,13.103,-0.017,1.000,-106.399,13.103,-0.017,1.000,44.000,-93.000,0.000,0.000,-121.739,124.912,0.511,-0.860,-121.739,124.912,0.511,-0.860,-123.859,-122.294,0.979,0.206,-1.000,0.000,0,0
-136.485,91.915,-1.000,0.000,0,-163.096,117.157,37.274,0,817.231,396.554,0,0,375.071,77.639,32.531,-106.521,20.291,-0.017,1.000,-106.521,20.291,-0.017,1.000,-296.000,285.000,0.000,0.000,-118.069,118.731,0.511,-0.860,-118.069,118.731,0.511,-0.860,-116.825,-120.814,0.979,0.206,-1.000,0.000,0,0
-150.873,91.915,-1.000,0.000,0,-171.390,125.574,39.974,0,831.595,382.355,0,0,369.076,78.156,41.907,-106.643,27.479,-0.017,1.000,-106.643,27.479,-0.017,1.000,-296.000,285.000,0.000,0.000,-114.399,112.550,0.511,-0.860,-114.399,112.550,0.511,-0.860,-109.790,-119.334,0.979,0.206,-1.000,0.000,0,0
-165.262,91.915,-1.000,0.000,0,-179.438,133.741,44.659,0,845.959,368.171,0,0,363.531,81.849,56.416,-106.765,34.666,-0.017,1.000,-106.765,34.666,-0.017,1.000,-296.000,285.000,0.000,0.000,-110.729,106.369,0.511,-0.860,-110.729,106.369,0.511,-0.860,-102.755,-117.854,0.979,0.206,-1.000,0.000,0,0
-177.122,98.019,-0.904,0.427,0,-187.246,141.665,45.293,0,857.495,357.587,0,0,358.420,89.931,70.097,-106.887,41.854,-0.017,1.000,-106.887,41.854,-0.017,1.000,-296.000,285.000,0.000,0.000,-107.059,100.187,0.511,-0.860,-107.059,100.187,0.511,-0.860,-95.721,-116.373,0.979,0.206,-1.000,1.000,0,0
-187.296,108.194,-0.774,0.633,0,-194.821,149.351,42.362,0,867.248,349.716,0,0,353.726,99.725,85.099,-107.008,49.042,-0.017,1.000,-107.008,49.042,-0.017,1.000,-296.000,285.000,0.000,0.000,-103.388,94.006,0.511,-0.860,-103.388,94.006,0.511,-0.860,-88.686,-114.893,0.979,0.206,-1.000,1.000,0,0
-197.471,118.368,-0.727,0.687,0,-202.167,156.806,39.288,0,877.130,342.269,0,0,349.432,109.648,102.413,-107.130,56.229,-0.017,1.000,-107.130,56.229,-0.017,1.000,-296.000,285.000,0.000,0.000,-99.718,87.825,0.511,-0.860,-99.718,87.825,0.511,-0.860,-81.651,-113.413,0.979,0.206,-1.000,1.000,0,0
-207.645,128.542,-0.713,0.701,0,-209.291,164.035,36.145,0,887.134,335.275,0,0,345.519,119.666,121.051,-107.252,63.417,-0.017,1.000,-107.252,63.417,-0.017,1.000,-296.000,285.000,0.000,0.000,-96.048,81.644,0.511,-0.860,-96.048,81.644,0.511,-0.860,-74.616,-111.933,0.979,0.206,-1.000,1.000,0,0
-217.819,138.717,-0.709,0.706,1,-228.543,149.394,15.133,1,897.258,328.762,0,0,322.433,129.759,140.487,-107.374,70.605,-0.017,1.000,-107.374,70.605,-0.017,1.000,-296.000,285.000,0.000,0.000,-92.378,75.462,0.511,-0.860,-92.378,75.462,0.511,-0.860,-67.582,-110.453,0.979,0.206,-1.000,1.000,0,0
-227.994,148.891,-0.708,0.707,1,-238.701,159.586,15.133,1,907.497,322.759,0,0,317.020,139.910,160.431,-107.496,77.792,-0.017,1.000,-107.496,77.792,-0.017,1.000,-296.000,285.000,0.000,0.000,-88.708,69.281,0.511,-0.860,-88.708,69.281,0.511,-0.860,-60.547,-108.973,0.979,0.206,0.000,1.000,0,0
-223.924,161.594,-0.005,1.000,1,-223.997,176.727,15.133,1,903.672,331.347,0,0,337.537,139.273,170.266,-107.618,84.980,-0.017,1.000,-107.618,84.980,-0.017,1.000,-296.000,285.000,0.000,0.000,-85.038,63.100,0.511,-0.860,-85.038,63.100,0.511,-0.860,-53.512,-107.493,0.979,0.206,1.000,1.000,0,0
-212.064,167.699,0.714,0.700,1,-201.254,178.289,15.133,1,892.001,344.641,0,0,358.796,128.796,171.329,-107.740,92.168,-0.017,1.000,-107.740,92.168,-0.017,1.000,-296.000,285.000,0.000,0.000,-81.368,56.919,0.511,-0.860,-81.368,56.919,0.511,-0.860,-46.478,-106.013,0.979,0.206,1.000,0.000,0,0
-197.675,167.699,0.980,0.201,1,-182.850,170.735,15.133,1,877.622,357.877,0,0,372.734,117.422,167.555,-103.541,97.509,0.734,0.679,-103.541,97.509,0.734,0.679,-296.000,285.000,0.000,0.000,-77.698,50.738,0.511,-0.860,-77.698,50.738,0.511,-0.860,-39.443,-104.533,0.979,0.206,1.000,0.000,0,0
-183.287,167.699,0.998,0.059,1,-168.180,168.590,15.133,1,863.245,371.200,0,0,385.587,107.213,164.626,-98.262,102.388,0.734,0.679,-98.262,102.388,0.734,0.679,-296.000,285.000,0.000,0.000,-74.027,44.556,0.511,-0.860,-74.027,44.556,0.511,-0.860,-32.582,-102.505,0.918,0.396,1.000,0.000,0,0
-168.898,167.699,1.000,0.017,1,-153.767,167.959,15.133,1,848.867,384.599,0,0,398.853,97.031,151.132,-92.982,107.268,0.734,0.679,-92.982,107.268,0.734,0.679,-296.000,285.000,0.000,0.000,-76.595,48.028,-0.541,0.841,-76.595,48.028,-0.541,0.841,-25.983,-99.655,0.918,0.396,1.000,0.000,0,0
-154.509,167.699,1.000,0.005,1,-139.376,167.774,15.133,1,834.490,398.067,0,0,412.324,86.885,135.619,-87.703,112.147,0.734,0.679,-87.703,112.147,0.734,0.679,-296.000,285.000,0.000,0.000,-80.267,54.206,-0.462,0.887,-80.267,54.206,-0.462,0.887,-19.383,-96.805,0.918,0.396,1.000,0.000,0,0
-140.128,167.697,1.000,0.001,0,-124.820,159.423,17.401,0,820.120,411.590,0,0,423.462,76.465,126.871,-85.592,114.099,0.000,0.000,-85.592,114.099,0.000,0.000,-296.000,285.000,0.000,0.000,-80.710,55.599,0.511,-0.860,-80.710,55.599,0.511,-0.860,-12.783,-93.955,0.918,0.396,1.000,0.000,0,1
-125.739,167.697,1.000,0.000,0,-110.763,145.635,26.665,0,805.744,425.177,0,0,433.006,66.967,127.912,-85.592,114.099,0.000,0.000,-85.592,114.099,0.000,0.000,-296.000,285.000,0.000,0.000,-77.037,49.419,0.511,-0.860,-77.037,49.419,0.511,-0.860,-6.183,-91.106,0.918,0.396,1.000,0.000,0,0
-111.350,167.697,1.000,0.000,0,-97.054,132.188,38.280,0,791.368,438.815,0,0,442.957,59.466,130.125,-85.592,114.099,0.000,0.000,-85.592,114.099,0.000,0.000,-296.000,285.000,0.000,0.000,-73.365,43.239,0.511,-0.860,-73.365,43.239,0.511,-0.860,140.000,279.000,0.000,0.000,1.000,0.000,0,0
-96.962,167.697,1.000,0.000,0,-89.073,128.501,39.985,0,776.993,452.499,0,0,449.903,54.847,133.453,-85.563,114.047,0.000,0.000,-85.563,114.047,0.000,0.000,-296.000,285.000,0.000,0.000,-69.693,37.060,0.511,-0.860,-69.693,37.060,0.511,-0.860,140.000,279.000,0.000,0.000,1.000,0.000,0,0
-82.573,167.697,1.000,0.000,0,-84.674,130.350,37.415,0,762.618,466.226,0,0,454.587,53.733,137.815,-85.563,114.047,0.000,0.000,-85.563,114.047,0.000,0.000,-296.000,285.000,0.000,0.000,-66.020,30.880,0.511,-0.860,-66.020,30.880,0.511,-0.860,140.000,279.000,0.000,0.000,1.000,0.000,0,0
-68.184,167.697,1.000,0.000,0,-80.404,132.090,37.666,0,748.243,479.992,0,0,459.121,56.394,143.116,-85.563,114.047,0.000,0.000,-85.563,114.047,0.000,0.000,-296.000,285.000,0.000,0.000,-62.348,24.700,0.511,-0.860,-62.348,24.700,0.511,-0.860,140.000,279.000,0.000,0.000,1.000,0.000,0,0
-53.795,167.697,1.000,0.000,0,-76.239,133.786,40.701,0,733.870,493.793,0,0,463.541,62.349,149.257,-85.563,114.047,0.000,0.000,-85.563,114.047,0.000,0.000,-296.000,285.000,0.000,0.000,-58.675,18.520,0.511,-0.860,-58.675,18.520,0.511,-0.860,140.000,279.000,0.000,0.000,1.000,0.000,0,0
-39.407,167.697,1.000,0.000,0,-72.177,135.441,46.038,0,719.496,507.626,0,0,467.851,70.772,156.137,-85.563,114.047,0.000,0.000,-85.563,114.047,0.000,0.000,44.000,-93.000,0.000,0.000,-55.003,12.340,0.511,-0.860,-55.003,12.340,0.511,-0.860,140.000,279.000,0.000,0.000,1.000,0.000,0,0
-26.704,163.627,0.941,-0.337,0,-68.216,137.055,49.374,0,706.648,518.808,0,0,472.054,76.958,159.381,-85.563,114.047,0.000,0.000,-85.563,114.047,0.000,0.000,44.000,-93.000,0.000,0.000,-51.331,6.160,0.511,-0.860,-51.331,6.160,0.511,-0.860,140.000,279.000,0.000,0.000,1.000,-1.000,0,0
-28.739,151.767,0.220,-0.975,0,-64.353,138.628,38.132,0,708.349,513.925,0,0,476.152,68.204,152.961,-85.563,114.047,0.000,0.000,-85.563,114.047,0.000,0.000,44.000,-93.000,0.000,0.000,-47.658,-0.020,0.511,-0.860,-47.658,-0.020,0.511,-0.860,140.000,279.000,0.000,0.000,-1.000,0.000,0,0
-43.127,151.767,-0.850,-0.527,1,-55.984,143.784,15.133,1,722.732,499.958,0,0,485.582,56.776,157.969,-85.563,114.047,0.000,0.000,-85.563,114.047,0.000,0.000,44.000,-93.000,0.000,0.000,-43.986,-6.200,0.511,-0.860,-43.986,-6.200,0.511,-0.860,140.000,279.000,0.000,0.000,-1.000,0.000,0,0
-40.250,151.767,-0.707,-0.707,1,-50.948,141.064,15.133,1,719.855,502.750,0,0,489.859,58.958,164.146,-85.563,114.047,0.000,0.000,-85.563,114.047,0.000,0.000,44.000,-93.000,0.000,0.000,-40.313,-12.379,0.511,-0.860,-40.313,-12.379,0.511,-0.860,140.000,279.000,0.000,0.000,1.000,0.000,0,0
-25.861,151.767,0.503,-0.864,1,-18.249,138.688,15.133,1,705.473,516.721,0,0,521.260,70.620,170.667,-85.563,114.047,0.000,0.000,-85.563,114.047,0.000,0.000,44.000,-93.000,0.000,0.000,-36.641,-18.559,0.511,-0.860,-36.641,-18.559,0.511,-0.860,140.000,279.000,0.000,0.000,1.000,0.000,0,0
-11.472,151.767,0.990,-0.139,1,3.514,149.663,15.133,1,691.091,530.714,0,0,544.848,83.140,177.810,-85.563,114.047,0.000,0.000,-85.563,114.047,0.000,0.000,44.000,-93.000,0.000,0.000,-32.968,-24.739,0.511,-0.860,-32.968,-24.739,0.511,-0.860,140.000,279.000,0.000,0.000,1.000,0.000,0,0
2.916,151.767,0.999,-0.037,1,18.039,151.201,15.133,1,676.709,544.728,0,0,559.356,96.184,185.504,-85.563,114.047,0.000,0.000,-85.563,114.047,0.000,0.000,44.000,-93.000,0.000,0.000,-29.296,-30.919,0.511,-0.860,-29.296,-30.919,0.511,-0.860,140.000,279.000,0.000,0.000,1.000,0.000,0,0
17.305,151.767,1.000,-0.011,1,32.437,151.596,15.133,1,662.327,558.762,0,0,573.503,109.566,176.755,-85.563,114.047,0.000,0.000,-85.563,114.047,0.000,0.000,245.406,69.145,0.013,-1.000,140.000,279.000,0.000,0.000,140.000,279.000,0.000,0.000,-25.624,-37.099,0.511,-0.860,1.000,0.000,0,0
31.694,151.767,1.000,-0.003,1,46.827,151.719,15.133,1,647.946,572.812,0,0,587.598,123.175,167.088,-85.563,114.047,0.000,0.000,-85.563,114.047,0.000,0.000,245.500,61.957,0.013,-1.000,140.000,279.000,0.000,0.000,140.000,279.000,0.000,0.000,-21.951,-43.279,0.511,-0.860,1.000,-1.000,0,0
41.868,141.593,0.858,-0.514,1,54.852,133.818,15.133,1,637.637,580.733,0,0,592.078,130.375,168.851,-85.563,114.047,0.000,0.000,-85.563,114.047,0.000,0.000,245.594,54.769,0.013,-1.000,140.000,279.000,0.000,0.000,140.000,279.000,0.000,0.000,99.412,-45.510,0.918,0.396,1.000,-1.000,0,0
53.646,135.537,0.898,-0.439,0,61.051,118.420,18.667,0,625.857,591.192,0,0,595.706,140.858,167.448,-85.563,114.047,0.000,0.000,-85.563,114.047,0.000,0.000,245.688,47.581,0.013,-1.000,140.000,279.000,0.000,0.000,140.000,279.000,0.000,0.000,106.012,-42.660,0.918,0.396,1.000,0.000,0,1
68.034,135.537,0.990,-0.142,0,65.715,102.251,33.419,0,611.473,605.354,0,0,598.148,155.093,160.502,-85.563,114.047,0.000,0.000,-85.563,114.047,0.000,0.000,245.782,40.393,0.013,-1.000,140.000,279.000,0.000,0.000,140.000,279.000,0.000,0.000,112.612,-39.811,0.918,0.396,1.000,0.000,0,0
82.423,135.537,0.999,-0.039,0,70.263,86.482,50.631,0,597.090,619.526,0,0,600.974,165.861,154.586,-82.396,116.976,0.734,0.679,-82.396,116.976,0.734,0.679,245.875,33.205,0.013,-1.000,140.000,279.000,0.000,0.000,140.000,279.000,0.000,0.000,119.211,-36.961,0.918,0.396,1.000,0.000,0,0
96.811,135.537,1.000,-0.010,0,74.699,71.104,68.256,0,582.706,633.708,0,0,604.148,174.467,149.823,-77.118,121.856,0.734,0.679,-77.118,121.856,0.734,0.679,245.969,26.017,0.013,-1.000,140.000,279.000,0.000,0.000,140.000,279.000,0.000,0.000,125.811,-34.111,0.918,0.396,1.000,0.000,0,0
111.200,135.537,1.000,-0.003,0,79.025,56.106,85.882,0,568.323,647.899,0,0,607.633,178.350,146.325,246.063,18.829,0.013,-1.000,246.063,18.829,0.013,-1.000,-71.840,126.737,0.734,0.679,140.000,279.000,0.000,0.000,140.000,279.000,0.000,0.000,132.411,-31.261,0.918,0.396,0.000,0.000,0,0
99.689,135.537,0.708,-0.706,0,83.335,41.699,95.484,0,579.829,636.546,0,0,611.498,166.298,149.019,-66.562,131.617,0.734,0.679,-66.562,131.617,0.734,0.679,246.157,11.640,0.013,-1.000,140.000,279.000,0.000,0.000,140.000,279.000,0.000,0.000,139.011,-28.411,0.918,0.396,0.000,0.000,0,0
110.357,133.502,0.543,-0.840,0,87.948,28.478,107.593,0,569.178,646.742,0,0,616.021,171.668,148.487,-61.284,136.498,0.734,0.679,-61.284,136.498,0.734,0.679,246.251,4.452,0.013,-1.000,140.000,279.000,0.000,0.000,140.000,279.000,0.000,0.000,145.610,-25.562,0.918,0.396,1.000,-1.000,0,0
120.532,123.328,0.667,-0.745,0,92.481,15.652,111.467,0,559.180,655.274,0,0,620.735,177.458,149.436,-56.006,141.379,0.734,0.679,-56.006,141.379,0.734,0.679,246.345,-2.736,0.013,-1.000,152.210,-22.712,0.918,0.396,152.210,-22.712,0.918,0.396,140.000,279.000,0.000,0.000,1.000,-1.000,0,0
124.601,110.625,0.364,-0.931,0,96.936,3.219,111.110,0,555.592,657.642,0,0,625.615,171.395,134.896,246.438,-9.924,0.013,-1.000,246.438,-9.924,0.013,-1.000,-50.728,146.259,0.734,0.679,158.810,-19.862,0.918,0.396,158.810,-19.862,0.918,0.396,140.000,279.000,0.000,0.000,0.000,-1.000,0,0
124.601,96.236,0.108,-0.994,0,101.314,-8.834,107.824,0,556.484,656.053,0,0,630.633,166.478,120.377,246.532,-17.112,0.013,-1.000,246.532,-17.112,0.013,-1.000,-45.450,151.140,0.734,0.679,165.410,-17.012,0.918,0.396,165.410,-17.012,0.918,0.396,140.000,279.000,0.000,0.000,1.000,-1.000,0,0
134.776,86.062,0.557,-0.831,0,105.580,-20.528,110.715,0,547.213,665.254,0,0,635.729,157.131,106.917,246.626,-24.300,0.013,-1.000,246.626,-24.300,0.013,-1.000,-40.172,156.020,0.734,0.679,172.009,-14.163,0.918,0.396,172.009,-14.163,0.918,0.396,108.800,-94.600,0.000,0.000,1.000,-1.000,0,0
144.950,75.887,0.669,-0.743,0,109.719,-31.879,113.573,0,538.167,674.636,0,0,640.867,147.941,93.471,246.719,-31.488,0.013,-1.000,246.719,-31.488,0.013,-1.000,44.000,-93.000,0.000,0.000,178.609,-11.313,0.918,0.396,178.609,-11.313,0.918,0.396,108.800,-94.600,0.000,0.000,1.000,-1.000,0,0
142.915,64.027,0.038,-0.999,0,113.737,-42.894,111.029,0,541.677,671.917,0,0,646.030,146.092,83.926,246.813,-38.676,0.013,-1.000,246.813,-38.676,0.013,-1.000,44.000,-93.000,0.000,0.000,185.209,-8.463,0.918,0.396,185.209,-8.463,0.918,0.396,108.800,-94.600,0.000,0.000,-1.000,-1.000,0,0
132.741,53.853,-0.541,-0.841,0,117.635,-53.582,108.694,0,553.208,661.327,0,0,651.202,151.583,83.817,246.907,-45.864,0.013,-1.000,246.907,-45.864,0.013,-1.000,44.000,-93.000,0.000,0.000,191.808,-5.613,0.918,0.396,191.808,-5.613,0.918,0.396,108.800,-94.600,0.000,0.000,-1.000,-1.000,0,0
130.706,41.993,-0.221,-0.975,0,121.416,-63.951,106.557,0,557.137,658.987,0,0,656.370,150.193,81.159,247.001,-53.052,0.013,-1.000,247.001,-53.052,0.013,-1.000,44.000,-93.000,0.000,0.000,198.408,-2.764,0.918,0.396,198.408,-2.764,0.918,0.396,108.800,-94.600,0.000,0.000,1.000,-1.000,0,0
140.880,31.818,0.493,-0.870,0,117.955,-82.550,116.644,2,548.996,669.066,0,0,656.031,140.557,65.137,247.094,-60.240,0.013,-1.000,247.094,-60.240,0.013,-1.000,44.000,-93.000,0.000,0.000,196.735,-1.693,-1.000,-0.016,196.735,-1.693,-1.000,-0.016,108.800,-94.600,0.000,0.000,1.000,-1.000,0,0
144.950,20.801,0.309,-0.951,0,117.955,-82.550,106.819,2,547.257,673.210,0,0,656.031,135.045,50.001,247.188,-67.429,0.013,-1.000,247.188,-67.429,0.013,-1.000,44.000,-93.000,0.000,0.000,189.548,-1.808,-1.000,-0.016,189.548,-1.808,-1.000,-0.016,108.800,-94.600,0.000,0.000,-1.000,-1.000,0,0
134.776,10.627,-0.464,-0.886,0,117.955,-82.550,94.683,2,559.422,663.273,0,0,656.031,137.763,49.211,44.000,-93.000,0.000,0.000,44.000,-93.000,0.000,0.000,247.282,-74.617,0.013,-1.000,182.360,-1.923,-1.000,-0.016,182.360,-1.923,-1.000,-0.016,108.800,-94.600,0.000,0.000,-1.000,-1.000,0,0
130.706,-0.390,-0.231,-0.973,0,117.955,-82.550,83.144,2,565.975,659.637,0,0,656.031,126.864,44.497,44.000,-93.000,0.000,0.000,44.000,-93.000,0.000,0.000,247.376,-81.805,0.013,-1.000,175.172,-2.038,-1.000,-0.016,175.172,-2.038,-1.000,-0.016,108.800,-94.600,0.000,0.000,1.000,-1.000,0,0
138.845,-11.408,0.391,-0.920,0,117.955,-82.550,74.146,2,560.921,668.372,0,0,656.031,125.112,30.573,44.000,-93.000,0.000,0.000,44.000,-93.000,0.000,0.000,247.469,-88.993,0.013,-1.000,167.984,-2.154,-1.000,-0.016,167.984,-2.154,-1.000,-0.016,108.800,-94.600,0.000,0.000,0.000,-1.000,0,0
132.741,-23.268,-0.264,-0.965,0,117.955,-82.550,61.099,2,570.044,663.144,0,0,656.031,112.861,35.044,44.000,-93.000,0.000,0.000,44.000,-93.000,0.000,0.000,247.563,-96.181,0.013,-1.000,160.796,-2.269,-1.000,-0.016,160.796,-2.269,-1.000,-0.016,108.800,-94.600,0.000,0.000,-1.000,-1.000,0,0
122.566,-33.442,-0.601,-0.799,0,117.955,-82.550,49.324,2,582.716,653.930,0,0,656.031,98.589,43.911,44.000,-93.000,0.000,0.000,44.000,-93.000,0.000,0.000,247.657,-103.369,0.013,-1.000,153.609,-2.384,-1.000,-0.016,153.609,-2.384,-1.000,-0.016,108.800,-94.600,0.000,0.000,0.000,-1.000,0,0
130.706,-44.459,0.272,-0.962,0,117.955,-82.550,40.169,2,578.324,663.190,0,0,656.031,99.369,44.806,44.000,-93.000,0.000,0.000,44.000,-93.000,0.000,0.000,247.750,-110.557,0.013,-1.000,146.421,-2.499,-1.000,-0.016,146.421,-2.499,-1.000,-0.016,108.800,-94.600,0.000,0.000,1.000,-1.000,0,0
134.776,-57.162,0.243,-0.970,1,138.460,-71.840,15.133,1,578.622,668.786,0,0,674.516,97.594,45.567,44.000,-93.000,0.000,0.000,44.000,-93.000,0.000,0.000,247.844,-117.745,0.013,-1.000,108.800,-94.600,0.000,0.000,108.800,-94.600,0.000,0.000,139.233,-2.614,-1.000,-0.016,0.000,-1.000,0,0
134.776,-71.551,0.069,-0.998,0,117.955,-82.550,20.098,2,583.630,670.832,0,0,656.031,93.275,34.728,44.000,-93.000,0.000,0.000,44.000,-93.000,0.000,0.000,243.425,-115.525,-0.772,0.636,108.800,-94.600,0.000,0.000,108.800,-94.600,0.000,0.000,132.045,-2.730,-1.000,-0.016,0.000,-1.000,0,0
128.671,-83.411,-0.396,-0.918,0,117.955,-82.550,10.750,2,593.649,666.732,0,0,656.031,85.212,22.805,44.000,-93.000,0.000,0.000,44.000,-93.000,0.000,0.000,237.877,-110.954,-0.772,0.636,108.800,-94.600,0.000,0.000,108.800,-94.600,0.000,0.000,64.374,-90.553,0.317,0.948,-1.000,-1.000,0,0
128.671,-94.428,0.075,-0.997,0,117.955,-82.550,15.997,2,597.843,668.709,0,0,656.031,84.683,19.872,44.000,-93.000,0.000,0.000,44.000,-93.000,0.000,0.000,232.329,-106.382,-0.772,0.636,108.800,-94.600,0.000,0.000,108.800,-94.600,0.000,0.000,69.577,-87.395,0.995,0.100,1.000,-1.000,0,0
138.845,-104.602,0.548,-0.837,0,117.955,-82.550,30.376,2,592.576,680.655,0,0,656.031,87.981,31.667,226.782,-101.810,-0.772,0.636,226.782,-101.810,-0.772,0.636,44.000,-93.000,0.000,0.000,108.800,-94.600,0.000,0.000,108.800,-94.600,0.000,0.000,76.730,-86.679,0.995,0.100,1.000,-1.000,0,0
149.020,-114.777,0.664,-0.748,0,117.955,-82.550,44.761,2,587.614,692.694,0,0,656.031,74.313,44.997,221.234,-97.239,-0.772,0.636,221.234,-97.239,-0.772,0.636,44.000,-93.000,0.000,0.000,108.800,-94.600,0.000,0.000,108.800,-94.600,0.000,0.000,83.883,-85.963,0.995,0.100,1.000,-1.000,0,0
147.334,-121.724,-0.020,-1.000,0,117.955,-82.550,48.966,2,592.149,692.545,0,0,656.031,74.272,47.123,215.686,-92.667,-0.772,0.636,215.686,-92.667,-0.772,0.636,44.000,-93.000,0.000,0.000,108.800,-94.600,0.000,0.000,108.800,-94.600,0.000,0.000,91.035,-85.246,0.995,0.100,-1.000,0.000,0,0
132.945,-121.724,-0.931,-0.366,0,117.955,-82.550,41.944,2,605.108,678.521,0,0,656.031,84.200,36.314,210.139,-88.095,-0.772,0.636,210.139,-88.095,-0.772,0.636,44.000,-93.000,0.000,0.000,108.800,-94.600,0.000,0.000,108.800,-94.600,0.000,0.000,98.188,-84.530,0.995,0.100,-1.000,1.000,0,0
122.771,-111.550,-0.923,0.384,1,108.800,-105.735,15.133,1,610.080,666.365,0,0,651.483,80.926,21.966,44.000,-93.000,0.000,0.000,44.000,-93.000,0.000,0.000,204.591,-83.524,-0.772,0.636,108.800,-94.600,0.000,0.000,108.800,-94.600,0.000,0.000,104.265,-85.350,0.217,-0.976,-1.000,1.000,0,0
120.736,-95.126,-0.355,0.935,1,115.366,-80.978,15.133,1,605.428,661.052,0,0,653.211,76.766,11.948,44.000,-93.000,0.000,0.000,44.000,-93.000,0.000,0.000,197.934,-78.037,-0.772,0.636,108.800,-94.600,0.000,0.000,108.800,-94.600,0.000,0.000,109.153,-88.778,0.765,0.644,1.000,1.000,0,0
128.876,-86.987,0.372,0.928,1,134.509,-72.941,15.133,1,594.802,667.556,0,0,670.782,65.838,15.407,193.496,-74.380,-0.772,0.636,193.496,-74.380,-0.772,0.636,44.000,-93.000,0.000,0.000,113.574,-85.183,0.863,0.505,113.574,-85.183,0.863,0.505,108.800,-94.600,0.000,0.000,1.000,1.000,0,0
139.050,-76.813,0.626,0.780,1,148.527,-65.014,15.133,1,581.566,675.874,0,0,683.474,49.397,19.813,187.948,-69.808,-0.772,0.636,187.948,-69.808,-0.772,0.636,44.000,-93.000,0.000,0.000,119.839,-81.658,0.865,0.502,119.839,-81.658,0.865,0.502,108.800,-94.600,0.000,0.000,1.000,1.000,0,0
141.085,-63.267,0.318,0.948,1,145.898,-48.919,15.133,1,574.797,675.862,0,0,678.791,41.362,20.983,182.400,-65.237,-0.772,0.636,182.400,-65.237,-0.772,0.636,44.000,-93.000,0.000,0.000,125.455,-77.267,0.585,0.811,125.455,-77.267,0.585,0.811,108.800,-94.600,0.000,0.000,0.000,1.000,0,0
149.224,-52.249,0.523,0.852,1,157.137,-39.350,15.133,1,563.369,682.491,0,0,688.909,28.881,27.427,176.852,-60.665,-0.772,0.636,176.852,-60.665,-0.772,0.636,44.000,-93.000,0.000,0.000,129.579,-71.389,0.652,0.758,129.579,-71.389,0.652,0.758,108.800,-94.600,0.000,0.000,1.000,1.000,0,0
159.399,-42.075,0.660,0.751,1,169.393,-30.711,15.133,1,550.397,691.441,0,0,700.286,18.392,34.638,171.305,-56.093,-0.772,0.636,171.305,-56.093,-0.772,0.636,44.000,-93.000,0.000,0.000,134.454,-66.108,0.702,0.712,134.454,-66.108,0.702,0.712,108.800,-94.600,0.000,0.000,1.000,1.000,0,0
169.573,-31.901,0.693,0.721,1,180.064,-20.994,15.133,1,537.496,700.571,0,0,710.138,19.989,41.837,165.757,-51.522,-0.772,0.636,165.757,-51.522,-0.772,0.636,44.000,-93.000,0.000,0.000,139.538,-61.026,0.711,0.703,139.538,-61.026,0.711,0.703,108.800,-94.600,0.000,0.000,1.000,1.000,0,0
179.747,-21.726,0.703,0.711,1,190.393,-10.971,15.133,1,524.673,709.876,0,0,719.785,31.906,49.036,160.209,-46.950,-0.772,0.636,160.209,-46.950,-0.772,0.636,44.000,-93.000,0.000,0.000,144.658,-55.980,0.713,0.701,144.658,-55.980,0.713,0.701,108.800,-94.600,0.000,0.000,1.000,1.000,0,0
189.922,-11.552,0.706,0.708,1,200.606,-0.835,15.133,1,511.933,719.348,0,0,729.467,46.835,56.235,154.662,-42.378,-0.772,0.636,154.662,-42.378,-0.772,0.636,44.000,-93.000,0.000,0.000,149.780,-50.936,0.712,0.702,149.780,-50.936,0.712,0.702,108.800,-94.600,0.000,0.000,1.000,1.000,0,0
200.096,-1.378,0.707,0.707,1,210.792,9.328,15.133,1,499.282,728.981,0,0,739.275,62.660,63.435,149.114,-37.807,-0.772,0.636,149.114,-37.807,-0.772,0.636,44.000,-93.000,0.000,0.000,154.898,-45.888,0.711,0.703,154.898,-45.888,0.711,0.703,108.800,-94.600,0.000,0.000,1.000,1.000,0,0
210.270,8.797,0.707,0.707,1,220.970,19.499,15.133,1,486.728,738.769,0,0,749.222,78.842,70.635,143.566,-33.235,-0.772,0.636,143.566,-33.235,-0.772,0.636,44.000,-93.000,0.000,0.000,160.010,-40.834,0.711,0.703,160.010,-40.834,0.711,0.703,108.800,-94.600,0.000,0.000,1.000,1.000,0,0
220.445,18.971,0.707,0.707,1,231.145,29.672,15.133,1,474.279,748.705,0,0,759.309,95.200,77.834,138.018,-28.663,-0.772,0.636,138.018,-28.663,-0.772,0.636,44.000,-93.000,0.000,0.000,165.118,-35.775,0.710,0.704,165.118,-35.775,0.710,0.704,108.800,-94.600,0.000,0.000,1.000,1.000,0,0
230.619,29.145,0.707,0.707,1,241.320,39.846,15.133,1,461.942,758.784,0,0,769.533,111.657,85.034,132.471,-24.092,-0.772,0.636,132.471,-24.092,-0.772,0.636,44.000,-93.000,0.000,0.000,170.222,-30.713,0.710,0.704,170.222,-30.713,0.710,0.704,108.800,-94.600,0.000,0.000,1.000,1.000,0,0
238.759,40.162,0.564,0.826,1,247.288,52.663,15.133,1,451.528,766.976,0,0,775.753,126.764,91.406,126.923,-19.520,-0.772,0.636,126.923,-19.520,-0.772,0.636,44.000,-93.000,0.000,0.000,175.323,-25.648,0.677,0.736,175.323,-25.648,0.677,0.736,108.800,-94.600,0.000,0.000,0.000,1.000,0,0
238.759,54.551,0.170,0.985,1,241.337,69.463,15.133,1,448.633,767.285,0,0,770.464,136.415,95.073,121.375,-14.948,-0.772,0.636,121.375,-14.948,-0.772,0.636,44.000,-93.000,0.000,0.000,179.841,-20.065,0.566,0.824,179.841,-20.065,0.566,0.824,108.800,-94.600,0.000,0.000,0.000,1.000,0,0
238.759,68.940,0.051,0.999,1,239.523,84.054,15.133,1,446.184,767.863,0,0,769.523,146.298,99.553,115.828,-10.377,-0.772,0.636,115.828,-10.377,-0.772,0.636,44.000,-93.000,0.000,0.000,183.693,-13.998,0.495,0.869,183.693,-13.998,0.495,0.869,108.800,-94.600,0.000,0.000,0.000,1.000,0,0
238.759,83.328,0.013,1.000,1,238.955,98.460,15.133,1,444.188,768.710,0,0,770.086,156.370,104.639,110.280,-5.805,-0.772,0.636,110.280,-5.805,-0.772,0.636,44.000,-93.000,0.000,0.000,187.083,-7.660,0.439,0.898,187.083,-7.660,0.439,0.898,140.000,279.000,0.000,0.000,0.000,1.000,0,0
238.759,97.717,0.004,1.000,1,238.815,112.850,15.133,1,442.650,769.825,0,0,771.343,166.596,110.180,104.732,-1.233,-0.772,0.636,104.732,-1.233,-0.772,0.636,-1.017,225.039,0.509,-0.861,190.103,-1.137,0.393,0.920,190.103,-1.137,0.393,0.920,140.000,279.000,0.000,0.000,0.000,1.000,0,0
238.759,112.106,0.001,1.000,1,238.775,127.239,15.133,1,441.577,771.208,0,0,772.964,176.950,116.067,99.184,3.339,-0.772,0.636,99.184,3.339,-0.772,0.636,2.640,218.851,0.509,-0.861,192.811,5.521,0.353,0.936,192.811,5.521,0.353,0.936,140.000,279.000,0.000,0.000,0.000,1.000,0,0
240.793,125.652,0.098,0.995,1,242.274,140.712,15.133,1,438.960,774.770,0,0,778.222,188.463,122.175,93.637,7.910,-0.772,0.636,93.637,7.910,-0.772,0.636,6.297,212.662,0.509,-0.861,195.249,12.284,0.344,0.939,195.249,12.284,0.344,0.939,140.000,279.000,0.000,0.000,1.000,1.000,0,0
250.968,135.826,0.569,0.822,1,259.581,148.269,15.133,1,428.626,786.160,0,0,796.434,204.312,128.343,88.089,12.482,-0.772,0.636,88.089,12.482,-0.772,0.636,9.955,206.473,0.509,-0.861,198.018,18.915,0.430,0.903,198.018,18.915,0.430,0.903,140.000,279.000,0.000,0.000,1.000,0.000,0,0
265.357,135.826,0.964,0.266,1,279.945,139.849,15.133,1,414.248,800.420,0,0,815.410,218.010,127.737,82.541,17.054,-0.772,0.636,82.541,17.054,-0.772,0.636,13.612,200.284,0.509,-0.861,201.546,25.170,0.564,0.826,201.546,25.170,0.564,0.826,140.000,279.000,0.000,0.000,1.000,0.000,0,0
278.060,131.756,0.972,-0.237,1,292.762,128.169,15.133,1,401.596,812.497,0,0,826.655,229.252,124.024,76.993,21.625,-0.772,0.636,76.993,21.625,-0.772,0.636,17.269,194.095,0.509,-0.861,205.862,30.913,0.666,0.746,205.862,30.913,0.666,0.746,140.000,279.000,0.000,0.000,1.000,-1.000,0,0
288.234,121.582,0.801,-0.599,1,300.353,112.518,15.133,1,391.723,821.407,0,0,832.513,236.845,115.324,71.446,26.197,-0.772,0.636,71.446,26.197,-0.772,0.636,20.926,187.906,0.509,-0.861,210.937,35.997,0.760,0.650,210.937,35.997,0.760,0.650,427.000,279.000,0.000,0.000,1.000,-1.000,0,0
298.408,111.408,0.736,-0.677,1,309.550,101.166,15.133,1,382.136,830.470,0,0,840.639,246.097,108.318,65.898,30.769,-0.772,0.636,65.898,30.769,-0.772,0.636,24.583,181.717,0.509,-0.861,216.628,40.382,0.837,0.547,216.628,40.382,0.837,0.547,427.000,279.000,0.000,0.000,1.000,-1.000,0,0
308.583,101.233,0.715,-0.699,1,319.401,90.651,15.133,1,372.859,839.682,0,0,849.651,256.829,103.095,60.350,35.340,-0.772,0.636,60.350,35.340,-0.772,0.636,28.240,175.528,0.509,-0.861,222.835,43.998,0.900,0.435,222.835,43.998,0.900,0.435,427.000,279.000,0.000,0.000,1.000,-1.000,0,0
321.286,97.163,0.926,-0.378,1,335.296,91.444,15.133,1,360.668,852.012,0,0,865.560,272.564,104.728,54.803,39.912,-0.772,0.636,54.803,39.912,-0.772,0.636,31.898,169.339,0.509,-0.861,229.419,46.880,0.922,0.388,229.419,46.880,0.922,0.388,427.000,279.000,0.000,0.000,1.000,0.000,0,0
335.675,97.163,0.994,-0.110,1,350.716,95.499,15.133,1,346.390,866.356,0,0,881.228,291.224,110.374,49.255,44.484,-0.772,0.636,49.255,44.484,-0.772,0.636,35.555,163.151,0.509,-0.861,236.060,49.631,0.928,0.371,236.060,49.631,0.928,0.371,427.000,279.000,0.000,0.000,1.000,0.000,0,0
350.063,97.163,0.999,-0.032,1,365.189,96.681,15.133,1,332.121,880.701,0,0,895.746,310.110,116.330,43.707,49.055,-0.772,0.636,43.707,49.055,-0.772,0.636,39.212,156.962,0.509,-0.861,242.767,52.217,0.940,0.341,242.767,52.217,0.940,0.341,427.000,279.000,0.000,0.000,1.000,0.000,0,0
364.452,97.163,1.000,-0.009,1,379.585,97.024,15.133,1,317.863,895.047,0,0,910.126,326.021,122.533,42.869,150.773,0.509,-0.861,42.869,150.773,0.509,-0.861,38.160,53.627,-0.772,0.636,249.556,54.581,0.951,0.310,249.556,54.581,0.951,0.310,427.000,279.000,0.000,0.000,1.000,0.000,0,0
378.841,97.163,1.000,-0.003,0,395.076,97.099,16.236,0,303.617,909.395,0,0,925.581,335.681,128.929,46.526,144.584,0.509,-0.861,46.526,144.584,0.509,-0.861,32.612,58.199,-0.772,0.636,256.416,56.728,0.960,0.280,256.416,56.728,0.960,0.280,427.000,279.000,0.000,0.000,1.000,0.000,1,0
384.596,97.163,1.000,-0.002,0,414.679,97.034,30.084,0,297.922,915.134,0,0,945.126,336.945,127.223,50.183,138.395,0.509,-0.861,50.183,138.395,0.509,-0.861,27.064,62.770,1.000,0.022,263.347,58.637,0.969,0.246,263.347,58.637,0.969,0.246,427.000,279.000,0.000,0.000,0.000,0.000,0,0
384.596,97.163,1.000,-0.002,0,433.798,96.970,49.202,0,297.922,915.134,0,0,964.189,332.607,120.054,53.841,132.206,0.509,-0.861,53.841,132.206,0.509,-0.861,34.251,62.932,1.000,0.022,270.334,60.323,0.976,0.219,270.334,60.323,0.976,0.219,427.000,279.000,0.000,0.000,0.000,0.000,0,0
384.596,97.163,1.000,-0.002,0,452.443,96.907,67.849,0,297.922,915.134,0,0,982.780,328.369,112.904,57.498,126.017,0.509,-0.861,57.498,126.017,0.509,-0.861,41.438,63.093,1.000,0.022,277.363,61.829,0.981,0.196,277.363,61.829,0.981,0.196,427.000,279.000,0.000,0.000,0.000,0.000,0,0
384.596,97.163,1.000,-0.002,0,470.626,96.846,86.035,0,297.922,915.134,0,0,1000.912,324.234,105.779,61.155,119.828,0.509,-0.861,61.155,119.828,0.509,-0.861,48.625,63.255,1.000,0.022,284.423,63.186,0.984,0.178,284.423,63.186,0.984,0.178,427.000,279.000,0.000,0.000,0.000,0.000,0,0
384.596,97.163,1.000,-0.002,0,488.360,96.787,103.772,0,297.922,915.134,0,0,1018.595,320.208,98.682,64.812,113.639,0.509,-0.861,64.812,113.639,0.509,-0.861,55.812,63.416,1.000,0.022,291.505,64.419,0.987,0.162,291.505,64.419,0.987,0.162,427.000,279.000,0.000,0.000,0.000,0.000,0,0
384.596,97.163,1.000,-0.002,0,505.654,96.729,121.073,0,297.922,915.134,0,0,1035.841,316.294,91.620,68.469,107.451,0.509,-0.861,68.469,107.451,0.509,-0.861,62.999,63.578,1.000,0.022,298.605,65.546,0.989,0.149,298.605,65.546,0.989,0.149,427.000,279.000,0.000,0.000,0.000,0.000,0,0
384.596,97.163,1.000,-0.002,0,522.521,96.672,137.947,0,297.922,915.134,0,0,1052.661,312.497,84.599,72.127,101.262,0.509,-0.861,72.127,101.262,0.509,-0.861,70.185,63.739,1.000,0.022,305.718,66.582,0.991,0.137,305.718,66.582,0.991,0.137,427.000,279.000,0.000,0.000,0.000,0.000,0,0
384.596,97.163,1.000,-0.002,0,538.970,96.617,154.406,0,297.922,915.134,0,0,1069.066,308.820,77.628,75.784,95.073,0.509,-0.861,75.784,95.073,0.509,-0.861,77.372,63.901,1.000,0.022,312.843,67.541,0.992,0.128,312.843,67.541,0.992,0.128,427.000,279.000,0.000,0.000,0.000,0.000,0,0
384.596,97.163,1.000,-0.002,0,555.011,96.563,170.461,0,297.922,915.134,0,0,1085.064,301.857,70.720,84.559,64.062,1.000,0.022,84.559,64.062,1.000,0.022,79.441,88.884,0.509,-0.861,319.976,68.432,0.993,0.119,319.976,68.432,0.993,0.119,427.000,279.000,0.000,0.000,0.000,0.000,0,0
384.596,97.163,1.000,-0.002,0,570.656,96.511,186.122,0,297.922,915.134,0,0,1100.668,294.697,63.893,91.746,64.224,1.000,0.022,91.746,64.224,1.000,0.022,83.098,82.695,0.509,-0.861,327.116,69.264,0.994,0.111,327.116,69.264,0.994,0.111,427.000,279.000,0.000,0.000,0.000,0.000,0,0
384.596,97.163,1.000,-0.002,0,585.914,96.459,201.399,0,297.922,915.134,0,0,1115.886,287.538,57.175,98.933,64.385,1.000,0.022,98.933,64.385,1.000,0.022,86.755,76.506,0.509,-0.861,334.263,70.043,0.995,0.104,334.263,70.043,0.995,0.104,427.000,279.000,0.000,0.000,0.000,0.000,0,0
384.596,97.163,1.000,-0.002,0,588.212,87.270,203.856,2,297.922,915.134,0,0,1117.745,280.380,52.064,106.120,64.547,1.000,0.022,106.120,64.547,1.000,0.022,90.412,70.317,0.509,-0.861,339.189,71.690,0.998,0.062,339.189,71.690,0.998,0.062,427.000,279.000,0.000,0.000,0.000,0.000,0,0
384.596,97.163,1.000,-0.002,0,591.101,95.398,206.513,2,297.922,915.134,0,0,1121.069,271.793,44.393,114.744,64.741,1.000,0.022,114.744,64.741,1.000,0.022,94.801,62.891,0.509,-0.861,347.791,72.343,0.996,0.089,347.791,72.343,0.996,0.089,427.000,279.000,0.000,0.000,0.000,0.000,0,0
384.596,97.163,1.000,-0.002,0,593.028,100.817,208.464,2,297.922,915.134,0,0,1123.316,266.070,39.414,120.494,64.870,1.000,0.022,120.494,64.870,1.000,0.022,97.727,57.939,0.509,-0.861,353.511,72.932,0.993,0.116,353.511,72.932,0.993,0.116,427.000,279.000,0.000,0.000,0.000,0.000,0,0
384.596,97.163,1.000,-0.002,0,595.436,107.590,211.097,2,297.922,915.134,0,0,1126.160,258.917,33.434,127.681,65.031,1.000,0.022,127.681,65.031,1.000,0.022,101.384,51.751,0.509,-0.861,360.642,73.840,0.990,0.142,360.642,73.840,0.990,0.142,427.000,279.000,0.000,0.000,0.000,0.000,0,0
384.596,97.163,1.000,-0.002,0,595.643,114.776,211.780,2,297.922,915.134,0,0,1126.879,251.767,27.884,134.867,65.193,1.000,0.022,134.867,65.193,1.000,0.022,105.041,45.562,0.509,-0.861,367.745,74.948,0.985,0.172,367.745,74.948,0.985,0.172,427.000,279.000,0.000,0.000,0.000,0.000,0,0
384.596,97.163,1.000,-0.002,0,595.850,121.961,212.704,2,297.922,915.134,0,0,1127.643,244.619,23.070,142.054,65.354,1.000,0.022,142.054,65.354,1.000,0.022,108.698,39.373,0.509,-0.861,374.810,76.272,0.979,0.202,374.810,76.272,0.979,0.202,427.000,279.000,0.000,0.000,0.000,0.000,0,0
384.596,97.163,1.000,-0.002,0,596.057,129.147,213.866,2,297.922,915.134,0,0,1128.452,237.473,19.545,149.241,65.516,1.000,0.022,149.241,65.516,1.000,0.022,112.356,33.184,0.509,-0.861,381.831,77.815,0.972,0.233,381.831,77.815,0.972,0.233,427.000,279.000,0.000,0.000,0.000,0.000,0,0
384.596,97.163,1.000,-0.002,0,596.264,136.333,215.262,2,297.922,915.134,0,0,1129.307,230.330,18.080,156.428,65.677,1.000,0.022,156.428,65.677,1.000,0.022,116.013,26.995,0.509,-0.861,388.800,79.579,0.965,0.264,388.800,79.579,0.965,0.264,427.000,279.000,0.000,0.000,0.000,0.000,0,0
393.229,97.163,1.000,-0.001,0,596.472,143.519,208.461,2,289.385,923.744,0,0,1130.207,231.741,15.794,163.615,65.839,1.000,0.022,163.615,65.839,1.000,0.022,119.670,20.806,0.509,-0.861,395.708,81.565,0.956,0.295,395.708,81.565,0.956,0.295,427.000,279.000,0.000,0.000,1.000,0.000,0,0
407.618,97.163,1.000,0.000,0,596.679,150.704,196.496,2,275.170,938.094,0,0,1131.151,238.858,14.317,170.802,66.000,1.000,0.022,170.802,66.000,1.000,0.022,123.327,14.617,0.509,-0.861,402.549,83.774,0.945,0.326,402.549,83.774,0.945,0.326,427.000,279.000,0.000,0.000,1.000,0.000,0,0
422.007,97.163,1.000,0.000,0,596.886,157.890,185.123,2,260.973,952.445,0,0,1132.141,245.980,16.769,177.989,66.162,1.000,0.022,177.989,66.162,1.000,0.022,126.984,8.428,0.509,-0.861,409.313,86.206,0.934,0.357,409.313,86.206,0.934,0.357,427.000,279.000,0.000,0.000,1.000,0.000,0,0
435.553,95.129,0.995,-0.097,0,597.093,165.076,176.034,2,247.972,965.819,0,0,1133.175,252.029,20.539,185.176,66.323,1.000,0.022,185.176,66.323,1.000,0.022,130.642,2.239,0.509,-0.861,415.993,88.862,0.922,0.388,415.993,88.862,0.922,0.388,427.000,279.000,0.000,0.000,1.000,-1.000,0,0
445.727,84.954,0.828,-0.560,0,597.300,172.262,174.920,2,240.015,975.354,0,0,1134.254,254.037,24.120,192.363,66.485,1.000,0.022,192.363,66.485,1.000,0.022,134.299,-3.949,0.509,-0.861,422.581,91.738,0.908,0.419,422.581,91.738,0.908,0.419,612.027,168.778,0.029,1.000,1.000,-1.000,0,0
447.762,71.408,0.352,-0.936,0,597.508,179.447,184.651,2,241.410,976.729,0,0,1135.377,248.258,29.971,199.550,66.646,1.000,0.022,199.550,66.646,1.000,0.022,137.956,-10.138,0.509,-0.861,429.068,94.835,0.894,0.449,429.068,94.835,0.894,0.449,424.800,-106.500,0.000,0.000,0.000,-1.000,0,0
447.762,57.020,0.105,-0.995,0,597.715,186.633,198.206,2,245.763,976.239,0,0,1136.545,241.224,42.932,206.736,66.807,1.000,0.022,206.736,66.807,1.000,0.022,141.613,-16.327,0.509,-0.861,435.447,98.148,0.878,0.479,435.447,98.148,0.878,0.479,424.800,-106.500,0.000,0.000,0.000,-1.000,0,0
447.762,42.631,0.030,-1.000,0,597.922,193.819,213.086,2,250.866,975.960,0,0,1137.757,235.102,59.352,213.923,66.969,1.000,0.022,213.923,66.969,1.000,0.022,145.270,-22.516,0.509,-0.861,441.711,101.674,0.861,0.508,441.711,101.674,0.861,0.508,424.800,-106.500,0.000,0.000,0.000,-1.000,0,0
447.762,28.242,0.008,-1.000,0,598.129,201.005,229.035,2,256.676,975.893,0,0,1139.013,229.964,77.167,221.110,67.130,1.000,0.022,221.110,67.130,1.000,0.022,148.927,-28.705,0.509,-0.861,447.853,105.409,0.844,0.537,447.853,105.409,0.844,0.537,424.800,-106.500,0.000,0.000,0.000,-1.000,0,0
447.762,13.854,0.002,-1.000,0,598.337,208.190,245.844,2,263.145,976.038,0,0,1140.313,225.877,95.690,228.297,67.292,1.000,0.022,228.297,67.292,1.000,0.022,152.584,-34.894,0.509,-0.861,453.866,109.348,0.825,0.565,453.866,109.348,0.825,0.565,424.800,-106.500,0.000,0.000,0.000,-1.000,0,0
447.762,2.343,0.001,-1.000,0,598.544,215.376,260.995,2,268.763,976.307,0,0,1141.657,222.039,111.239,235.484,67.453,1.000,0.022,235.484,67.453,1.000,0.022,156.242,-41.083,0.509,-0.861,424.800,-106.500,0.000,0.000,424.800,-106.500,0.000,0.000,459.744,113.486,0.806,0.592,0.000,0.000,0,0
459.273,2.343,0.804,-0.595,0,598.751,222.562,260.673,2,258.912,987.812,0,0,1143.044,226.223,114.172,242.671,67.615,1.000,0.022,242.671,67.615,1.000,0.022,159.899,-47.272,0.509,-0.861,424.800,-106.500,0.000,0.000,424.800,-106.500,0.000,0.000,465.482,117.816,0.786,0.618,1.000,0.000,0,0
470.290,10.482,0.955,0.296,0,597.495,215.484,241.260,2,245.292,998.623,0,0,1140.639,227.757,111.713,249.858,67.776,1.000,0.022,249.858,67.776,1.000,0.022,163.556,-53.461,0.509,-0.861,471.186,122.191,0.804,0.594,471.186,122.191,0.804,0.594,424.800,-106.500,0.000,0.000,1.000,1.000,0,0
472.325,24.028,0.424,0.906,0,596.239,208.406,222.148,2,236.756,1000.473,0,0,1138.275,219.713,102.466,257.045,67.938,1.000,0.022,257.045,67.938,1.000,0.022,165.966,-60.199,0.292,-0.956,477.023,126.386,0.824,0.567,477.023,126.386,0.824,0.567,424.800,-106.500,0.000,0.000,0.000,1.000,0,0
472.325,38.417,0.124,0.992,0,594.983,201.328,203.924,2,230.181,1000.477,0,0,1135.951,210.200,92.574,264.232,68.099,1.000,0.022,264.232,68.099,1.000,0.022,168.063,-67.075,0.292,-0.956,483.005,130.373,0.845,0.535,483.005,130.373,0.845,0.535,424.800,-106.500,0.000,0.000,0.000,1.000,0,0
472.325,52.805,0.035,0.999,0,593.727,194.249,186.400,2,224.338,1000.689,0,0,1133.667,201.500,83.033,271.418,68.261,1.000,0.022,271.418,68.261,1.000,0.022,170.161,-73.951,0.292,-0.956,489.140,134.118,0.867,0.498,489.140,134.118,0.867,0.498,424.800,-106.500,0.000,0.000,0.000,1.000,0,0
472.325,67.194,0.009,1.000,0,592.471,187.171,169.793,2,219.285,1001.107,0,0,1131.426,193.724,74.084,278.605,68.422,1.000,0.022,278.605,68.422,1.000,0.022,172.259,-80.826,0.292,-0.956,495.439,137.580,0.890,0.455,495.439,137.580,0.890,0.455,607.198,183.688,-0.175,-0.985,0.000,1.000,0,0
472.325,81.583,0.003,1.000,0,591.215,180.093,154.399,2,215.077,1001.732,0,0,1129.225,186.985,66.115,285.792,68.584,1.000,0.022,285.792,68.584,1.000,0.022,174.357,-87.702,0.292,-0.956,501.911,140.709,0.915,0.404,501.911,140.709,0.915,0.404,605.942,176.610,-0.175,-0.985,0.000,1.000,0,0
472.325,95.972,0.001,1.000,0,589.959,173.015,140.618,2,211.765,1002.563,0,0,1127.066,181.401,59.716,292.979,68.745,1.000,0.022,292.979,68.745,1.000,0.022,176.454,-94.578,0.292,-0.956,508.560,143.438,0.940,0.342,508.560,143.438,0.940,0.342,604.686,169.532,-0.175,-0.985,1.000,1.000,0,0
482.500,106.146,0.493,0.870,0,588.703,165.937,121.878,2,199.966,1013.420,0,0,1124.948,186.098,51.429,300.166,68.907,1.000,0.022,300.166,68.907,1.000,0.022,178.552,-101.454,-0.610,0.793,515.386,145.685,0.964,0.266,515.386,145.685,0.964,0.266,603.430,162.454,-0.175,-0.985,1.000,1.000,0,0
492.674,116.320,0.656,0.754,0,590.573,161.769,107.934,2,188.528,1024.363,0,0,1126.313,191.250,43.009,307.353,69.068,1.000,0.022,307.353,69.068,1.000,0.022,174.168,-95.756,-0.610,0.793,522.356,147.445,0.979,0.205,522.356,147.445,0.979,0.205,605.300,158.286,-0.262,-0.965,1.000,1.000,0,0
502.848,126.495,0.693,0.721,0,588.688,154.832,90.396,2,177.519,1035.391,0,0,1123.654,196.823,34.608,314.540,69.230,1.000,0.022,314.540,69.230,1.000,0.022,169.785,-90.059,-0.610,0.793,529.441,148.643,0.995,0.104,529.441,148.643,0.995,0.104,603.415,151.349,-0.262,-0.965,1.000,1.000,0,0
506.918,139.197,0.409,0.913,0,586.803,147.895,80.357,2,173.104,1040.688,0,0,1121.036,197.911,31.285,321.727,69.391,1.000,0.022,321.727,69.391,1.000,0.022,165.401,-84.362,-0.610,0.793,536.614,149.041,1.000,-0.023,536.614,149.041,1.000,-0.023,601.530,144.411,-0.262,-0.965,0.000,1.000,0,0
513.866,149.023,0.642,0.767,0,586.223,147.718,72.369,0,166.554,1048.659,0,0,1120.440,201.303,29.935,328.914,69.553,1.000,0.022,328.914,69.553,1.000,0.022,161.017,-78.664,-0.610,0.793,543.800,148.861,1.000,-0.027,543.800,148.861,1.000,-0.027,599.648,137.477,-0.262,-0.965,1.000,0.000,0,0
528.255,149.023,0.969,0.245,0,585.960,147.635,57.723,0,152.271,1062.955,0,0,1120.168,207.877,22.735,336.100,69.714,1.000,0.022,336.100,69.714,1.000,0.022,156.634,-72.967,-0.610,0.793,550.986,148.660,1.000,-0.029,550.986,148.660,1.000,-0.029,597.762,130.540,-0.262,-0.965,1.000,0.000,0,0
537.237,140.040,0.860,-0.510,0,585.704,147.553,49.048,0,142.949,1070.929,0,0,1119.901,206.251,22.558,343.287,69.876,1.000,0.022,343.287,69.876,1.000,0.022,152.250,-67.269,-0.610,0.793,558.172,148.442,0.999,-0.032,558.172,148.442,0.999,-0.032,597.689,123.704,0.368,-0.930,0.000,-1.000,0,0
537.237,125.652,0.281,-0.960,0,585.454,147.474,52.932,0,143.457,1069.558,0,0,1119.640,194.867,36.043,350.474,70.037,1.000,0.022,350.474,70.037,1.000,0.022,147.867,-61.572,-0.610,0.793,565.356,148.199,0.999,-0.036,565.356,148.199,0.999,-0.036,600.334,117.019,0.368,-0.930,0.000,-1.000,0,0
537.237,111.263,0.081,-0.997,0,588.518,147.232,62.648,0,145.394,1068.380,0,0,1122.656,184.211,50.875,357.661,70.199,1.000,0.022,357.661,70.199,1.000,0.022,143.483,-55.874,-0.610,0.793,572.509,147.925,0.999,-0.043,572.509,147.925,0.999,-0.043,602.979,110.335,0.368,-0.930,0.000,-1.000,0,0
537.237,96.874,0.023,-1.000,0,595.734,146.767,76.899,0,148.704,1067.394,0,0,1129.781,174.416,66.138,364.848,70.360,1.000,0.022,364.848,70.360,1.000,0.022,139.099,-50.177,-0.610,0.793,579.688,147.590,0.999,-0.051,579.688,147.590,0.999,-0.051,605.624,103.650,0.368,-0.930,0.000,-1.000,0,0
533.167,84.171,-0.242,-0.970,0,602.907,146.292,93.415,0,156.491,1062.620,0,0,1136.862,161.709,76.184,372.035,70.522,1.000,0.022,372.035,70.522,1.000,0.022,134.716,-44.479,-0.610,0.793,608.269,96.966,0.368,-0.930,586.866,147.204,0.998,-0.057,586.866,147.204,0.998,-0.057,-1.000,-1.000,0,0
521.307,78.067,-0.770,-0.639,0,610.079,145.810,111.694,0,169.675,1050.484,0,0,1143.942,142.277,90.435,379.222,70.683,1.000,0.022,379.222,70.683,1.000,0.022,130.332,-38.782,-0.610,0.793,610.914,90.281,0.368,-0.930,594.042,146.785,0.998,-0.061,594.042,146.785,0.998,-0.061,-1.000,0.000,0,0
506.918,78.067,-0.981,-0.196,0,617.250,145.323,129.251,0,183.148,1036.112,0,0,1151.022,120.726,106.784,386.409,70.845,1.000,0.022,386.409,70.845,1.000,0.022,125.948,-33.085,-0.610,0.793,613.558,83.597,0.368,-0.930,601.216,146.340,0.998,-0.063,601.216,146.340,0.998,-0.063,-1.000,0.000,0,0
499.128,85.857,-0.840,0.542,0,624.422,144.832,138.527,0,188.198,1028.718,0,0,1158.103,106.572,117.417,393.596,71.006,1.000,0.022,393.596,71.006,1.000,0.022,121.565,-27.387,-0.610,0.793,616.203,76.912,0.368,-0.930,608.389,145.879,0.998,-0.065,608.389,145.879,0.998,-0.065,1.000,1.000,0,0
509.302,96.031,0.275,0.961,0,631.593,144.339,131.557,0,175.784,1039.464,0,0,1165.184,111.332,112.544,400.782,71.168,1.000,0.022,400.782,71.168,1.000,0.022,117.181,-21.690,-0.610,0.793,618.848,70.228,0.368,-0.930,615.562,145.407,0.998,-0.066,615.562,145.407,0.998,-0.066,1.000,1.000,0,0
519.477,106.206,0.609,0.793,0,638.764,143.843,125.187,0,163.695,1050.298,0,0,1172.266,116.834,110.278,407.969,71.329,1.000,0.022,407.969,71.329,1.000,0.022,112.797,-15.992,-0.610,0.793,622.734,144.926,0.998,-0.067,622.734,144.926,0.998,-0.067,621.493,63.543,0.368,-0.930,1.000,1.000,0,0
529.651,116.380,0.681,0.733,0,643.608,145.326,117.709,0,152.006,1061.216,0,0,1177.226,122.980,103.956,415.156,71.491,1.000,0.022,415.156,71.491,1.000,0.022,108.414,-10.295,-0.610,0.793,629.715,144.558,0.998,0.055,629.715,144.558,0.998,0.055,624.138,56.859,0.368,-0.930,1.000,1.000,0,0
539.825,126.554,0.700,0.714,0,648.919,149.083,111.549,0,140.818,1072.216,0,0,1182.879,129.678,98.685,422.343,71.652,1.000,0.022,422.343,71.652,1.000,0.022,104.030,-4.597,-0.610,0.793,636.633,145.712,0.964,0.265,636.633,145.712,0.964,0.265,626.783,50.174,0.368,-0.930,1.000,1.000,0,0
549.999,136.729,0.705,0.709,0,656.389,152.590,107.747,0,130.261,1083.296,0,0,1190.662,136.846,94.139,429.530,71.814,1.000,0.022,429.530,71.814,1.000,0.022,99.646,1.100,-0.610,0.793,643.478,147.862,0.939,0.344,643.478,147.862,0.939,0.344,627.091,48.739,-0.445,0.896,1.000,1.000,0,0
560.174,146.903,0.707,0.708,0,663.716,156.238,104.174,0,120.499,1094.453,0,0,1198.324,144.415,90.053,436.717,71.975,1.000,0.022,436.717,71.975,1.000,0.022,95.263,6.798,-0.610,0.793,650.156,150.480,0.920,0.391,650.156,150.480,0.920,0.391,623.895,55.179,-0.445,0.896,1.000,1.000,0,0
570.348,157.077,0.707,0.707,0,670.951,159.920,100.861,0,111.742,1105.684,0,0,1205.907,152.325,86.456,443.904,72.137,1.000,0.022,443.904,72.137,1.000,0.022,90.879,12.495,-0.610,0.793,656.725,153.368,0.908,0.418,656.725,153.368,0.908,0.418,620.700,61.618,-0.445,0.896,1.000,1.000,0,0
580.522,167.252,0.707,0.707,0,677.715,163.447,97.493,0,104.242,1116.987,0,0,1213.013,160.526,83.406,451.091,72.298,1.000,0.022,451.091,72.298,1.000,0.022,86.495,18.192,-0.610,0.793,663.223,156.431,0.900,0.436,663.223,156.431,0.900,0.436,617.504,68.057,-0.445,0.896,1.000,1.000,0,0
590.696,177.426,0.707,0.707,0,684.060,166.759,94.205,0,98.289,1128.361,0,0,1219.685,168.975,80.970,458.278,72.460,1.000,0.022,458.278,72.460,1.000,0.022,82.112,23.890,-0.610,0.793,669.678,159.593,0.895,0.446,669.678,159.593,0.895,0.446,614.308,74.497,-0.445,0.896,1.000,1.000,0,0
602.556,183.531,0.887,0.463,0,690.383,170.178,89.083,0,90.662,1140.921,0,0,1226.352,176.338,76.395,465.464,72.621,1.000,0.022,465.464,72.621,1.000,0.022,77.728,29.587,-0.610,0.793,676.094,162.833,0.889,0.457,676.094,162.833,0.889,0.457,611.683,78.212,-0.048,-0.999,1.000,0.000,0,0
616.945,183.531,0.990,0.144,0,696.698,173.615,80.640,0,78.855,1155.181,0,0,1233.019,181.895,67.797,472.651,72.783,1.000,0.022,472.651,72.783,1.000,0.022,73.344,35.285,-0.610,0.793,682.475,166.144,0.885,0.465,682.475,166.144,0.885,0.465,611.340,71.032,-0.048,-0.999,1.000,0.000,0,0
631.334,183.531,0.999,0.036,0,704.266,177.754,73.461,0,68.050,1169.444,0,0,1241.019,186.386,60.261,481.276,72.977,1.000,0.022,481.276,72.977,1.000,0.022,68.084,42.122,-0.610,0.793,690.098,170.180,0.882,0.471,690.098,170.180,0.882,0.471,610.927,62.415,-0.048,-0.999,0.000,-1.000,0,0
627.264,173.705,0.485,-0.875,0,709.308,180.519,82.593,0,65.097,1164.163,0,0,1246.355,172.590,67.906,487.025,73.106,1.000,0.022,487.025,73.106,1.000,0.022,64.577,46.680,-0.610,0.793,695.165,172.897,0.881,0.474,695.165,172.897,0.881,0.474,610.652,56.671,-0.048,-0.999,-1.000,-1.000,0,0
617.090,163.531,-0.471,-0.882,0,715.485,183.909,100.702,0,69.101,1152.853,0,0,1252.897,152.468,71.904,494.212,73.267,1.000,0.022,494.212,73.267,1.000,0.022,60.193,52.377,-0.610,0.793,688.155,174.488,-0.975,0.221,688.155,174.488,-0.975,0.221,610.309,49.490,-0.048,-0.999,-1.000,-1.000,0,0
606.916,153.357,-0.645,-0.764,0,721.489,187.204,119.656,0,75.672,1141.612,0,0,1259.260,132.372,77.628,501.399,73.429,1.000,0.022,501.399,73.429,1.000,0.022,55.810,58.075,-0.610,0.793,681.144,176.078,-0.975,0.221,681.144,176.078,-0.975,0.221,609.965,42.310,-0.048,-0.999,-1.000,-1.000,0,0
596.741,143.182,-0.690,-0.724,0,727.344,190.418,139.051,0,84.212,1130.442,0,0,1265.470,112.314,84.728,508.586,73.590,1.000,0.022,508.586,73.590,1.000,0.022,51.426,63.772,-0.610,0.793,674.134,177.669,-0.975,0.221,674.134,177.669,-0.975,0.221,609.621,35.129,-0.048,-0.999,-1.000,-1.000,0,0
586.567,133.008,-0.702,-0.712,0,733.055,193.552,158.664,0,94.187,1119.345,0,0,1271.530,92.321,92.889,515.773,73.752,1.000,0.022,515.773,73.752,1.000,0.022,47.042,69.469,-0.610,0.793,667.123,179.259,-0.975,0.221,667.123,179.259,-0.975,0.221,609.278,27.949,-0.048,-0.999,-1.000,-1.000,0,0
576.393,122.834,-0.706,-0.708,0,738.589,196.590,178.331,0,105.189,1108.324,0,0,1277.408,78.411,101.857,512.607,77.232,-0.800,0.599,512.607,77.232,-0.800,0.599,42.659,75.167,-0.610,0.793,660.113,180.850,-0.975,0.221,660.113,180.850,-0.975,0.221,608.934,20.768,-0.048,-0.999,-1.000,0.000,0,0
562.004,122.834,-0.977,-0.211,0,743.798,199.449,197.416,0,119.303,1093.988,0,0,1282.946,68.897,108.866,506.853,81.541,-0.800,0.599,506.853,81.541,-0.800,0.599,38.275,80.864,-0.610,0.793,653.102,182.440,-0.975,0.221,653.102,182.440,-0.975,0.221,445.549,134.059,0.977,0.214,-1.000,0.000,0,0
549.301,126.904,-0.956,0.293,0,748.826,202.208,213.390,0,131.410,1081.685,0,0,1288.294,63.315,97.125,501.099,85.850,-0.800,0.599,501.099,85.850,-0.800,0.599,33.891,86.562,-0.610,0.793,452.568,135.613,0.976,0.219,452.568,135.613,0.976,0.219,646.092,184.031,-0.975,0.221,-1.000,1.000,0,0
539.127,137.078,-0.799,0.602,0,751.358,204.576,222.823,0,141.057,1072.512,0,0,1291.121,64.173,79.549,495.345,90.159,-0.800,0.599,495.345,90.159,-0.800,0.599,29.508,92.259,-0.610,0.793,459.578,137.205,0.974,0.225,459.578,137.205,0.974,0.225,639.081,185.621,-0.975,0.221,-1.000,1.000,0,0
528.953,147.252,-0.734,0.679,0,751.305,206.440,230.198,0,151.458,1063.454,0,0,1291.323,65.844,62.939,489.591,94.469,-0.800,0.599,489.591,94.469,-0.800,0.599,25.124,97.957,-0.610,0.793,466.578,138.840,0.973,0.231,466.578,138.840,0.973,0.231,632.071,187.212,-0.975,0.221,0.000,1.000,0,0
528.953,161.641,-0.247,0.969,0,751.295,208.258,227.274,0,153.022,1065.124,0,0,1291.562,77.377,59.276,483.837,98.778,-0.800,0.599,483.837,98.778,-0.800,0.599,20.740,103.654,-0.610,0.793,473.569,140.517,0.972,0.237,473.569,140.517,0.972,0.237,625.060,188.802,-0.975,0.221,0.000,1.000,0,0
528.953,176.030,-0.072,0.997,0,751.244,210.066,224.975,0,155.904,1066.986,0,0,1291.762,88.928,59.033,478.083,103.087,-0.800,0.599,478.083,103.087,-0.800,0.599,16.357,109.352,-0.610,0.793,480.548,142.238,0.970,0.243,480.548,142.238,0.970,0.243,618.050,190.393,-0.975,0.221,0.000,1.000,0,0
528.953,190.418,-0.020,1.000,0,751.194,211.830,223.362,0,160.032,1069.038,0,0,1291.960,100.493,62.220,472.329,107.397,-0.800,0.599,472.329,107.397,-0.800,0.599,11.973,115.049,-0.610,0.793,487.517,144.003,0.968,0.249,487.517,144.003,0.968,0.249,611.039,191.983,-0.975,0.221,0.000,1.000,0,0
528.953,204.807,-0.006,1.000,0,751.145,213.551,222.458,0,165.314,1071.280,0,0,1292.154,112.066,68.332,466.575,111.706,-0.800,0.599,466.575,111.706,-0.800,0.599,7.589,120.746,-0.610,0.793,494.474,145.811,0.967,0.255,494.474,145.811,0.967,0.255,604.029,193.574,-0.975,0.221,0.000,1.000,0,0
528.953,219.196,-0.002,1.000,0,751.098,215.228,222.278,0,171.642,1073.709,0,0,1292.344,123.645,72.183,460.822,116.015,-0.800,0.599,460.822,116.015,-0.800,0.599,3.206,126.444,-0.610,0.793,597.018,195.164,-0.975,0.221,597.018,195.164,-0.975,0.221,501.421,147.663,0.965,0.261,0.000,1.000,0,0
528.953,233.584,0.000,1.000,0,751.052,216.864,222.831,0,178.907,1076.326,0,0,1292.531,135.229,71.303,455.068,120.325,-0.800,0.599,455.068,120.325,-0.800,0.599,-1.178,132.141,-0.610,0.793,590.008,196.755,-0.975,0.221,590.008,196.755,-0.975,0.221,508.355,149.558,0.964,0.267,0.000,1.000,0,0
528.953,247.973,0.000,1.000,0,751.007,218.460,224.119,0,186.998,1079.128,0,0,1292.715,146.816,73.374,449.314,124.634,-0.800,0.599,449.314,124.634,-0.800,0.599,-5.562,137.839,-0.610,0.793,582.997,198.345,-0.975,0.221,582.997,198.345,-0.975,0.221,515.277,151.497,0.962,0.273,0.000,1.000,0,0
528.953,262.362,0.000,1.000,0,750.977,219.979,226.154,0,195.813,1082.114,0,0,1292.905,158.406,78.161,443.560,128.943,-0.800,0.599,443.560,128.943,-0.800,0.599,-9.945,143.536,-0.610,0.793,575.987,199.936,-0.975,0.221,575.987,199.936,-0.975,0.221,427.000,279.000,0.000,0.000,0.000,1.000,0,0
528.953,276.750,0.000,1.000,0,751.004,221.315,228.985,0,205.260,1085.283,0,0,1293.128,169.998,85.209,437.806,133.253,-0.800,0.599,437.806,133.253,-0.800,0.599,-14.329,149.234,-0.610,0.793,568.976,201.526,-0.975,0.221,568.976,201.526,-0.975,0.221,427.000,279.000,0.000,0.000,0.000,1.000,0,0
533.022,289.453,0.302,0.953,0,751.030,222.624,228.140,0,211.219,1092.184,0,0,1293.347,182.390,91.059,432.052,137.562,-0.800,0.599,432.052,137.562,-0.800,0.599,-18.713,154.931,-0.610,0.793,561.966,203.117,-0.975,0.221,561.966,203.117,-0.975,0.221,427.000,279.000,0.000,0.000,1.000,1.000,0,0
543.197,299.628,0.615,0.788,0,751.056,223.908,221.344,0,211.962,1104.502,0,0,1293.564,196.348,95.646,426.298,141.871,-0.800,0.599,426.298,141.871,-0.800,0.599,-23.096,160.629,-0.610,0.793,554.955,204.707,-0.975,0.221,554.955,204.707,-0.975,0.221,427.000,279.000,0.000,0.000,1.000,1.000,0,0
547.266,312.331,0.381,0.924,0,751.081,225.167,221.793,0,219.333,1111.597,0,0,1293.777,208.960,106.035,420.544,146.181,-0.800,0.599,420.544,146.181,-0.800,0.599,-27.480,166.326,-0.610,0.793,547.945,206.298,-0.975,0.221,547.945,206.298,-0.975,0.221,427.000,279.000,0.000,0.000,0.000,1.000,0,0
547.266,326.719,0.101,0.995,0,751.106,226.401,227.307,0,230.940,1115.327,0,0,1293.987,220.470,119.000,414.790,150.490,-0.800,0.599,414.790,150.490,-0.800,0.599,-31.863,172.024,-0.610,0.793,540.934,207.888,-0.975,0.221,540.934,207.888,-0.975,0.221,427.000,279.000,0.000,0.000,0.000,1.000,0,0
547.266,341.108,0.029,1.000,0,751.131,227.611,233.445,0,242.846,1119.229,0,0,1294.195,231.988,132.304,409.036,154.799,-0.800,0.599,409.036,154.799,-0.800,0.599,-36.247,177.721,-0.610,0.793,533.924,209.479,-0.975,0.221,533.924,209.479,-0.975,0.221,427.000,279.000,0.000,0.000,0.000,1.000,0,0
547.266,352.619,0.010,1.000,0,751.154,228.797,238.656,0,252.557,1122.474,0,0,1294.399,241.201,141.010,403.282,159.108,-0.800,0.599,403.282,159.108,-0.800,0.599,-40.631,183.419,-0.610,0.793,427.000,279.000,0.000,0.000,427.000,279.000,0.000,0.000,526.913,211.069,-0.975,0.221,0.000,0.000,0,0
547.266,352.619,0.010,1.000,0,751.178,229.959,238.075,0,252.557,1122.474,0,0,1294.600,241.286,141.010,397.528,163.418,-0.800,0.599,397.528,163.418,-0.800,0.599,-45.014,189.116,-0.610,0.793,427.000,279.000,0.000,0.000,427.000,279.000,0.000,0.000,519.903,212.660,-0.975,0.221,0.000,0.000,0,0
547.266,352.619,0.010,1.000,0,751.201,231.099,237.509,0,252.557,1122.474,0,0,1294.799,241.584,141.010,391.774,167.727,-0.800,0.599,391.774,167.727,-0.800,0.599,-49.398,194.814,-0.610,0.793,427.000,279.000,0.000,0.000,427.000,279.000,0.000,0.000,512.892,214.250,-0.975,0.221,0.000,0.000,0,0
547.266,352.619,0.010,1.000,0,751.223,232.217,236.959,0,252.557,1122.474,0,0,1294.995,242.096,141.010,386.020,172.036,-0.800,0.599,386.020,172.036,-0.800,0.599,-53.782,200.511,-0.610,0.793,427.000,279.000,0.000,0.000,427.000,279.000,0.000,0.000,505.882,215.841,-0.975,0.221,0.000,0.000,0,0
547.266,352.619,0.010,1.000,0,643.000,465.000,147.813,0,252.557,1122.474,0,0,1248.901,242.820,141.010,380.266,176.346,-0.800,0.599,380.266,176.346,-0.800,0.599,-58.165,206.208,-0.610,0.793,427.000,279.000,0.000,0.000,427.000,279.000,0.000,0.000,498.871,217.431,-0.975,0.221,0.000,0.000,0,0
547.266,352.619,0.010,1.000,0,642.826,464.798,147.505,0,252.557,1122.474,0,0,1248.674,243.753,141.010,374.512,180.655,-0.800,0.599,374.512,180.655,-0.800,0.599,-62.549,211.906,-0.610,0.793,427.000,279.000,0.000,0.000,427.000,279.000,0.000,0.000,491.861,219.022,-0.975,0.221,0.000,1.000,0,0
547.266,367.008,0.003,1.000,0,642.377,464.276,136.163,0,264.898,1126.683,0,0,1248.078,254.961,149.028,368.759,184.964,-0.800,0.599,368.759,184.964,-0.800,0.599,-57.952,211.281,0.952,-0.307,427.000,279.000,0.000,0.000,427.000,279.000,0.000,0.000,484.850,220.612,-0.975,0.221,0.000,1.000,0,0
547.266,381.397,0.001,1.000,0,641.907,463.729,125.543,0,277.437,1131.059,0,0,1247.452,266.202,157.953,363.005,189.274,-0.800,0.599,363.005,189.274,-0.800,0.599,-51.110,209.075,0.952,-0.307,427.000,279.000,0.000,0.000,427.000,279.000,0.000,0.000,477.840,222.203,-0.975,0.221,0.000,1.000,0,0
551.336,394.100,0.248,0.969,0,641.412,463.154,113.585,0,286.812,1138.915,0,0,1246.795,279.063,169.432,357.251,193.583,-0.800,0.599,357.251,193.583,-0.800,0.599,-44.268,206.870,0.952,-0.307,427.000,279.000,0.000,0.000,427.000,279.000,0.000,0.000,470.829,223.793,-0.975,0.221,1.000,1.000,0,0
561.510,404.274,0.594,0.804,0,640.890,462.547,98.545,0,291.680,1151.820,0,0,1246.101,294.447,183.811,351.497,197.892,-0.800,0.599,351.497,197.892,-0.800,0.599,-37.426,204.664,0.952,-0.307,427.000,279.000,0.000,0.000,427.000,279.000,0.000,0.000,602.951,213.350,0.151,0.989,1.000,1.000,0,0
571.685,414.448,0.677,0.736,0,640.615,462.228,83.950,0,297.167,1164.759,0,0,1245.734,309.998,196.669,345.743,202.202,-0.800,0.599,345.743,202.202,-0.800,0.599,-30.584,202.458,0.952,-0.307,604.029,220.457,0.150,0.989,604.029,220.457,0.150,0.989,427.000,279.000,0.000,0.000,1.000,1.000,0,0
581.859,424.623,0.699,0.715,0,640.497,462.091,69.691,0,303.237,1177.732,0,0,1245.573,325.690,198.424,339.989,206.511,-0.800,0.599,339.989,206.511,-0.800,0.599,-23.742,200.253,0.952,-0.307,605.104,227.565,0.149,0.989,605.104,227.565,0.149,0.989,427.000,279.000,0.000,0.000,1.000,1.000,0,0
592.033,434.797,0.705,0.709,0,640.361,461.932,55.571,0,309.857,1190.737,0,0,1245.389,341.505,200.623,334.235,210.820,-0.800,0.599,334.235,210.820,-0.800,0.599,-16.901,198.047,0.952,-0.307,606.175,234.673,0.149,0.989,606.175,234.673,0.149,0.989,427.000,279.000,0.000,0.000,1.000,1.000,0,0
604.242,447.007,0.707,0.708,0,640.176,461.717,39.072,0,318.478,1206.385,0,0,1245.138,360.622,203.828,327.330,215.991,-0.800,0.599,327.330,215.991,-0.800,0.599,-8.690,195.400,0.952,-0.307,607.456,243.204,0.148,0.989,607.456,243.204,0.148,0.989,427.000,279.000,0.000,0.000,1.000,1.000,0,0
612.382,455.146,0.707,0.707,1,623.080,465.849,15.133,1,324.609,1216.841,0,0,1230.615,373.440,206.284,322.727,219.439,-0.800,0.599,322.727,219.439,-0.800,0.599,-3.217,193.636,0.952,-0.307,608.180,248.905,0.069,0.998,608.180,248.905,0.069,0.998,427.000,279.000,0.000,0.000,1.000,1.000,0,0
618.486,464.128,0.561,0.828,1,626.980,476.653,15.133,1,332.222,1225.710,0,0,1238.112,385.972,206.849,315.822,224.610,-0.800,0.599,315.822,224.610,-0.800,0.599,4.994,190.989,0.952,-0.307,608.892,257.502,0.082,0.997,608.892,257.502,0.082,0.997,427.000,279.000,0.000,0.000,-1.000,0.000,0,0
607.818,462.094,-0.479,0.878,1,600.573,475.380,15.133,1,332.354,1215.014,0,0,1213.049,377.815,198.852,311.219,228.057,-0.800,0.599,311.219,228.057,-0.800,0.599,10.467,189.224,0.952,-0.307,609.093,263.246,-0.040,0.999,609.093,263.246,-0.040,0.999,427.000,279.000,0.000,0.000,-1.000,-1.000,0,0
605.783,448.548,-0.981,-0.196,1,590.942,445.588,15.133,1,319.616,1208.363,0,0,1193.417,370.034,178.157,305.465,232.367,-0.800,0.599,305.465,232.367,-0.800,0.599,17.309,187.019,0.952,-0.307,608.559,270.413,-0.100,0.995,608.559,270.413,-0.100,0.995,427.000,279.000,0.000,0.000,0.000,-1.000,0,0
605.783,434.159,-0.191,-0.982,1,602.896,419.304,15.133,1,305.650,1203.466,0,0,1195.839,364.252,156.599,299.711,236.676,-0.800,0.599,299.711,236.676,-0.800,0.599,24.151,184.813,0.952,-0.307,607.952,277.575,-0.036,0.999,607.952,277.575,-0.036,0.999,427.000,279.000,0.000,0.000,0.000,-1.000,0,0
605.783,419.770,-0.052,-0.999,1,604.995,404.658,15.133,1,291.725,1198.721,0,0,1193.156,359.443,135.024,293.958,240.985,-0.800,0.599,293.958,240.985,-0.800,0.599,30.993,182.607,0.952,-0.307,607.743,284.760,-0.023,1.000,607.743,284.760,-0.023,1.000,427.000,279.000,0.000,0.000,0.000,-1.000,0,0
599.678,407.910,-0.402,-0.916,1,593.594,394.054,15.133,1,281.945,1189.135,0,0,1179.026,351.369,116.230,288.204,245.295,-0.800,0.599,288.204,245.295,-0.800,0.599,37.835,180.402,0.952,-0.307,607.425,291.939,-0.134,0.991,607.425,291.939,-0.134,0.991,427.000,279.000,0.000,0.000,-1.000,-1.000,0,0
589.504,397.736,-0.629,-0.777,1,579.978,385.977,15.133,1,275.365,1176.279,0,0,1163.590,340.918,100.126,282.450,249.604,-0.800,0.599,282.450,249.604,-0.800,0.599,44.677,178.196,0.952,-0.307,606.008,298.979,-0.287,0.958,606.008,298.979,-0.287,0.958,427.000,279.000,0.000,0.000,-1.000,-1.000,0,0
579.329,387.562,-0.687,-0.727,1,568.933,376.565,15.133,1,269.394,1163.458,0,0,1150.214,330.831,85.346,276.696,253.913,-0.800,0.599,276.696,253.913,-0.800,0.599,51.519,175.990,0.952,-0.307,603.518,305.715,-0.439,0.899,603.518,305.715,-0.439,0.899,427.000,279.000,0.000,0.000,-1.000,-1.000,0,0
569.155,377.387,-0.701,-0.713,1,558.544,366.597,15.133,1,264.072,1150.674,0,0,1137.330,321.140,72.332,270.942,258.223,-0.800,0.599,270.942,258.223,-0.800,0.599,58.361,173.785,0.952,-0.307,599.897,311.913,-0.603,0.798,599.897,311.913,-0.603,0.798,427.000,279.000,0.000,0.000,-1.000,-1.000,0,0
556.945,365.178,-0.706,-0.708,1,546.264,354.458,15.133,1,258.600,1135.384,0,0,1122.043,310.089,59.856,264.037,263.394,-0.800,0.599,264.037,263.394,-0.800,0.599,66.571,171.138,0.952,-0.307,593.982,318.158,-0.766,0.643,593.982,318.158,-0.766,0.643,427.000,279.000,0.000,0.000,-1.000,-1.000,0,0
548.806,357.039,-0.707,-0.708,1,538.112,346.331,15.133,1,255.536,1125.222,0,0,1111.908,303.103,53.918,259.434,266.841,-0.800,0.599,259.434,266.841,-0.800,0.599,72.045,169.373,0.952,-0.307,589.171,321.293,-0.898,0.440,589.171,321.293,-0.898,0.440,427.000,279.000,0.000,0.000,-1.000,-1.000,0,0
538.631,346.865,-0.707,-0.707,1,527.932,336.162,15.133,1,252.392,1112.557,0,0,1099.284,294.838,49.516,253.680,271.151,-0.800,0.599,253.680,271.151,-0.800,0.599,78.887,167.168,0.952,-0.307,582.460,323.825,-0.975,0.221,582.460,323.825,-0.975,0.221,427.000,279.000,0.000,0.000,-1.000,-1.000,0,0
524.736,338.725,-0.846,-0.533,1,511.927,330.666,15.133,1,253.907,1096.931,0,0,1082.384,284.879,51.082,246.776,276.322,-0.800,0.599,246.776,276.322,-0.800,0.599,87.097,164.521,0.952,-0.307,573.919,324.927,-0.997,0.077,573.919,324.927,-0.997,0.077,427.000,279.000,0.000,0.000,-1.000,0.000,0,0
513.225,338.725,-0.983,-0.185,1,498.354,335.920,15.133,1,261.074,1085.888,0,0,1070.835,277.390,56.527,242.173,279.770,-0.800,0.599,242.173,279.770,-0.800,0.599,92.571,162.756,0.952,-0.307,568.210,325.611,-0.989,0.146,568.210,325.611,-0.989,0.146,427.000,279.000,0.000,0.000,-1.000,0.000,0,0
500.522,334.656,-0.934,-0.357,1,486.385,329.256,15.133,1,266.312,1072.554,0,0,1057.469,268.902,61.102,236.419,284.079,-0.800,0.599,236.419,284.079,-0.800,0.599,99.413,160.551,0.952,-0.307,561.091,326.602,-0.999,0.036,561.091,326.602,-0.999,0.036,427.000,279.000,0.000,0.000,-1.000,-1.000,0,0
496.452,321.953,-0.516,-0.857,1,488.642,308.990,15.133,1,259.916,1065.111,0,0,1054.108,267.898,57.642,230.665,288.388,-0.800,0.599,230.665,288.388,-0.800,0.599,106.255,158.345,0.952,-0.307,553.945,326.103,-0.967,-0.253,553.945,326.103,-0.967,-0.253,427.000,279.000,0.000,0.000,0.000,-1.000,0,0
496.452,304.686,-0.117,-0.993,1,494.685,289.656,15.133,1,247.989,1060.523,0,0,1055.030,272.919,52.772,223.760,293.560,-0.800,0.599,223.760,293.560,-0.800,0.599,114.465,155.698,0.952,-0.307,546.033,322.760,-0.863,-0.505,546.033,322.760,-0.863,-0.505,427.000,279.000,0.000,0.000,0.000,-1.000,0,0
496.452,293.175,-0.036,-0.999,1,495.907,278.052,15.133,1,240.399,1057.610,0,0,1053.431,277.321,52.023,219.157,297.007,-0.800,0.599,219.157,297.007,-0.800,0.599,119.939,153.934,0.952,-0.307,541.415,319.343,-0.765,-0.643,541.415,319.343,-0.765,-0.643,427.000,279.000,0.000,0.000,0.000,-1.000,0,0
496.452,278.786,-0.010,-1.000,1,496.300,263.654,15.133,1,231.366,1054.134,0,0,1050.530,283.944,53.391,213.403,301.317,-0.800,0.599,213.403,301.317,-0.800,0.599,126.781,151.728,0.952,-0.307,536.438,314.167,-0.622,-0.783,536.438,314.167,-0.622,-0.783,427.000,279.000,0.000,0.000,0.000,-1.000,0,0
496.452,264.398,-0.003,-1.000,1,496.405,249.264,15.133,1,222.896,1050.843,0,0,1047.539,291.731,56.672,207.650,305.626,-0.800,0.599,207.650,305.626,-0.800,0.599,133.623,149.522,0.952,-0.307,532.272,308.314,-0.519,-0.855,532.272,308.314,-0.519,-0.855,427.000,279.000,0.000,0.000,0.000,-1.000,0,0
496.452,250.009,-0.001,-1.000,1,496.439,234.876,15.133,1,215.057,1047.740,0,0,1044.667,300.591,61.252,201.896,309.935,-0.800,0.599,201.896,309.935,-0.800,0.599,140.465,147.317,0.952,-0.307,528.795,302.026,-0.434,-0.901,528.795,302.026,-0.434,-0.901,427.000,279.000,0.000,0.000,0.000,-1.000,0,0
496.452,235.620,0.000,-1.000,1,496.449,220.487,15.133,1,207.919,1044.826,0,0,1041.963,310.432,66.681,196.142,314.245,-0.800,0.599,196.142,314.245,-0.800,0.599,147.307,145.111,0.952,-0.307,525.880,295.456,-0.365,-0.931,525.880,295.456,-0.365,-0.931,427.000,279.000,0.000,0.000,0.000,-1.000,0,0
496.452,221.232,0.000,-1.000,1,496.451,206.098,15.133,1,201.557,1042.102,0,0,1039.443,321.165,72.661,190.388,318.554,-0.800,0.599,190.388,318.554,-0.800,0.599,154.149,142.905,0.952,-0.307,523.419,288.703,-0.310,-0.951,523.419,288.703,-0.310,-0.951,427.000,279.000,0.000,0.000,0.000,-1.000,0,0
496.452,206.843,0.000,-1.000,1,496.452,191.710,15.133,1,196.047,1039.570,0,0,1037.116,332.703,79.001,184.634,322.863,-0.800,0.599,184.634,322.863,-0.800,0.599,160.991,140.700,0.952,-0.307,521.321,281.828,-0.266,-0.964,521.321,281.828,-0.266,-0.964,427.000,279.000,0.000,0.000,0.000,-1.000,0,0
496.452,192.454,0.000,-1.000,1,496.452,177.321,15.133,1,191.461,1037.232,0,0,1034.983,333.021,85.582,167.832,138.494,0.952,-0.307,167.832,138.494,0.952,-0.307,178.880,327.173,-0.800,0.599,519.516,274.870,-0.230,-0.973,519.516,274.870,-0.230,-0.973,427.000,279.000,0.000,0.000,0.000,-1.000,0,0
496.452,178.066,0.000,-1.000,1,496.452,162.932,15.133,1,187.868,1035.088,0,0,1033.045,324.479,92.326,174.674,136.289,0.952,-0.307,174.674,136.289,0.952,-0.307,174.271,327.126,-0.402,-0.916,517.950,267.854,-0.201,-0.980,517.950,267.854,-0.201,-0.980,427.000,279.000,0.000,0.000,0.000,-1.000,0,0
496.452,163.677,0.000,-1.000,1,496.452,148.544,15.133,1,185.326,1033.141,0,0,1031.305,316.323,99.184,181.516,134.083,0.952,-0.307,181.516,134.083,0.952,-0.307,171.379,320.544,-0.402,-0.916,516.579,260.798,-0.176,-0.984,516.579,260.798,-0.176,-0.984,427.000,279.000,0.000,0.000,0.000,-1.000,0,0
496.452,146.411,0.000,-1.000,1,496.452,131.277,15.133,1,183.722,1031.064,0,0,1029.478,307.091,107.518,189.727,131.436,0.952,-0.307,189.727,131.436,0.952,-0.307,167.909,312.647,-0.402,-0.916,515.146,252.291,-0.156,-0.988,515.146,252.291,-0.156,-0.988,427.000,279.000,0.000,0.000,0.000,-1.000,0,0
496.452,134.900,0.000,-1.000,1,496.452,119.766,15.133,1,183.549,1029.838,0,0,1028.420,301.297,113.120,195.200,129.672,0.952,-0.307,195.200,129.672,0.952,-0.307,165.595,307.381,-0.402,-0.916,514.297,246.603,-0.139,-0.990,514.297,246.603,-0.139,-0.990,427.000,279.000,0.000,0.000,0.000,-1.000,0,0
496.452,120.511,0.000,-1.000,1,496.452,105.378,15.133,1,184.346,1028.484,0,0,1027.276,294.492,120.160,202.042,127.466,0.952,-0.307,202.042,127.466,0.952,-0.307,162.704,300.800,-0.402,-0.916,513.338,239.479,-0.125,-0.992,513.338,239.479,-0.125,-0.992,629.000,35.782,0.000,0.000,0.000,-1.000,0,0
507.120,115.598,0.761,-0.649,1,518.638,105.782,15.133,1,174.330,1038.699,0,0,1049.431,298.393,116.858,208.884,125.260,0.952,-0.307,208.884,125.260,0.952,-0.307,159.812,294.219,-0.402,-0.916,512.771,232.320,0.046,-0.999,512.771,232.320,0.046,-0.999,629.000,29.665,0.000,0.000,1.000,0.000,0,0
518.631,115.598,0.973,-0.232,0,533.350,112.082,15.133,0,162.971,1050.171,0,0,1064.567,302.997,109.701,215.726,123.054,0.952,-0.307,215.726,123.054,0.952,-0.307,156.920,287.637,-0.402,-0.916,513.568,225.183,0.172,-0.985,513.568,225.183,0.172,-0.985,629.000,37.144,0.000,0.000,0.000,0.000,1,0
518.631,115.598,0.973,-0.232,0,552.513,107.505,34.835,0,162.971,1050.171,0,0,1083.339,296.110,102.656,222.568,120.849,0.952,-0.307,222.568,120.849,0.952,-0.307,154.028,281.056,-0.402,-0.916,515.242,218.199,0.319,-0.948,515.242,218.199,0.319,-0.948,629.000,44.210,0.000,0.000,0.000,0.000,0,0
518.631,115.598,0.973,-0.232,0,571.202,103.041,54.050,0,162.971,1050.171,0,0,1101.676,289.529,95.930,229.113,118.003,0.848,-0.529,229.113,118.003,0.848,-0.529,151.136,274.474,-0.402,-0.916,517.901,211.525,0.441,-0.898,517.901,211.525,0.441,-0.898,629.000,52.038,0.000,0.000,0.000,0.000,0,0
518.631,115.598,0.973,-0.232,0,589.428,98.688,72.790,0,162.971,1050.171,0,0,1119.586,283.424,89.674,235.211,114.197,0.848,-0.529,235.211,114.197,0.848,-0.529,148.244,267.893,-0.402,-0.916,521.365,205.230,0.538,-0.843,521.365,205.230,0.538,-0.843,629.000,59.706,0.000,0.000,0.000,0.000,0,0
518.631,115.598,0.973,-0.232,0,607.203,94.442,91.067,0,162.971,1050.171,0,0,1137.078,277.370,84.009,241.310,110.391,0.848,-0.529,241.310,110.391,0.848,-0.529,145.352,261.311,-0.402,-0.916,525.465,199.329,0.615,-0.789,525.465,199.329,0.615,-0.789,629.000,66.780,0.000,0.000,0.000,0.000,0,0
518.631,115.598,0.973,-0.232,0,614.273,77.636,102.900,2,162.971,1050.171,0,0,1143.337,271.373,79.038,247.408,106.585,0.848,-0.529,247.408,106.585,0.848,-0.529,142.460,254.730,-0.402,-0.916,530.063,193.806,-0.874,-0.486,530.063,193.806,-0.874,-0.486,629.000,74.153,0.000,0.000,0.000,0.000,0,0
518.631,115.598,0.973,-0.232,0,612.644,72.912,103.250,2,162.971,1050.171,0,0,1141.526,265.434,74.106,253.507,102.779,0.848,-0.529,253.507,102.779,0.848,-0.529,139.568,248.149,-0.402,-0.916,532.188,188.454,0.571,-0.821,532.188,188.454,0.571,-0.821,627.371,69.428,-0.283,-0.959,0.000,0.000,0,0
518.631,115.598,0.973,-0.232,0,610.607,66.017,104.488,2,162.971,1050.171,0,0,1139.257,259.559,69.161,259.605,98.973,0.848,-0.529,259.605,98.973,0.848,-0.529,136.676,241.567,-0.402,-0.916,536.201,182.490,0.538,-0.843,536.201,182.490,0.538,-0.843,625.334,62.534,-0.283,-0.959,0.000,0.000,0,0
518.631,115.598,0.973,-0.232,0,608.570,59.123,106.200,2,162.971,1050.171,0,0,1137.030,253.751,64.413,265.704,95.167,0.848,-0.529,265.704,95.167,0.848,-0.529,133.784,234.986,-0.402,-0.916,539.975,176.372,0.505,-0.863,539.975,176.372,0.505,-0.863,623.297,55.640,-0.283,-0.959,0.000,0.000,0,0
518.631,115.598,0.973,-0.232,0,606.534,52.229,108.363,2,162.971,1050.171,0,0,1134.843,248.016,59.922,271.802,91.361,0.848,-0.529,271.802,91.361,0.848,-0.529,130.892,228.405,-0.402,-0.916,543.509,170.113,0.471,-0.882,543.509,170.113,0.471,-0.882,621.260,48.746,-0.283,-0.959,0.000,0.000,0,0
518.631,115.598,0.973,-0.232,0,604.497,45.335,110.950,2,162.971,1050.171,0,0,1132.698,242.358,55.764,277.901,87.555,0.848,-0.529,277.901,87.555,0.848,-0.529,128.000,221.823,-0.402,-0.916,546.802,163.723,0.438,-0.899,546.802,163.723,0.438,-0.899,619.224,41.852,-0.283,-0.959,0.000,0.000,0,0
518.631,109.843,0.808,-0.590,0,602.460,38.441,110.116,2,163.858,1049.722,0,0,1130.595,236.078,56.738,283.999,83.749,0.848,-0.529,283.999,83.749,0.848,-0.529,125.109,215.242,-0.402,-0.916,549.856,157.216,0.405,-0.914,549.856,157.216,0.405,-0.914,617.187,34.958,-0.283,-0.959,0.000,-1.000,0,0
518.631,95.454,0.250,-0.968,0,600.423,31.547,103.798,2,166.925,1048.738,0,0,1128.533,229.059,64.808,290.098,79.943,0.848,-0.529,290.098,79.943,0.848,-0.529,122.217,208.661,-0.402,-0.916,552.672,150.602,0.372,-0.928,552.672,150.602,0.372,-0.928,615.150,28.063,-0.283,-0.959,0.000,-1.000,0,0
518.631,81.065,0.073,-0.997,0,598.387,24.653,97.690,2,171.150,1047.951,0,0,1126.514,222.490,72.724,296.196,76.137,0.848,-0.529,296.196,76.137,0.848,-0.529,119.325,202.079,-0.402,-0.916,555.256,143.894,0.340,-0.940,555.256,143.894,0.340,-0.940,613.113,21.169,-0.283,-0.959,0.000,-1.000,0,0
512.527,69.205,-0.365,-0.931,0,596.806,17.700,98.771,2,181.053,1041.351,0,0,1124.993,210.255,81.501,302.295,72.331,0.848,-0.529,302.295,72.331,0.848,-0.529,116.433,195.498,-0.402,-0.916,557.610,137.102,0.312,-0.950,557.610,137.102,0.312,-0.950,611.533,14.217,0.034,-0.999,-1.000,-1.000,0,0
502.352,59.031,-0.630,-0.777,0,597.048,10.516,106.400,2,194.367,1030.856,0,0,1125.343,194.191,91.513,308.393,68.526,0.848,-0.529,308.393,68.526,0.848,-0.529,113.541,188.917,-0.402,-0.916,559.809,130.258,0.297,-0.955,559.809,130.258,0.297,-0.955,611.775,7.032,0.034,-0.999,-1.000,-1.000,0,0
492.178,48.857,-0.686,-0.728,0,597.290,3.331,114.548,2,207.825,1020.457,0,0,1125.738,178.393,102.056,314.492,64.720,0.848,-0.529,314.492,64.720,0.848,-0.529,110.649,182.335,-0.402,-0.916,561.902,123.381,0.283,-0.959,561.902,123.381,0.283,-0.959,612.017,-0.152,0.034,-0.999,-1.000,-1.000,0,0
482.004,38.682,-0.701,-0.713,0,597.533,-3.853,123.111,2,221.400,1010.156,0,0,1126.179,162.937,112.951,320.590,60.914,0.848,-0.529,320.590,60.914,0.848,-0.529,107.757,175.754,-0.402,-0.916,563.895,116.475,0.269,-0.963,563.895,116.475,0.269,-0.963,612.259,-7.337,0.034,-0.999,-1.000,-1.000,0,0
471.829,28.508,-0.705,-0.709,0,597.775,-11.038,132.008,2,235.072,999.956,0,0,1126.666,147.931,124.079,326.689,57.108,0.848,-0.529,326.689,57.108,0.848,-0.529,104.865,169.173,-0.402,-0.916,565.793,109.541,0.256,-0.967,565.793,109.541,0.256,-0.967,424.800,-106.500,0.000,0.000,-1.000,-1.000,0,0
461.655,18.334,-0.707,-0.708,0,598.017,-18.223,141.178,2,248.824,989.860,0,0,1127.198,133.528,130.160,332.787,53.302,0.848,-0.529,332.787,53.302,0.848,-0.529,101.973,162.591,-0.402,-0.916,424.800,-106.500,0.000,0.000,424.800,-106.500,0.000,0.000,567.601,102.583,0.244,-0.970,-1.000,-1.000,0,0
457.585,5.631,-0.373,-0.928,0,598.260,-25.407,144.058,2,258.651,986.035,0,0,1127.776,126.545,116.825,338.886,49.496,0.848,-0.529,338.886,49.496,0.848,-0.529,99.081,156.010,-0.402,-0.916,424.800,-106.500,0.000,0.000,424.800,-106.500,0.000,0.000,569.322,95.604,0.233,-0.973,0.000,-1.000,0,0
463.690,-6.229,0.327,-0.945,0,598.502,-32.592,137.366,2,259.825,992.509,0,0,1128.399,129.563,107.548,344.984,45.690,0.848,-0.529,344.984,45.690,0.848,-0.529,96.189,149.429,-0.402,-0.916,424.800,-106.500,0.000,0.000,424.800,-106.500,0.000,0.000,570.962,88.605,0.222,-0.975,1.000,-1.000,0,0
473.515,-10.299,0.842,-0.539,0,598.561,-36.908,127.846,2,254.083,1002.486,0,0,1128.709,133.089,107.832,351.083,41.884,0.848,-0.529,351.083,41.884,0.848,-0.529,93.297,142.847,-0.402,-0.916,424.800,-106.500,0.000,0.000,424.800,-106.500,0.000,0.000,572.525,81.588,0.215,-0.977,0.000,0.000,0,0
473.515,-10.299,0.842,-0.539,0,597.886,-29.751,125.883,2,254.083,1002.486,0,0,1127.629,125.992,107.832,357.181,38.078,0.848,-0.529,357.181,38.078,0.848,-0.529,90.405,136.266,-0.402,-0.916,424.800,-106.500,0.000,0.000,424.800,-106.500,0.000,0.000,574.089,74.571,0.222,-0.975,0.000,0.000,0,0
473.515,-10.299,0.842,-0.539,0,597.212,-22.594,124.307,2,254.083,1002.486,0,0,1126.593,118.905,107.832,363.280,34.272,0.848,-0.529,363.280,34.272,0.848,-0.529,87.514,129.685,-0.402,-0.916,424.800,-106.500,0.000,0.000,424.800,-106.500,0.000,0.000,575.714,67.569,0.232,-0.973,0.000,0.000,0,0
473.515,-10.299,0.842,-0.539,0,596.537,-15.437,123.130,2,254.083,1002.486,0,0,1125.602,111.831,107.832,369.378,30.466,0.848,-0.529,369.378,30.466,0.848,-0.529,84.622,123.103,-0.402,-0.916,424.800,-106.500,0.000,0.000,424.800,-106.500,0.000,0.000,577.414,60.584,0.244,-0.970,0.000,0.000,0,0
473.515,-10.299,0.842,-0.539,0,595.863,-8.280,122.365,2,254.083,1002.486,0,0,1124.656,104.774,107.832,375.477,26.660,0.848,-0.529,375.477,26.660,0.848,-0.529,81.730,116.522,-0.402,-0.916,424.800,-106.500,0.000,0.000,424.800,-106.500,0.000,0.000,579.211,53.624,0.260,-0.966,0.000,1.000,0,0
473.515,4.090,0.755,0.655,0,595.189,-1.123,121.785,2,245.969,1001.997,0,0,1123.755,93.835,115.750,381.575,22.854,0.848,-0.529,381.575,22.854,0.848,-0.529,78.838,109.941,-0.402,-0.916,581.137,46.698,0.282,-0.959,581.137,46.698,0.282,-0.959,424.800,-106.500,0.000,0.000,0.000,1.000,0,0
473.515,15.601,0.210,0.978,0,594.514,6.034,121.377,2,239.901,1001.755,0,0,1122.900,85.911,112.380,387.674,19.048,0.848,-0.529,387.674,19.048,0.848,-0.529,75.946,103.359,-0.402,-0.916,583.252,39.828,0.316,-0.949,583.252,39.828,0.316,-0.949,424.800,-106.500,0.000,0.000,0.000,0.000,0,0
473.515,15.601,0.210,0.978,0,593.840,13.191,120.349,2,239.901,1001.755,0,0,1122.090,79.744,113.517,393.772,15.242,0.848,-0.529,393.772,15.242,0.848,-0.529,73.054,96.778,-0.402,-0.916,585.681,33.063,0.380,-0.925,585.681,33.063,0.380,-0.925,424.800,-106.500,0.000,0.000,0.000,0.000,0,0
473.515,15.601,0.210,0.978,0,593.165,20.348,119.744,2,239.901,1001.755,0,0,1121.325,73.762,115.811,399.871,11.436,0.848,-0.529,399.871,11.436,0.848,-0.529,70.162,90.196,-0.402,-0.916,588.803,26.597,0.572,-0.820,588.803,26.597,0.572,-0.820,424.800,-106.500,0.000,0.000,0.000,0.000,0,0
473.515,15.601,0.210,0.978,0,592.491,27.505,119.570,2,239.901,1001.755,0,0,1120.606,68.015,119.560,405.969,7.630,0.848,-0.529,405.969,7.630,0.848,-0.529,67.270,83.615,-0.402,-0.916,592.606,26.177,-0.086,0.996,592.606,26.177,-0.086,0.996,424.800,-106.500,0.000,0.000,0.000,0.000,0,0
473.515,15.601,0.210,0.978,0,591.816,34.662,119.827,2,239.901,1001.755,0,0,1119.933,62.566,119.747,412.067,3.824,0.848,-0.529,412.067,3.824,0.848,-0.529,64.378,77.034,-0.402,-0.916,591.941,33.335,-0.094,0.996,591.941,33.335,-0.094,0.996,424.800,-106.500,0.000,0.000,0.000,0.000,0,0
473.515,15.601,0.210,0.978,0,591.142,41.819,120.514,2,239.901,1001.755,0,0,1119.306,57.501,120.354,418.166,0.018,0.848,-0.529,418.166,0.018,0.848,-0.529,61.486,70.452,-0.402,-0.916,591.267,40.492,-0.094,0.996,591.267,40.492,-0.094,0.996,424.800,-106.500,0.000,0.000,0.000,0.000,0,0
473.515,15.601,0.210,0.978,0,590.467,48.976,121.622,2,239.901,1001.755,0,0,1118.724,52.929,121.385,424.264,-3.788,0.848,-0.529,424.264,-3.788,0.848,-0.529,58.594,63.871,-0.402,-0.916,590.592,47.649,-0.094,0.996,590.592,47.649,-0.094,0.996,424.800,-106.500,0.000,0.000,0.000,0.000,0,0
473.515,27.111,0.075,0.997,0,589.793,56.133,119.845,2,234.242,1001.646,0,0,1118.189,55.376,119.652,430.363,-7.594,0.848,-0.529,430.363,-7.594,0.848,-0.529,55.703,57.290,-0.402,-0.916,589.918,54.806,-0.094,0.996,589.918,54.806,-0.094,0.996,604.520,52.649,-0.094,0.996,0.000,1.000,0,0
473.515,41.500,0.022,1.000,0,589.119,63.290,117.639,0,227.790,1001.695,0,0,1117.699,64.586,117.524,436.461,-11.400,0.848,-0.529,436.461,-11.400,0.848,-0.529,52.811,50.708,-0.402,-0.916,589.244,61.963,-0.094,0.996,589.244,61.963,-0.094,0.996,603.845,59.806,-0.973,0.230,0.000,1.000,0,0
473.515,55.889,0.006,1.000,0,588.013,70.216,115.397,0,222.084,1001.950,0,0,1116.800,77.541,115.443,442.560,-15.206,0.848,-0.529,442.560,-15.206,0.848,-0.529,49.919,44.127,-0.402,-0.916,588.202,69.080,-0.164,0.987,588.202,69.080,-0.164,0.987,603.189,66.945,-0.094,0.996,0.000,1.000,0,0
473.515,70.278,0.002,1.000,0,586.891,77.347,113.623,0,217.182,1002.412,0,0,1115.937,92.684,113.667,448.658,-19.012,0.848,-0.529,448.658,-19.012,0.848,-0.529,47.027,37.546,-0.402,-0.916,587.028,76.198,-0.118,0.993,587.028,76.198,-0.118,0.993,602.525,74.088,-0.094,0.996,0.000,1.000,0,0
473.515,84.666,0.000,1.000,0,586.295,84.960,112.823,0,213.141,1003.081,0,0,1115.677,109.108,112.902,454.757,-22.818,0.848,-0.529,454.757,-22.818,0.848,-0.529,44.135,30.964,-0.402,-0.916,586.409,83.360,-0.071,0.997,586.409,83.360,-0.071,0.997,601.855,81.241,-0.094,0.996,0.000,1.000,0,0
473.515,99.055,0.000,1.000,0,585.791,92.763,112.504,0,210.010,1003.955,0,0,1115.575,126.315,112.737,460.855,-26.624,0.848,-0.529,460.855,-26.624,0.848,-0.529,41.243,24.383,-0.402,-0.916,585.928,90.524,-0.061,0.998,585.928,90.524,-0.061,0.998,601.182,88.398,-0.094,0.996,0.000,1.000,0,0
473.515,113.444,0.000,1.000,0,585.327,100.612,112.606,0,207.830,1005.034,0,0,1115.572,144.023,113.080,466.954,-30.430,0.848,-0.529,466.954,-30.430,0.848,-0.529,38.351,17.802,-0.402,-0.916,585.492,97.690,-0.057,0.998,585.492,97.690,-0.057,0.998,600.509,95.555,-0.094,0.996,0.000,1.000,0,0
475.550,126.990,0.189,0.982,0,584.911,108.506,110.981,0,204.649,1008.262,0,0,1115.676,161.244,111.761,473.052,-34.235,0.848,-0.529,473.052,-34.235,0.848,-0.529,35.459,11.220,-0.402,-0.916,585.097,104.858,-0.051,0.999,585.097,104.858,-0.051,0.999,599.834,102.711,-0.094,0.996,1.000,1.000,0,0
485.724,137.164,0.573,0.820,0,584.547,116.439,101.054,0,194.216,1019.400,0,0,1115.891,175.329,102.161,479.151,-38.041,0.848,-0.529,479.151,-38.041,0.848,-0.529,32.567,4.639,-0.402,-0.916,584.744,112.026,-0.045,0.999,584.744,112.026,-0.045,0.999,599.159,109.867,-0.094,0.996,1.000,1.000,0,0
495.899,147.338,0.674,0.739,0,584.263,124.476,91.369,0,184.318,1030.618,0,0,1116.252,189.485,92.915,485.249,-41.847,0.848,-0.529,485.249,-41.847,0.848,-0.529,29.675,-1.943,-0.402,-0.916,584.449,119.196,-0.035,0.999,584.449,119.196,-0.035,0.999,598.483,117.023,-0.094,0.996,1.000,1.000,0,0
504.038,158.355,0.627,0.779,0,584.059,132.638,84.157,0,177.153,1039.998,0,0,1116.763,204.403,86.335,491.348,-45.653,0.848,-0.529,491.348,-45.653,0.848,-0.529,26.784,-8.524,-0.402,-0.916,584.227,126.364,-0.027,1.000,584.227,126.364,-0.027,1.000,597.806,124.180,-0.094,0.996,0.000,1.000,1,0
504.038,172.744,0.183,0.983,0,565.758,139.556,70.241,0,179.384,1041.859,0,0,1099.196,222.301,86.415,497.446,-49.459,0.848,-0.529,497.446,-49.459,0.848,-0.529,23.892,-15.105,-0.402,-0.916,580.058,131.653,-0.875,0.484,580.058,131.653,-0.875,0.484,597.129,131.337,-0.094,0.996,1.000,1.000,0,0
517.584,174.779,0.873,0.488,0,547.710,146.128,41.934,0,166.613,1055.554,0,0,1081.913,228.476,68.814,503.545,-53.265,0.848,-0.529,503.545,-53.265,0.848,-0.529,21.000,-21.687,-0.402,-0.916,573.609,134.821,-0.916,0.400,573.609,134.821,-0.916,0.400,596.453,138.494,-0.094,0.996,1.000,0.000,0,0
523.340,174.779,0.958,0.287,0,530.109,152.537,24.073,0,161.033,1061.256,0,0,1065.120,232.254,57.326,509.643,-57.071,0.848,-0.529,509.643,-57.071,0.848,-0.529,18.108,-28.268,-0.402,-0.916,566.984,137.612,-0.927,0.375,566.984,137.612,-0.927,0.375,595.776,145.650,-0.094,0.996,0.000,0.000,0,0
523.340,174.779,0.958,0.287,0,513.198,158.695,20.139,0,161.033,1061.256,0,0,1049.051,235.778,50.569,515.742,-60.877,0.848,-0.529,515.742,-60.877,0.848,-0.529,44.000,-93.000,0.000,0.000,560.306,140.273,-0.931,0.364,560.306,140.273,-0.931,0.364,595.100,152.807,-0.094,0.996,0.000,-1.000,0,0
523.340,160.390,0.553,-0.833,0,496.979,164.602,27.507,0,158.358,1059.401,0,0,1033.702,225.078,34.969,521.840,-64.683,0.848,-0.529,521.840,-64.683,0.848,-0.529,44.000,-93.000,0.000,0.000,553.604,142.873,-0.934,0.358,553.604,142.873,-0.934,0.358,594.575,154.228,-0.041,-0.999,0.000,-1.000,0,0
523.340,146.002,0.145,-0.989,0,481.212,170.343,49.104,0,156.962,1057.739,0,0,1018.841,214.540,23.555,527.939,-68.489,0.848,-0.529,527.939,-68.489,0.848,-0.529,44.000,-93.000,0.000,0.000,546.888,145.437,-0.935,0.355,546.888,145.437,-0.935,0.355,594.280,147.045,-0.041,-0.999,-1.000,-1.000,0,0
510.287,135.827,-0.604,-0.797,0,462.879,177.019,63.153,0,169.757,1043.695,0,0,1001.636,210.371,31.212,535.257,-73.056,0.848,-0.529,535.257,-73.056,0.848,-0.529,44.000,-93.000,0.000,0.000,538.818,148.484,-0.936,0.352,538.818,148.484,-0.936,0.352,593.925,138.426,-0.041,-0.999,-1.000,0.000,0,0
498.777,135.827,-0.956,-0.293,0,451.003,181.344,66.318,0,181.221,1032.244,0,0,990.536,215.926,37.637,540.136,-76.101,0.848,-0.529,540.136,-76.101,0.848,-0.529,44.000,-93.000,0.000,0.000,533.433,150.504,-0.937,0.350,533.433,150.504,-0.937,0.350,593.688,132.680,-0.041,-0.999,-1.000,0.000,0,0
484.388,135.827,-0.996,-0.084,0,436.538,186.611,70.090,0,195.558,1017.932,0,0,977.068,224.425,45.671,546.235,-79.907,0.848,-0.529,546.235,-79.907,0.848,-0.529,44.000,-93.000,0.000,0.000,526.699,153.019,-0.937,0.349,526.699,153.019,-0.937,0.349,593.393,125.498,-0.041,-0.999,-1.000,0.000,0,0
469.999,135.827,-1.000,-0.024,0,422.485,191.728,73.664,0,209.903,1003.623,0,0,964.039,234.472,53.706,552.334,-83.713,0.848,-0.529,552.334,-83.713,0.848,-0.529,44.000,-93.000,0.000,0.000,519.962,155.526,-0.937,0.348,519.962,155.526,-0.937,0.348,593.097,118.315,-0.041,-0.999,-1.000,0.000,0,0
455.610,135.827,-1.000,-0.007,0,408.835,196.699,77.054,0,224.253,989.316,0,0,951.437,245.878,61.741,558.432,-87.519,0.848,-0.529,558.432,-87.519,0.848,-0.529,44.000,-93.000,0.000,0.000,513.222,158.027,-0.938,0.347,513.222,158.027,-0.938,0.347,592.801,111.132,-0.041,-0.999,-1.000,0.000,0,0
441.222,135.827,-1.000,-0.002,0,395.577,201.526,80.273,0,238.607,975.012,0,0,939.250,258.463,69.775,564.531,-91.325,0.848,-0.529,564.531,-91.325,0.848,-0.529,44.000,-93.000,0.000,0.000,506.480,160.522,-0.938,0.347,506.480,160.522,-0.938,0.347,427.000,279.000,0.000,0.000,-1.000,0.000,0,0
426.833,135.827,-1.000,-0.001,0,382.702,206.215,83.342,0,252.966,960.710,0,0,927.468,272.065,77.808,570.629,-95.131,0.848,-0.529,570.629,-95.131,0.848,-0.529,44.000,-93.000,0.000,0.000,499.737,163.013,-0.938,0.346,499.737,163.013,-0.938,0.346,427.000,279.000,0.000,0.000,-1.000,0.000,0,0
414.130,139.897,-0.937,0.351,0,370.200,210.767,83.645,0,265.645,948.545,0,0,916.078,288.929,82.915,576.728,-98.937,0.848,-0.529,576.728,-98.937,0.848,-0.529,44.000,-93.000,0.000,0.000,492.993,165.502,-0.938,0.346,492.993,165.502,-0.938,0.346,427.000,279.000,0.000,0.000,-1.000,1.000,0,0
403.955,150.071,-0.787,0.617,0,358.062,215.187,79.939,0,276.063,939.676,0,0,905.069,309.693,84.220,582.827,-102.743,0.848,-0.529,582.827,-102.743,0.848,-0.529,44.000,-93.000,0.000,0.000,486.247,167.987,-0.938,0.346,486.247,167.987,-0.938,0.346,427.000,279.000,0.000,0.000,-1.000,1.000,0,0
393.781,160.246,-0.731,0.683,0,346.279,219.478,76.216,0,286.825,930.945,0,0,894.432,330.546,86.328,588.925,-106.549,0.848,-0.529,588.925,-106.549,0.848,-0.529,44.000,-93.000,0.000,0.000,479.501,170.470,-0.939,0.345,479.501,170.470,-0.939,0.345,427.000,279.000,0.000,0.000,-1.000,1.000,0,0
381.921,166.350,-0.863,0.506,0,334.842,223.643,74.451,0,299.152,920.082,0,0,884.154,342.623,91.073,587.052,-108.080,-1.000,-0.002,587.052,-108.080,-1.000,-0.002,44.000,-93.000,0.000,0.000,472.754,172.951,-0.939,0.345,472.754,172.951,-0.939,0.345,427.000,279.000,0.000,0.000,-1.000,0.000,0,0
367.532,166.350,-0.988,0.153,0,323.742,227.685,75.654,0,313.459,905.855,0,0,874.226,346.992,98.892,579.863,-108.093,-1.000,-0.002,579.863,-108.093,-1.000,-0.002,44.000,-93.000,0.000,0.000,466.007,175.431,-0.939,0.345,466.007,175.431,-0.939,0.345,427.000,279.000,0.000,0.000,-1.000,0.000,0,0
353.143,166.350,-0.999,0.044,0,312.972,231.606,76.916,0,327.773,891.632,0,0,864.638,351.455,106.743,572.674,-108.107,-1.000,-0.002,572.674,-108.107,-1.000,-0.002,44.000,-93.000,0.000,0.000,459.258,177.909,-0.939,0.345,459.258,177.909,-0.939,0.345,427.000,279.000,0.000,0.000,-1.000,0.000,0,0
341.283,172.455,-0.934,0.357,0,302.523,235.412,74.229,0,340.143,880.874,0,0,855.381,359.150,111.509,565.485,-108.120,-1.000,-0.002,565.485,-108.120,-1.000,-0.002,44.000,-93.000,0.000,0.000,452.510,180.385,-0.939,0.344,452.510,180.385,-0.939,0.344,427.000,279.000,0.000,0.000,-1.000,1.000,0,0
331.109,182.629,-0.787,0.617,0,292.387,239.102,68.794,0,351.405,872.547,0,0,846.443,368.995,114.652,558.297,-108.134,-1.000,-0.002,558.297,-108.134,-1.000,-0.002,44.000,-93.000,0.000,0.000,445.761,182.861,-0.939,0.344,445.761,182.861,-0.939,0.344,427.000,279.000,0.000,0.000,-1.000,1.000,0,0
320.934,192.804,-0.731,0.682,0,282.556,242.682,63.284,0,362.889,864.379,0,0,837.816,378.882,118.313,551.108,-108.148,-1.000,-0.002,551.108,-108.148,-1.000,-0.002,44.000,-93.000,0.000,0.000,439.011,185.335,-0.939,0.344,439.011,185.335,-0.939,0.344,427.000,279.000,0.000,0.000,-1.000,1.000,0,0
310.760,202.978,-0.713,0.701,0,273.023,246.154,57.726,0,374.573,856.374,0,0,829.491,388.807,122.445,543.919,-108.161,-1.000,-0.002,543.919,-108.161,-1.000,-0.002,44.000,-93.000,0.000,0.000,432.262,187.809,-0.939,0.344,432.262,187.809,-0.939,0.344,427.000,279.000,0.000,0.000,-1.000,1.000,0,0
300.586,213.152,-0.709,0.705,0,263.780,249.519,52.165,0,386.439,848.539,0,0,821.458,398.767,127.002,536.731,-108.175,-1.000,-0.002,536.731,-108.175,-1.000,-0.002,44.000,-93.000,0.000,0.000,425.512,190.282,-0.939,0.344,425.512,190.282,-0.939,0.344,427.000,279.000,0.000,0.000,-1.000,1.000,0,0
290.411,223.326,-0.708,0.707,0,254.821,252.782,46.672,0,398.472,840.876,0,0,813.710,400.975,131.941,44.000,-93.000,0.000,0.000,44.000,-93.000,0.000,0.000,529.542,-108.189,-1.000,-0.002,418.761,192.754,-0.939,0.344,418.761,192.754,-0.939,0.344,427.000,279.000,0.000,0.000,-1.000,1.000,0,0
280.237,233.501,-0.707,0.707,0,246.138,255.944,41.357,0,410.657,833.392,0,0,806.237,403.002,137.220,44.000,-93.000,0.000,0.000,44.000,-93.000,0.000,0.000,25.558,-90.019,0.823,0.569,412.011,195.225,-0.939,0.344,412.011,195.225,-0.939,0.344,140.000,279.000,0.000,0.000,-1.000,1.000,0,0
270.062,243.675,-0.707,0.707,0,237.725,259.007,36.398,0,422.980,826.090,0,0,799.031,405.530,134.774,44.000,-93.000,0.000,0.000,44.000,-93.000,0.000,0.000,31.472,-85.931,0.823,0.569,140.000,279.000,0.000,0.000,140.000,279.000,0.000,0.000,405.260,197.696,-0.939,0.344,-1.000,1.000,0,0
259.888,253.849,-0.707,0.707,1,249.187,264.550,15.133,1,435.429,818.976,0,0,811.702,402.737,122.498,37.385,-81.843,0.823,0.569,37.385,-81.843,0.823,0.569,44.000,-93.000,0.000,0.000,140.000,279.000,0.000,0.000,140.000,279.000,0.000,0.000,398.535,200.232,-0.918,0.396,-1.000,1.000,0,0
247.185,257.919,-0.909,0.417,1,233.430,264.229,15.133,1,448.749,807.897,0,0,796.534,392.743,109.238,43.298,-77.755,0.823,0.569,43.298,-77.755,0.823,0.569,44.000,-93.000,0.000,0.000,140.000,279.000,0.000,0.000,140.000,279.000,0.000,0.000,391.930,203.069,-0.933,0.360,-1.000,0.000,0,0
232.796,257.919,-0.994,0.109,1,217.753,259.562,15.133,1,462.621,794.101,0,0,780.180,379.016,95.161,49.212,-73.668,0.823,0.569,49.212,-73.668,0.823,0.569,44.000,-93.000,0.000,0.000,140.000,279.000,0.000,0.000,140.000,279.000,0.000,0.000,385.160,205.481,-0.952,0.307,-1.000,-1.000,0,0
226.692,246.059,-0.734,-0.679,1,215.581,235.785,15.133,1,465.618,784.921,0,0,771.452,359.254,92.739,55.125,-69.580,0.823,0.569,55.125,-69.580,0.823,0.569,44.000,-93.000,0.000,0.000,140.000,279.000,0.000,0.000,140.000,279.000,0.000,0.000,378.213,207.310,-0.985,0.172,0.000,-1.000,0,0
226.692,231.670,-0.212,-0.977,1,223.487,216.881,15.133,1,462.488,781.099,0,0,774.318,340.216,98.770,61.038,-65.492,0.823,0.569,61.038,-65.492,0.823,0.569,44.000,-93.000,0.000,0.000,140.000,279.000,0.000,0.000,140.000,279.000,0.000,0.000,371.083,208.198,-0.998,0.059,0.000,-1.000,0,0
230.762,218.968,0.289,-0.957,1,235.142,204.482,15.133,1,456.077,781.880,0,0,782.792,324.718,108.819,66.952,-61.404,0.823,0.569,66.952,-61.404,0.823,0.569,44.000,-93.000,0.000,0.000,140.000,279.000,0.000,0.000,140.000,279.000,0.000,0.000,363.898,208.334,-1.000,-0.030,1.000,-1.000,0,0
240.936,208.793,0.601,-0.799,1,250.037,196.702,15.133,1,444.339,789.403,0,0,795.663,314.742,115.791,72.865,-57.317,0.823,0.569,72.865,-57.317,0.823,0.569,44.000,-93.000,0.000,0.000,356.723,207.918,-0.995,-0.105,356.723,207.918,-0.995,-0.105,140.000,279.000,0.000,0.000,1.000,-1.000,0,0
251.110,198.619,0.679,-0.735,1,261.379,187.503,15.133,1,432.760,797.114,0,0,804.917,305.165,98.849,78.778,-53.229,0.823,0.569,78.778,-53.229,0.823,0.569,44.000,-93.000,0.000,0.000,349.615,206.870,-0.977,-0.214,349.615,206.870,-0.977,-0.214,140.000,279.000,0.000,0.000,1.000,-1.000,0,0
253.145,185.073,0.261,-0.965,1,257.095,170.464,15.133,1,429.047,796.370,0,0,797.559,288.501,91.736,84.692,-49.141,0.823,0.569,84.692,-49.141,0.823,0.569,44.000,-93.000,0.000,0.000,342.723,204.856,-0.928,-0.373,342.723,204.856,-0.928,-0.373,140.000,279.000,0.000,0.000,0.000,-1.000,0,0
253.145,170.684,0.076,-0.997,1,254.296,155.595,15.133,1,427.704,793.710,0,0,792.328,270.115,88.710,90.605,-45.053,0.823,0.569,90.605,-45.053,0.823,0.569,44.000,-93.000,0.000,0.000,336.210,201.825,-0.871,-0.491,336.210,201.825,-0.871,-0.491,140.000,279.000,0.000,0.000,0.000,-1.000,0,0
253.145,156.296,0.022,-1.000,1,253.476,141.166,15.133,1,426.842,791.303,0,0,789.374,251.881,87.555,96.518,-40.966,0.823,0.569,96.518,-40.966,0.823,0.569,436.088,-108.366,-1.000,-0.002,330.139,197.984,-0.803,-0.595,330.139,197.984,-0.803,-0.595,140.000,279.000,0.000,0.000,0.000,-1.000,0,0
261.285,145.279,0.469,-0.883,1,268.377,131.910,15.133,1,418.377,797.685,0,0,802.911,241.692,79.545,102.432,-36.878,0.823,0.569,102.432,-36.878,0.823,0.569,428.900,-108.380,-1.000,-0.002,324.686,193.316,-0.676,-0.737,324.686,193.316,-0.676,-0.737,140.000,279.000,0.000,0.000,1.000,-1.000,0,0
271.459,135.104,0.644,-0.765,1,281.200,123.523,15.133,1,408.154,806.375,0,0,814.636,234.083,71.724,108.345,-32.790,0.823,0.569,108.345,-32.790,0.823,0.569,421.711,-108.393,-1.000,-0.002,320.264,187.663,-0.520,-0.854,320.264,187.663,-0.520,-0.854,140.000,279.000,0.000,0.000,1.000,-1.000,0,0
281.634,124.930,0.691,-0.723,1,292.093,113.993,15.133,1,398.189,815.228,0,0,824.442,227.194,66.522,114.259,-28.702,0.823,0.569,114.259,-28.702,0.823,0.569,414.522,-108.407,-1.000,-0.002,317.017,181.262,-0.347,-0.938,317.017,181.262,-0.347,-0.938,140.000,279.000,0.000,0.000,1.000,-1.000,0,0
291.808,114.756,0.703,-0.712,1,302.440,103.986,15.133,1,388.502,824.236,0,0,833.798,221.095,63.970,120.172,-24.615,0.823,0.569,120.172,-24.615,0.823,0.569,407.334,-108.420,-1.000,-0.002,315.018,174.366,-0.176,-0.984,315.018,174.366,-0.176,-0.984,427.000,279.000,0.000,0.000,1.000,-1.000,0,0
301.982,104.581,0.706,-0.708,1,312.663,93.860,15.133,1,379.113,833.395,0,0,843.165,215.851,63.831,126.085,-20.527,0.823,0.569,126.085,-20.527,0.823,0.569,400.145,-108.434,-1.000,-0.002,314.211,167.230,-0.021,-1.000,314.211,167.230,-0.021,-1.000,427.000,279.000,0.000,0.000,1.000,-1.000,0,0
312.157,94.407,0.707,-0.707,1,322.852,83.701,15.133,1,370.045,842.701,0,0,852.634,211.527,65.684,131.999,-16.439,0.823,0.569,131.999,-16.439,0.823,0.569,392.956,-108.448,-1.000,-0.002,314.449,160.051,0.109,-0.994,314.449,160.051,0.109,-0.994,427.000,279.000,0.000,0.000,1.000,0.000,0,0
326.546,94.407,0.974,-0.227,1,341.283,90.969,15.133,1,355.774,857.047,0,0,871.498,211.336,59.592,385.767,-108.461,-1.000,-0.002,385.767,-108.461,-1.000,-0.002,137.912,-12.351,0.823,0.569,316.077,153.072,0.376,-0.927,316.077,153.072,0.376,-0.927,427.000,279.000,0.000,0.000,1.000,0.000,0,0
340.934,94.407,0.998,-0.063,1,356.037,93.454,15.133,1,341.513,871.394,0,0,886.388,206.345,56.563,378.579,-108.475,-1.000,-0.002,378.579,-108.475,-1.000,-0.002,143.825,-8.264,0.823,0.569,319.370,146.698,0.567,-0.824,319.370,146.698,0.567,-0.824,427.000,279.000,0.000,0.000,1.000,0.000,0,0
355.323,94.407,1.000,-0.017,1,370.454,94.152,15.133,1,327.262,885.743,0,0,900.815,203.531,56.302,371.390,-108.489,-1.000,-0.002,371.390,-108.489,-1.000,-0.002,149.739,-4.176,0.823,0.569,323.870,141.104,0.704,-0.710,323.870,141.104,0.704,-0.710,427.000,279.000,0.000,0.000,1.000,0.000,0,0
369.712,94.407,1.000,-0.005,1,384.845,94.334,15.133,1,313.025,900.093,0,0,915.182,202.984,58.272,364.201,-108.502,-1.000,-0.002,364.201,-108.502,-1.000,-0.002,155.652,-0.088,0.823,0.569,329.224,136.317,0.798,-0.602,329.224,136.317,0.798,-0.602,427.000,279.000,0.000,0.000,1.000,0.000,0,0
384.101,94.407,1.000,-0.001,1,399.234,94.387,15.133,1,298.801,914.444,0,0,929.538,204.723,61.876,357.013,-108.516,-1.000,-0.002,357.013,-108.516,-1.000,-0.002,161.565,4.000,0.823,0.569,335.157,132.264,0.861,-0.509,335.157,132.264,0.861,-0.509,427.000,279.000,0.000,0.000,1.000,0.000,0,0
398.489,94.407,1.000,0.000,1,413.622,94.401,15.133,1,284.595,928.797,0,0,943.893,208.690,66.605,349.824,-108.530,-1.000,-0.002,349.824,-108.530,-1.000,-0.002,167.479,8.087,0.823,0.569,341.474,128.839,0.902,-0.431,341.474,128.839,0.902,-0.431,427.000,279.000,0.000,0.000,1.000,0.000,0,0
401.367,94.407,1.000,0.000,0,428.381,94.399,27.014,0,281.756,931.667,0,0,958.615,211.277,61.938,342.635,-108.543,-1.000,-0.002,342.635,-108.543,-1.000,-0.002,173.392,12.175,0.823,0.569,348.034,125.900,0.931,-0.365,348.034,125.900,0.931,-0.365,427.000,279.000,0.000,0.000,0.000,0.000,0,0
401.367,94.407,1.000,0.000,0,447.789,94.394,46.422,0,281.756,931.667,0,0,977.977,213.401,54.897,335.446,-108.557,-1.000,-0.002,335.446,-108.557,-1.000,-0.002,179.305,16.263,0.823,0.569,354.801,123.480,0.954,-0.299,354.801,123.480,0.954,-0.299,427.000,279.000,0.000,0.000,0.000,0.000,0,0
401.367,94.407,1.000,0.000,0,466.716,94.389,65.350,0,281.756,931.667,0,0,996.859,215.742,48.022,328.258,-108.570,-1.000,-0.002,328.258,-108.570,-1.000,-0.002,185.219,20.350,0.823,0.569,361.706,121.482,0.968,-0.250,361.706,121.482,0.968,-0.250,427.000,279.000,0.000,0.000,0.000,0.000,0,0
401.367,94.407,1.000,0.000,0,485.175,94.383,83.811,0,281.756,931.667,0,0,1015.274,218.296,41.379,321.069,-108.584,-1.000,-0.002,321.069,-108.584,-1.000,-0.002,191.132,24.438,0.823,0.569,368.694,119.797,0.977,-0.213,368.694,119.797,0.977,-0.213,427.000,279.000,0.000,0.000,0.000,0.000,0,0
401.367,94.407,1.000,0.000,0,503.177,94.378,101.816,0,281.756,931.667,0,0,1033.234,214.680,35.075,197.046,28.526,0.823,0.569,197.046,28.526,0.823,0.569,318.288,-112.902,0.022,-1.000,375.735,118.350,0.983,-0.185,375.735,118.350,0.983,-0.185,427.000,279.000,0.000,0.000,0.000,0.000,0,0
401.367,94.407,1.000,0.000,0,520.734,94.374,119.377,0,281.756,931.667,0,0,1050.749,207.808,29.304,202.959,32.614,0.823,0.569,202.959,32.614,0.823,0.569,318.447,-120.089,0.022,-1.000,382.812,117.088,0.987,-0.163,382.812,117.088,0.987,-0.163,427.000,279.000,0.000,0.000,0.000,0.000,0,0
401.367,94.407,1.000,0.000,0,537.856,94.369,136.505,0,281.756,931.667,0,0,1067.831,200.958,24.420,208.872,36.701,0.823,0.569,208.872,36.701,0.823,0.569,318.605,-127.276,0.022,-1.000,389.914,115.974,0.990,-0.145,389.914,115.974,0.990,-0.145,427.000,279.000,0.000,0.000,0.000,0.000,0,0
401.367,94.407,1.000,0.000,0,554.554,94.364,153.212,0,281.756,931.667,0,0,1084.491,194.133,21.024,214.786,40.789,0.823,0.569,214.786,40.789,0.823,0.569,318.764,-134.463,0.022,-1.000,397.033,114.979,0.992,-0.130,397.033,114.979,0.992,-0.130,427.000,279.000,0.000,0.000,0.000,0.000,0,0
401.367,94.407,1.000,0.000,0,570.839,94.360,169.507,0,281.756,931.667,0,0,1100.739,187.334,19.874,220.699,44.877,0.823,0.569,220.699,44.877,0.823,0.569,318.922,-141.650,0.022,-1.000,404.166,114.083,0.993,-0.118,404.166,114.083,0.993,-0.118,427.000,279.000,0.000,0.000,0.000,0.000,0,0
401.367,94.407,1.000,0.000,0,586.721,94.355,185.403,0,281.756,931.667,0,0,1116.585,180.566,21.321,226.613,48.964,0.823,0.569,226.613,48.964,0.823,0.569,319.080,-148.837,0.022,-1.000,411.308,113.269,0.994,-0.107,411.308,113.269,0.994,-0.107,427.000,279.000,0.000,0.000,0.000,0.000,0,0
401.367,94.407,1.000,0.000,0,602.210,94.351,200.909,0,281.756,931.667,0,0,1132.039,173.832,24.907,232.526,53.052,0.823,0.569,232.526,53.052,0.823,0.569,319.239,-156.024,0.022,-1.000,418.458,112.524,0.995,-0.098,418.458,112.524,0.995,-0.098,427.000,279.000,0.000,0.000,0.000,0.000,0,0
401.367,94.407,1.000,0.000,0,617.315,94.347,216.034,0,281.756,931.667,0,0,1147.112,167.136,29.863,238.439,57.140,0.823,0.569,238.439,57.140,0.823,0.569,319.397,-163.210,0.022,-1.000,425.614,111.839,0.996,-0.091,425.614,111.839,0.996,-0.091,427.000,279.000,0.000,0.000,0.000,0.000,0,0
401.367,94.407,1.000,0.000,0,631.759,94.343,230.487,0,281.756,931.667,0,0,1161.528,160.482,35.618,244.353,61.228,0.823,0.569,244.353,61.228,0.823,0.569,319.556,-170.397,0.022,-1.000,432.775,111.205,0.996,-0.084,432.775,111.205,0.996,-0.084,427.000,279.000,0.000,0.000,0.000,0.000,0,0
401.367,94.407,1.000,0.000,0,645.464,94.339,244.187,0,281.756,931.667,0,0,1175.213,153.876,41.839,250.266,65.315,0.823,0.569,250.266,65.315,0.823,0.569,319.714,-177.584,0.022,-1.000,439.939,110.614,0.997,-0.079,439.939,110.614,0.997,-0.079,427.000,279.000,0.000,0.000,0.000,0.000,0,0
39.000,287.000,0.897,0.443,0,658.774,94.335,649.062,0,657.616,622.350,0,0,1188.503,124.004,101.316,-85.000,286.000,0.000,0.000,-85.000,286.000,0.000,0.000,-296.000,285.000,0.000,0.000,140.000,279.000,0.000,0.000,140.000,279.000,0.000,0.000,290.700,275.300,0.000,0.000,0.000,0.000,0,0
39.000,287.000,0.897,0.443,0,671.697,94.331,661.415,0,657.619,622.354,0,0,1201.407,124.004,101.316,-85.000,286.000,0.000,0.000,-85.000,286.000,0.000,0.000,-296.000,285.000,0.000,0.000,140.000,279.000,0.000,0.000,140.000,279.000,0.000,0.000,290.700,275.300,0.000,0.000,0.000,0.000,0,0
39.000,287.000,0.897,0.443,0,670.697,94.329,660.454,0,657.619,622.354,0,0,1200.412,124.004,101.316,-85.000,286.000,0.000,0.000,-85.000,286.000,0.000,0.000,-296.000,285.000,0.000,0.000,140.000,279.000,0.000,0.000,140.000,279.000,0.000,0.000,290.700,275.300,0.000,0.000,0.000,0.000,0,0
39.000,287.000,0.897,0.443,0,669.824,94.327,659.617,0,657.619,622.354,0,0,1199.545,124.004,101.316,-85.000,286.000,0.000,0.000,-85.000,286.000,0.000,0.000,-296.000,285.000,0.000,0.000,140.000,279.000,0.000,0.000,140.000,279.000,0.000,0.000,290.700,275.300,0.000,0.000,0.000,0.000,0,0
39.000,278.367,0.989,-0.146,0,669.806,94.325,657.127,0,655.716,618.851,0,0,1199.529,124.235,101.002,-85.000,286.000,0.000,0.000,-85.000,286.000,0.000,0.000,-296.000,285.000,0.000,0.000,140.000,279.000,0.000,0.000,140.000,279.000,0.000,0.000,290.700,275.300,0.000,0.000,0.000,-1.000,0,0
39.000,263.978,0.222,-0.975,0,669.806,94.322,653.243,0,652.785,613.239,0,0,1199.531,125.940,102.111,-85.000,286.000,0.000,0.000,-85.000,286.000,0.000,0.000,-296.000,285.000,0.000,0.000,140.000,279.000,0.000,0.000,140.000,279.000,0.000,0.000,290.700,275.300,0.000,0.000,0.000,-1.000,0,0
39.000,249.589,0.067,-0.998,0,669.806,94.320,649.654,0,650.159,607.916,0,0,1199.531,129.235,105.195,-85.000,286.000,0.000,0.000,-85.000,286.000,0.000,0.000,-296.000,285.000,0.000,0.000,140.000,279.000,0.000,0.000,140.000,279.000,0.000,0.000,290.700,275.300,0.000,0.000,0.000,-1.000,0,0
39.000,235.201,0.020,-1.000,0,669.806,94.318,646.367,0,647.842,602.889,0,0,1199.531,134.002,110.088,-85.000,286.000,0.000,0.000,-85.000,286.000,0.000,0.000,44.000,-93.000,0.000,0.000,140.000,279.000,0.000,0.000,140.000,279.000,0.000,0.000,290.700,275.300,0.000,0.000,0.000,-1.000,0,0
43.070,222.498,0.245,-0.970,0,669.806,94.316,639.731,0,642.023,602.560,0,0,1199.530,142.949,112.196,-85.000,286.000,0.000,0.000,-85.000,286.000,0.000,0.000,44.000,-93.000,0.000,0.000,140.000,279.000,0.000,0.000,140.000,279.000,0.000,0.000,290.700,275.300,0.000,0.000,1.000,-1.000,0,0
53.244,212.323,0.600,-0.800,0,669.806,94.314,627.777,0,630.661,609.104,0,0,1199.528,156.651,109.418,-85.000,286.000,0.000,0.000,-85.000,286.000,0.000,0.000,44.000,-93.000,0.000,0.000,140.000,279.000,0.000,0.000,140.000,279.000,0.000,0.000,290.700,275.300,0.000,0.000,1.000,-1.000,0,0
63.418,202.149,0.678,-0.735,0,59.000,80.600,121.796,0,619.424,615.914,0,0,589.175,170.467,108.493,-85.000,286.000,0.000,0.000,-85.000,286.000,0.000,0.000,44.000,-93.000,0.000,0.000,140.000,279.000,0.000,0.000,140.000,279.000,0.000,0.000,290.700,275.300,0.000,0.000,1.000,-1.000,0,0
59.349,191.132,-0.165,-0.986,0,59.000,80.600,110.723,0,622.432,609.016,0,0,589.173,172.733,119.270,-85.000,286.000,0.000,0.000,-85.000,286.000,0.000,0.000,44.000,-93.000,0.000,0.000,140.000,279.000,0.000,0.000,140.000,279.000,0.000,0.000,290.700,275.300,0.000,0.000,-1.000,-1.000,0,0
49.174,180.958,-0.569,-0.822,0,59.000,80.600,101.056,0,631.791,596.570,0,0,589.171,170.402,133.647,-85.000,286.000,0.000,0.000,-85.000,286.000,0.000,0.000,44.000,-93.000,0.000,0.000,140.000,279.000,0.000,0.000,140.000,279.000,0.000,0.000,290.700,275.300,0.000,0.000,0.000,-1.000,0,0
57.314,169.940,0.275,-0.961,0,59.000,80.600,89.602,0,623.010,601.808,0,0,589.171,183.638,136.861,-85.000,286.000,0.000,0.000,-85.000,286.000,0.000,0.000,44.000,-93.000,0.000,0.000,140.000,279.000,0.000,0.000,140.000,279.000,0.000,0.000,290.700,275.300,0.000,0.000,1.000,-1.000,0,0
67.488,159.766,0.596,-0.803,0,59.000,80.600,79.896,0,612.405,609.476,0,0,589.171,197.959,139.552,-85.000,286.000,0.000,0.000,-85.000,286.000,0.000,0.000,44.000,-93.000,0.000,0.000,140.000,279.000,0.000,0.000,140.000,279.000,0.000,0.000,290.700,275.300,0.000,0.000,0.000,-1.000,0,0
67.488,145.377,0.201,-0.980,0,59.000,80.600,65.667,0,612.060,606.596,0,0,589.171,207.430,152.030,-85.000,286.000,0.000,0.000,-85.000,286.000,0.000,0.000,44.000,-93.000,0.000,0.000,140.000,279.000,0.000,0.000,140.000,279.000,0.000,0.000,108.800,-94.600,0.000,0.000,0.000,-1.000,0,0
67.488,130.989,0.059,-0.998,0,59.000,80.600,51.527,0,612.053,604.046,0,0,589.171,217.442,164.819,-85.000,286.000,0.000,0.000,-85.000,286.000,0.000,0.000,44.000,-93.000,0.000,0.000,140.000,279.000,0.000,0.000,140.000,279.000,0.000,0.000,108.800,-94.600,0.000,0.000,0.000,-1.000,0,0
67.488,116.600,0.016,-1.000,0,59.000,80.600,37.577,0,612.385,601.829,0,0,589.171,210.912,177.853,44.000,-93.000,0.000,0.000,44.000,-93.000,0.000,0.000,-85.000,286.000,0.000,0.000,140.000,279.000,0.000,0.000,140.000,279.000,0.000,0.000,108.800,-94.600,0.000,0.000,0.000,-1.000,0,0
71.558,103.897,0.341,-0.940,1,76.720,89.671,15.133,1,608.896,604.191,0,0,607.773,198.816,188.004,44.000,-93.000,0.000,0.000,44.000,-93.000,0.000,0.000,-85.000,286.000,0.000,0.000,140.000,279.000,0.000,0.000,140.000,279.000,0.000,0.000,108.800,-94.600,0.000,0.000,1.000,-1.000,0,0
84.261,99.827,0.849,-0.528,1,97.110,91.832,15.133,1,596.464,616.330,0,0,628.270,196.986,187.642,44.000,-93.000,0.000,0.000,44.000,-93.000,0.000,0.000,-85.000,286.000,0.000,0.000,140.000,279.000,0.000,0.000,140.000,279.000,0.000,0.000,108.800,-94.600,0.000,0.000,1.000,0.000,0,0
98.650,99.827,0.988,-0.157,1,113.595,97.449,15.133,1,582.110,630.626,0,0,645.229,200.422,183.882,44.000,-93.000,0.000,0.000,44.000,-93.000,0.000,0.000,-85.000,286.000,0.000,0.000,140.000,279.000,0.000,0.000,140.000,279.000,0.000,0.000,108.800,-94.600,0.000,0.000,1.000,0.000,0,0
113.038,99.827,0.999,-0.044,1,128.157,99.163,15.133,1,567.759,644.926,0,0,659.886,204.814,181.190,44.000,-93.000,0.000,0.000,44.000,-93.000,0.000,0.000,-85.000,286.000,0.000,0.000,140.000,279.000,0.000,0.000,140.000,279.000,0.000,0.000,108.800,-94.600,0.000,0.000,1.000,0.000,0,0
127.427,99.827,1.000,-0.012,1,142.559,99.653,15.133,1,553.409,659.229,0,0,674.258,210.101,179.613,44.000,-93.000,0.000,0.000,44.000,-93.000,0.000,0.000,-85.000,286.000,0.000,0.000,140.000,279.000,0.000,0.000,140.000,279.000,0.000,0.000,108.800,-94.600,0.000,0.000,1.000,0.000,0,0
141.816,99.827,1.000,-0.003,1,156.949,99.779,15.133,1,539.061,673.537,0,0,688.583,216.218,179.182,44.000,-93.000,0.000,0.000,44.000,-93.000,0.000,0.000,-85.000,286.000,0.000,0.000,140.000,279.000,0.000,0.000,140.000,279.000,0.000,0.000,108.800,-94.600,0.000,0.000,1.000,0.000,0,0
147.571,106.775,0.776,0.631,1,159.313,116.322,15.133,1,532.872,680.001,0,0,692.779,225.027,172.392,44.000,-93.000,0.000,0.000,44.000,-93.000,0.000,0.000,-85.000,286.000,0.000,0.000,140.000,279.000,0.000,0.000,140.000,279.000,0.000,0.000,108.800,-94.600,0.000,0.000,-1.000,1.000,0,0
137.397,116.949,-0.387,0.922,1,131.544,130.905,15.133,1,542.537,671.122,0,0,667.268,229.786,162.072,44.000,-93.000,0.000,0.000,44.000,-93.000,0.000,0.000,-85.000,286.000,0.000,0.000,140.000,279.000,0.000,0.000,140.000,279.000,0.000,0.000,108.800,-94.600,0.000,0.000,-1.000,1.000,0,0
127.222,127.124,-0.620,0.785,1,117.845,139.002,15.133,1,552.407,662.437,0,0,655.019,235.330,152.413,44.000,-93.000,0.000,0.000,44.000,-93.000,0.000,0.000,-85.000,286.000,0.000,0.000,140.000,279.000,0.000,0.000,140.000,279.000,0.000,0.000,290.700,275.300,0.000,0.000,-1.000,1.000,0,0
117.048,137.298,-0.684,0.730,1,106.700,148.340,15.133,1,562.473,653.954,0,0,645.666,241.605,143.549,44.000,-93.000,0.000,0.000,44.000,-93.000,0.000,0.000,-85.000,286.000,0.000,0.000,140.000,279.000,0.000,0.000,140.000,279.000,0.000,0.000,290.700,275.300,0.000,0.000,-1.000,1.000,0,0
106.874,147.472,-0.701,0.713,1,96.265,158.264,15.133,1,572.723,645.679,0,0,637.319,236.655,135.635,-85.000,286.000,0.000,0.000,-85.000,286.000,0.000,0.000,44.000,-93.000,0.000,0.000,140.000,279.000,0.000,0.000,140.000,279.000,0.000,0.000,290.700,275.300,0.000,0.000,-1.000,1.000,0,0
96.699,157.647,-0.705,0.709,1,86.026,168.374,15.133,1,583.148,637.622,0,0,629.424,222.462,128.847,-85.000,286.000,0.000,0.000,-85.000,286.000,0.000,0.000,44.000,-93.000,0.000,0.000,140.000,279.000,0.000,0.000,140.000,279.000,0.000,0.000,290.700,275.300,0.000,0.000,-1.000,1.000,0,0
86.525,167.821,-0.707,0.708,1,75.832,178.529,15.133,1,593.738,629.791,0,0,621.816,205.593,123.371,-83.325,283.663,0.583,-0.813,-83.325,283.663,0.583,-0.813,44.000,-93.000,0.000,0.000,140.000,279.000,0.000,0.000,140.000,279.000,0.000,0.000,289.586,272.649,-0.387,-0.922,-1.000,1.000,0,0
73.822,171.891,-0.914,0.406,0,60.407,181.869,16.719,0,606.636,618.317,0,0,607.670,187.413,125.905,-79.975,278.988,0.000,0.000,-79.975,278.988,0.000,0.000,44.000,-93.000,0.000,0.000,140.000,279.000,0.000,0.000,140.000,279.000,0.000,0.000,286.801,266.022,-0.387,-0.922,-1.000,0.000,0,1
59.433,171.891,-0.993,0.121,0,44.286,193.022,26.000,0,620.997,604.321,0,0,595.013,175.797,134.028,-79.975,278.988,0.000,0.000,-79.975,278.988,0.000,0.000,44.000,-93.000,0.000,0.000,140.000,279.000,0.000,0.000,140.000,279.000,0.000,0.000,284.016,259.395,-0.387,-0.922,-1.000,0.000,0,0
45.045,171.891,-0.999,0.032,0,28.563,203.899,36.004,0,635.361,590.344,0,0,583.036,164.620,143.140,-79.975,278.988,0.000,0.000,-79.975,278.988,0.000,0.000,44.000,-93.000,0.000,0.000,140.000,279.000,0.000,0.000,140.000,279.000,0.000,0.000,281.231,252.768,-0.387,-0.922,-1.000,0.000,0,0
33.185,165.786,-0.945,-0.327,0,13.230,214.507,52.652,0,646.908,577.382,0,0,571.728,160.062,155.650,-79.975,278.988,0.000,0.000,-79.975,278.988,0.000,0.000,44.000,-93.000,0.000,0.000,140.000,279.000,0.000,0.000,140.000,279.000,0.000,0.000,278.446,246.140,-0.387,-0.922,-1.000,-1.000,0,0
23.010,155.612,-0.795,-0.607,0,-1.724,224.853,73.531,0,656.717,565.167,0,0,561.075,160.710,170.033,-79.975,278.988,0.000,0.000,-79.975,278.988,0.000,0.000,44.000,-93.000,0.000,0.000,140.000,279.000,0.000,0.000,140.000,279.000,0.000,0.000,108.800,-94.600,0.000,0.000,-1.000,-1.000,0,0
9.464,153.577,-0.961,-0.278,0,-16.308,234.942,85.359,0,670.204,551.512,0,0,551.063,154.037,181.026,-79.975,278.988,0.000,0.000,-79.975,278.988,0.000,0.000,-27.942,-83.686,0.849,0.528,140.000,279.000,0.000,0.000,140.000,279.000,0.000,0.000,108.800,-94.600,0.000,0.000,-1.000,0.000,0,0
-4.924,153.577,-0.997,-0.082,0,-30.530,244.781,94.749,0,684.585,537.500,0,0,541.678,146.153,191.661,-79.975,278.988,0.000,0.000,-79.975,278.988,0.000,0.000,-21.839,-79.886,0.849,0.528,140.000,279.000,0.000,0.000,140.000,279.000,0.000,0.000,108.800,-94.600,0.000,0.000,-1.000,0.000,0,0
-19.313,153.577,-1.000,-0.024,0,-44.401,254.377,103.905,0,698.966,523.507,0,0,532.904,139.312,202.760,-79.975,278.988,0.000,0.000,-79.975,278.988,0.000,0.000,-15.737,-76.087,0.849,0.528,140.000,279.000,0.000,0.000,140.000,279.000,0.000,0.000,108.800,-94.600,0.000,0.000,-1.000,-1.000,0,0
-21.348,140.031,-0.534,-0.846,0,-71.160,266.688,136.100,1,700.828,518.511,0,0,514.341,150.819,212.945,-79.975,278.988,0.000,0.000,-79.975,278.988,0.000,0.000,-9.634,-72.288,0.849,0.528,140.000,279.000,0.000,0.000,140.000,279.000,0.000,0.000,108.800,-94.600,0.000,0.000,0.000,-1.000,0,0
-14.400,130.206,0.317,-0.948,0,-71.160,266.688,147.814,1,693.922,523.349,0,0,514.341,162.592,214.428,-79.975,278.988,0.000,0.000,-79.975,278.988,0.000,0.000,-3.531,-68.489,0.849,0.528,140.000,279.000,0.000,0.000,140.000,279.000,0.000,0.000,108.800,-94.600,0.000,0.000,1.000,0.000,0,0
-0.012,130.206,0.943,-0.334,0,-71.160,266.688,153.914,1,679.538,537.477,0,0,514.341,168.909,204.311,-79.975,278.988,0.000,0.000,-79.975,278.988,0.000,0.000,2.572,-64.690,0.849,0.528,140.000,279.000,0.000,0.000,140.000,279.000,0.000,0.000,108.800,-94.600,0.000,0.000,1.000,0.000,0,0
13.534,132.241,0.996,0.089,0,-71.160,266.688,158.900,0,665.976,551.160,0,0,514.341,174.008,193.732,-79.975,278.988,0.000,0.000,-79.975,278.988,0.000,0.000,8.674,-60.891,0.849,0.528,140.000,279.000,0.000,0.000,140.000,279.000,0.000,0.000,108.800,-94.600,0.000,0.000,1.000,1.000,1,0
17.604,144.944,0.529,0.848,0,-59.683,250.674,130.966,0,661.921,557.618,0,0,517.559,165.800,181.527,-79.975,278.988,0.000,0.000,-79.975,278.988,0.000,0.000,14.777,-57.092,0.849,0.528,140.000,279.000,0.000,0.000,140.000,279.000,0.000,0.000,253.381,186.495,-0.387,-0.922,0.000,1.000,1,0
17.604,159.332,0.160,0.987,0,-48.490,235.056,100.511,0,662.230,560.737,0,0,521.393,154.400,171.176,-79.975,278.988,0.000,0.000,-79.975,278.988,0.000,0.000,20.880,-53.293,0.849,0.528,140.000,279.000,0.000,0.000,140.000,279.000,0.000,0.000,250.596,179.868,-0.387,-0.922,-1.000,1.000,0,0
4.901,163.402,-0.816,0.578,0,-37.575,219.825,70.625,0,675.065,549.352,0,0,525.779,143.402,177.805,-79.975,278.988,0.000,0.000,-79.975,278.988,0.000,0.000,26.983,-49.493,0.849,0.528,140.000,279.000,0.000,0.000,140.000,279.000,0.000,0.000,247.811,173.240,-0.387,-0.922,-1.000,0.000,0,0
-9.488,163.402,-0.984,0.178,0,-26.929,204.970,45.086,0,689.440,535.406,0,0,530.656,135.383,188.970,-79.975,278.988,0.000,0.000,-79.975,278.988,0.000,0.000,33.086,-45.694,0.849,0.528,140.000,279.000,0.000,0.000,140.000,279.000,0.000,0.000,245.025,166.613,-0.387,-0.922,-1.000,0.000,0,0
-23.876,163.402,-0.999,0.053,1,-38.988,164.204,15.133,1,703.815,521.484,0,0,507.100,128.481,200.545,-79.975,278.988,0.000,0.000,-79.975,278.988,0.000,0.000,39.188,-41.895,0.849,0.528,140.000,279.000,0.000,0.000,140.000,279.000,0.000,0.000,242.240,159.986,-0.387,-0.922,-1.000,0.000,0,0
-26.754,154.769,-0.735,-0.678,1,-37.881,144.512,15.133,1,706.431,516.564,0,0,503.361,135.141,207.943,-79.975,278.988,0.000,0.000,-79.975,278.988,0.000,0.000,45.291,-38.096,0.849,0.528,140.000,279.000,0.000,0.000,140.000,279.000,0.000,0.000,239.455,153.358,-0.387,-0.922,0.000,-1.000,0,0
-18.615,143.752,0.302,-0.953,1,-14.041,129.326,15.133,1,698.117,521.974,0,0,523.535,148.506,208.449,-79.975,278.988,0.000,0.000,-79.975,278.988,0.000,0.000,51.394,-34.297,0.849,0.528,140.000,279.000,0.000,0.000,140.000,279.000,0.000,0.000,193.115,1.611,-0.851,0.525,1.000,-1.000,0,0
-18.615,132.734,-0.070,-0.998,1,-19.677,117.638,15.133,1,698.111,519.703,0,0,515.911,158.604,215.760,-79.975,278.988,0.000,0.000,-79.975,278.988,0.000,0.000,57.497,-30.498,0.849,0.528,140.000,279.000,0.000,0.000,140.000,279.000,0.000,0.000,186.963,5.329,-0.879,0.478,-1.000,-1.000,0,0
-30.475,126.630,-0.779,-0.627,1,-42.261,117.138,15.133,1,710.039,506.896,0,0,493.586,160.198,228.645,-79.975,278.988,0.000,0.000,-79.975,278.988,0.000,0.000,63.600,-26.699,0.849,0.528,140.000,279.000,0.000,0.000,140.000,279.000,0.000,0.000,180.563,8.600,-0.899,0.438,-1.000,0.000,0,0
-44.021,128.665,-0.995,-0.102,1,-59.075,127.121,15.133,1,723.551,494.006,0,0,478.954,147.932,237.622,-75.787,273.145,0.583,-0.813,-75.787,273.145,0.583,-0.813,69.702,-22.900,0.849,0.528,140.000,279.000,0.000,0.000,140.000,279.000,0.000,0.000,174.096,11.739,-0.896,0.444,-1.000,1.000,0,0
-46.055,142.210,-0.506,0.862,1,-53.715,155.262,15.133,1,725.539,494.882,0,0,490.571,127.673,230.929,-71.600,267.302,0.583,-0.813,-71.600,267.302,0.583,-0.813,75.805,-19.101,0.849,0.528,140.000,279.000,0.000,0.000,140.000,279.000,0.000,0.000,167.787,15.178,-0.845,0.535,0.000,1.000,0,0
-46.055,156.599,-0.153,0.988,0,-49.784,172.467,16.300,0,725.767,498.316,0,0,498.978,108.327,222.708,-68.250,262.628,0.583,-0.813,-68.250,262.628,0.583,-0.813,81.908,-15.301,0.849,0.528,140.000,279.000,0.000,0.000,140.000,279.000,0.000,0.000,161.818,19.183,-0.810,0.587,0.000,1.000,0,1
-37.422,162.355,0.589,0.808,0,-53.718,191.672,33.542,0,717.312,508.129,0,0,501.036,98.116,212.332,-64.062,256.785,0.583,-0.813,-64.062,256.785,0.583,-0.813,88.011,-11.502,0.849,0.528,140.000,279.000,0.000,0.000,140.000,279.000,0.000,0.000,156.082,23.515,-0.780,0.625,0.000,0.000,0,1
-37.422,150.844,0.999,0.036,0,-57.554,210.402,62.869,0,717.012,505.273,0,0,503.766,102.585,218.867,-59.875,250.941,0.583,-0.813,-59.875,250.941,0.583,-0.813,94.114,-7.703,0.849,0.528,140.000,279.000,0.000,0.000,140.000,279.000,0.000,0.000,150.555,28.110,-0.752,0.659,0.000,-1.000,0,0
-37.422,136.455,0.346,-0.938,0,-46.872,232.798,96.805,1,716.897,502.052,0,0,522.010,110.168,209.988,-55.687,245.098,0.583,-0.813,-55.687,245.098,0.583,-0.813,100.216,-3.904,0.849,0.528,145.342,33.052,-0.693,0.721,145.342,33.052,-0.693,0.721,140.000,279.000,0.000,0.000,0.000,-1.000,0,0
-37.422,122.066,0.070,-0.998,0,-42.684,226.955,105.020,1,717.070,499.225,0,0,523.657,118.031,196.551,-51.500,239.255,0.583,-0.813,-51.500,239.255,0.583,-0.813,106.319,-0.105,0.849,0.528,140.349,38.225,-0.696,0.718,140.349,38.225,-0.696,0.718,140.000,279.000,0.000,0.000,1.000,-1.000,0,0
-29.283,113.927,0.586,-0.810,0,-38.497,221.111,107.580,1,709.163,505.826,0,0,525.397,120.838,179.100,-47.312,233.412,0.583,-0.813,-47.312,233.412,0.583,-0.813,112.422,3.694,0.849,0.528,135.336,43.377,-0.699,0.715,135.336,43.377,-0.699,0.715,140.000,279.000,0.000,0.000,0.000,0.000,0,0
-40.794,113.927,-0.389,-0.921,0,-34.309,215.268,101.549,1,720.665,494.481,0,0,527.229,113.666,183.175,-43.125,227.569,0.583,-0.813,-43.125,227.569,0.583,-0.813,118.525,7.493,0.849,0.528,130.300,48.507,-0.703,0.712,130.300,48.507,-0.703,0.712,140.000,279.000,0.000,0.000,1.000,0.000,0,0
-26.405,113.927,0.521,-0.854,0,-30.122,209.425,95.571,1,706.288,508.664,0,0,529.152,108.525,163.199,-38.937,221.726,0.583,-0.813,-38.937,221.726,0.583,-0.813,124.628,11.292,0.849,0.528,125.240,53.613,-0.706,0.708,125.240,53.613,-0.706,0.708,203.250,67.204,-0.387,-0.922,1.000,0.000,0,0
-12.016,113.927,0.981,-0.194,0,-25.934,203.582,90.729,1,691.911,522.858,0,0,531.166,104.460,143.247,-34.750,215.883,0.583,-0.813,-34.750,215.883,0.583,-0.813,130.730,15.091,0.849,0.528,120.153,58.692,-0.710,0.704,120.153,58.692,-0.710,0.704,200.465,60.577,-0.387,-0.922,1.000,0.000,0,0
2.372,113.927,0.998,-0.058,0,-15.892,189.570,77.817,0,677.535,537.063,0,0,536.355,101.599,123.329,-30.562,210.040,0.583,-0.813,-30.562,210.040,0.583,-0.813,136.833,18.890,0.849,0.528,115.024,63.728,-0.721,0.693,115.024,63.728,-0.721,0.693,197.680,53.949,-0.387,-0.922,1.000,0.000,1,0
11.006,113.927,1.000,-0.026,0,-4.644,173.874,61.956,0,668.910,545.590,0,0,542.758,97.703,108.668,-26.375,204.196,0.583,-0.813,-26.375,204.196,0.583,-0.813,142.936,22.690,0.849,0.528,109.799,68.666,-0.736,0.677,109.799,68.666,-0.736,0.677,194.895,47.322,-0.387,-0.922,0.000,0.000,0,0
2.372,113.927,0.751,-0.660,0,6.327,158.566,44.816,0,677.535,537.063,0,0,549.581,87.926,109.805,-22.187,198.353,0.583,-0.813,-22.187,198.353,0.583,-0.813,149.039,26.489,0.849,0.528,104.454,73.473,-0.755,0.655,104.454,73.473,-0.755,0.655,192.110,40.695,-0.387,-0.922,-1.000,0.000,0,0
-3.383,113.927,-0.140,-0.990,0,17.026,143.637,36.052,0,683.285,531.380,0,0,556.766,79.931,108.427,-18.000,192.510,0.583,-0.813,-18.000,192.510,0.583,-0.813,155.142,30.288,0.849,0.528,98.954,78.101,-0.781,0.625,98.954,78.101,-0.781,0.625,189.324,34.068,-0.387,-0.922,1.000,0.000,0,0
11.006,113.927,0.758,-0.652,1,22.478,104.058,15.133,1,668.910,545.590,0,0,555.541,76.857,87.977,-13.812,186.667,0.583,-0.813,-13.812,186.667,0.583,-0.813,161.245,34.087,0.849,0.528,92.766,81.442,-0.952,0.306,92.766,81.442,-0.952,0.306,186.539,27.440,-0.387,-0.922,1.000,0.000,0,0
25.394,113.927,0.985,-0.172,1,40.302,111.326,15.133,1,654.534,559.809,0,0,574.181,75.509,67.627,-9.624,180.824,0.583,-0.813,-9.624,180.824,0.583,-0.813,167.347,37.886,0.849,0.528,86.187,84.301,-0.862,0.508,86.187,84.301,-0.862,0.508,183.112,21.132,-0.499,-0.867,1.000,0.000,0,0
25.394,113.927,0.925,-0.381,1,39.385,108.160,15.133,1,654.534,559.809,0,0,572.838,68.397,60.491,-5.437,174.981,0.583,-0.813,-5.437,174.981,0.583,-0.813,173.450,41.685,0.849,0.528,80.122,88.160,-0.898,0.441,80.122,88.160,-0.898,0.441,179.523,14.903,-0.499,-0.867,-1.000,0.000,0,0
11.006,113.927,-0.039,-0.999,1,10.422,98.805,15.133,1,668.910,545.590,0,0,542.916,56.555,66.633,-1.249,169.138,0.583,-0.813,-1.249,169.138,0.583,-0.813,179.553,45.484,0.849,0.528,73.275,90.211,-0.991,0.135,73.275,90.211,-0.991,0.135,175.935,8.673,-0.499,-0.867,-1.000,0.000,0,0
-3.383,113.927,-0.956,-0.293,1,-17.850,109.486,15.133,1,683.285,531.380,0,0,516.407,49.771,73.144,2.938,163.295,0.583,-0.813,2.938,163.295,0.583,-0.813,185.656,49.283,0.849,0.528,66.170,91.292,-0.977,0.212,66.170,91.292,-0.977,0.212,172.347,2.444,-0.499,-0.867,-1.000,0.000,0,0
-15.243,107.822,-0.918,-0.397,1,-29.134,101.817,15.133,1,695.372,518.734,0,0,504.128,54.437,75.889,7.126,157.451,0.583,-0.813,7.126,157.451,0.583,-0.813,44.000,-93.000,0.000,0.000,59.129,92.723,-0.995,0.102,59.129,92.723,-0.995,0.102,168.758,-3.785,-0.499,-0.867,-1.000,-1.000,0,0
-26.260,99.683,-0.899,-0.437,1,-39.872,93.069,15.133,1,706.770,506.677,0,0,492.323,64.094,78.500,11.313,151.608,0.583,-0.813,11.313,151.608,0.583,-0.813,44.000,-93.000,0.000,0.000,51.952,92.964,-1.000,0.001,51.952,92.964,-1.000,0.001,165.170,-10.014,-0.499,-0.867,-1.000,0.000,0,0
-39.806,101.718,-0.999,-0.054,1,-54.917,100.896,15.133,1,720.188,493.555,0,0,478.492,70.704,85.007,15.501,145.765,0.583,-0.813,15.501,145.765,0.583,-0.813,44.000,-93.000,0.000,0.000,44.766,93.129,-0.997,0.078,44.766,93.129,-0.997,0.078,161.582,-16.243,-0.499,-0.867,-1.000,1.000,0,0
-49.981,111.892,-0.837,0.547,1,-62.650,120.168,15.133,1,729.914,485.088,0,0,474.096,75.096,89.411,19.688,139.922,0.583,-0.813,19.688,139.922,0.583,-0.813,44.000,-93.000,0.000,0.000,37.681,94.290,-0.968,0.250,37.681,94.290,-0.968,0.250,157.994,-22.472,-0.499,-0.867,-1.000,1.000,0,0
-60.155,122.066,-0.748,0.664,1,-71.469,132.117,15.133,1,739.792,476.905,0,0,467.882,84.885,94.517,23.876,134.079,0.583,-0.813,23.876,134.079,0.583,-0.813,44.000,-93.000,0.000,0.000,30.792,96.336,-0.944,0.330,30.792,96.336,-0.944,0.330,140.000,279.000,0.000,0.000,-1.000,1.000,0,0
-70.329,132.241,-0.718,0.696,1,-81.201,142.768,15.133,1,749.816,469.021,0,0,460.860,98.474,100.120,28.063,128.236,0.583,-0.813,28.063,128.236,0.583,-0.813,44.000,-93.000,0.000,0.000,24.068,98.876,-0.923,0.385,24.068,98.876,-0.923,0.385,140.000,279.000,0.000,0.000,-1.000,1.000,0,0
-80.504,142.415,-0.710,0.704,1,-91.255,153.065,15.133,1,759.980,461.450,0,0,453.782,114.518,106.087,32.251,122.393,0.583,-0.813,32.251,122.393,0.583,-0.813,-296.000,285.000,0.000,0.000,17.488,101.768,-0.904,0.427,17.488,101.768,-0.904,0.427,140.000,279.000,0.000,0.000,-1.000,1.000,0,0
-90.678,152.589,-0.708,0.706,0,-101.394,163.275,15.133,0,770.279,454.210,0,0,446.950,132.126,112.323,36.438,116.550,0.000,0.000,36.438,116.550,0.000,0.000,-296.000,285.000,0.000,0.000,11.035,104.937,-0.888,0.461,11.035,104.937,-0.888,0.461,140.000,279.000,0.000,0.000,-1.000,1.000,0,1
-103.297,156.588,-0.937,0.350,0,-107.022,177.733,21.538,0,782.979,443.191,0,0,446.071,145.359,123.664,36.438,116.550,0.000,0.000,36.438,116.550,0.000,0.000,-296.000,285.000,0.000,0.000,7.688,102.045,-0.187,-0.982,7.688,102.045,-0.187,-0.982,140.000,279.000,0.000,0.000,-1.000,0.000,0,0
-116.000,152.519,-0.980,-0.197,0,-112.264,191.562,39.361,0,795.590,429.864,0,0,445.874,156.625,135.199,36.438,116.550,0.000,0.000,36.438,116.550,0.000,0.000,-296.000,285.000,0.000,0.000,6.345,94.982,-0.187,-0.982,6.345,94.982,-0.187,-0.982,140.000,279.000,0.000,0.000,-1.000,-1.000,0,0
-118.035,138.973,-0.438,-0.899,0,-117.377,205.048,66.265,0,797.491,424.263,0,0,446.156,156.092,133.208,36.438,116.550,0.000,0.000,36.438,116.550,0.000,0.000,-296.000,285.000,0.000,0.000,5.002,87.920,-0.187,-0.982,5.002,87.920,-0.187,-0.982,140.000,279.000,0.000,0.000,0.000,-1.000,0,0
-118.035,124.584,-0.132,-0.991,0,-122.363,218.200,93.954,0,797.602,420.828,0,0,446.884,154.682,129.311,36.438,116.550,0.000,0.000,36.438,116.550,0.000,0.000,-296.000,285.000,0.000,0.000,3.659,80.858,-0.187,-0.982,3.659,80.858,-0.187,-0.982,140.000,279.000,0.000,0.000,0.000,-1.000,0,0
-118.035,110.196,-0.035,-0.999,0,-127.571,229.724,120.092,0,797.972,417.860,0,0,447.166,154.604,125.735,36.438,116.550,0.000,0.000,36.438,116.550,0.000,0.000,-296.000,285.000,0.000,0.000,2.316,73.796,-0.187,-0.982,2.316,73.796,-0.187,-0.982,108.800,-94.600,0.000,0.000,1.000,-1.000,0,0
-102.454,106.126,0.863,-0.505,0,-133.698,243.114,140.663,0,782.558,432.430,0,0,447.875,139.283,110.936,36.438,116.550,0.000,0.000,36.438,116.550,0.000,0.000,44.000,-93.000,0.000,0.000,0.704,65.322,-0.187,-0.982,0.704,65.322,-0.187,-0.982,108.800,-94.600,0.000,0.000,1.000,0.000,0,0
-90.943,106.126,0.982,-0.187,0,-137.704,251.758,153.099,0,771.059,443.763,0,0,448.545,127.808,101.791,36.438,116.550,0.000,0.000,36.438,116.550,0.000,0.000,44.000,-93.000,0.000,0.000,-0.370,59.672,-0.187,-0.982,-0.370,59.672,-0.187,-0.982,108.800,-94.600,0.000,0.000,1.000,1.000,0,0
-80.769,116.300,0.886,0.464,0,-142.604,262.263,158.659,0,760.539,455.584,0,0,449.602,117.208,101.520,36.438,116.550,0.000,0.000,36.438,116.550,0.000,0.000,44.000,-93.000,0.000,0.000,-1.713,52.610,-0.187,-0.982,-1.713,52.610,-0.187,-0.982,140.000,279.000,0.000,0.000,1.000,1.000,0,0
-86.874,126.474,0.019,1.000,0,-147.358,272.455,158.154,0,766.421,451.636,0,0,450.910,123.711,116.510,36.438,116.550,0.000,0.000,36.438,116.550,0.000,0.000,44.000,-93.000,0.000,0.000,-3.056,45.548,-0.187,-0.982,-3.056,45.548,-0.187,-0.982,140.000,279.000,0.000,0.000,-1.000,1.000,0,0
-97.048,136.649,-0.571,0.821,0,-151.970,282.342,155.842,0,776.509,444.016,0,0,452.443,134.991,134.981,36.438,116.550,0.000,0.000,36.438,116.550,0.000,0.000,-296.000,285.000,0.000,0.000,-4.399,38.486,-0.187,-0.982,-4.399,38.486,-0.187,-0.982,140.000,279.000,0.000,0.000,-1.000,1.000,0,0
-109.257,148.858,-0.677,0.736,0,-157.322,293.814,152.861,0,788.790,435.325,0,0,454.543,149.235,157.431,36.438,116.550,0.000,0.000,36.438,116.550,0.000,0.000,-296.000,285.000,0.000,0.000,-6.011,30.011,-0.187,-0.982,-6.011,30.011,-0.187,-0.982,140.000,279.000,0.000,0.000,-1.000,1.000,0,0
-119.432,159.032,-0.699,0.715,0,-161.634,303.057,150.227,0,799.166,428.479,0,0,456.483,161.556,176.296,36.438,116.550,0.000,0.000,36.438,116.550,0.000,0.000,-296.000,285.000,0.000,0.000,-7.354,22.949,-0.187,-0.982,-7.354,22.949,-0.187,-0.982,140.000,279.000,0.000,0.000,-1.000,1.000,0,0
-127.571,167.172,-0.704,0.710,0,-164.989,310.248,148.037,0,807.555,423.274,0,0,458.144,171.644,191.460,36.438,116.550,0.000,0.000,36.438,116.550,0.000,0.000,-296.000,285.000,0.000,0.000,-8.428,17.299,-0.187,-0.982,-8.428,17.299,-0.187,-0.982,140.000,279.000,0.000,0.000,-1.000,1.000,0,0
-137.745,177.346,-0.706,0.708,0,-169.066,318.990,145.217,0,818.148,417.125,0,0,460.339,184.489,210.482,36.438,116.550,0.000,0.000,36.438,116.550,0.000,0.000,-296.000,285.000,0.000,0.000,-9.771,10.237,-0.187,-0.982,-9.771,10.237,-0.187,-0.982,140.000,279.000,0.000,0.000,-1.000,1.000,0,0
-149.955,189.555,-0.707,0.707,0,-173.794,329.125,141.746,0,831.011,410.290,0,0,463.123,174.468,233.384,-296.000,285.000,0.000,0.000,-296.000,285.000,0.000,0.000,36.438,116.550,0.000,0.000,-11.383,1.762,-0.187,-0.982,-11.383,1.762,-0.187,-0.982,140.000,279.000,0.000,0.000,-1.000,1.000,0,0
-158.094,197.695,-0.707,0.707,0,-176.849,335.672,139.404,0,839.674,406.077,0,0,465.055,163.219,248.687,-296.000,285.000,0.000,0.000,-296.000,285.000,0.000,0.000,36.438,116.550,0.000,0.000,-12.457,-3.887,-0.187,-0.982,-12.457,-3.887,-0.187,-0.982,140.000,279.000,0.000,0.000,-1.000,1.000,0,0
-168.268,207.869,-0.707,0.707,0,-180.559,343.627,136.474,0,850.597,401.214,0,0,467.543,149.213,267.847,-296.000,285.000,0.000,0.000,-296.000,285.000,0.000,0.000,36.438,116.550,0.000,0.000,-13.800,-10.949,-0.187,-0.982,-13.800,-10.949,-0.187,-0.982,140.000,279.000,0.000,0.000,-1.000,1.000,0,0
-178.443,218.044,-0.707,0.707,0,-184.154,351.332,133.576,0,861.622,396.814,0,0,470.096,135.288,287.034,-296.000,285.000,0.000,0.000,-296.000,285.000,0.000,0.000,36.438,116.550,0.000,0.000,-15.143,-18.012,-0.187,-0.982,-15.143,-18.012,-0.187,-0.982,140.000,279.000,0.000,0.000,-1.000,1.000,0,0
-188.617,228.218,-0.707,0.707,0,-187.635,358.794,130.748,0,872.746,392.891,0,0,472.701,121.472,306.244,-296.000,285.000,0.000,0.000,-296.000,285.000,0.000,0.000,36.438,116.550,0.000,0.000,-16.486,-25.074,-0.187,-0.982,-16.486,-25.074,-0.187,-0.982,140.000,279.000,0.000,0.000,-1.000,1.000,0,0
-198.791,238.392,-0.707,0.707,0,-191.005,366.018,128.035,0,883.963,389.460,0,0,475.345,107.805,325.473,-296.000,285.000,0.000,0.000,-296.000,285.000,0.000,0.000,-428.171,110.925,0.150,-0.989,-17.829,-32.136,-0.187,-0.982,-17.829,-32.136,-0.187,-0.982,140.000,279.000,0.000,0.000,-1.000,1.000,0,0
-208.966,248.567,-0.707,0.707,0,-194.267,373.012,125.485,0,895.271,386.535,0,0,478.018,94.352,344.717,-296.000,285.000,0.000,0.000,-296.000,285.000,0.000,0.000,-427.096,103.817,0.150,-0.989,-19.172,-39.198,-0.187,-0.982,-19.172,-39.198,-0.187,-0.982,140.000,279.000,0.000,0.000,0.000,1.000,0,0
-208.966,262.955,-0.217,0.976,0,-197.424,379.779,117.580,0,897.164,394.817,0,0,480.708,89.783,349.334,-296.000,285.000,0.000,0.000,-296.000,285.000,0.000,0.000,-426.021,96.709,0.150,-0.989,140.000,279.000,0.000,0.000,140.000,279.000,0.000,0.000,-20.516,-46.260,-0.187,-0.982,0.000,1.000,0,0
-208.966,277.344,-0.063,0.998,0,-200.479,386.327,109.513,0,899.282,403.442,0,0,483.406,87.370,348.970,-296.000,285.000,0.000,0.000,-296.000,285.000,0.000,0.000,-424.945,89.601,0.150,-0.989,140.000,279.000,0.000,0.000,140.000,279.000,0.000,0.000,-21.859,-53.322,-0.187,-0.982,0.000,1.000,0,0
-208.966,291.733,-0.016,1.000,0,-203.433,392.659,101.296,0,901.625,412.389,0,0,486.104,87.294,349.198,-296.000,285.000,0.000,0.000,-296.000,285.000,0.000,0.000,-423.870,82.493,0.150,-0.989,140.000,279.000,0.000,0.000,140.000,279.000,0.000,0.000,-23.202,-60.384,-0.187,-0.982,0.000,1.000,0,0
-208.966,306.122,-0.005,1.000,0,-206.289,398.783,92.937,0,904.192,421.637,0,0,488.793,89.561,350.018,-296.000,285.000,0.000,0.000,-296.000,285.000,0.000,0.000,-422.795,75.385,0.150,-0.989,140.000,279.000,0.000,0.000,140.000,279.000,0.000,0.000,-24.545,-67.446,-0.187,-0.982,0.000,1.000,0,0
-208.966,320.510,-0.001,1.000,0,-209.059,404.720,84.470,0,906.979,431.167,0,0,491.475,94.000,351.426,-296.000,285.000,0.000,0.000,-296.000,285.000,0.000,0.000,-421.720,68.277,0.150,-0.989,140.000,279.000,0.000,0.000,140.000,279.000,0.000,0.000,-28.192,-72.122,-0.988,-0.152,0.000,1.000,0,0
-208.966,334.899,0.000,1.000,0,-211.771,410.534,75.977,0,909.985,440.961,0,0,494.172,100.324,353.414,-296.000,285.000,0.000,0.000,-296.000,285.000,0.000,0.000,-420.645,61.170,0.150,-0.989,140.000,279.000,0.000,0.000,140.000,279.000,0.000,0.000,-35.297,-73.218,-0.988,-0.152,0.000,1.000,0,0
-208.966,349.288,0.000,1.000,0,-214.430,416.234,67.496,0,913.208,451.001,0,0,496.882,108.203,355.974,-296.000,285.000,0.000,0.000,-296.000,285.000,0.000,0.000,-419.570,54.062,0.150,-0.989,140.000,279.000,0.000,0.000,140.000,279.000,0.000,0.000,-42.402,-74.314,-0.988,-0.152,0.000,1.000,0,0
-208.966,363.677,0.000,1.000,0,-217.037,421.822,59.077,0,916.645,461.271,0,0,499.601,117.324,359.092,-296.000,285.000,0.000,0.000,-296.000,285.000,0.000,0.000,-418.495,46.954,0.150,-0.989,140.000,279.000,0.000,0.000,140.000,279.000,0.000,0.000,-49.506,-75.410,-0.988,-0.152,0.000,1.000,0,0
-208.966,378.065,0.000,1.000,0,-219.593,427.301,50.804,0,920.295,471.757,0,0,502.326,127.421,362.755,-296.000,285.000,0.000,0.000,-296.000,285.000,0.000,0.000,-417.419,39.846,0.150,-0.989,140.000,279.000,0.000,0.000,140.000,279.000,0.000,0.000,-56.611,-76.507,-0.988,-0.152,0.000,1.000,0,0
-208.966,392.454,0.000,1.000,0,-222.098,432.672,42.824,0,924.154,482.444,0,0,505.054,138.280,366.945,-296.000,285.000,0.000,0.000,-296.000,285.000,0.000,0.000,-416.344,32.738,0.150,-0.989,140.000,279.000,0.000,0.000,140.000,279.000,0.000,0.000,-63.715,-77.603,-0.988,-0.152,0.000,1.000,0,0
-208.966,406.843,0.000,1.000,0,-224.554,437.937,35.410,0,928.221,493.319,0,0,507.781,149.735,371.646,-296.000,285.000,0.000,0.000,-296.000,285.000,0.000,0.000,-415.269,25.630,0.150,-0.989,140.000,279.000,0.000,0.000,140.000,279.000,0.000,0.000,-70.820,-78.699,-0.988,-0.152,0.000,1.000,0,0
-208.966,421.231,0.000,1.000,1,-208.966,436.365,15.133,1,932.492,504.370,0,0,516.171,161.660,376.838,-296.000,285.000,0.000,0.000,-296.000,285.000,0.000,0.000,-414.194,18.523,0.150,-0.989,140.000,279.000,0.000,0.000,140.000,279.000,0.000,0.000,-77.925,-79.795,-0.988,-0.152,-1.000,1.000,0,0
-222.511,423.266,-0.869,0.494,1,-235.666,430.748,15.133,1,946.016,497.516,0,0,495.566,156.583,390.163,-296.000,285.000,0.000,0.000,-296.000,285.000,0.000,0.000,-413.119,11.415,0.150,-0.989,140.000,279.000,0.000,0.000,140.000,279.000,0.000,0.000,-85.029,-80.891,-0.988,-0.152,-1.000,0.000,0,0
-229.459,413.441,-0.864,-0.503,1,-242.539,405.830,15.133,1,949.744,485.502,0,0,471.496,144.654,393.159,-296.000,285.000,0.000,0.000,-296.000,285.000,0.000,0.000,-412.044,4.307,0.150,-0.989,140.000,279.000,0.000,0.000,140.000,279.000,0.000,0.000,-92.134,-81.987,-0.988,-0.152,0.000,-1.000,0,0
-229.459,399.052,-0.278,-0.961,1,-233.669,384.517,15.133,1,945.670,474.248,0,0,460.351,132.044,388.475,-296.000,285.000,0.000,0.000,-296.000,285.000,0.000,0.000,-410.969,-2.801,0.150,-0.989,140.000,279.000,0.000,0.000,140.000,279.000,0.000,0.000,-99.239,-83.083,-0.988,-0.152,-1.000,-1.000,0,0
-239.633,388.878,-0.601,-0.799,0,-246.842,371.478,18.835,0,952.721,459.947,0,0,441.916,118.186,395.215,-296.000,285.000,0.000,0.000,-296.000,285.000,0.000,0.000,-409.894,-9.909,0.150,-0.989,140.000,279.000,0.000,0.000,140.000,279.000,0.000,0.000,-106.343,-84.179,-0.988,-0.152,-1.000,-1.000,0,1
-249.808,378.704,-0.683,-0.731,0,-256.433,354.605,24.993,0,959.935,445.653,0,0,422.820,104.471,402.357,-296.000,285.000,0.000,0.000,-296.000,285.000,0.000,0.000,-408.818,-17.017,0.150,-0.989,140.000,279.000,0.000,0.000,140.000,279.000,0.000,0.000,-113.448,-85.276,-0.988,-0.152,-1.000,-1.000,0,0
-259.982,368.530,-0.700,-0.715,0,-265.787,338.150,30.931,0,967.310,431.364,0,0,404.222,90.964,409.880,-296.000,285.000,0.000,0.000,-296.000,285.000,0.000,0.000,-407.743,-24.124,0.150,-0.989,140.000,279.000,0.000,0.000,140.000,279.000,0.000,0.000,-120.553,-86.372,-0.988,-0.152,-1.000,-1.000,0,0
-262.017,354.984,-0.247,-0.969,0,-274.909,322.103,35.324,0,966.153,419.554,0,0,386.111,77.798,409.135,-296.000,285.000,0.000,0.000,-296.000,285.000,0.000,0.000,-407.732,-22.675,-0.097,0.995,140.000,279.000,0.000,0.000,140.000,279.000,0.000,0.000,-127.657,-87.468,-0.988,-0.152,0.000,-1.000,0,0
-253.877,341.089,0.429,-0.903,0,-286.510,273.212,75.314,1,955.172,414.256,0,0,342.462,70.145,398.741,-296.000,285.000,0.000,0.000,-296.000,285.000,0.000,0.000,-408.570,-14.089,-0.097,0.995,140.000,279.000,0.000,0.000,140.000,279.000,0.000,0.000,-82.654,-68.349,-0.919,0.394,1.000,-1.000,0,0
-245.738,332.950,0.622,-0.783,0,-286.510,273.212,72.325,1,945.509,413.707,0,0,342.462,69.465,389.492,-296.000,285.000,0.000,0.000,-296.000,285.000,0.000,0.000,-409.129,-8.365,-0.097,0.995,140.000,279.000,0.000,0.000,140.000,279.000,0.000,0.000,-87.939,-66.081,-0.919,0.394,1.000,-1.000,0,0
-235.564,322.775,0.683,-0.730,0,-286.510,273.212,71.078,1,933.489,413.471,0,0,342.462,71.271,378.106,-296.000,285.000,0.000,0.000,-296.000,285.000,0.000,0.000,-409.828,-1.211,-0.097,0.995,140.000,279.000,0.000,0.000,140.000,279.000,0.000,0.000,-94.545,-63.245,-0.919,0.394,1.000,-1.000,0,0
-225.389,312.601,0.701,-0.713,0,-286.510,273.212,72.714,1,921.537,413.735,0,0,342.462,75.814,366.931,-296.000,285.000,0.000,0.000,-296.000,285.000,0.000,0.000,-410.526,5.944,-0.097,0.995,140.000,279.000,0.000,0.000,140.000,279.000,0.000,0.000,-101.151,-60.410,-0.919,0.394,1.000,-1.000,0,0
-215.215,302.427,0.705,-0.709,0,-286.510,273.212,77.049,1,909.656,414.499,0,0,342.462,82.644,355.986,-296.000,285.000,0.000,0.000,-296.000,285.000,0.000,0.000,-411.224,13.099,-0.097,0.995,140.000,279.000,0.000,0.000,140.000,279.000,0.000,0.000,-107.757,-57.574,-0.919,0.394,1.000,-1.000,0,0
-205.040,292.252,0.707,-0.708,0,-286.510,273.212,83.665,1,897.848,415.760,0,0,342.462,91.248,345.295,-296.000,285.000,0.000,0.000,-296.000,285.000,0.000,0.000,-411.923,20.253,-0.097,0.995,140.000,279.000,0.000,0.000,140.000,279.000,0.000,0.000,-114.363,-54.739,-0.919,0.394,1.000,-1.000,0,0
-203.005,278.707,0.322,-0.947,0,-286.510,273.212,83.685,1,893.609,408.996,0,0,342.462,93.207,340.636,-296.000,285.000,0.000,0.000,-296.000,285.000,0.000,0.000,-412.621,27.408,-0.097,0.995,-120.969,-51.903,-0.919,0.394,-120.969,-51.903,-0.919,0.394,140.000,279.000,0.000,0.000,0.000,-1.000,0,0
-211.145,267.689,-0.427,-0.904,0,-286.510,273.212,75.567,1,899.992,395.872,0,0,342.462,86.603,327.596,-296.000,285.000,0.000,0.000,-296.000,285.000,0.000,0.000,-413.320,34.563,-0.097,0.995,-127.574,-49.068,-0.919,0.394,-127.574,-49.068,-0.919,0.394,140.000,279.000,0.000,0.000,-1.000,-1.000,0,0
-221.319,257.515,-0.631,-0.776,0,-286.510,273.212,67.054,1,908.664,381.648,0,0,342.462,79.578,315.999,-296.000,285.000,0.000,0.000,-296.000,285.000,0.000,0.000,-414.018,41.717,-0.097,0.995,-134.180,-46.232,-0.919,0.394,-134.180,-46.232,-0.919,0.394,-186.576,-95.021,0.759,0.652,-1.000,-1.000,0,0
-231.494,247.341,-0.687,-0.727,0,-286.510,273.212,60.796,1,917.480,367.438,0,0,342.462,74.695,304.559,-296.000,285.000,0.000,0.000,-296.000,285.000,0.000,0.000,-414.717,48.872,-0.097,0.995,-140.786,-43.397,-0.919,0.394,-140.786,-43.397,-0.919,0.394,-181.122,-90.337,0.759,0.652,-1.000,-1.000,0,0
-241.668,237.166,-0.702,-0.712,0,-286.510,273.212,57.534,1,926.436,353.242,0,0,342.462,72.388,293.293,-296.000,285.000,0.000,0.000,-296.000,285.000,0.000,0.000,-415.415,56.027,-0.097,0.995,-147.392,-40.561,-0.919,0.394,-147.392,-40.561,-0.919,0.394,-175.669,-85.653,0.759,0.652,-1.000,-1.000,0,0
-253.877,224.957,-0.706,-0.708,0,-286.510,273.212,58.254,1,937.361,336.228,0,0,342.462,73.345,280.033,-296.000,285.000,0.000,0.000,-296.000,285.000,0.000,0.000,-415.875,64.637,-0.031,1.000,-155.319,-37.159,-0.919,0.394,-155.319,-37.159,-0.919,0.394,-169.125,-80.033,0.759,0.652,-1.000,-1.000,0,0
-255.912,215.975,-0.367,-0.930,0,-281.531,267.027,57.120,0,938.597,329.443,0,0,341.688,79.822,268.360,-296.000,285.000,0.000,0.000,-296.000,285.000,0.000,0.000,-416.055,70.385,-0.031,1.000,-160.604,-34.890,-0.919,0.394,-160.604,-34.890,-0.919,0.394,-164.762,-76.286,0.759,0.652,1.000,-1.000,1,0
-245.738,205.800,0.450,-0.893,0,-269.299,251.834,51.713,0,927.660,332.431,0,0,340.562,93.803,250.483,-296.000,285.000,0.000,0.000,-296.000,285.000,0.000,0.000,-416.280,77.570,-0.031,1.000,-167.210,-32.055,-0.919,0.394,-167.210,-32.055,-0.919,0.394,-159.308,-71.602,0.759,0.652,1.000,-1.000,0,0
-241.668,194.783,0.299,-0.954,0,-257.370,237.016,45.059,0,922.857,330.290,0,0,340.533,105.314,234.054,-296.000,285.000,0.000,0.000,-296.000,285.000,0.000,0.000,-416.505,84.755,-0.031,1.000,-173.815,-29.220,-0.919,0.394,-173.815,-29.220,-0.919,0.394,-153.855,-66.919,0.759,0.652,-1.000,-1.000,0,0
-251.842,184.609,-0.458,-0.889,0,-245.737,222.565,38.449,0,932.446,316.445,0,0,341.523,109.674,222.753,-296.000,285.000,0.000,0.000,-296.000,285.000,0.000,0.000,-416.730,91.940,-0.031,1.000,-180.421,-26.384,-0.919,0.394,-180.421,-26.384,-0.919,0.394,-148.401,-62.235,0.759,0.652,-1.000,-1.000,0,0
-251.842,173.592,-0.076,-0.997,0,-234.391,208.472,39.014,0,931.959,311.243,0,0,343.449,119.841,209.017,-296.000,285.000,0.000,0.000,-296.000,285.000,0.000,0.000,-416.955,99.126,-0.031,1.000,-187.216,-25.184,-0.985,-0.174,-187.216,-25.184,-0.985,-0.174,-142.948,-57.551,0.759,0.652,1.000,-1.000,0,0
-236.261,169.522,0.859,-0.512,1,-223.260,161.777,15.133,1,916.243,323.381,0,0,332.029,130.015,200.357,-296.000,285.000,0.000,0.000,-296.000,285.000,0.000,0.000,-417.225,107.748,-0.031,1.000,-195.711,-26.688,-0.985,-0.174,-195.711,-26.688,-0.985,-0.174,-136.404,-51.931,0.759,0.652,1.000,0.000,0,0
-224.750,169.522,0.986,-0.167,1,-209.831,166.989,15.133,1,904.740,333.803,0,0,346.410,135.690,198.593,-296.000,285.000,0.000,0.000,-296.000,285.000,0.000,0.000,-417.405,113.496,-0.031,1.000,-201.373,-27.691,-0.985,-0.174,-201.373,-27.691,-0.985,-0.174,-132.041,-48.184,0.759,0.652,1.000,0.000,0,0
-210.362,169.522,0.999,-0.049,1,-195.247,168.784,15.133,1,890.363,346.926,0,0,360.534,143.768,198.475,-296.000,285.000,0.000,0.000,-296.000,285.000,0.000,0.000,-417.630,120.681,-0.031,1.000,-208.452,-28.944,-0.985,-0.174,-208.452,-28.944,-0.985,-0.174,-126.588,-43.500,0.759,0.652,1.000,0.000,0,0
-195.973,169.522,1.000,-0.014,1,-180.841,169.315,15.133,1,875.986,360.147,0,0,374.066,152.776,200.675,-296.000,285.000,0.000,0.000,-296.000,285.000,0.000,0.000,-417.855,127.866,-0.031,1.000,-215.531,-30.198,-0.985,-0.174,-215.531,-30.198,-0.985,-0.174,-121.134,-38.816,0.759,0.652,1.000,0.000,0,0
-181.584,169.522,1.000,-0.004,1,-166.451,169.465,15.133,1,861.609,373.454,0,0,387.512,162.561,205.117,-296.000,285.000,0.000,0.000,-296.000,285.000,0.000,0.000,-418.080,135.051,-0.031,1.000,-222.609,-31.451,-0.985,-0.174,-222.609,-31.451,-0.985,-0.174,-115.681,-34.133,0.759,0.652,1.000,0.000,0,0
-167.196,169.522,1.000,-0.001,1,-152.063,169.506,15.133,1,847.232,386.838,0,0,400.984,172.991,206.966,-296.000,285.000,0.000,0.000,-296.000,285.000,0.000,0.000,-418.305,142.237,-0.031,1.000,-110.227,-29.449,0.759,0.652,-110.227,-29.449,0.759,0.652,-229.688,-32.704,-0.985,-0.174,1.000,0.000,0,0
-152.807,169.522,1.000,0.000,1,-137.674,169.517,15.133,1,832.857,400.292,0,0,414.508,183.955,200.136,-296.000,285.000,0.000,0.000,-296.000,285.000,0.000,0.000,-418.531,149.422,-0.031,1.000,-104.774,-24.765,0.759,0.652,-104.774,-24.765,0.759,0.652,-236.766,-33.958,-0.985,-0.174,1.000,0.000,0,0
-138.418,169.522,1.000,0.000,1,-123.285,169.520,15.133,1,818.481,413.809,0,0,428.086,195.364,193.592,-296.000,285.000,0.000,0.000,-296.000,285.000,0.000,0.000,-418.756,156.607,-0.031,1.000,-99.320,-20.081,0.759,0.652,-99.320,-20.081,0.759,0.652,-243.845,-35.211,-0.985,-0.174,1.000,0.000,0,0
-124.030,169.522,1.000,0.000,1,-108.897,169.521,15.133,1,804.106,427.383,0,0,441.714,207.145,187.363,-296.000,285.000,0.000,0.000,-296.000,285.000,0.000,0.000,-418.981,163.792,-0.031,1.000,-93.867,-15.398,0.759,0.652,-93.867,-15.398,0.759,0.652,-250.924,-36.464,-0.985,-0.174,1.000,0.000,0,0
-106.763,169.522,1.000,0.000,1,-91.630,169.522,15.133,1,786.857,443.739,0,0,458.129,221.688,180.350,-296.000,285.000,0.000,0.000,-296.000,285.000,0.000,0.000,44.000,-93.000,0.000,0.000,-87.323,-9.777,0.759,0.652,-87.323,-9.777,0.759,0.652,-259.418,-37.968,-0.985,-0.174,1.000,0.000,0,0
-95.252,169.522,1.000,0.000,1,-80.119,169.522,15.133,1,775.357,454.681,0,0,469.107,231.592,175.982,-296.000,285.000,0.000,0.000,-296.000,285.000,0.000,0.000,44.000,-93.000,0.000,0.000,-82.960,-6.030,0.759,0.652,-82.960,-6.030,0.759,0.652,140.000,279.000,0.000,0.000,1.000,0.000,0,0
-81.707,167.487,0.995,-0.101,1,-66.650,165.961,15.133,1,761.744,466.992,0,0,480.971,244.399,168.885,-296.000,285.000,0.000,0.000,-296.000,285.000,0.000,0.000,44.000,-93.000,0.000,0.000,-77.507,-1.346,0.759,0.652,-77.507,-1.346,0.759,0.652,140.000,279.000,0.000,0.000,1.000,-1.000,0,0
-71.532,157.313,0.834,-0.552,1,-58.918,148.952,15.133,1,751.248,473.910,0,0,483.965,258.244,153.976,-296.000,285.000,0.000,0.000,-296.000,285.000,0.000,0.000,44.000,-93.000,0.000,0.000,-72.053,3.337,0.759,0.652,-72.053,3.337,0.759,0.652,140.000,279.000,0.000,0.000,1.000,-1.000,0,0
-61.358,147.138,0.744,-0.669,1,-50.105,137.019,15.133,1,740.883,481.159,0,0,489.788,262.234,139.216,44.000,-93.000,0.000,0.000,44.000,-93.000,0.000,0.000,-296.000,285.000,0.000,0.000,-66.600,8.021,0.759,0.652,-66.600,8.021,0.759,0.652,140.000,279.000,0.000,0.000,1.000,-1.000,0,0
-51.184,136.964,0.718,-0.696,1,-40.316,126.432,15.133,1,730.654,488.724,0,0,497.202,248.884,124.658,44.000,-93.000,0.000,0.000,44.000,-93.000,0.000,0.000,-296.000,285.000,0.000,0.000,-61.147,12.705,0.759,0.652,-61.147,12.705,0.759,0.652,140.000,279.000,0.000,0.000,1.000,-1.000,0,0
-41.009,126.790,0.710,-0.704,1,-30.261,116.137,15.133,1,720.567,496.591,0,0,505.230,235.657,110.382,44.000,-93.000,0.000,0.000,44.000,-93.000,0.000,0.000,-296.000,285.000,0.000,0.000,-55.693,17.389,0.759,0.652,-55.693,17.389,0.759,0.652,140.000,279.000,0.000,0.000,1.000,-1.000,0,0
-30.835,116.615,0.708,-0.706,1,-20.121,105.927,15.133,1,710.628,504.746,0,0,513.632,222.573,96.514,44.000,-93.000,0.000,0.000,44.000,-93.000,0.000,0.000,-296.000,285.000,0.000,0.000,-50.240,22.072,0.759,0.652,-50.240,22.072,0.759,0.652,140.000,279.000,0.000,0.000,1.000,-1.000,0,0
-20.661,106.441,0.707,-0.707,1,-9.956,95.744,15.133,1,700.844,513.174,0,0,522.324,209.661,83.257,44.000,-93.000,0.000,0.000,44.000,-93.000,0.000,0.000,-296.000,285.000,0.000,0.000,-44.786,26.756,0.759,0.652,-44.786,26.756,0.759,0.652,140.000,279.000,0.000,0.000,1.000,-1.000,0,0
-10.486,96.266,0.707,-0.707,1,0.216,85.567,15.133,1,691.221,521.863,0,0,531.270,196.953,70.955,44.000,-93.000,0.000,0.000,44.000,-93.000,0.000,0.000,70.000,-221.000,0.000,0.000,-39.333,31.440,0.759,0.652,-39.333,31.440,0.759,0.652,108.800,-94.600,0.000,0.000,1.000,-1.000,0,0
-0.312,86.092,0.707,-0.707,1,10.389,75.392,15.133,1,681.765,530.800,0,0,540.454,184.493,60.197,44.000,-93.000,0.000,0.000,44.000,-93.000,0.000,0.000,70.000,-221.000,0.000,0.000,-33.880,36.124,0.759,0.652,-33.880,36.124,0.759,0.652,108.800,-94.600,0.000,0.000,1.000,0.000,0,0
14.077,86.092,0.962,-0.272,1,28.638,81.969,15.133,1,667.423,545.107,0,0,559.197,181.575,62.106,44.000,-93.000,0.000,0.000,44.000,-93.000,0.000,0.000,70.000,-221.000,0.000,0.000,-28.426,40.808,0.759,0.652,-28.426,40.808,0.759,0.652,108.800,-94.600,0.000,0.000,1.000,0.000,0,0
28.466,86.092,0.997,-0.073,1,43.558,84.981,15.133,1,653.083,559.418,0,0,574.327,179.765,65.531,44.000,-93.000,0.000,0.000,44.000,-93.000,0.000,0.000,70.000,-221.000,0.000,0.000,-22.973,45.491,0.759,0.652,-22.973,45.491,0.759,0.652,108.800,-94.600,0.000,0.000,1.000,0.000,0,0
42.854,86.092,1.000,-0.022,1,57.984,85.761,15.133,1,638.745,573.732,0,0,588.757,179.096,70.250,44.000,-93.000,0.000,0.000,44.000,-93.000,0.000,0.000,70.000,-221.000,0.000,0.000,-17.519,50.175,0.759,0.652,-17.519,50.175,0.759,0.652,108.800,-94.600,0.000,0.000,1.000,0.000,0,0
57.243,86.092,1.000,-0.006,1,72.376,86.004,15.133,1,624.409,588.050,0,0,603.105,179.581,76.021,44.000,-93.000,0.000,0.000,44.000,-93.000,0.000,0.000,70.000,-221.000,0.000,0.000,-12.066,54.859,0.759,0.652,-12.066,54.859,0.759,0.652,108.800,-94.600,0.000,0.000,1.000,0.000,0,0
71.632,86.092,1.000,-0.002,1,86.765,86.066,15.133,1,610.076,602.372,0,0,617.436,181.211,82.626,44.000,-93.000,0.000,0.000,44.000,-93.000,0.000,0.000,70.000,-221.000,0.000,0.000,-6.612,59.543,0.759,0.652,-6.612,59.543,0.759,0.652,108.800,-94.600,0.000,0.000,1.000,0.000,0,0
82.649,94.232,0.906,0.423,1,96.363,100.629,15.133,1,598.454,614.126,0,0,628.442,191.179,89.017,44.000,-93.000,0.000,0.000,44.000,-93.000,0.000,0.000,349.740,252.327,-0.990,-0.142,-1.159,64.226,0.759,0.652,-1.159,64.226,0.759,0.652,108.800,-94.600,0.000,0.000,1.000,1.000,0,0
92.823,104.406,0.769,0.640,1,104.455,114.086,15.133,1,587.643,625.358,0,0,638.097,203.354,95.380,44.000,-93.000,0.000,0.000,44.000,-93.000,0.000,0.000,342.624,251.306,-0.990,-0.142,4.294,68.910,0.759,0.652,4.294,68.910,0.759,0.652,140.000,279.000,0.000,0.000,1.000,1.000,0,0
109.163,106.404,0.971,0.239,0,124.650,108.865,15.681,0,571.223,641.815,0,0,657.479,209.781,103.362,44.000,-93.000,0.000,0.000,44.000,-93.000,0.000,0.000,334.085,250.081,-0.990,-0.142,10.839,74.531,0.759,0.652,10.839,74.531,0.759,0.652,140.000,279.000,0.000,0.000,1.000,0.000,0,1
120.674,106.404,0.996,0.084,0,137.733,103.133,17.370,0,559.735,653.243,0,0,669.824,213.637,109.159,44.000,-93.000,0.000,0.000,44.000,-93.000,0.000,0.000,328.392,249.264,-0.990,-0.142,15.201,78.278,0.759,0.652,15.201,78.278,0.759,0.652,140.000,279.000,0.000,0.000,1.000,0.000,0,1
135.063,106.404,1.000,0.023,0,153.698,96.129,21.282,0,545.375,667.533,0,0,684.988,219.213,116.441,44.000,-93.000,0.000,0.000,44.000,-93.000,0.000,0.000,321.277,248.243,-0.990,-0.142,21.324,81.462,0.994,0.110,21.324,81.462,0.994,0.110,140.000,279.000,0.000,0.000,1.000,0.000,0,0
149.451,106.404,1.000,0.007,0,169.269,89.299,26.183,0,531.017,681.828,0,0,699.876,216.700,123.388,314.161,247.222,-0.990,-0.142,314.161,247.222,-0.990,-0.142,44.000,-93.000,0.000,0.000,28.486,82.078,0.999,0.051,28.486,82.078,0.999,0.051,140.000,279.000,0.000,0.000,1.000,0.000,0,0
163.840,106.404,1.000,0.002,0,184.454,82.639,31.471,0,516.661,696.126,0,0,714.485,200.128,130.417,307.045,246.201,-0.990,-0.142,307.045,246.201,-0.990,-0.142,44.000,-93.000,0.000,0.000,35.670,82.300,1.000,0.002,35.670,82.300,1.000,0.002,140.000,279.000,0.000,0.000,1.000,0.000,0,0
178.229,106.404,1.000,0.001,0,199.263,76.143,36.876,0,502.307,710.428,0,0,728.812,184.581,137.519,299.929,245.181,-0.990,-0.142,299.929,245.181,-0.990,-0.142,44.000,-93.000,0.000,0.000,42.857,82.195,0.999,-0.039,42.857,82.195,0.999,-0.039,140.000,279.000,0.000,0.000,1.000,0.000,0,0
192.617,106.404,1.000,0.000,0,213.705,69.807,42.276,0,487.955,724.733,0,0,742.855,170.341,144.686,292.813,244.160,-0.990,-0.142,292.813,244.160,-0.990,-0.142,44.000,-93.000,0.000,0.000,50.036,81.814,0.997,-0.073,50.036,81.814,0.997,-0.073,140.000,279.000,0.000,0.000,1.000,0.000,0,0
207.006,106.404,1.000,0.000,0,227.790,63.629,47.618,0,473.605,739.042,0,0,756.616,157.762,151.913,285.698,243.139,-0.990,-0.142,285.698,243.139,-0.990,-0.142,44.000,-93.000,0.000,0.000,57.198,81.201,0.995,-0.102,57.198,81.201,0.995,-0.102,140.000,279.000,0.000,0.000,1.000,0.000,0,0
218.023,98.264,0.873,-0.488,0,241.526,57.604,47.068,0,463.244,749.224,0,0,770.093,156.080,154.719,278.582,242.118,-0.990,-0.142,278.582,242.118,-0.990,-0.142,44.000,-93.000,0.000,0.000,64.341,80.391,0.992,-0.128,64.341,80.391,0.992,-0.128,140.000,279.000,0.000,0.000,1.000,-1.000,0,0
228.198,88.090,0.762,-0.648,0,254.923,51.727,45.294,0,454.117,758.521,0,0,783.290,159.007,156.976,271.466,241.097,-0.990,-0.142,271.466,241.097,-0.990,-0.142,44.000,-93.000,0.000,0.000,71.462,79.410,0.989,-0.149,71.462,79.410,0.989,-0.149,140.000,279.000,0.000,0.000,1.000,-1.000,0,0
238.372,77.916,0.723,-0.691,0,267.988,45.996,43.798,0,445.268,767.974,0,0,796.207,164.228,159.811,264.350,240.076,-0.990,-0.142,264.350,240.076,-0.990,-0.142,44.000,-93.000,0.000,0.000,78.561,78.281,0.986,-0.168,78.561,78.281,0.986,-0.168,108.800,-94.600,0.000,0.000,1.000,-1.000,0,0
248.546,67.742,0.711,-0.703,0,280.729,40.407,42.600,0,436.714,777.579,0,0,808.848,171.533,163.171,257.235,239.055,-0.990,-0.142,257.235,239.055,-0.990,-0.142,44.000,-93.000,0.000,0.000,85.639,77.025,0.983,-0.184,85.639,77.025,0.983,-0.184,108.800,-94.600,0.000,0.000,1.000,-1.000,0,0
258.721,57.567,0.708,-0.706,0,293.155,34.957,41.726,0,428.472,787.330,0,0,821.216,180.671,167.007,250.119,238.034,-0.990,-0.142,250.119,238.034,-0.990,-0.142,44.000,-93.000,0.000,0.000,92.697,75.656,0.980,-0.199,92.697,75.656,0.980,-0.199,108.800,-94.600,0.000,0.000,1.000,-1.000,0,0
268.895,47.393,0.707,-0.707,0,304.684,29.902,40.383,0,420.561,797.221,0,0,832.735,191.380,171.271,243.003,237.013,-0.990,-0.142,243.003,237.013,-0.990,-0.142,44.000,-93.000,0.000,0.000,99.734,74.190,0.977,-0.211,99.734,74.190,0.977,-0.211,108.800,-94.600,0.000,0.000,1.000,-1.000,0,0
279.070,37.219,0.707,-0.707,0,315.879,24.995,39.349,0,413.000,807.248,0,0,843.949,203.410,175.919,235.887,235.992,-0.990,-0.142,235.887,235.992,-0.990,-0.142,44.000,-93.000,0.000,0.000,106.754,72.639,0.975,-0.222,106.754,72.639,0.975,-0.222,424.800,-106.500,0.000,0.000,1.000,-1.000,0,0
289.244,27.044,0.707,-0.707,0,326.743,20.233,38.686,0,405.808,817.405,0,0,854.858,216.542,180.913,228.771,234.971,-0.990,-0.142,228.771,234.971,-0.990,-0.142,44.000,-93.000,0.000,0.000,113.756,71.014,0.973,-0.232,113.756,71.014,0.973,-0.232,424.800,-106.500,0.000,0.000,1.000,-1.000,0,0
299.419,16.870,0.707,-0.707,0,337.286,15.612,38.464,0,399.006,827.687,0,0,865.468,230.588,175.900,221.655,233.950,-0.990,-0.142,221.655,233.950,-0.990,-0.142,167.702,-225.732,0.473,0.881,424.800,-106.500,0.000,0.000,424.800,-106.500,0.000,0.000,120.742,69.321,0.971,-0.241,1.000,0.000,0,0
313.807,16.870,0.975,-0.221,0,347.514,11.128,34.830,0,385.333,842.071,0,0,875.784,237.772,165.950,214.539,232.929,-0.990,-0.142,214.539,232.929,-0.990,-0.142,171.103,-219.399,0.473,0.881,424.800,-106.500,0.000,0.000,424.800,-106.500,0.000,0.000,127.714,67.567,0.969,-0.249,1.000,0.000,0,0
328.196,16.870,0.998,-0.062,1,343.300,15.935,15.133,1,371.713,856.456,0,0,871.571,246.632,156.692,207.424,231.908,-0.990,-0.142,207.424,231.908,-0.990,-0.142,174.504,-213.065,0.473,0.881,424.800,-106.500,0.000,0.000,424.800,-106.500,0.000,0.000,134.682,65.801,0.973,-0.232,1.000,0.000,0,0
342.585,16.870,1.000,-0.018,1,357.715,16.594,15.133,1,358.153,870.840,0,0,885.971,256.994,148.255,200.308,230.887,-0.990,-0.142,200.308,230.887,-0.990,-0.142,177.905,-206.732,0.473,0.881,424.800,-106.500,0.000,0.000,424.800,-106.500,0.000,0.000,141.686,64.183,0.977,-0.215,1.000,0.000,0,0
356.973,16.870,1.000,-0.005,1,372.106,16.793,15.133,1,344.660,885.225,0,0,900.355,268.685,140.786,193.192,229.866,-0.990,-0.142,193.192,229.866,-0.990,-0.142,181.306,-200.399,0.473,0.881,424.800,-106.500,0.000,0.000,424.800,-106.500,0.000,0.000,148.716,62.678,0.980,-0.201,1.000,0.000,0,0
369.676,20.940,0.957,0.291,1,384.157,25.337,15.133,1,331.352,897.870,0,0,912.309,277.369,138.851,186.076,228.845,-0.990,-0.142,186.076,228.845,-0.990,-0.142,184.707,-194.066,0.473,0.881,424.800,-106.500,0.000,0.000,424.800,-106.500,0.000,0.000,155.768,61.287,0.988,-0.155,1.000,1.000,0,0
373.746,33.643,0.501,0.865,1,381.331,46.738,15.133,1,323.235,901.888,0,0,909.605,275.042,149.152,178.960,227.824,-0.990,-0.142,178.960,227.824,-0.990,-0.142,188.108,-187.732,0.473,0.881,424.800,-106.500,0.000,0.000,424.800,-106.500,0.000,0.000,162.901,60.412,0.998,-0.062,0.000,1.000,0,0
369.676,46.346,-0.093,0.996,1,368.267,61.413,15.133,1,323.260,897.947,0,0,896.925,267.773,162.482,171.844,226.803,-0.990,-0.142,171.844,226.803,-0.990,-0.142,191.509,-181.399,0.473,0.881,424.800,-106.500,0.000,0.000,424.800,-106.500,0.000,0.000,170.084,60.183,1.000,0.006,-1.000,1.000,0,0
359.502,56.520,-0.552,0.834,1,351.149,69.139,15.133,1,330.366,888.011,0,0,880.121,258.044,175.611,164.728,225.782,-0.990,-0.142,164.728,225.782,-0.990,-0.142,194.911,-175.066,0.473,0.881,424.800,-106.500,0.000,0.000,424.800,-106.500,0.000,0.000,177.271,60.351,0.999,0.050,-1.000,1.000,0,0
349.328,66.694,-0.664,0.747,1,339.273,78.004,15.133,1,337.935,878.199,0,0,868.694,248.475,164.991,157.613,224.761,-0.990,-0.142,157.613,224.761,-0.990,-0.142,198.312,-168.733,0.473,0.881,184.439,60.874,0.994,0.110,184.439,60.874,0.994,0.110,424.800,-106.500,0.000,0.000,-1.000,1.000,0,0
339.153,76.869,-0.696,0.718,1,328.619,87.734,15.133,1,345.937,868.513,0,0,858.647,239.087,148.356,150.497,223.740,-0.990,-0.142,150.497,223.740,-0.990,-0.142,201.713,-162.399,0.473,0.881,191.557,61.873,0.983,0.185,191.557,61.873,0.983,0.185,424.800,-106.500,0.000,0.000,-1.000,1.000,0,0
328.979,87.043,-0.704,0.710,1,318.328,97.793,15.133,1,354.343,858.960,0,0,849.113,229.902,132.528,143.381,222.719,-0.990,-0.142,143.381,222.719,-0.990,-0.142,205.114,-156.066,0.473,0.881,198.566,63.457,0.961,0.276,198.566,63.457,0.961,0.276,427.000,279.000,0.000,0.000,-1.000,1.000,0,0
318.804,97.217,-0.706,0.708,1,308.117,107.931,15.133,1,363.125,849.543,0,0,839.805,220.944,117.711,136.265,221.698,-0.990,-0.142,136.265,221.698,-0.990,-0.142,208.515,-149.733,0.473,0.881,205.382,65.730,0.925,0.380,205.382,65.730,0.925,0.380,427.000,279.000,0.000,0.000,-1.000,1.000,0,0
308.630,107.392,-0.707,0.707,1,297.933,118.096,15.133,1,372.257,840.267,0,0,830.672,212.243,104.164,129.149,220.677,-0.990,-0.142,129.149,220.677,-0.990,-0.142,211.916,-143.400,0.473,0.881,211.881,68.792,0.868,0.497,211.881,68.792,0.868,0.497,427.000,279.000,0.000,0.000,-1.000,1.000,0,0
295.084,109.426,-0.962,0.272,1,280.520,113.537,15.133,1,385.591,826.971,0,0,812.885,205.176,85.445,122.033,219.656,-0.990,-0.142,122.033,219.656,-0.990,-0.142,215.317,-137.066,0.473,0.881,218.000,72.564,0.836,0.548,218.000,72.564,0.836,0.548,427.000,279.000,0.000,0.000,-1.000,0.000,0,0
280.695,109.426,-0.997,0.076,1,265.606,110.573,15.133,1,399.930,812.651,0,0,797.750,198.517,65.571,114.917,218.635,-0.990,-0.142,114.917,218.635,-0.990,-0.142,218.719,-130.733,0.473,0.881,223.872,76.705,0.776,0.630,223.872,76.705,0.776,0.630,140.000,279.000,0.000,0.000,-1.000,0.000,0,0
269.678,117.566,-0.880,0.475,1,256.364,124.760,15.133,1,410.428,802.527,0,0,790.117,190.299,54.247,107.802,217.614,-0.990,-0.142,107.802,217.614,-0.990,-0.142,222.120,-124.400,0.473,0.881,228.861,81.836,0.540,0.842,228.861,81.836,0.540,0.842,140.000,279.000,0.000,0.000,-1.000,1.000,0,0
259.504,127.740,-0.766,0.643,1,247.909,137.465,15.133,1,420.214,793.592,0,0,783.351,181.984,48.088,100.686,216.593,-0.990,-0.142,100.686,216.593,-0.990,-0.142,225.521,-118.067,0.473,0.881,232.061,88.251,0.307,0.952,232.061,88.251,0.307,0.952,140.000,279.000,0.000,0.000,0.000,1.000,0,0
265.608,139.600,0.125,0.992,1,267.499,154.615,15.133,1,413.995,801.173,0,0,805.215,188.066,54.366,93.570,215.572,-0.990,-0.142,93.570,215.572,-0.990,-0.142,228.922,-111.734,0.473,0.881,234.538,94.987,0.484,0.875,234.538,94.987,0.484,0.875,140.000,279.000,0.000,0.000,1.000,1.000,0,0
277.468,145.705,0.741,0.671,1,288.688,155.860,15.133,1,402.216,813.761,0,0,826.343,203.043,59.329,86.454,214.552,-0.990,-0.142,86.454,214.552,-0.990,-0.142,232.323,-105.400,0.473,0.881,238.483,100.983,0.675,0.738,238.483,100.983,0.675,0.738,140.000,279.000,0.000,0.000,1.000,0.000,0,0
291.857,145.705,0.981,0.194,1,306.702,148.645,15.133,1,387.841,828.006,0,0,843.113,223.080,62.464,79.338,213.531,-0.990,-0.142,79.338,213.531,-0.990,-0.142,235.724,-99.067,0.473,0.881,243.869,105.719,0.826,0.564,243.869,105.719,0.826,0.564,427.000,279.000,0.000,0.000,1.000,0.000,0,0
306.246,145.705,0.999,0.054,1,321.357,146.516,15.133,1,373.468,842.255,0,0,857.335,243.372,66.911,72.222,212.510,-0.990,-0.142,72.222,212.510,-0.990,-0.142,239.125,-92.734,0.473,0.881,250.005,109.455,0.887,0.461,250.005,109.455,0.887,0.461,427.000,279.000,0.000,0.000,1.000,0.000,0,0
320.635,145.705,1.000,0.016,1,335.766,145.948,15.133,1,359.096,856.510,0,0,871.536,244.896,72.206,242.527,-86.401,0.473,0.881,242.527,-86.401,0.473,0.881,65.107,211.489,-0.990,-0.142,256.492,112.549,0.922,0.388,256.492,112.549,0.922,0.388,427.000,279.000,0.000,0.000,1.000,0.000,0,0
335.023,145.705,1.000,0.004,1,350.156,145.772,15.133,1,344.725,870.768,0,0,885.778,242.716,78.059,245.928,-80.067,0.473,0.881,245.928,-80.067,0.473,0.881,57.991,210.468,-0.990,-0.142,263.184,115.170,0.943,0.332,263.184,115.170,0.943,0.332,427.000,279.000,0.000,0.000,1.000,0.000,0,0
346.884,139.600,0.919,-0.395,1,360.787,133.624,15.133,1,332.793,881.751,0,0,894.842,234.582,80.010,249.329,-73.734,0.473,0.881,249.329,-73.734,0.473,0.881,50.875,209.447,-0.990,-0.142,270.052,117.273,0.984,0.177,270.052,117.273,0.984,0.177,427.000,279.000,0.000,0.000,1.000,-1.000,0,0
357.058,129.426,0.781,-0.624,1,368.879,119.977,15.133,1,322.738,890.664,0,0,901.429,222.767,80.673,252.730,-67.401,0.473,0.881,252.730,-67.401,0.473,0.881,43.759,208.426,-0.990,-0.142,277.189,118.069,1.000,0.021,277.189,118.069,1.000,0.021,427.000,279.000,0.000,0.000,1.000,-1.000,0,0
370.604,127.391,0.970,-0.242,1,385.286,123.723,15.133,1,309.276,903.907,0,0,918.126,220.501,86.714,256.131,-61.068,0.473,0.881,256.131,-61.068,0.473,0.881,36.643,207.405,-0.990,-0.142,284.374,118.239,0.999,0.054,284.374,118.239,0.999,0.054,427.000,279.000,0.000,0.000,1.000,0.000,0,0
384.993,127.391,0.998,-0.071,1,400.088,126.322,15.133,1,294.916,918.212,0,0,933.113,221.156,93.848,259.532,-54.735,0.473,0.881,259.532,-54.735,0.473,0.881,29.527,206.384,-0.990,-0.142,291.548,118.696,0.998,0.070,291.548,118.696,0.998,0.070,427.000,279.000,0.000,0.000,1.000,0.000,0,0
399.381,127.391,1.000,-0.019,0,418.764,125.799,19.448,0,280.558,932.520,0,0,951.637,222.533,100.995,262.933,-48.401,0.473,0.881,262.933,-48.401,0.473,0.881,22.412,205.363,-0.990,-0.142,298.721,119.168,0.998,0.055,298.721,119.168,0.998,0.055,427.000,279.000,0.000,0.000,0.000,0.000,1,0
399.381,127.391,1.000,-0.019,0,438.049,124.805,38.754,0,280.558,932.520,0,0,970.727,215.448,93.811,266.334,-42.068,0.473,0.881,266.334,-42.068,0.473,0.881,15.296,204.342,-0.990,-0.142,305.901,119.519,0.999,0.040,305.901,119.519,0.999,0.040,427.000,279.000,0.000,0.000,0.000,0.000,0,0
399.381,127.391,1.000,-0.019,0,456.857,123.836,57.587,0,280.558,932.520,0,0,989.351,208.370,86.631,269.735,-35.735,0.473,0.881,269.735,-35.735,0.473,0.881,8.180,203.321,-0.990,-0.142,313.086,119.771,1.000,0.028,313.086,119.771,1.000,0.028,427.000,279.000,0.000,0.000,0.000,0.000,0,0
399.381,127.391,1.000,-0.019,0,475.199,122.891,75.955,0,280.558,932.520,0,0,1007.520,201.300,79.459,273.136,-29.402,0.473,0.881,273.136,-29.402,0.473,0.881,1.064,202.300,-0.990,-0.142,320.272,119.946,1.000,0.019,320.272,119.946,1.000,0.019,427.000,279.000,0.000,0.000,0.000,0.000,0,0
399.381,127.391,1.000,-0.019,0,493.088,121.969,93.870,0,280.558,932.520,0,0,1025.245,194.239,72.294,276.537,-23.068,0.473,0.881,276.537,-23.068,0.473,0.881,-6.052,201.279,0.994,-0.105,327.460,120.060,1.000,0.012,327.460,120.060,1.000,0.012,427.000,279.000,0.000,0.000,0.000,0.000,0,0
399.381,127.391,1.000,-0.019,0,510.533,121.070,111.344,0,280.558,932.520,0,0,1042.536,187.187,65.139,279.938,-16.735,0.473,0.881,279.938,-16.735,0.473,0.881,1.097,200.522,0.994,-0.105,334.648,120.125,1.000,0.005,334.648,120.125,1.000,0.005,427.000,279.000,0.000,0.000,0.000,0.000,0,0
399.381,127.391,1.000,-0.019,0,527.547,120.193,128.387,0,280.558,932.520,0,0,1059.404,180.146,57.998,283.339,-10.402,0.473,0.881,283.339,-10.402,0.473,0.881,8.246,199.764,0.994,-0.105,341.837,120.148,1.000,0.000,341.837,120.148,1.000,0.000,427.000,279.000,0.000,0.000,0.000,0.000,0,0
399.381,127.391,1.000,-0.019,0,544.140,119.338,145.011,0,280.558,932.520,0,0,1075.859,173.117,50.875,286.740,-4.069,0.473,0.881,286.740,-4.069,0.473,0.881,15.394,199.006,0.994,-0.105,349.026,120.137,1.000,-0.004,349.026,120.137,1.000,-0.004,427.000,279.000,0.000,0.000,0.000,0.000,0,0
399.381,127.391,1.000,-0.019,0,560.322,118.504,161.226,0,280.558,932.520,0,0,1091.910,166.102,43.779,290.141,2.265,0.473,0.881,290.141,2.265,0.473,0.881,22.543,198.249,0.994,-0.105,356.214,120.097,1.000,-0.008,356.214,120.097,1.000,-0.008,427.000,279.000,0.000,0.000,0.000,0.000,0,0
399.381,127.391,1.000,-0.019,0,576.104,117.691,177.044,0,280.558,932.520,0,0,1107.568,159.103,36.724,293.543,8.598,0.473,0.881,293.543,8.598,0.473,0.881,29.692,197.491,0.994,-0.105,363.403,120.031,1.000,-0.011,363.403,120.031,1.000,-0.011,427.000,279.000,0.000,0.000,0.000,0.000,0,0
399.381,127.391,1.000,-0.019,0,591.495,116.898,192.473,0,280.558,932.520,0,0,1122.841,152.121,29.738,296.944,14.931,0.473,0.881,296.944,14.931,0.473,0.881,36.840,196.733,0.994,-0.105,370.591,119.944,1.000,-0.014,370.591,119.944,1.000,-0.014,427.000,279.000,0.000,0.000,0.000,0.000,0,0
399.381,127.391,1.000,-0.019,0,606.505,116.124,207.525,0,280.558,932.520,0,0,1137.741,145.159,22.885,300.345,21.264,0.473,0.881,300.345,21.264,0.473,0.881,43.989,195.976,0.994,-0.105,377.779,119.838,1.000,-0.016,377.779,119.838,1.000,-0.016,427.000,279.000,0.000,0.000,0.000,0.000,0,0
399.381,127.391,1.000,-0.019,0,620.726,115.392,221.769,0,280.558,932.520,0,0,1151.865,138.221,16.331,303.746,27.597,0.473,0.881,303.746,27.597,0.473,0.881,51.138,195.218,0.994,-0.105,384.966,119.715,1.000,-0.018,384.966,119.715,1.000,-0.018,427.000,279.000,0.000,0.000,0.000,0.000,0,0
399.381,127.391,1.000,-0.019,0,607.396,99.116,209.928,2,280.558,932.520,0,0,1137.552,131.309,12.734,307.147,33.931,0.473,0.881,307.147,33.931,0.473,0.881,58.286,194.460,0.994,-0.105,389.279,119.638,0.996,-0.094,389.279,119.638,0.996,-0.094,427.000,279.000,0.000,0.000,0.000,0.000,0,0
399.381,127.391,1.000,-0.019,0,609.268,106.057,210.968,2,280.558,932.520,0,0,1139.857,124.429,8.835,310.548,40.264,0.473,0.881,310.548,40.264,0.473,0.881,65.435,193.703,0.994,-0.105,396.444,119.058,0.998,-0.061,396.444,119.058,0.998,-0.061,427.000,279.000,0.000,0.000,0.000,0.000,0,0
399.381,127.391,1.000,-0.019,0,611.140,112.998,212.247,2,280.558,932.520,0,0,1142.203,117.585,9.657,313.949,46.597,0.473,0.881,313.949,46.597,0.473,0.881,72.583,192.945,0.994,-0.105,403.624,118.716,1.000,-0.028,403.624,118.716,1.000,-0.028,427.000,279.000,0.000,0.000,0.000,0.000,0,0
399.381,127.391,1.000,-0.019,0,613.012,119.938,213.761,2,280.558,932.520,0,0,1144.589,110.786,14.411,317.350,52.930,0.473,0.881,317.350,52.930,0.473,0.881,79.732,192.187,0.994,-0.105,410.812,118.616,1.000,0.007,410.812,118.616,1.000,0.007,427.000,279.000,0.000,0.000,0.000,0.000,0,0
399.381,127.391,1.000,-0.019,0,614.884,126.879,215.503,2,280.558,932.520,0,0,1147.015,104.039,20.520,320.751,59.264,0.473,0.881,320.751,59.264,0.473,0.881,86.881,191.430,0.994,-0.105,417.999,118.762,0.999,0.041,417.999,118.762,0.999,0.041,427.000,279.000,0.000,0.000,0.000,0.000,0,0
399.381,127.391,1.000,-0.019,0,616.756,133.820,217.470,2,280.558,932.520,0,0,1149.481,97.355,27.077,324.152,65.597,0.473,0.881,324.152,65.597,0.473,0.881,94.029,190.672,0.994,-0.105,425.176,119.159,0.997,0.076,425.176,119.159,0.997,0.076,427.000,279.000,0.000,0.000,0.000,0.000,0,0
399.381,118.758,0.682,-0.731,0,616.830,132.336,217.872,2,281.014,931.667,0,0,1149.423,85.744,32.974,327.554,71.930,0.473,0.881,327.554,71.930,0.473,0.881,101.178,189.914,0.994,-0.105,432.341,119.747,0.998,0.068,432.341,119.747,0.998,0.068,427.000,279.000,0.000,0.000,0.000,-1.000,0,0
395.312,106.055,-0.097,-0.995,0,615.706,125.236,221.227,2,286.202,926.499,0,0,1147.698,70.101,46.392,330.955,78.263,0.473,0.881,330.955,78.263,0.473,0.881,108.327,189.157,0.994,-0.105,439.519,120.125,1.000,0.029,439.519,120.125,1.000,0.029,427.000,279.000,0.000,0.000,-1.000,-1.000,0,0
385.137,95.881,-0.566,-0.825,0,614.582,118.135,230.521,2,297.566,915.582,0,0,1146.015,52.020,66.204,334.356,84.597,0.473,0.881,334.356,84.597,0.473,0.881,115.476,188.399,0.994,-0.105,446.707,120.216,1.000,-0.012,446.707,120.216,1.000,-0.012,427.000,279.000,0.000,0.000,-1.000,-1.000,0,0
379.032,84.021,-0.461,-0.887,0,613.457,111.035,235.976,2,305.469,908.723,0,0,1144.375,41.850,83.058,337.757,90.930,0.473,0.881,337.757,90.930,0.473,0.881,122.624,187.641,0.994,-0.105,453.892,120.002,0.998,-0.056,453.892,120.002,0.998,-0.056,424.800,-106.500,0.000,0.000,1.000,-1.000,0,0
389.207,73.846,0.444,-0.896,0,612.333,103.935,225.146,2,297.498,918.347,0,0,1142.778,53.451,85.113,341.158,97.263,0.473,0.881,341.158,97.263,0.473,0.881,129.773,186.884,0.994,-0.105,461.060,119.468,0.995,-0.102,461.060,119.468,0.995,-0.102,424.800,-106.500,0.000,0.000,1.000,-1.000,0,0
389.207,62.829,0.015,-1.000,0,611.209,96.835,224.591,2,300.063,917.898,0,0,1141.224,60.460,96.690,344.559,103.596,0.473,0.881,344.559,103.596,0.473,0.881,136.922,186.126,0.994,-0.105,468.195,118.596,0.989,-0.150,468.195,118.596,0.989,-0.150,424.800,-106.500,0.000,0.000,-1.000,-1.000,0,0
379.032,49.777,-0.482,-0.876,0,609.860,88.314,234.022,2,313.328,907.366,0,0,1139.416,68.527,118.601,348.640,111.196,0.473,0.881,348.640,111.196,0.473,0.881,145.500,185.217,0.994,-0.105,476.686,117.082,0.980,-0.201,476.686,117.082,0.980,-0.201,424.800,-106.500,0.000,0.000,1.000,-1.000,0,0
389.701,47.742,0.540,-0.841,0,608.960,82.634,222.019,2,303.717,917.990,0,0,1138.245,78.517,114.896,351.361,116.263,0.473,0.881,351.361,116.263,0.473,0.881,151.219,184.611,0.994,-0.105,482.287,115.778,0.967,-0.253,482.287,115.778,0.967,-0.253,424.800,-106.500,0.000,0.000,1.000,0.000,0,0
398.334,47.742,0.937,-0.348,0,607.836,75.534,211.337,2,295.497,926.621,0,0,1136.822,86.612,112.341,354.762,122.596,0.473,0.881,354.762,122.596,0.473,0.881,158.368,183.853,0.994,-0.105,489.198,113.804,0.952,-0.307,489.198,113.804,0.952,-0.307,424.800,-106.500,0.000,0.000,-1.000,0.000,0,0
383.945,47.742,-0.037,-0.999,0,606.712,68.434,223.726,2,309.210,912.237,0,0,1135.441,85.881,128.881,354.921,128.570,-0.655,0.756,354.921,128.570,-0.655,0.756,165.516,183.095,0.994,-0.105,495.986,111.439,0.932,-0.362,495.986,111.439,0.932,-0.362,424.800,-106.500,0.000,0.000,-1.000,0.000,0,0
383.945,47.742,-0.279,-0.960,0,605.587,61.334,222.059,2,309.210,912.237,0,0,1134.105,92.622,133.406,350.214,134.003,-0.655,0.756,350.214,134.003,-0.655,0.756,172.665,182.338,0.994,-0.105,502.621,108.677,0.909,-0.418,502.621,108.677,0.909,-0.418,424.800,-106.500,0.000,0.000,1.000,0.000,0,0
389.701,47.742,0.252,-0.968,0,604.463,54.233,214.861,2,303.717,917.990,0,0,1132.813,101.789,132.619,345.508,139.437,-0.655,0.756,345.508,139.437,-0.655,0.756,179.814,181.580,0.994,-0.105,509.075,105.513,0.881,-0.474,509.075,105.513,0.881,-0.474,424.800,-106.500,0.000,0.000,-1.000,0.000,0,0
378.190,47.742,-0.431,-0.902,0,603.339,47.133,225.150,2,314.712,906.483,0,0,1131.565,104.077,147.454,340.801,144.871,-0.655,0.756,340.801,144.871,-0.655,0.756,186.962,180.822,0.994,-0.105,515.317,101.950,0.849,-0.529,515.317,101.950,0.849,-0.529,424.800,-106.500,0.000,0.000,1.000,0.000,0,0
392.578,47.742,0.612,-0.791,0,602.215,40.033,209.778,2,300.975,920.867,0,0,1130.361,117.088,138.200,336.095,150.305,-0.655,0.756,336.095,150.305,-0.655,0.756,194.111,180.065,0.994,-0.105,521.318,97.994,0.813,-0.582,521.318,97.994,0.813,-0.582,424.800,-106.500,0.000,0.000,1.000,0.000,0,0
389.701,47.742,0.393,-0.919,0,601.090,32.933,211.908,2,303.717,917.990,0,0,1129.202,122.734,144.821,331.388,155.739,-0.655,0.756,331.388,155.739,-0.655,0.756,201.260,179.307,0.994,-0.105,527.050,93.657,0.773,-0.634,527.050,93.657,0.773,-0.634,424.800,-106.500,0.000,0.000,-1.000,0.000,0,0
389.701,47.742,-0.133,-0.991,0,599.966,25.832,211.404,2,303.717,917.990,0,0,1128.087,129.761,148.615,326.682,161.173,-0.655,0.756,326.682,161.173,-0.655,0.756,208.408,178.549,0.994,-0.105,532.486,88.956,0.730,-0.683,532.486,88.956,0.730,-0.683,424.800,-106.500,0.000,0.000,1.000,0.000,0,0
401.212,47.742,0.883,-0.470,0,598.842,18.732,199.748,2,292.762,929.498,0,0,1127.017,142.854,141.109,321.976,166.607,-0.655,0.756,321.976,166.607,-0.655,0.756,215.557,177.792,0.994,-0.105,537.607,83.912,0.685,-0.729,537.607,83.912,0.685,-0.729,424.800,-106.500,0.000,0.000,-1.000,0.000,0,0
386.823,47.742,0.038,-0.999,0,597.718,11.632,213.964,2,306.462,915.113,0,0,1125.992,142.435,158.591,317.269,172.041,-0.655,0.756,317.269,172.041,-0.655,0.756,222.706,177.034,0.994,-0.105,542.393,78.550,0.637,-0.771,542.393,78.550,0.637,-0.771,424.800,-106.500,0.000,0.000,-1.000,0.000,0,0
383.945,47.742,-0.186,-0.982,0,596.593,4.532,216.994,2,309.210,912.237,0,0,1125.012,148.074,159.561,312.563,177.474,-0.655,0.756,312.563,177.474,-0.655,0.756,229.854,176.276,0.994,-0.105,424.800,-106.500,0.000,0.000,424.800,-106.500,0.000,0.000,546.834,72.898,0.588,-0.809,0.000,0.000,0,0
383.945,47.742,-0.186,-0.982,0,595.469,-2.568,217.425,2,309.210,912.237,0,0,1124.078,155.111,159.561,307.856,182.908,-0.655,0.756,307.856,182.908,-0.655,0.756,237.003,175.518,0.994,-0.105,424.800,-106.500,0.000,0.000,424.800,-106.500,0.000,0.000,550.923,66.987,0.539,-0.842,0.000,0.000,0,0
383.945,47.742,-0.186,-0.982,0,594.345,-9.669,218.092,2,309.210,912.237,0,0,1123.188,162.161,159.561,303.150,188.342,-0.655,0.756,303.150,188.342,-0.655,0.756,244.152,174.761,0.994,-0.105,424.800,-106.500,0.000,0.000,424.800,-106.500,0.000,0.000,554.659,60.846,0.490,-0.871,0.000,0.000,0,0
383.945,47.742,-0.186,-0.982,0,593.220,-16.769,218.993,2,309.210,912.237,0,0,1122.344,169.223,159.561,298.444,193.776,-0.655,0.756,298.444,193.776,-0.655,0.756,251.300,174.003,0.994,-0.105,424.800,-106.500,0.000,0.000,424.800,-106.500,0.000,0.000,558.046,54.507,0.443,-0.897,0.000,0.000,0,0
383.945,47.742,-0.186,-0.982,0,592.096,-23.869,220.125,2,309.210,912.237,0,0,1121.545,176.295,159.561,293.737,199.210,-0.655,0.756,293.737,199.210,-0.655,0.756,258.449,173.245,0.994,-0.105,424.800,-106.500,0.000,0.000,424.800,-106.500,0.000,0.000,561.093,47.997,0.396,-0.918,0.000,0.000,0,0
383.945,47.742,-0.186,-0.982,0,590.972,-30.969,221.485,2,309.210,912.237,0,0,1120.792,171.953,159.561,265.597,172.488,0.994,-0.105,265.597,172.488,0.994,-0.105,289.031,204.644,-0.655,0.756,424.800,-106.500,0.000,0.000,424.800,-106.500,0.000,0.000,563.812,41.342,0.352,-0.936,0.000,0.000,0,0
383.945,47.742,-0.186,-0.982,0,589.847,-38.070,223.068,2,309.210,912.237,0,0,1120.084,166.548,159.561,272.746,171.730,0.994,-0.105,272.746,171.730,0.994,-0.105,284.324,210.078,-0.655,0.756,424.800,-106.500,0.000,0.000,424.800,-106.500,0.000,0.000,566.216,34.568,0.309,-0.951,0.000,0.000,0,0
383.945,47.742,-0.186,-0.982,0,588.723,-45.170,224.870,2,309.210,912.237,0,0,1119.422,161.283,159.561,279.895,170.972,0.994,-0.105,279.895,170.972,0.994,-0.105,279.618,215.512,-0.655,0.756,424.800,-106.500,0.000,0.000,424.800,-106.500,0.000,0.000,568.324,27.696,0.277,-0.961,0.000,0.000,0,0
383.945,47.742,-0.186,-0.982,0,587.374,-53.690,227.314,2,309.210,912.237,0,0,1118.687,155.169,159.561,288.473,170.063,0.994,-0.105,288.473,170.063,0.994,-0.105,273.970,222.032,-0.655,0.756,424.800,-106.500,0.000,0.000,424.800,-106.500,0.000,0.000,570.488,19.346,0.232,-0.973,0.000,0.000,0,0
383.945,47.742,-0.186,-0.982,0,586.474,-59.370,229.109,2,309.210,912.237,0,0,1118.235,151.229,159.561,294.192,169.457,0.994,-0.105,294.192,169.457,0.994,-0.105,270.205,226.379,-0.655,0.756,424.800,-106.500,0.000,0.000,424.800,-106.500,0.000,0.000,571.723,13.730,0.198,-0.980,0.000,0.000,0,0
383.945,47.742,-0.186,-0.982,0,585.697,-63.663,230.467,0,309.210,912.237,0,0,1117.815,146.473,159.561,301.340,168.699,0.994,-0.105,301.340,168.699,0.994,-0.105,265.499,231.813,-0.655,0.756,424.800,-106.500,0.000,0.000,424.800,-106.500,0.000,0.000,573.059,6.667,0.177,-0.984,0.000,0.000,0,0
383.945,47.742,-0.186,-0.982,0,585.697,-63.663,230.467,0,309.210,912.237,0,0,1117.814,141.921,159.561,308.489,167.942,0.994,-0.105,308.489,167.942,0.994,-0.105,260.792,237.247,-0.655,0.756,424.800,-106.500,0.000,0.000,424.800,-106.500,0.000,0.000,574.330,-0.409,0.177,-0.984,0.000,0.000,0,0
383.945,47.742,-0.186,-0.982,0,585.697,-63.663,230.467,0,309.210,912.237,0,0,1117.811,137.595,159.561,315.638,167.184,0.994,-0.105,315.638,167.184,0.994,-0.105,256.086,242.681,-0.655,0.756,424.800,-106.500,0.000,0.000,424.800,-106.500,0.000,0.000,575.602,-7.484,0.177,-0.984,0.000,0.000,0,0
383.945,47.742,-0.186,-0.982,0,585.697,-63.663,230.468,0,309.210,912.237,0,0,1117.807,133.516,159.561,322.786,166.426,0.994,-0.105,322.786,166.426,0.994,-0.105,251.379,248.115,-0.655,0.756,424.800,-106.500,0.000,0.000,424.800,-106.500,0.000,0.000,576.873,-14.560,0.177,-0.984,0.000,0.000,0,0
383.945,47.742,-0.186,-0.982,0,585.697,-63.663,230.469,0,309.210,912.237,0,0,1117.802,129.707,159.561,329.935,165.669,0.994,-0.105,329.935,165.669,0.994,-0.105,246.673,253.549,-0.655,0.756,424.800,-106.500,0.000,0.000,424.800,-106.500,0.000,0.000,578.144,-21.635,0.177,-0.984,0.000,0.000,0,0
383.945,47.742,-0.186,-0.982,0,585.697,-63.663,230.471,0,309.210,912.237,0,0,1117.797,126.193,159.561,337.083,164.911,0.994,-0.105,337.083,164.911,0.994,-0.105,241.966,258.983,-0.655,0.756,424.800,-106.500,0.000,0.000,424.800,-106.500,0.000,0.000,579.416,-28.710,0.177,-0.984,0.000,0.000,0,0
383.945,47.742,-0.186,-0.982,0,581.740,-48.831,220.112,2,309.210,912.237,0,0,1112.712,122.999,159.561,344.232,164.153,0.994,-0.105,344.232,164.153,0.994,-0.105,237.260,264.416,-0.655,0.756,424.800,-106.500,0.000,0.000,424.800,-106.500,0.000,0.000,579.063,-33.936,-0.953,0.302,0.000,0.000,0,0
383.945,36.231,-0.277,-0.961,0,574.887,-46.660,208.158,2,312.760,912.097,0,0,1105.723,131.268,148.463,351.380,163.396,0.994,-0.105,351.380,163.396,0.994,-0.105,232.554,269.850,-0.655,0.756,424.800,-106.500,0.000,0.000,424.800,-106.500,0.000,0.000,572.210,-31.765,-0.953,0.302,0.000,-1.000,0,0
383.945,21.842,-0.078,-0.997,0,568.034,-44.489,195.675,2,317.729,912.126,0,0,1098.736,143.071,134.688,358.529,162.638,0.994,-0.105,358.529,162.638,0.994,-0.105,227.847,275.284,-0.655,0.756,424.800,-106.500,0.000,0.000,424.800,-106.500,0.000,0.000,565.356,-29.594,-0.953,0.302,0.000,-1.000,0,0
385.980,8.297,0.093,-0.996,0,567.395,-55.313,192.243,0,321.063,914.395,0,0,1098.895,154.920,121.183,365.678,161.880,0.994,-0.105,365.678,161.880,0.994,-0.105,223.141,280.718,-0.655,0.756,424.800,-106.500,0.000,0.000,424.800,-106.500,0.000,0.000,558.503,-27.423,-0.953,0.302,1.000,-1.000,0,0
396.154,-1.878,0.557,-0.831,0,570.829,-74.415,189.137,0,316.160,924.869,0,0,1103.974,164.661,108.473,372.826,161.123,0.994,-0.105,372.826,161.123,0.994,-0.105,218.434,286.152,-0.655,0.756,424.800,-106.500,0.000,0.000,424.800,-106.500,0.000,0.000,551.650,-25.252,-0.953,0.302,1.000,-1.000,0,0
406.329,-12.052,0.666,-0.746,0,574.178,-93.044,186.368,0,311.844,935.448,0,0,1109.232,174.420,96.237,379.975,160.365,0.994,-0.105,379.975,160.365,0.994,-0.105,213.728,291.586,-0.655,0.756,424.800,-106.500,0.000,0.000,424.800,-106.500,0.000,0.000,544.797,-23.081,-0.953,0.302,1.000,-1.000,0,0
416.503,-22.226,0.697,-0.718,0,577.444,-111.212,183.904,0,308.140,946.127,0,0,1114.643,184.192,84.681,387.123,159.607,0.994,-0.105,387.123,159.607,0.994,-0.105,44.000,-93.000,0.000,0.000,424.800,-106.500,0.000,0.000,424.800,-106.500,0.000,0.000,537.944,-20.910,-0.953,0.302,1.000,-1.000,0,0
426.678,-32.401,0.704,-0.710,0,580.629,-128.930,181.714,0,305.071,956.903,0,0,1120.187,193.976,74.123,394.272,158.850,0.994,-0.105,394.272,158.850,0.994,-0.105,44.000,-93.000,0.000,0.000,424.800,-106.500,0.000,0.000,424.800,-106.500,0.000,0.000,531.091,-18.739,-0.953,0.302,1.000,-1.000,0,0
436.852,-42.575,0.706,-0.708,0,583.735,-146.209,179.770,0,302.655,967.774,0,0,1125.844,203.771,65.051,401.421,158.092,0.994,-0.105,401.421,158.092,0.994,-0.105,44.000,-93.000,0.000,0.000,424.800,-106.500,0.000,0.000,424.800,-106.500,0.000,0.000,524.238,-16.568,-0.953,0.302,1.000,-1.000,0,0
447.026,-52.749,0.707,-0.707,0,586.765,-163.061,178.045,0,300.909,978.735,0,0,1131.596,213.575,58.165,408.569,157.334,0.994,-0.105,408.569,157.334,0.994,-0.105,44.000,-93.000,0.000,0.000,424.800,-106.500,0.000,0.000,424.800,-106.500,0.000,0.000,517.385,-14.396,-0.953,0.302,1.000,-1.000,0,0
457.201,-62.924,0.707,-0.707,0,589.719,-179.496,176.516,0,299.844,989.784,0,0,1137.424,223.386,54.302,415.718,156.576,0.994,-0.105,415.718,156.576,0.994,-0.105,44.000,-93.000,0.000,0.000,424.800,-106.500,0.000,0.000,424.800,-106.500,0.000,0.000,510.532,-12.225,-0.953,0.302,1.000,-1.000,0,0
467.375,-73.098,0.707,-0.707,0,592.601,-195.524,175.161,0,299.467,1000.917,0,0,1143.313,233.204,54.114,422.866,155.819,0.994,-0.105,422.866,155.819,0.994,-0.105,44.000,-93.000,0.000,0.000,424.800,-106.500,0.000,0.000,424.800,-106.500,0.000,0.000,503.679,-10.054,-0.953,0.302,1.000,-1.000,0,0
477.550,-83.272,0.707,-0.707,0,595.411,-211.156,173.964,0,299.781,1012.133,0,0,1149.250,243.028,57.637,430.015,155.061,0.994,-0.105,430.015,155.061,0.994,-0.105,70.000,-221.000,0.000,0.000,424.800,-106.500,0.000,0.000,424.800,-106.500,0.000,0.000,496.826,-7.883,-0.953,0.302,1.000,-1.000,0,0
487.724,-93.447,0.707,-0.707,0,598.151,-226.400,172.908,0,300.783,1023.428,0,0,1155.220,252.857,64.264,437.164,154.303,0.994,-0.105,437.164,154.303,0.994,-0.105,70.000,-221.000,0.000,0.000,424.800,-106.500,0.000,0.000,424.800,-106.500,0.000,0.000,489.973,-5.712,-0.953,0.302,1.000,-1.000,0,0
497.898,-103.621,0.707,-0.707,0,600.824,-241.267,171.980,0,302.468,1034.800,0,0,1161.211,262.690,73.155,444.312,153.546,0.994,-0.105,444.312,153.546,0.994,-0.105,70.000,-221.000,0.000,0.000,424.800,-106.500,0.000,0.000,424.800,-106.500,0.000,0.000,483.120,-3.541,-0.953,0.302,1.000,-1.000,0,0
508.073,-113.796,0.707,-0.707,0,603.380,-255.482,170.888,0,304.823,1046.246,0,0,1167.098,272.528,83.592,451.461,152.788,0.994,-0.105,451.461,152.788,0.994,-0.105,70.000,-221.000,0.000,0.000,424.800,-106.500,0.000,0.000,424.800,-106.500,0.000,0.000,476.267,-1.370,-0.953,0.302,1.000,-1.000,0,0
518.247,-123.970,0.707,-0.707,0,605.805,-268.972,169.517,0,307.834,1057.764,0,0,1172.825,282.370,95.066,458.609,152.030,0.994,-0.105,458.609,152.030,0.994,-0.105,70.000,-221.000,0.000,0.000,424.800,-106.500,0.000,0.000,424.800,-106.500,0.000,0.000,469.414,0.801,-0.953,0.302,1.000,-1.000,0,0
528.421,-134.144,0.707,-0.707,0,608.160,-282.072,168.181,0,311.481,1069.352,0,0,1178.513,292.215,107.245,465.758,151.273,0.994,-0.105,465.758,151.273,0.994,-0.105,70.000,-221.000,0.000,0.000,424.800,-106.500,0.000,0.000,424.800,-106.500,0.000,0.000,462.561,2.972,-0.953,0.302,1.000,-1.000,0,0
538.596,-144.319,0.707,-0.707,0,610.446,-294.790,166.878,0,315.742,1081.007,0,0,1184.152,302.062,119.915,472.907,150.515,0.994,-0.105,472.907,150.515,0.994,-0.105,70.000,-221.000,0.000,0.000,424.800,-106.500,0.000,0.000,424.800,-106.500,0.000,0.000,455.708,5.143,-0.953,0.302,1.000,-1.000,0,0
548.770,-154.493,0.707,-0.707,0,612.666,-307.137,165.611,0,320.593,1092.727,0,0,1189.735,311.913,132.936,480.055,149.757,0.994,-0.105,480.055,149.757,0.994,-0.105,70.000,-221.000,0.000,0.000,424.800,-106.500,0.000,0.000,424.800,-106.500,0.000,0.000,448.855,7.315,-0.953,0.302,1.000,-1.000,0,0
558.944,-164.667,0.707,-0.707,0,614.820,-319.121,164.384,0,326.007,1104.510,0,0,1195.255,321.766,146.212,487.204,148.999,0.994,-0.105,487.204,148.999,0.994,-0.105,70.000,-221.000,0.000,0.000,424.800,-106.500,0.000,0.000,424.800,-106.500,0.000,0.000,442.002,9.486,-0.953,0.302,1.000,-1.000,0,0
569.118,-174.842,0.707,-0.707,0,616.911,-330.751,163.206,0,331.956,1116.354,0,0,1200.706,331.621,159.682,494.352,148.242,0.994,-0.105,494.352,148.242,0.994,-0.105,70.000,-221.000,0.000,0.000,424.800,-106.500,0.000,0.000,424.800,-106.500,0.000,0.000,435.149,11.657,-0.953,0.302,1.000,-1.000,0,0
579.293,-185.016,0.707,-0.707,0,618.941,-342.044,162.092,0,338.414,1128.257,0,0,1206.086,341.479,173.300,501.501,147.484,0.994,-0.105,501.501,147.484,0.994,-0.105,70.000,-221.000,0.000,0.000,424.800,-106.500,0.000,0.000,424.800,-106.500,0.000,0.000,428.296,13.828,-0.953,0.302,1.000,-1.000,0,0
589.467,-195.190,0.707,-0.707,0,620.919,-353.050,161.104,0,345.350,1140.218,0,0,1211.410,351.338,187.032,508.649,146.726,0.994,-0.105,508.649,146.726,0.994,-0.105,70.000,-221.000,0.000,0.000,424.800,-106.500,0.000,0.000,424.800,-106.500,0.000,0.000,421.443,15.999,-0.953,0.302,1.000,-1.000,0,0
602.170,-199.260,0.932,-0.363,0,622.849,-363.783,165.963,0,346.228,1153.475,0,0,1216.678,355.869,200.161,515.798,145.969,0.994,-0.105,515.798,145.969,0.994,-0.105,70.000,-221.000,0.000,0.000,424.800,-106.500,0.000,0.000,424.800,-106.500,0.000,0.000,595.754,84.867,-0.092,0.996,1.000,0.000,0,0
616.559,-199.260,0.994,-0.113,0,624.731,-374.251,175.331,0,343.309,1167.577,0,0,1221.887,356.964,213.016,522.947,145.211,0.994,-0.105,522.947,145.211,0.994,-0.105,70.000,-221.000,0.000,0.000,424.800,-106.500,0.000,0.000,424.800,-106.500,0.000,0.000,595.090,92.025,-0.092,0.996,1.000,0.000,0,0
630.947,-199.260,1.000,-0.031,0,626.542,-384.329,185.268,0,340.973,1181.685,0,0,1226.969,358.203,226.056,530.096,144.453,0.994,-0.105,530.096,144.453,0.994,-0.105,70.000,-221.000,0.000,0.000,424.800,-106.500,0.000,0.000,424.800,-106.500,0.000,0.000,594.426,99.183,-0.092,0.996,1.000,0.000,0,0
645.336,-199.260,1.000,-0.008,0,628.283,-394.014,195.638,0,339.232,1195.800,0,0,1231.914,359.586,239.250,537.244,143.695,0.994,-0.105,537.244,143.695,0.994,-0.105,70.000,-221.000,0.000,0.000,424.800,-106.500,0.000,0.000,424.800,-106.500,0.000,0.000,593.762,106.341,-0.092,0.996,1.000,0.000,0,0
648.214,-199.260,1.000,-0.007,0,629.971,-403.402,205.088,0,338.956,1198.624,0,0,1236.764,357.600,241.905,544.393,142.938,0.994,-0.105,544.393,142.938,0.994,-0.105,70.000,-221.000,0.000,0.000,424.800,-106.500,0.000,0.000,424.800,-106.500,0.000,0.000,593.098,113.499,-0.092,0.996,0.000,0.000,0,0
648.214,-199.260,1.000,-0.007,0,631.606,-412.500,214.013,0,338.956,1198.624,0,0,1241.516,354.861,241.905,551.542,142.180,0.994,-0.105,551.542,142.180,0.994,-0.105,70.000,-221.000,0.000,0.000,424.800,-106.500,0.000,0.000,424.800,-106.500,0.000,0.000,592.434,120.657,-0.092,0.996,0.000,0.000,0,0
648.214,-199.260,1.000,-0.007,0,633.191,-421.317,222.686,0,338.956,1198.624,0,0,1246.168,352.248,241.905,558.691,141.422,0.994,-0.105,558.691,141.422,0.994,-0.105,70.000,-221.000,0.000,0.000,424.800,-106.500,0.000,0.000,424.800,-106.500,0.000,0.000,591.770,127.815,-0.092,0.996,0.000,0.000,0,0
648.214,-199.260,1.000,-0.007,0,634.727,-429.857,231.109,0,338.956,1198.624,0,0,1250.720,349.763,241.905,565.839,140.664,0.994,-0.105,565.839,140.664,0.994,-0.105,70.000,-221.000,0.000,0.000,424.800,-106.500,0.000,0.000,424.800,-106.500,0.000,0.000,591.106,134.973,-0.092,0.996,0.000,0.000,0,0
648.214,-199.260,1.000,-0.007,0,636.214,-438.130,239.285,0,338.956,1198.624,0,0,1255.170,347.409,241.905,572.988,139.907,0.994,-0.105,572.988,139.907,0.994,-0.105,70.000,-221.000,0.000,0.000,424.800,-106.500,0.000,0.000,424.800,-106.500,0.000,0.000,591.861,141.902,0.401,0.916,0.000,0.000,0,0
648.214,-199.260,1.000,-0.007,0,637.654,-446.141,247.216,0,338.956,1198.624,0,0,1259.518,345.189,241.905,580.137,139.149,0.994,-0.105,580.137,139.149,0.994,-0.105,70.000,-221.000,0.000,0.000,424.800,-106.500,0.000,0.000,424.800,-106.500,0.000,0.000,594.743,148.487,0.401,0.916,0.000,0.000,0,0
648.214,-199.260,1.000,-0.007,0,639.048,-453.896,254.907,0,338.956,1198.624,0,0,1263.763,344.452,241.905,584.615,139.270,-0.863,0.506,584.615,139.270,-0.863,0.506,70.000,-221.000,0.000,0.000,424.800,-106.500,0.000,0.000,424.800,-106.500,0.000,0.000,597.625,155.073,0.401,0.916,0.000,0.000,0,0
648.214,-199.260,1.000,-0.007,0,640.398,-461.402,262.362,0,338.956,1198.624,0,0,1267.905,349.211,241.905,578.413,142.904,-0.863,0.506,578.413,142.904,-0.863,0.506,70.000,-221.000,0.000,0.000,424.800,-106.500,0.000,0.000,424.800,-106.500,0.000,0.000,600.508,161.658,0.401,0.916,0.000,0.000,0,0
648.214,-199.260,1.000,-0.007,0,641.703,-468.666,269.585,0,338.956,1198.624,0,0,1271.944,354.051,241.905,572.211,146.538,-0.863,0.506,572.211,146.538,-0.863,0.506,70.000,-221.000,0.000,0.000,424.800,-106.500,0.000,0.000,424.800,-106.500,0.000,0.000,603.390,168.244,0.401,0.916,0.000,0.000,0,0
648.214,-199.260,1.000,-0.007,0,642.966,-475.692,276.580,0,338.956,1198.624,0,0,1275.879,358.971,241.905,566.008,150.172,-0.863,0.506,566.008,150.172,-0.863,0.506,70.000,-221.000,0.000,0.000,424.800,-106.500,0.000,0.000,424.800,-106.500,0.000,0.000,606.272,174.830,0.401,0.916,0.000,0.000,0,0
648.214,-199.260,1.000,-0.007,0,644.188,-482.488,283.352,0,338.956,1198.624,0,0,1279.712,363.966,241.905,559.806,153.806,-0.863,0.506,559.806,153.806,-0.863,0.506,70.000,-221.000,0.000,0.000,424.800,-106.500,0.000,0.000,424.800,-106.500,0.000,0.000,609.155,181.415,0.401,0.916,0.000,0.000,0,0
648.214,-199.260,1.000,-0.007,0,645.369,-489.058,289.906,0,338.956,1198.624,0,0,1283.441,369.033,241.905,553.603,157.439,-0.863,0.506,553.603,157.439,-0.863,0.506,70.000,-221.000,0.000,0.000,424.800,-106.500,0.000,0.000,424.800,-106.500,0.000,0.000,610.402,174.336,0.174,-0.985,0.000,0.000,0,0
648.214,-199.260,1.000,-0.007,0,646.511,-495.409,296.245,0,338.956,1198.624,0,0,1287.069,374.170,241.905,547.401,161.073,-0.863,0.506,547.401,161.073,-0.863,0.506,70.000,-221.000,0.000,0.000,424.800,-106.500,0.000,0.000,424.800,-106.500,0.000,0.000,611.650,167.256,0.174,-0.985,0.000,0.000,0,0
648.214,-199.260,1.000,-0.007,0,647.614,-501.545,302.375,0,338.956,1198.624,0,0,1290.595,379.374,241.905,541.199,164.707,-0.863,0.506,541.199,164.707,-0.863,0.506,70.000,-221.000,0.000,0.000,424.800,-106.500,0.000,0.000,424.800,-106.500,0.000,0.000,612.898,160.176,0.174,-0.985,0.000,0.000,0,0
648.214,-199.260,1.000,-0.007,0,648.679,-507.472,308.301,0,338.956,1198.624,0,0,1294.021,384.641,241.905,534.996,168.341,-0.863,0.506,534.996,168.341,-0.863,0.506,70.000,-221.000,0.000,0.000,424.800,-106.500,0.000,0.000,424.800,-106.500,0.000,0.000,614.145,153.097,0.174,-0.985,0.000,0.000,0,0
648.214,-199.260,1.000,-0.007,0,649.711,-513.213,314.043,0,338.956,1198.624,0,0,1297.356,389.970,241.905,528.794,171.975,-0.863,0.506,528.794,171.975,-0.863,0.506,70.000,-221.000,0.000,0.000,424.800,-106.500,0.000,0.000,424.800,-106.500,0.000,0.000,615.393,146.017,0.174,-0.985,0.000,0.000,0,0
648.214,-199.260,1.000,-0.007,0,650.722,-518.835,319.669,0,338.956,1198.624,0,0,1300.640,395.358,241.905,522.591,175.609,-0.863,0.506,522.591,175.609,-0.863,0.506,70.000,-221.000,0.000,0.000,424.800,-106.500,0.000,0.000,424.800,-106.500,0.000,0.000,615.541,138.886,-0.081,-0.997,0.000,0.000,0,0
648.214,-210.771,0.696,-0.718,0,651.713,-524.346,313.681,0,350.408,1200.888,0,0,1303.875,411.690,246.548,516.389,179.243,-0.863,0.506,516.389,179.243,-0.863,0.506,70.000,-221.000,0.000,0.000,424.800,-106.500,0.000,0.000,424.800,-106.500,0.000,0.000,614.956,131.721,-0.081,-0.997,0.000,-1.000,0,0
648.214,-225.160,0.182,-0.983,0,652.684,-529.749,304.711,0,364.728,1203.866,0,0,1307.062,430.750,252.970,510.186,182.877,-0.863,0.506,510.186,182.877,-0.863,0.506,70.000,-221.000,0.000,0.000,424.800,-106.500,0.000,0.000,424.800,-106.500,0.000,0.000,614.371,124.557,-0.081,-0.997,0.000,-1.000,0,0
648.214,-239.548,0.053,-0.999,0,653.636,-535.045,295.639,0,379.053,1207.008,0,0,1310.201,449.810,260.030,503.984,186.511,-0.863,0.506,503.984,186.511,-0.863,0.506,70.000,-221.000,0.000,0.000,424.800,-106.500,0.000,0.000,424.800,-106.500,0.000,0.000,613.786,117.392,-0.081,-0.997,0.000,-1.000,0,0
648.214,-251.059,0.018,-1.000,0,654.570,-540.238,289.343,0,390.517,1209.639,0,0,1313.293,466.145,266.104,497.781,190.145,-0.863,0.506,497.781,190.145,-0.863,0.506,70.000,-221.000,0.000,0.000,424.800,-106.500,0.000,0.000,424.800,-106.500,0.000,0.000,613.201,110.227,-0.081,-0.997,0.000,0.000,0,0
648.214,-251.059,0.018,-1.000,0,655.485,-545.329,294.452,0,390.517,1209.639,0,0,1316.338,471.609,266.104,491.579,193.779,-0.863,0.506,491.579,193.779,-0.863,0.506,70.000,-221.000,0.000,0.000,424.800,-106.500,0.000,0.000,424.800,-106.500,0.000,0.000,612.616,103.062,-0.081,-0.997,0.000,0.000,0,0
648.214,-251.059,0.018,-1.000,0,656.382,-550.319,299.462,0,390.517,1209.639,0,0,1319.336,477.120,266.104,485.376,197.413,-0.863,0.506,485.376,197.413,-0.863,0.506,70.000,-221.000,0.000,0.000,424.800,-106.500,0.000,0.000,424.800,-106.500,0.000,0.000,612.031,95.897,-0.081,-0.997,0.000,0.000,0,0
648.214,-251.059,0.018,-1.000,0,656.559,-288.000,38.453,0,390.517,1209.639,0,0,1226.768,482.674,266.104,479.174,201.047,-0.863,0.506,479.174,201.047,-0.863,0.506,70.000,-221.000,0.000,0.000,424.800,-106.500,0.000,0.000,424.800,-106.500,0.000,0.000,611.445,88.732,-0.081,-0.997,0.000,0.000,0,0
648.214,-251.059,0.018,-1.000,0,656.559,-288.000,38.448,0,390.517,1209.639,0,0,1226.769,488.271,266.104,472.971,204.681,-0.863,0.506,472.971,204.681,-0.863,0.506,70.000,-221.000,0.000,0.000,424.800,-106.500,0.000,0.000,424.800,-106.500,0.000,0.000,610.860,81.567,-0.081,-0.997,0.000,0.000,0,0
648.214,-251.059,0.018,-1.000,0,656.559,-288.000,38.448,0,390.517,1209.639,0,0,1226.769,493.910,266.104,466.769,208.315,-0.863,0.506,466.769,208.315,-0.863,0.506,70.000,-221.000,0.000,0.000,424.800,-106.500,0.000,0.000,424.800,-106.500,0.000,0.000,610.275,74.402,-0.081,-0.997,0.000,0.000,0,0
648.214,-251.059,0.018,-1.000,0,656.559,-288.000,38.448,0,390.517,1209.639,0,0,1226.769,499.588,266.104,460.566,211.949,-0.863,0.506,460.566,211.949,-0.863,0.506,70.000,-221.000,0.000,0.000,424.800,-106.500,0.000,0.000,424.800,-106.500,0.000,0.000,609.691,67.238,-0.081,-0.997,0.000,0.000,0,0
648.214,-251.059,0.018,-1.000,0,656.559,-288.000,38.448,0,390.517,1209.639,0,0,1226.769,505.304,266.104,454.363,215.583,-0.863,0.506,454.363,215.583,-0.863,0.506,70.000,-221.000,0.000,0.000,424.800,-106.500,0.000,0.000,424.800,-106.500,0.000,0.000,609.106,60.073,-0.081,-0.997,0.000,0.000,0,0
648.214,-262.570,0.007,-1.000,1,648.315,-277.703,15.133,1,401.983,1212.374,0,0,1216.224,521.670,272.528,448.161,219.217,-0.863,0.506,448.161,219.217,-0.863,0.506,70.000,-221.000,0.000,0.000,424.800,-106.500,0.000,0.000,424.800,-106.500,0.000,0.000,608.521,52.908,-0.081,-0.997,0.000,-1.000,0,0
642.458,-271.203,-0.404,-0.915,1,636.337,-285.043,15.133,1,411.060,1208.920,0,0,1206.545,533.188,272.951,441.958,222.851,-0.863,0.506,441.958,222.851,-0.863,0.506,70.000,-221.000,0.000,0.000,424.800,-106.500,0.000,0.000,424.800,-106.500,0.000,0.000,607.936,45.743,-0.081,-0.997,-1.000,0.000,0,0
628.070,-271.203,-0.962,-0.273,1,613.510,-275.329,15.133,1,412.599,1194.994,0,0,1181.976,533.552,261.621,435.756,226.485,-0.863,0.506,435.756,226.485,-0.863,0.506,70.000,-221.000,0.000,0.000,424.800,-106.500,0.000,0.000,424.800,-106.500,0.000,0.000,607.351,38.578,-0.081,-0.997,-1.000,1.000,0,0
617.895,-261.029,-0.882,0.472,1,604.553,-253.888,15.133,1,403.934,1182.601,0,0,1167.916,526.021,247.316,429.553,230.119,-0.863,0.506,429.553,230.119,-0.863,0.506,70.000,-221.000,0.000,0.000,424.800,-106.500,0.000,0.000,424.800,-106.500,0.000,0.000,606.766,31.413,-0.081,-0.997,-1.000,1.000,0,0
607.721,-250.855,-0.765,0.644,1,596.140,-241.113,15.133,1,395.603,1170.255,0,0,1156.689,518.494,233.020,423.351,233.753,-0.863,0.506,423.351,233.753,-0.863,0.506,70.000,-221.000,0.000,0.000,424.800,-106.500,0.000,0.000,424.800,-106.500,0.000,0.000,606.181,24.248,-0.081,-0.997,-1.000,1.000,0,0
597.547,-240.680,-0.724,0.689,1,586.583,-230.249,15.133,1,387.627,1157.955,0,0,1144.876,510.971,218.737,417.148,237.386,-0.863,0.506,417.148,237.386,-0.863,0.506,70.000,-221.000,0.000,0.000,424.800,-106.500,0.000,0.000,424.800,-106.500,0.000,0.000,605.596,17.083,-0.081,-0.997,-1.000,1.000,0,0
587.373,-230.506,-0.712,0.702,1,576.602,-219.875,15.133,1,380.028,1145.704,0,0,1132.820,503.452,204.468,410.946,241.020,-0.863,0.506,410.946,241.020,-0.863,0.506,70.000,-221.000,0.000,0.000,424.800,-106.500,0.000,0.000,424.800,-106.500,0.000,0.000,605.012,9.919,-0.081,-0.997,-1.000,1.000,0,0
577.198,-220.332,-0.708,0.706,1,566.477,-209.651,15.133,1,372.830,1133.503,0,0,1120.711,495.936,190.218,404.743,244.654,-0.863,0.506,404.743,244.654,-0.863,0.506,70.000,-221.000,0.000,0.000,424.800,-106.500,0.000,0.000,424.800,-106.500,0.000,0.000,604.427,2.754,-0.081,-0.997,-1.000,1.000,0,0
567.024,-210.157,-0.707,0.707,1,556.317,-199.462,15.133,1,366.057,1121.354,0,0,1108.629,488.425,175.990,398.541,248.288,-0.863,0.506,398.541,248.288,-0.863,0.506,70.000,-221.000,0.000,0.000,424.800,-106.500,0.000,0.000,424.800,-106.500,0.000,0.000,603.842,-4.411,-0.081,-0.997,-1.000,1.000,0,0
556.850,-199.983,-0.707,0.707,1,546.147,-189.284,15.133,1,359.731,1109.258,0,0,1096.595,480.918,161.791,392.338,251.922,-0.863,0.506,392.338,251.922,-0.863,0.506,70.000,-221.000,0.000,0.000,424.800,-106.500,0.000,0.000,424.800,-106.500,0.000,0.000,603.257,-11.576,-0.081,-0.997,-1.000,1.000,0,0
546.676,-189.808,-0.707,0.707,1,535.974,-179.108,15.133,1,353.878,1097.218,0,0,1084.616,473.416,147.628,386.135,255.556,-0.863,0.506,386.135,255.556,-0.863,0.506,70.000,-221.000,0.000,0.000,424.800,-106.500,0.000,0.000,424.800,-106.500,0.000,0.000,602.728,-10.119,-0.042,0.999,-1.000,1.000,0,0
536.501,-179.634,-0.707,0.707,1,525.800,-168.933,15.133,1,348.522,1085.235,0,0,1072.696,465.919,133.513,379.933,259.190,-0.863,0.506,379.933,259.190,-0.863,0.506,70.000,-221.000,0.000,0.000,424.800,-106.500,0.000,0.000,424.800,-106.500,0.000,0.000,602.426,-2.936,-0.042,0.999,-1.000,1.000,0,0
526.327,-169.460,-0.707,0.707,1,515.626,-158.759,15.133,1,343.684,1073.311,0,0,1060.836,458.427,119.464,373.730,262.824,-0.863,0.506,373.730,262.824,-0.863,0.506,70.000,-221.000,0.000,0.000,424.800,-106.500,0.000,0.000,424.800,-106.500,0.000,0.000,602.124,4.246,-0.042,0.999,-1.000,1.000,0,0
524.292,-155.914,-0.302,0.953,1,519.727,-141.486,15.133,1,332.569,1068.862,0,0,1061.931,450.526,111.087,367.528,266.458,-0.863,0.506,367.528,266.458,-0.863,0.506,70.000,-221.000,0.000,0.000,424.800,-106.500,0.000,0.000,424.800,-106.500,0.000,0.000,601.822,11.428,-0.042,0.999,0.000,1.000,0,0
522.257,-142.368,-0.188,0.982,1,519.408,-127.506,15.133,1,321.653,1064.570,0,0,1059.436,442.745,103.848,361.325,270.092,-0.863,0.506,361.325,270.092,-0.863,0.506,70.000,-221.000,0.000,0.000,424.800,-106.500,0.000,0.000,424.800,-106.500,0.000,0.000,629.000,32.035,0.000,0.000,-1.000,1.000,0,0
512.083,-132.194,-0.577,0.817,1,503.350,-119.835,15.133,1,318.057,1052.910,0,0,1042.426,435.210,90.986,355.123,273.726,-0.863,0.506,355.123,273.726,-0.863,0.506,70.000,-221.000,0.000,0.000,424.800,-106.500,0.000,0.000,424.800,-106.500,0.000,0.000,629.000,39.403,0.000,0.000,-1.000,1.000,0,0
501.909,-122.019,-0.675,0.738,1,491.690,-110.857,15.133,1,315.077,1041.318,0,0,1029.617,427.680,78.655,348.920,277.360,-0.863,0.506,348.920,277.360,-0.863,0.506,70.000,-221.000,0.000,0.000,424.800,-106.500,0.000,0.000,424.800,-106.500,0.000,0.000,629.000,47.383,0.000,0.000,-1.000,1.000,0,0
491.734,-111.845,-0.698,0.716,1,481.169,-101.011,15.133,1,312.732,1029.797,0,0,1017.875,420.153,67.147,342.718,280.994,-0.863,0.506,342.718,280.994,-0.863,0.506,70.000,-221.000,0.000,0.000,424.800,-106.500,0.000,0.000,424.800,-106.500,0.000,0.000,629.000,54.762,0.000,0.000,-1.000,1.000,0,0
481.560,-101.671,-0.705,0.710,1,470.898,-90.931,15.133,1,311.036,1018.349,0,0,1006.424,412.632,56.965,336.515,284.628,-0.863,0.506,336.515,284.628,-0.863,0.506,70.000,-221.000,0.000,0.000,424.800,-106.500,0.000,0.000,424.800,-106.500,0.000,0.000,629.000,62.064,0.000,0.000,-1.000,1.000,0,0
479.525,-88.125,-0.307,0.952,1,474.881,-73.722,15.133,1,302.068,1014.653,0,0,1008.446,404.885,57.727,330.313,288.263,-0.863,0.506,330.313,288.263,-0.863,0.506,70.000,-221.000,0.000,0.000,424.800,-106.500,0.000,0.000,424.800,-106.500,0.000,0.000,629.000,69.496,0.000,0.000,0.000,1.000,0,0
479.525,-73.736,-0.088,0.996,1,478.186,-58.662,15.133,1,291.458,1013.066,0,0,1010.287,397.292,63.783,324.110,291.897,-0.863,0.506,324.110,291.897,-0.863,0.506,70.000,-221.000,0.000,0.000,424.800,-106.500,0.000,0.000,424.800,-106.500,0.000,0.000,629.000,76.921,0.000,0.000,0.000,1.000,0,0
477.490,-60.190,-0.125,0.992,1,475.594,-45.176,15.133,1,283.222,1009.730,0,0,1006.597,389.877,70.149,317.907,295.531,-0.863,0.506,317.907,295.531,-0.863,0.506,44.000,-93.000,0.000,0.000,424.800,-106.500,0.000,0.000,424.800,-106.500,0.000,0.000,629.000,84.543,0.000,0.000,-1.000,1.000,0,0
467.316,-50.016,-0.563,0.826,1,458.790,-37.513,15.133,1,283.721,998.723,0,0,989.283,382.285,70.697,311.705,299.165,-0.863,0.506,311.705,299.165,-0.863,0.506,44.000,-93.000,0.000,0.000,424.800,-106.500,0.000,0.000,424.800,-106.500,0.000,0.000,629.000,92.518,0.000,0.000,-1.000,1.000,0,0
457.141,-39.842,-0.672,0.740,1,446.971,-28.636,15.133,1,284.947,987.803,0,0,976.914,374.696,74.090,305.502,302.799,-0.863,0.506,305.502,302.799,-0.863,0.506,44.000,-93.000,0.000,0.000,424.800,-106.500,0.000,0.000,424.800,-106.500,0.000,0.000,629.000,99.855,0.000,0.000,-1.000,1.000,0,0
446.967,-29.667,-0.697,0.717,1,436.416,-18.819,15.133,1,286.889,976.973,0,0,965.825,367.109,79.966,299.300,306.433,-0.863,0.506,299.300,306.433,-0.863,0.506,44.000,-93.000,0.000,0.000,424.800,-106.500,0.000,0.000,424.800,-106.500,0.000,0.000,628.967,103.795,-0.023,-1.000,-1.000,1.000,0,0
436.792,-19.493,-0.704,0.710,1,426.134,-8.750,15.133,1,289.535,966.236,0,0,955.088,359.525,87.829,293.097,310.067,-0.863,0.506,293.097,310.067,-0.863,0.506,44.000,-93.000,0.000,0.000,424.800,-106.500,0.000,0.000,424.800,-106.500,0.000,0.000,628.800,96.608,-0.023,-1.000,-1.000,1.000,0,0
426.618,-9.319,-0.706,0.708,1,415.930,1.394,15.133,1,292.864,955.595,0,0,944.522,351.944,97.198,286.895,313.701,-0.863,0.506,286.895,313.701,-0.863,0.506,44.000,-93.000,0.000,0.000,424.800,-106.500,0.000,0.000,424.800,-106.500,0.000,0.000,628.633,89.421,-0.023,-1.000,-1.000,1.000,0,0
416.444,0.856,-0.707,0.707,1,405.746,11.560,15.133,1,296.854,945.053,0,0,934.079,344.365,107.680,280.692,317.335,-0.863,0.506,280.692,317.335,-0.863,0.506,44.000,-93.000,0.000,0.000,424.800,-106.500,0.000,0.000,424.800,-106.500,0.000,0.000,198.772,-31.577,-0.577,0.817,-1.000,1.000,0,0
406.269,11.030,-0.707,0.707,1,395.569,21.732,15.133,1,301.479,934.613,0,0,923.749,336.791,118.982,274.490,320.969,-0.863,0.506,274.490,320.969,-0.863,0.506,44.000,-93.000,0.000,0.000,424.800,-106.500,0.000,0.000,424.800,-106.500,0.000,0.000,202.425,29.214,0.999,-0.039,-1.000,1.000,0,0
396.095,21.204,-0.707,0.707,1,385.394,31.905,15.133,1,306.710,924.280,0,0,913.531,329.220,130.891,268.287,324.603,-0.863,0.506,268.287,324.603,-0.863,0.506,44.000,-93.000,0.000,0.000,424.800,-106.500,0.000,0.000,424.800,-106.500,0.000,0.000,209.611,29.088,1.000,0.016,-1.000,1.000,0,0
387.955,32.221,-0.576,0.818,1,379.245,44.596,15.133,1,310.319,916.092,0,0,907.485,321.665,143.531,262.085,328.237,-0.863,0.506,262.085,328.237,-0.863,0.506,44.000,-93.000,0.000,0.000,424.800,-106.500,0.000,0.000,424.800,-106.500,0.000,0.000,216.793,29.381,0.996,0.093,0.000,1.000,0,0
387.955,46.610,-0.180,0.984,1,385.237,61.497,15.133,1,305.718,916.225,0,0,913.885,314.352,157.481,255.882,331.871,-0.863,0.506,255.882,331.871,-0.863,0.506,44.000,-93.000,0.000,0.000,424.800,-106.500,0.000,0.000,424.800,-106.500,0.000,0.000,223.914,30.347,0.982,0.190,1.000,1.000,0,0
398.130,56.785,0.483,0.876,1,405.440,70.035,15.133,1,293.060,926.625,0,0,934.393,315.789,165.448,249.679,335.505,-0.863,0.506,249.679,335.505,-0.863,0.506,110.815,297.970,-0.286,-0.958,424.800,-106.500,0.000,0.000,424.800,-106.500,0.000,0.000,230.956,31.788,0.977,0.214,1.000,1.000,0,0
408.304,66.959,0.653,0.757,1,418.186,78.420,15.133,1,280.570,937.130,0,0,947.509,318.198,173.617,243.477,339.139,-0.863,0.506,243.477,339.139,-0.863,0.506,108.761,291.081,-0.286,-0.958,237.961,33.401,0.970,0.242,237.961,33.401,0.970,0.242,424.800,-106.500,0.000,0.000,1.000,1.000,0,0
418.479,77.133,0.692,0.722,1,428.948,88.061,15.133,1,268.269,947.738,0,0,958.782,321.558,178.552,237.274,342.773,-0.863,0.506,237.274,342.773,-0.863,0.506,106.708,284.192,-0.286,-0.958,244.911,35.240,0.961,0.276,244.911,35.240,0.961,0.276,424.800,-106.500,0.000,0.000,1.000,1.000,0,0
428.653,87.308,0.703,0.712,1,439.287,98.075,15.133,1,256.186,958.444,0,0,969.744,325.839,183.790,231.072,346.407,-0.863,0.506,231.072,346.407,-0.863,0.506,104.655,277.303,-0.286,-0.958,251.792,37.318,0.951,0.308,251.792,37.318,0.951,0.308,427.000,279.000,0.000,0.000,1.000,0.000,0,0
443.042,87.308,0.970,0.242,1,457.724,90.974,15.133,1,242.127,972.806,0,0,987.678,341.509,190.491,224.869,350.041,-0.863,0.506,224.869,350.041,-0.863,0.506,102.602,270.413,-0.286,-0.958,258.685,39.353,0.968,0.251,258.685,39.353,0.968,0.251,427.000,279.000,0.000,0.000,1.000,0.000,0,0
457.430,87.308,0.998,0.067,0,473.595,88.957,16.248,0,228.109,987.169,0,0,1003.399,357.715,180.706,218.667,353.675,-0.863,0.506,218.667,353.675,-0.863,0.506,100.548,263.524,-0.286,-0.958,629.000,30.575,0.000,0.000,427.000,279.000,0.000,0.000,427.000,279.000,0.000,0.000,1.000,0.000,1,0
460.308,87.308,0.999,0.050,0,493.125,90.649,32.987,0,225.311,990.042,0,0,1022.991,366.507,175.862,212.464,357.309,-0.863,0.506,212.464,357.309,-0.863,0.506,98.495,256.635,-0.286,-0.958,629.000,37.604,0.000,0.000,272.680,42.644,0.977,0.213,272.680,42.644,0.977,0.213,0.000,0.000,0,0
460.308,87.308,0.999,0.050,0,512.172,92.300,52.104,0,225.311,990.042,0,0,1042.097,373.384,173.751,206.262,360.943,-0.863,0.506,206.262,360.943,-0.863,0.506,96.442,249.746,-0.286,-0.958,629.000,45.684,0.000,0.000,279.710,44.144,0.979,0.203,279.710,44.144,0.979,0.203,0.000,0.000,0,0
460.308,87.308,0.999,0.050,0,530.747,93.909,70.750,0,225.311,990.042,0,0,1060.730,380.273,172.156,200.060,364.577,-0.863,0.506,200.060,364.577,-0.863,0.506,94.388,242.857,-0.286,-0.958,629.000,52.947,0.000,0.000,286.755,45.577,0.981,0.194,286.755,45.577,0.981,0.194,0.000,0.000,0,0
460.308,87.308,0.999,0.050,0,548.863,95.478,88.935,0,225.311,990.042,0,0,1078.900,387.173,170.855,193.857,368.211,-0.863,0.506,193.857,368.211,-0.863,0.506,92.335,235.967,-0.286,-0.958,629.000,60.208,0.000,0.000,293.811,46.952,0.982,0.187,293.811,46.952,0.982,0.187,0.000,0.000,0,0
460.308,87.308,0.999,0.050,0,566.530,97.009,106.672,0,225.311,990.042,0,0,1096.620,394.083,164.140,187.655,371.845,-0.863,0.506,187.655,371.845,-0.863,0.506,90.282,229.078,-0.286,-0.958,300.876,48.276,0.984,0.180,300.876,48.276,0.984,0.180,629.000,67.769,0.000,0.000,0.000,0.000,0,0
460.308,87.308,0.999,0.050,0,583.760,98.502,123.972,0,225.311,990.042,0,0,1113.900,395.773,156.965,88.228,222.189,-0.286,-0.958,88.228,222.189,-0.286,-0.958,181.452,375.479,-0.863,0.506,307.950,49.557,0.985,0.175,307.950,49.557,0.985,0.175,629.000,75.230,0.000,0.000,0.000,0.000,0,0
460.308,87.308,0.999,0.050,0,600.564,99.958,140.846,0,225.311,990.042,0,0,1130.753,395.421,149.795,86.175,215.300,-0.286,-0.958,86.175,215.300,-0.286,-0.958,175.249,379.113,-0.863,0.506,315.031,50.798,0.986,0.170,315.031,50.798,0.986,0.170,629.000,82.760,0.000,0.000,0.000,0.000,0,0
460.308,87.308,0.999,0.050,0,614.273,93.694,154.097,2,225.311,990.042,0,0,1144.106,395.199,142.629,84.122,208.411,-0.286,-0.958,84.122,208.411,-0.286,-0.958,169.047,382.747,-0.863,0.506,322.118,52.004,-0.566,-0.825,322.118,52.004,-0.566,-0.825,629.000,90.210,0.000,0.000,0.000,0.000,0,0
460.308,87.308,0.999,0.050,0,613.792,100.141,154.019,2,225.311,990.042,0,0,1143.998,395.108,137.993,82.068,201.522,-0.286,-0.958,82.068,201.522,-0.286,-0.958,162.844,386.381,-0.863,0.506,326.986,51.707,0.986,0.167,326.986,51.707,0.986,0.167,628.519,96.658,-0.084,0.996,0.000,0.000,0,0
460.308,87.308,0.999,0.050,0,613.190,107.304,154.184,2,225.311,990.042,0,0,1143.853,395.147,130.831,80.015,194.632,-0.286,-0.958,80.015,194.632,-0.286,-0.958,156.642,390.015,-0.863,0.505,334.062,52.974,0.982,0.191,334.062,52.974,0.982,0.191,627.917,103.821,-0.084,0.996,0.000,0.000,0,0
460.308,98.818,0.516,0.856,0,605.102,113.430,145.529,0,223.008,990.764,0,0,1136.212,392.551,127.204,77.962,187.743,-0.286,-0.958,77.962,187.743,-0.286,-0.958,150.439,393.649,-0.863,0.505,341.104,54.420,0.976,0.218,341.104,54.420,0.976,0.218,627.315,110.985,-0.084,0.996,0.000,1.000,1,0
460.308,113.207,0.144,0.990,0,586.120,117.920,125.900,0,220.941,991.854,0,0,1117.623,390.307,125.915,75.908,180.854,-0.286,-0.958,75.908,180.854,-0.286,-0.958,144.237,397.284,-0.863,0.505,348.097,56.082,0.968,0.251,348.097,56.082,0.968,0.251,626.713,118.148,-0.084,0.996,0.000,1.000,0,0
460.308,127.596,0.042,0.999,0,567.608,122.298,107.431,0,219.799,993.152,0,0,1099.523,389.225,126.208,73.855,173.965,-0.286,-0.958,73.855,173.965,-0.286,-0.958,138.034,400.918,-0.863,0.505,355.026,57.996,0.957,0.290,355.026,57.996,0.957,0.290,427.000,279.000,0.000,0.000,0.000,1.000,0,0
462.343,141.142,0.193,0.981,0,549.555,126.568,88.423,0,217.552,996.584,0,0,1081.899,391.401,129.023,71.802,167.076,-0.286,-0.958,71.802,167.076,-0.286,-0.958,131.832,404.551,-0.863,0.505,361.868,60.200,0.943,0.333,361.868,60.200,0.943,0.333,427.000,279.000,0.000,0.000,1.000,1.000,0,0
475.046,145.211,0.826,0.563,0,531.948,130.733,58.723,0,204.990,1009.661,0,0,1064.742,405.574,134.663,69.748,160.186,-0.286,-0.958,69.748,160.186,-0.286,-0.958,125.629,408.185,-0.863,0.505,368.593,62.738,0.923,0.384,368.593,62.738,0.923,0.384,427.000,279.000,0.000,0.000,1.000,0.000,0,0
486.557,142.334,0.999,0.052,1,501.669,143.126,15.133,1,193.436,1020.780,0,0,1035.887,419.005,135.233,67.695,153.297,-0.286,-0.958,67.695,153.297,-0.286,-0.958,122.856,407.651,0.330,-0.944,375.157,65.666,0.853,0.522,375.157,65.666,0.853,0.522,624.305,146.802,-0.084,0.996,0.000,-1.000,0,0
486.557,127.945,0.430,-0.903,1,493.059,114.280,15.133,1,193.641,1019.309,0,0,1024.579,421.320,120.451,65.642,146.408,-0.286,-0.958,65.642,146.408,-0.286,-0.958,125.226,400.864,0.330,-0.944,381.536,68.962,0.926,0.376,381.536,68.962,0.926,0.376,623.703,153.965,-0.084,0.996,0.000,-1.000,0,0
486.557,113.556,0.116,-0.993,1,488.306,98.525,15.133,1,194.911,1018.040,0,0,1018.675,423.765,106.928,63.589,139.519,-0.286,-0.958,63.589,139.519,-0.286,-0.958,127.597,394.078,0.330,-0.944,388.311,71.352,0.965,0.262,388.311,71.352,0.965,0.262,623.101,161.129,-0.084,0.996,0.000,-1.000,0,0
494.697,102.539,0.484,-0.875,1,502.025,89.299,15.133,1,188.618,1025.323,0,0,1031.800,434.205,103.697,61.535,132.630,-0.286,-0.958,61.535,132.630,-0.286,-0.958,129.967,387.291,0.330,-0.944,395.329,72.888,0.988,0.152,395.329,72.888,0.988,0.152,622.499,168.292,-0.084,0.996,1.000,-1.000,0,0
508.242,100.504,0.936,-0.351,1,522.413,95.193,15.133,1,175.804,1038.697,0,0,1052.496,449.470,109.083,59.482,125.740,-0.286,-0.958,59.482,125.740,-0.286,-0.958,132.338,380.504,0.330,-0.944,402.435,73.975,0.985,0.174,402.435,73.975,0.985,0.174,621.898,175.456,-0.084,0.996,1.000,0.000,0,0
519.753,100.504,0.993,-0.118,0,540.312,94.399,21.447,0,164.625,1050.181,0,0,1070.313,462.689,113.102,57.429,118.851,-0.286,-0.958,57.429,118.851,-0.286,-0.958,134.708,373.718,0.330,-0.944,409.517,75.206,0.989,0.145,409.517,75.206,0.989,0.145,621.296,182.619,-0.084,0.996,0.000,0.000,1,0
519.753,100.504,0.993,-0.118,0,559.218,90.012,40.836,0,164.625,1050.181,0,0,1088.936,464.519,105.952,55.375,111.962,-0.286,-0.958,55.375,111.962,-0.286,-0.958,137.079,366.931,0.330,-0.944,416.649,76.105,0.995,0.097,416.649,76.105,0.995,0.097,620.694,189.783,-0.084,0.996,0.000,0.000,0,0
519.753,100.504,0.993,-0.118,0,577.656,85.734,59.758,0,164.625,1050.181,0,0,1107.122,460.483,98.852,139.449,360.144,0.330,-0.944,139.449,360.144,0.330,-0.944,53.322,105.073,-0.286,-0.958,423.813,76.687,0.998,0.059,423.813,76.687,0.998,0.059,620.092,196.946,-0.084,0.996,0.000,0.000,0,0
519.753,100.504,0.993,-0.118,0,595.637,81.562,78.215,0,164.625,1050.181,0,0,1124.880,454.718,91.814,141.820,353.358,0.330,-0.944,141.820,353.358,0.330,-0.944,51.269,98.183,-0.286,-0.958,430.994,77.016,1.000,0.028,430.994,77.016,1.000,0.028,619.490,204.110,-0.084,0.996,0.000,0.000,0,0
519.753,100.504,0.993,-0.118,0,613.174,77.493,96.218,0,164.625,1050.181,0,0,1142.219,448.995,84.852,144.190,346.571,0.330,-0.944,144.190,346.571,0.330,-0.944,49.215,91.294,-0.286,-0.958,438.182,77.138,1.000,0.002,438.182,77.138,1.000,0.002,618.888,211.273,-0.084,0.996,0.000,0.000,0,0
519.753,100.504,0.993,-0.118,0,630.276,73.525,113.778,0,164.625,1050.181,0,0,1159.147,443.314,77.981,146.561,339.784,0.330,-0.944,146.561,339.784,0.330,-0.944,47.162,84.405,-0.286,-0.958,445.370,77.090,1.000,-0.019,445.370,77.090,1.000,-0.019,618.286,218.437,-0.084,0.996,0.000,0.000,0,0
519.753,100.504,0.993,-0.118,0,646.955,69.655,130.905,0,164.625,1050.181,0,0,1175.673,437.678,71.223,148.931,332.998,0.330,-0.944,148.931,332.998,0.330,-0.944,45.109,77.516,-0.286,-0.958,452.556,76.898,0.999,-0.037,452.556,76.898,0.999,-0.037,617.684,225.600,-0.084,0.996,0.000,0.000,0,0
39.000,287.000,0.897,0.443,0,663.221,65.881,662.233,0,657.618,622.353,0,0,1191.806,124.004,101.316,-85.000,286.000,0.000,0.000,-85.000,286.000,0.000,0.000,-296.000,285.000,0.000,0.000,140.000,279.000,0.000,0.000,140.000,279.000,0.000,0.000,290.700,275.300,0.000,0.000,0.000,0.000,0,0
39.000,287.000,0.897,0.443,0,672.387,62.681,671.944,0,657.619,622.354,0,0,1200.872,124.004,101.316,-85.000,286.000,0.000,0.000,-85.000,286.000,0.000,0.000,-296.000,285.000,0.000,0.000,140.000,279.000,0.000,0.000,140.000,279.000,0.000,0.000,290.700,275.300,0.000,0.000,0.000,0.000,0,0
39.000,287.000,0.897,0.443,0,671.387,60.297,671.805,0,657.619,622.354,0,0,1199.806,124.004,101.316,-85.000,286.000,0.000,0.000,-85.000,286.000,0.000,0.000,-296.000,285.000,0.000,0.000,140.000,279.000,0.000,0.000,140.000,279.000,0.000,0.000,290.700,275.300,0.000,0.000,0.000,0.000,0,0
39.000,287.000,0.897,0.443,0,670.387,57.781,671.723,0,657.619,622.354,0,0,1198.741,124.004,101.316,-85.000,286.000,0.000,0.000,-85.000,286.000,0.000,0.000,-296.000,285.000,0.000,0.000,140.000,279.000,0.000,0.000,140.000,279.000,0.000,0.000,290.700,275.300,0.000,0.000,0.000,0.000,0,0
39.000,287.000,0.897,0.443,0,669.808,55.353,672.016,0,657.619,622.354,0,0,1198.103,124.004,101.316,-85.000,286.000,0.000,0.000,-85.000,286.000,0.000,0.000,-296.000,285.000,0.000,0.000,140.000,279.000,0.000,0.000,140.000,279.000,0.000,0.000,290.700,275.300,0.000,0.000,0.000,0.000,0,0
39.000,287.000,0.897,0.443,0,669.806,53.104,672.800,0,657.619,622.354,0,0,1198.051,124.004,101.316,-85.000,286.000,0.000,0.000,-85.000,286.000,0.000,0.000,-296.000,285.000,0.000,0.000,140.000,279.000,0.000,0.000,140.000,279.000,0.000,0.000,290.700,275.300,0.000,0.000,0.000,0.000,0,0
39.000,287.000,0.897,0.443,0,669.776,51.024,673.504,0,657.619,622.354,0,0,1197.979,124.004,101.316,-85.000,286.000,0.000,0.000,-85.000,286.000,0.000,0.000,-296.000,285.000,0.000,0.000,140.000,279.000,0.000,0.000,140.000,279.000,0.000,0.000,290.700,275.300,0.000,0.000,0.000,0.000,0,0
39.000,287.000,0.897,0.443,0,669.625,49.437,673.920,0,657.619,622.354,0,0,1197.803,124.004,101.316,-85.000,286.000,0.000,0.000,-85.000,286.000,0.000,0.000,-296.000,285.000,0.000,0.000,140.000,279.000,0.000,0.000,140.000,279.000,0.000,0.000,290.700,275.300,0.000,0.000,0.000,0.000,0,0
39.000,287.000,0.897,0.443,0,669.477,47.881,674.332,0,657.619,622.354,0,0,1197.632,124.004,101.316,-85.000,286.000,0.000,0.000,-85.000,286.000,0.000,0.000,-296.000,285.000,0.000,0.000,140.000,279.000,0.000,0.000,140.000,279.000,0.000,0.000,290.700,275.300,0.000,0.000,0.000,0.000,0,0
39.000,287.000,0.897,0.443,0,669.332,46.356,674.739,0,657.619,622.354,0,0,1197.466,124.004,101.316,-85.000,286.000,0.000,0.000,-85.000,286.000,0.000,0.000,-296.000,285.000,0.000,0.000,140.000,279.000,0.000,0.000,140.000,279.000,0.000,0.000,290.700,275.300,0.000,0.000,0.000,0.000,0,0
39.000,287.000,0.897,0.443,0,59.000,80.600,207.465,0,657.619,622.354,0,0,589.174,124.004,101.316,-85.000,286.000,0.000,0.000,-85.000,286.000,0.000,0.000,-296.000,285.000,0.000,0.000,140.000,279.000,0.000,0.000,140.000,279.000,0.000,0.000,290.700,275.300,0.000,0.000,0.000,0.000,0,0
39.000,287.000,0.897,0.443,0,59.000,80.600,207.469,0,657.619,622.354,0,0,589.172,124.004,101.316,-85.000,286.000,0.000,0.000,-85.000,286.000,0.000,0.000,-296.000,285.000,0.000,0.000,140.000,279.000,0.000,0.000,140.000,279.000,0.000,0.000,290.700,275.300,0.000,0.000,0.000,0.000,0,0
39.000,287.000,0.897,0.443,0,59.000,80.600,207.473,0,657.619,622.354,0,0,589.171,124.004,101.316,-85.000,286.000,0.000,0.000,-85.000,286.000,0.000,0.000,-296.000,285.000,0.000,0.000,140.000,279.000,0.000,0.000,140.000,279.000,0.000,0.000,290.700,275.300,0.000,0.000,0.000,0.000,0,0
39.000,287.000,0.897,0.443,0,59.000,80.600,207.473,0,657.619,622.354,0,0,589.171,124.004,101.316,-85.000,286.000,0.000,0.000,-85.000,286.000,0.000,0.000,-296.000,285.000,0.000,0.000,140.000,279.000,0.000,0.000,140.000,279.000,0.000,0.000,290.700,275.300,0.000,0.000,0.000,0.000,0,0
39.000,287.000,0.897,0.443,0,59.000,80.600,207.473,0,657.619,622.354,0,0,589.171,124.004,101.316,-85.000,286.000,0.000,0.000,-85.000,286.000,0.000,0.000,-296.000,285.000,0.000,0.000,140.000,279.000,0.000,0.000,140.000,279.000,0.000,0.000,290.700,275.300,0.000,0.000,0.000,0.000,0,0
39.000,287.000,0.897,0.443,0,59.000,80.600,207.473,0,657.619,622.354,0,0,589.171,124.004,101.316,-85.000,286.000,0.000,0.000,-85.000,286.000,0.000,0.000,-296.000,285.000,0.000,0.000,140.000,279.000,0.000,0.000,140.000,279.000,0.000,0.000,290.700,275.300,0.000,0.000,0.000,0.000,0,0
39.000,287.000,0.897,0.443,0,59.000,80.600,207.473,0,657.619,622.354,0,0,589.171,124.004,101.316,-85.000,286.000,0.000,0.000,-85.000,286.000,0.000,0.000,-296.000,285.000,0.000,0.000,140.000,279.000,0.000,0.000,140.000,279.000,0.000,0.000,290.700,275.300,0.000,0.000,0.000,0.000,0,0
39.000,287.000,0.897,0.443,0,59.000,80.600,207.473,0,657.619,622.354,0,0,589.171,124.004,101.316,-85.000,286.000,0.000,0.000,-85.000,286.000,0.000,0.000,-296.000,285.000,0.000,0.000,140.000,279.000,0.000,0.000,140.000,279.000,0.000,0.000,290.700,275.300,0.000,0.000,0.000,0.000,0,0
39.000,287.000,0.897,0.443,0,59.000,80.600,207.473,0,657.619,622.354,0,0,589.171,124.004,101.316,-85.000,286.000,0.000,0.000,-85.000,286.000,0.000,0.000,-296.000,285.000,0.000,0.000,140.000,279.000,0.000,0.000,140.000,279.000,0.000,0.000,290.700,275.300,0.000,0.000,0.000,0.000,0,0
39.000,287.000,0.897,0.443,0,59.000,80.600,207.473,0,657.619,622.354,0,0,589.171,124.004,101.316,-85.000,286.000,0.000,0.000,-85.000,286.000,0.000,0.000,-296.000,285.000,0.000,0.000,140.000,279.000,0.000,0.000,140.000,279.000,0.000,0.000,290.700,275.300,0.000,0.000,0.000,0.000,0,0
39.000,287.000,0.897,0.443,0,59.000,80.600,207.473,0,657.619,622.354,0,0,589.171,124.004,101.316,-85.000,286.000,0.000,0.000,-85.000,286.000,0.000,0.000,-296.000,285.000,0.000,0.000,140.000,279.000,0.000,0.000,140.000,279.000,0.000,0.000,290.700,275.300,0.000,0.000,0.000,0.000,0,0
39.000,287.000,0.897,0.443,0,59.000,80.600,207.473,0,657.619,622.354,0,0,589.171,124.004,101.316,-85.000,286.000,0.000,0.000,-85.000,286.000,0.000,0.000,-296.000,285.000,0.000,0.000,140.000,279.000,0.000,0.000,140.000,279.000,0.000,0.000,290.700,275.300,0.000,0.000,0.000,0.000,0,0
39.000,287.000,0.897,0.443,0,59.000,80.600,207.473,0,657.619,622.354,0,0,589.171,124.004,101.316,-85.000,286.000,0.000,0.000,-85.000,286.000,0.000,0.000,-296.000,285.000,0.000,0.000,140.000,279.000,0.000,0.000,140.000,279.000,0.000,0.000,290.700,275.300,0.000,0.000,0.000,0.000,0,0
39.000,287.000,0.897,0.443,0,59.000,80.600,207.473,0,657.619,622.354,0,0,589.171,124.004,101.316,-85.000,286.000,0.000,0.000,-85.000,286.000,0.000,0.000,-296.000,285.000,0.000,0.000,140.000,279.000,0.000,0.000,140.000,279.000,0.000,0.000,290.700,275.300,0.000,0.000,0.000,0.000,0,0
39.000,287.000,0.897,0.443,0,59.000,80.600,207.473,0,657.619,622.354,0,0,589.171,124.004,101.316,-85.000,286.000,0.000,0.000,-85.000,286.000,0.000,0.000,-296.000,285.000,0.000,0.000,140.000,279.000,0.000,0.000,140.000,279.000,0.000,0.000,290.700,275.300,0.000,0.000,0.000,0.000,0,0
39.000,287.000,0.897,0.443,0,59.000,80.600,207.473,0,657.619,622.354,0,0,589.171,124.004,101.316,-85.000,286.000,0.000,0.000,-85.000,286.000,0.000,0.000,-296.000,285.000,0.000,0.000,140.000,279.000,0.000,0.000,140.000,279.000,0.000,0.000,290.700,275.300,0.000,0.000,0.000,0.000,0,0
39.000,287.000,0.897,0.443,0,59.000,80.600,207.473,0,657.619,622.354,0,0,589.171,124.004,101.316,-85.000,286.000,0.000,0.000,-85.000,286.000,0.000,0.000,-296.000,285.000,0.000,0.000,140.000,279.000,0.000,0.000,140.000,279.000,0.000,0.000,290.700,275.300,0.000,0.000,0.000,0.000,0,0
39.000,287.000,0.897,0.443,0,59.000,80.600,207.473,0,657.619,622.354,0,0,589.171,124.004,101.316,-85.000,286.000,0.000,0.000,-85.000,286.000,0.000,0.000,-296.000,285.000,0.000,0.000,140.000,279.000,0.000,0.000,140.000,279.000,0.000,0.000,290.700,275.300,0.000,0.000,0.000,0.000,0,0
39.000,287.000,0.897,0.443,0,59.000,80.600,207.473,0,657.619,622.354,0,0,589.171,124.004,101.316,-85.000,286.000,0.000,0.000,-85.000,286.000,0.000,0.000,-296.000,285.000,0.000,0.000,140.000,279.000,0.000,0.000,140.000,279.000,0.000,0.000,290.700,275.300,0.000,0.000,0.000,0.000,0,0
39.000,287.000,0.897,0.443,0,59.000,80.600,207.473,0,657.619,622.354,0,0,589.171,124.004,101.316,-85.000,286.000,0.000,0.000,-85.000,286.000,0.000,0.000,-296.000,285.000,0.000,0.000,140.000,279.000,0.000,0.000,140.000,279.000,0.000,0.000,290.700,275.300,0.000,0.000,0.000,0.000,0,0
39.000,287.000,0.897,0.443,0,59.000,80.600,207.473,0,657.619,622.354,0,0,589.171,121.964,101.316,-82.800,280.686,0.382,-0.924,-82.800,280.686,0.382,-0.924,-296.000,285.000,0.000,0.000,140.000,279.000,0.000,0.000,140.000,279.000,0.000,0.000,286.297,271.600,-0.766,-0.643,0.000,0.000,0,0
39.000,287.000,0.897,0.443,0,59.000,80.600,207.473,0,657.619,622.354,0,0,589.171,119.754,101.316,-80.051,274.044,0.382,-0.924,-80.051,274.044,0.382,-0.924,-296.000,285.000,0.000,0.000,140.000,279.000,0.000,0.000,140.000,279.000,0.000,0.000,280.794,266.975,-0.766,-0.643,0.000,0.000,0,0
39.000,287.000,0.897,0.443,0,59.000,80.600,207.473,0,657.619,622.354,0,0,589.171,117.941,101.316,-77.301,267.402,0.382,-0.924,-77.301,267.402,0.382,-0.924,-296.000,285.000,0.000,0.000,140.000,279.000,0.000,0.000,140.000,279.000,0.000,0.000,275.290,262.351,-0.766,-0.643,0.000,0.000,0,0
39.000,287.000,0.897,0.443,0,59.000,80.600,207.473,0,657.619,622.354,0,0,589.171,116.544,101.316,-74.552,260.760,0.382,-0.924,-74.552,260.760,0.382,-0.924,-296.000,285.000,0.000,0.000,140.000,279.000,0.000,0.000,140.000,279.000,0.000,0.000,269.787,257.726,-0.766,-0.643,0.000,0.000,0,0
39.000,275.489,0.900,-0.436,0,59.000,80.600,196.025,0,655.105,617.706,0,0,589.171,112.844,101.061,-71.802,254.118,0.382,-0.924,-71.802,254.118,0.382,-0.924,-296.000,285.000,0.000,0.000,140.000,279.000,0.000,0.000,140.000,279.000,0.000,0.000,264.283,253.101,-0.766,-0.643,0.000,-1.000,0,0
39.000,261.100,0.172,-0.985,0,59.000,80.600,181.726,0,652.235,612.151,0,0,589.171,108.908,102.574,-69.052,247.476,0.382,-0.924,-69.052,247.476,0.382,-0.924,-296.000,285.000,0.000,0.000,140.000,279.000,0.000,0.000,140.000,279.000,0.000,0.000,258.780,248.477,-0.766,-0.643,0.000,-1.000,0,0
39.000,246.712,0.046,-0.999,0,59.000,80.600,167.443,0,649.671,606.887,0,0,589.171,105.467,106.036,-66.303,240.834,0.382,-0.924,-66.303,240.834,0.382,-0.924,-296.000,285.000,0.000,0.000,140.000,279.000,0.000,0.000,140.000,279.000,0.000,0.000,253.276,243.852,-0.766,-0.643,0.000,-1.000,0,0
39.000,232.323,0.014,-1.000,0,59.000,80.600,153.179,0,647.416,601.920,0,0,589.171,102.570,111.264,-63.553,234.192,0.382,-0.924,-63.553,234.192,0.382,-0.924,44.000,-93.000,0.000,0.000,140.000,279.000,0.000,0.000,140.000,279.000,0.000,0.000,247.772,239.227,-0.766,-0.643,0.000,-1.000,0,0
39.000,217.934,0.004,-1.000,0,59.000,80.600,138.941,0,645.475,597.259,0,0,589.171,100.266,118.026,-60.804,227.550,0.382,-0.924,-60.804,227.550,0.382,-0.924,44.000,-93.000,0.000,0.000,140.000,279.000,0.000,0.000,140.000,279.000,0.000,0.000,242.269,234.602,-0.766,-0.643,0.000,-1.000,0,0
39.000,203.546,0.001,-1.000,0,59.000,80.600,124.738,0,643.849,592.911,0,0,589.171,98.595,126.073,-58.054,220.908,0.382,-0.924,-58.054,220.908,0.382,-0.924,44.000,-93.000,0.000,0.000,140.000,279.000,0.000,0.000,140.000,279.000,0.000,0.000,236.765,229.978,-0.766,-0.643,0.000,-1.000,0,0
39.000,189.157,0.000,-1.000,0,59.000,80.600,110.583,0,642.541,588.882,0,0,589.171,97.590,135.177,-55.304,214.266,0.382,-0.924,-55.304,214.266,0.382,-0.924,44.000,-93.000,0.000,0.000,140.000,279.000,0.000,0.000,140.000,279.000,0.000,0.000,231.262,225.353,-0.766,-0.643,0.000,-1.000,0,0
39.000,174.768,0.000,-1.000,0,59.000,80.600,96.497,0,641.554,585.179,0,0,589.171,97.272,145.139,-52.555,207.624,0.382,-0.924,-52.555,207.624,0.382,-0.924,44.000,-93.000,0.000,0.000,140.000,279.000,0.000,0.000,140.000,279.000,0.000,0.000,225.758,220.728,-0.766,-0.643,0.000,-1.000,0,0
39.000,160.380,0.000,-1.000,0,59.000,80.600,82.515,0,640.888,581.809,0,0,589.171,97.647,155.794,-49.805,200.982,0.382,-0.924,-49.805,200.982,0.382,-0.924,44.000,-93.000,0.000,0.000,140.000,279.000,0.000,0.000,140.000,279.000,0.000,0.000,220.255,216.104,-0.766,-0.643,0.000,-1.000,0,0
39.000,145.991,0.000,-1.000,0,59.000,80.600,68.702,0,640.545,578.777,0,0,589.171,98.708,167.010,-47.056,194.340,0.382,-0.924,-47.056,194.340,0.382,-0.924,44.000,-93.000,0.000,0.000,140.000,279.000,0.000,0.000,140.000,279.000,0.000,0.000,214.751,211.479,-0.766,-0.643,0.000,-1.000,0,0
39.000,131.602,0.000,-1.000,0,59.000,80.600,55.184,0,640.525,576.088,0,0,589.171,100.432,178.682,-44.306,187.698,0.382,-0.924,-44.306,187.698,0.382,-0.924,44.000,-93.000,0.000,0.000,140.000,279.000,0.000,0.000,140.000,279.000,0.000,0.000,209.247,206.854,-0.766,-0.643,0.000,-1.000,0,0
45.105,119.742,0.376,-0.927,0,59.000,80.600,42.062,0,634.651,580.164,0,0,589.171,106.158,178.803,-41.557,181.055,0.382,-0.924,-41.557,181.055,0.382,-0.924,44.000,-93.000,0.000,0.000,203.744,202.229,-0.766,-0.643,203.744,202.229,-0.766,-0.643,140.000,279.000,0.000,0.000,1.000,-1.000,0,0
55.279,109.568,0.620,-0.784,1,64.668,97.699,15.133,1,624.862,588.771,0,0,596.628,114.268,167.882,-38.807,174.413,0.382,-0.924,-38.807,174.413,0.382,-0.924,44.000,-93.000,0.000,0.000,198.176,197.687,-0.800,-0.599,198.176,197.687,-0.800,-0.599,140.000,279.000,0.000,0.000,1.000,-1.000,0,0
65.453,99.394,0.685,-0.729,1,75.813,88.363,15.133,1,615.255,597.600,0,0,606.746,122.393,157.977,-36.057,167.771,0.382,-0.924,-36.057,167.771,0.382,-0.924,44.000,-93.000,0.000,0.000,192.578,193.181,-0.744,-0.668,192.578,193.181,-0.744,-0.668,190.558,-18.068,-0.733,0.680,1.000,-1.000,0,0
75.628,89.219,0.701,-0.713,1,86.235,78.426,15.133,1,605.837,606.643,0,0,616.272,130.530,149.299,-33.308,161.129,0.382,-0.924,-33.308,161.129,0.382,-0.924,44.000,-93.000,0.000,0.000,187.413,188.184,-0.678,-0.735,187.413,188.184,-0.678,-0.735,185.286,-13.181,-0.734,0.679,1.000,-1.000,0,0
88.331,85.150,0.938,-0.346,1,102.529,79.913,15.133,1,593.528,618.914,0,0,632.627,137.631,130.908,-30.558,154.487,0.382,-0.924,-30.558,154.487,0.382,-0.924,44.000,-93.000,0.000,0.000,180.119,-8.188,-0.661,0.750,180.119,-8.188,-0.661,0.750,182.737,182.727,-0.615,-0.788,1.000,0.000,0,0
102.719,85.150,0.995,-0.101,1,117.775,83.620,15.133,1,579.203,633.244,0,0,648.115,144.804,114.073,-27.809,147.845,0.382,-0.924,-27.809,147.845,0.382,-0.924,44.000,-93.000,0.000,0.000,175.664,-2.553,-0.558,0.830,175.664,-2.553,-0.558,0.830,178.499,176.923,-0.545,-0.838,1.000,0.000,0,0
117.108,85.150,1.000,-0.029,1,132.235,84.709,15.133,1,564.881,647.576,0,0,662.611,152.818,98.280,-25.059,141.203,0.382,-0.924,-25.059,141.203,0.382,-0.924,44.000,-93.000,0.000,0.000,171.978,3.613,-0.440,0.898,171.978,3.613,-0.440,0.898,174.850,170.734,-0.444,-0.896,1.000,0.000,0,0
131.497,85.150,1.000,-0.007,1,146.630,85.037,15.133,1,550.562,661.911,0,0,676.981,161.548,83.869,-22.310,134.561,0.382,-0.924,-22.310,134.561,0.382,-0.924,44.000,-93.000,0.000,0.000,169.226,10.247,-0.289,0.957,169.226,10.247,-0.289,0.957,172.033,164.126,-0.306,-0.952,1.000,0.000,0,0
145.885,85.150,1.000,-0.002,1,161.019,85.117,15.133,1,536.248,676.249,0,0,691.328,170.884,71.305,-19.560,127.919,0.382,-0.924,-19.560,127.919,0.382,-0.924,44.000,-93.000,0.000,0.000,167.675,17.255,-0.098,0.995,167.675,17.255,-0.098,0.995,170.323,157.153,-0.128,-0.992,1.000,0.000,0,0
160.274,85.150,1.000,-0.001,1,175.407,85.141,15.133,1,521.937,690.588,0,0,705.671,180.732,61.162,-16.810,121.277,0.382,-0.924,-16.810,121.277,0.382,-0.924,44.000,-93.000,0.000,0.000,167.607,24.429,0.127,0.992,167.607,24.429,0.127,0.992,169.995,149.985,0.083,-0.997,1.000,0.000,0,0
174.663,85.150,1.000,0.000,1,189.796,85.147,15.133,1,507.631,704.930,0,0,720.015,191.013,54.004,-14.061,114.635,0.382,-0.924,-14.061,114.635,0.382,-0.924,44.000,-93.000,0.000,0.000,169.194,31.424,0.358,0.934,169.194,31.424,0.358,0.934,171.236,142.919,0.306,-0.952,1.000,0.000,0,0
189.051,85.150,1.000,0.000,1,204.185,85.149,15.133,1,493.330,719.273,0,0,734.360,201.660,50.150,-11.311,107.993,0.382,-0.924,-11.311,107.993,0.382,-0.924,44.000,-93.000,0.000,0.000,172.369,37.856,0.558,0.830,172.369,37.856,0.558,0.830,174.036,136.314,0.508,-0.862,1.000,0.000,0,0
203.440,85.150,1.000,0.000,1,218.573,85.149,15.133,1,479.034,733.618,0,0,748.707,212.620,49.444,-8.562,101.351,0.382,-0.924,-8.562,101.351,0.382,-0.924,44.000,-93.000,0.000,0.000,176.842,43.470,0.708,0.707,176.842,43.470,0.708,0.707,178.168,130.445,0.666,-0.746,1.000,0.000,0,0
217.829,85.150,1.000,0.000,1,232.962,85.149,15.133,1,464.743,747.965,0,0,763.056,223.845,51.298,-5.812,94.708,0.382,-0.924,-5.812,94.708,0.382,-0.924,44.000,-93.000,0.000,0.000,182.242,48.203,0.808,0.589,182.242,48.203,0.808,0.589,183.297,125.420,0.777,-0.630,1.000,0.000,0,0
232.217,85.150,1.000,0.000,1,247.351,85.150,15.133,1,450.459,762.313,0,0,777.406,235.298,54.979,-3.062,88.066,0.382,-0.924,-3.062,88.066,0.382,-0.924,44.000,-93.000,0.000,0.000,188.256,52.134,0.873,0.488,188.256,52.134,0.873,0.488,189.111,121.199,0.850,-0.526,1.000,0.000,0,0
246.606,85.150,1.000,0.000,1,261.739,85.150,15.133,1,436.182,776.663,0,0,791.757,246.947,59.865,-0.313,81.424,0.382,-0.924,-0.313,81.424,0.382,-0.924,44.000,-93.000,0.000,0.000,194.660,55.393,0.914,0.405,194.660,55.393,0.914,0.405,195.372,117.674,0.898,-0.440,1.000,0.000,0,0
260.995,85.150,1.000,0.000,1,276.128,85.150,15.133,1,421.912,791.014,0,0,806.109,258.766,65.520,2.437,74.782,0.382,-0.924,2.437,74.782,0.382,-0.924,44.000,-93.000,0.000,0.000,201.314,58.111,0.940,0.340,201.314,58.111,0.940,0.340,201.924,114.720,0.929,-0.370,1.000,0.000,0,0
275.383,85.150,1.000,0.000,1,290.517,85.150,15.133,1,407.651,805.367,0,0,820.463,270.732,71.665,5.186,68.140,0.382,-0.924,5.186,68.140,0.382,-0.924,157.115,-181.275,0.950,-0.311,208.128,60.398,0.958,0.288,208.128,60.398,0.958,0.288,208.666,112.227,0.949,-0.314,1.000,0.000,0,0
289.772,85.150,1.000,0.000,1,304.905,85.150,15.133,1,393.399,819.721,0,0,834.819,282.827,78.127,7.936,61.498,0.948,0.318,7.936,61.498,0.948,0.318,163.947,-183.509,0.950,-0.311,215.049,62.341,0.969,0.246,215.049,62.341,0.969,0.246,215.533,110.105,0.963,-0.269,1.000,0.000,0,0
304.161,85.150,1.000,0.000,1,319.294,85.150,15.133,1,379.157,834.076,0,0,849.175,290.196,84.798,14.753,63.781,0.948,0.318,14.753,63.781,0.948,0.318,170.780,-185.743,0.950,-0.311,222.041,64.009,0.977,0.212,222.041,64.009,0.977,0.212,222.486,108.281,0.973,-0.232,1.000,0.000,0,0
318.550,85.150,1.000,0.000,1,333.683,85.150,15.133,1,364.927,848.432,0,0,863.532,297.593,91.609,21.569,66.063,0.948,0.318,21.569,66.063,0.948,0.318,177.613,-187.977,0.950,-0.311,229.083,65.454,0.983,0.185,229.083,65.454,0.983,0.185,229.498,106.700,0.979,-0.203,1.000,0.000,0,0
332.938,85.150,1.000,0.000,1,348.072,85.150,15.133,1,350.709,862.789,0,0,877.891,305.016,98.473,28.386,68.346,0.948,0.318,28.386,68.346,0.948,0.318,184.446,-190.211,0.950,-0.311,236.553,105.317,0.984,-0.178,236.553,105.317,0.984,-0.178,236.159,66.717,0.987,0.163,1.000,0.000,0,0
347.327,85.150,1.000,0.000,1,362.460,85.150,15.133,1,336.506,877.148,0,0,892.250,312.462,105.407,35.203,70.628,0.948,0.318,35.203,70.628,0.948,0.318,191.278,-192.445,0.950,-0.311,243.637,104.099,0.988,-0.157,243.637,104.099,0.988,-0.157,243.261,67.829,0.990,0.144,1.000,0.000,0,0
361.716,85.150,1.000,0.000,1,376.849,85.150,15.133,1,322.320,891.507,0,0,906.611,319.931,112.401,42.019,72.911,0.948,0.318,42.019,72.911,0.948,0.318,198.111,-194.679,0.950,-0.311,250.744,103.018,0.990,-0.140,250.744,103.018,0.990,-0.140,250.382,68.816,0.992,0.128,1.000,0.000,0,0
378.982,85.150,1.000,0.000,0,396.300,85.150,17.318,0,305.322,908.740,0,0,926.024,328.920,120.851,50.199,75.650,0.948,0.318,50.199,75.650,0.948,0.318,206.310,-197.360,0.950,-0.311,259.294,101.873,0.992,-0.125,259.294,101.873,0.992,-0.125,258.945,69.861,0.993,0.114,1.000,0.000,1,0
390.493,85.150,1.000,0.000,0,411.944,85.150,21.450,0,294.007,920.229,0,0,941.638,334.928,126.510,55.653,77.476,0.948,0.318,55.653,77.476,0.948,0.318,211.777,-199.147,0.950,-0.311,265.006,101.204,0.994,-0.109,265.006,101.204,0.994,-0.109,264.663,70.472,0.995,0.099,1.000,0.000,0,0
404.882,85.150,1.000,0.000,0,431.062,85.150,26.181,0,279.885,934.591,0,0,960.720,341.756,133.606,218.609,-201.381,0.950,-0.311,218.609,-201.381,0.950,-0.311,62.469,79.758,0.948,0.318,272.156,100.462,0.995,-0.096,272.156,100.462,0.995,-0.096,271.820,71.150,0.996,0.088,1.000,0.000,0,0
413.515,85.150,1.000,0.000,0,449.707,85.150,36.195,0,271.426,943.208,0,0,979.329,344.243,134.998,69.286,82.041,0.948,0.318,69.286,82.041,0.948,0.318,225.442,-203.615,0.950,-0.311,279.315,99.803,0.996,-0.086,279.315,99.803,0.996,-0.086,278.983,71.751,0.997,0.078,0.000,0.000,0,0
413.515,85.150,1.000,0.000,0,467.890,85.150,54.382,0,271.426,943.208,0,0,997.478,337.413,127.812,76.103,84.323,0.948,0.318,76.103,84.323,0.948,0.318,232.275,-205.849,0.950,-0.311,286.479,99.212,0.997,-0.077,286.479,99.212,0.997,-0.077,286.151,72.291,0.998,0.071,0.000,0.000,0,0
413.515,85.150,1.000,0.000,0,485.624,85.150,72.121,0,271.426,943.208,0,0,1015.177,330.599,120.628,82.920,86.606,0.948,0.318,82.920,86.606,0.948,0.318,239.108,-208.083,0.950,-0.311,293.648,98.677,0.998,-0.070,293.648,98.677,0.998,-0.070,293.324,72.779,0.998,0.064,0.000,0.000,0,0
413.515,85.150,1.000,0.000,0,502.918,85.150,89.422,0,271.426,943.208,0,0,1032.438,323.801,113.447,89.736,88.889,0.948,0.318,89.736,88.889,0.948,0.318,245.940,-210.317,0.950,-0.311,300.820,98.189,0.998,-0.064,300.820,98.189,0.998,-0.064,300.498,73.225,0.998,0.059,0.000,0.000,0,0
413.515,85.150,1.000,0.000,0,519.785,85.150,106.298,0,271.426,943.208,0,0,1049.272,317.019,106.269,96.553,91.171,0.948,0.318,96.553,91.171,0.948,0.318,252.773,-212.551,0.950,-0.311,307.995,97.741,0.998,-0.059,307.995,97.741,0.998,-0.059,307.675,73.634,0.999,0.054,0.000,0.000,0,0
413.515,85.150,1.000,0.000,0,536.234,85.150,122.759,0,271.426,943.208,0,0,1065.690,310.257,99.095,103.370,93.454,0.948,0.318,103.370,93.454,0.948,0.318,259.606,-214.785,0.950,-0.311,315.171,97.328,0.998,-0.055,315.171,97.328,0.998,-0.055,314.854,74.012,0.999,0.050,0.000,0.000,0,0
413.515,85.150,1.000,0.000,0,552.276,85.150,138.816,0,271.426,943.208,0,0,1081.702,303.514,91.925,110.186,95.736,0.948,0.318,110.186,95.736,0.948,0.318,266.439,-217.019,0.950,-0.311,322.350,96.943,0.999,-0.051,322.350,96.943,0.999,-0.051,322.034,74.363,0.999,0.047,0.000,0.000,0,0
413.515,85.150,1.000,0.000,0,567.921,85.150,154.479,0,271.426,943.208,0,0,1097.317,296.791,84.761,117.003,98.019,0.948,0.318,117.003,98.019,0.948,0.318,273.271,-219.253,0.950,-0.311,329.529,96.585,0.999,-0.048,329.529,96.585,0.999,-0.048,329.216,74.690,0.999,0.044,0.000,0.000,0,0
413.515,85.150,1.000,0.000,0,583.178,85.150,169.759,0,271.426,943.208,0,0,1112.547,290.091,77.603,123.820,100.301,0.948,0.318,123.820,100.301,0.948,0.318,280.104,-221.487,0.950,-0.311,336.710,96.249,0.999,-0.045,336.710,96.249,0.999,-0.045,336.398,74.997,0.999,0.041,0.000,0.000,0,0
413.515,85.150,1.000,0.000,0,598.058,85.150,184.665,0,271.426,943.208,0,0,1127.401,283.415,70.453,130.637,102.584,0.948,0.318,130.637,102.584,0.948,0.318,286.937,-223.721,0.950,-0.311,343.892,95.933,0.999,-0.042,343.892,95.933,0.999,-0.042,343.581,75.286,0.999,0.039,0.000,0.000,0,0
413.515,85.150,1.000,0.000,0,611.889,85.150,198.485,0,271.426,943.208,0,0,1141.216,276.765,63.315,137.453,104.866,0.948,0.318,137.453,104.866,0.948,0.318,293.770,-225.955,0.950,-0.311,351.075,95.635,0.999,-0.040,351.075,95.635,0.999,-0.040,350.764,75.558,0.999,0.037,0.000,0.000,0,0
413.515,85.150,1.000,0.000,0,625.357,85.150,211.946,0,271.426,943.208,0,0,1154.668,270.143,56.192,144.270,107.149,0.948,0.318,144.270,107.149,0.948,0.318,300.602,-228.189,0.950,-0.311,358.258,95.352,0.999,-0.038,358.258,95.352,0.999,-0.038,357.948,75.817,0.999,0.035,0.000,0.000,0,0
413.515,85.150,1.000,0.000,0,638.433,85.150,225.016,0,271.426,943.208,0,0,1167.729,263.550,49.090,151.087,109.432,0.948,0.318,151.087,109.432,0.948,0.318,303.761,-224.791,0.099,0.995,365.441,95.083,0.999,-0.036,365.441,95.083,0.999,-0.036,365.133,76.063,0.999,0.033,0.000,0.000,0,0
39.000,287.000,0.897,0.443,0,651.128,85.150,644.576,0,657.602,622.335,0,0,1180.410,124.004,101.316,-85.000,286.000,0.000,0.000,-85.000,286.000,0.000,0.000,-296.000,285.000,0.000,0.000,140.000,279.000,0.000,0.000,140.000,279.000,0.000,0.000,290.700,275.300,0.000,0.000,0.000,0.000,0,0
39.000,287.000,0.897,0.443,0,663.450,85.150,656.297,0,657.619,622.354,0,0,1192.719,124.004,101.316,-85.000,286.000,0.000,0.000,-85.000,286.000,0.000,0.000,-296.000,285.000,0.000,0.000,140.000,279.000,0.000,0.000,140.000,279.000,0.000,0.000,290.700,275.300,0.000,0.000,0.000,0.000,0,0
39.000,287.000,0.897,0.443,0,670.269,85.150,662.786,0,657.619,622.354,0,0,1199.533,124.004,101.316,-85.000,286.000,0.000,0.000,-85.000,286.000,0.000,0.000,-296.000,285.000,0.000,0.000,140.000,279.000,0.000,0.000,140.000,279.000,0.000,0.000,290.700,275.300,0.000,0.000,0.000,0.000,0,0
39.000,287.000,0.897,0.443,0,669.807,85.150,662.340,0,657.619,622.354,0,0,1199.076,124.004,101.316,-85.000,286.000,0.000,0.000,-85.000,286.000,0.000,0.000,-296.000,285.000,0.000,0.000,140.000,279.000,0.000,0.000,140.000,279.000,0.000,0.000,290.700,275.300,0.000,0.000,0.000,0.000,0,0
39.000,287.000,0.897,0.443,0,669.806,85.150,662.336,0,657.619,622.354,0,0,1199.079,124.004,101.316,-85.000,286.000,0.000,0.000,-85.000,286.000,0.000,0.000,-296.000,285.000,0.000,0.000,140.000,279.000,0.000,0.000,140.000,279.000,0.000,0.000,290.700,275.300,0.000,0.000,0.000,0.000,0,0
39.000,287.000,0.897,0.443,0,669.806,85.150,662.333,0,657.619,622.354,0,0,1199.083,124.004,101.316,-85.000,286.000,0.000,0.000,-85.000,286.000,0.000,0.000,-296.000,285.000,0.000,0.000,140.000,279.000,0.000,0.000,140.000,279.000,0.000,0.000,290.700,275.300,0.000,0.000,0.000,0.000,0,0
39.000,287.000,0.897,0.443,0,669.806,85.150,662.331,0,657.619,622.354,0,0,1199.085,124.004,101.316,-85.000,286.000,0.000,0.000,-85.000,286.000,0.000,0.000,-296.000,285.000,0.000,0.000,140.000,279.000,0.000,0.000,140.000,279.000,0.000,0.000,290.700,275.300,0.000,0.000,1.000,0.000,0,0
53.389,287.000,1.000,0.000,0,669.806,85.150,648.641,0,643.618,635.490,0,0,1199.086,138.392,86.980,-85.000,286.000,0.000,0.000,-85.000,286.000,0.000,0.000,-296.000,285.000,0.000,0.000,140.000,279.000,0.000,0.000,140.000,279.000,0.000,0.000,290.700,275.300,0.000,0.000,1.000,-1.000,0,0
63.563,276.826,0.861,-0.509,0,669.806,85.150,635.839,0,631.411,640.839,0,0,1199.087,148.846,76.468,-85.000,286.000,0.000,0.000,-85.000,286.000,0.000,0.000,-296.000,285.000,0.000,0.000,140.000,279.000,0.000,0.000,140.000,279.000,0.000,0.000,290.700,275.300,0.000,0.000,1.000,-1.000,0,0
65.598,263.280,0.346,-0.938,0,669.806,85.150,629.936,0,626.577,637.657,0,0,1199.086,152.302,76.045,-85.000,286.000,0.000,0.000,-85.000,286.000,0.000,0.000,44.000,-93.000,0.000,0.000,140.000,279.000,0.000,0.000,140.000,279.000,0.000,0.000,290.700,275.300,0.000,0.000,0.000,-1.000,0,0
65.598,248.891,0.098,-0.995,0,59.000,80.600,168.540,0,623.857,632.556,0,0,589.175,155.103,80.263,-85.000,286.000,0.000,0.000,-85.000,286.000,0.000,0.000,44.000,-93.000,0.000,0.000,140.000,279.000,0.000,0.000,140.000,279.000,0.000,0.000,290.700,275.300,0.000,0.000,0.000,-1.000,0,0
57.458,237.874,-0.459,-0.888,0,59.000,80.600,157.412,0,630.023,621.166,0,0,589.174,150.368,92.220,-85.000,286.000,0.000,0.000,-85.000,286.000,0.000,0.000,44.000,-93.000,0.000,0.000,140.000,279.000,0.000,0.000,140.000,279.000,0.000,0.000,290.700,275.300,0.000,0.000,-1.000,-1.000,0,0
47.284,227.700,-0.643,-0.765,0,59.000,80.600,147.711,0,638.558,608.218,0,0,589.172,144.562,105.962,-85.000,286.000,0.000,0.000,-85.000,286.000,0.000,0.000,44.000,-93.000,0.000,0.000,140.000,279.000,0.000,0.000,140.000,279.000,0.000,0.000,290.700,275.300,0.000,0.000,-1.000,-1.000,0,0
41.179,215.839,-0.446,-0.895,0,59.000,80.600,136.570,0,643.055,598.678,0,0,589.171,144.374,117.281,-85.000,286.000,0.000,0.000,-85.000,286.000,0.000,0.000,44.000,-93.000,0.000,0.000,140.000,279.000,0.000,0.000,140.000,279.000,0.000,0.000,290.700,275.300,0.000,0.000,0.000,-1.000,0,0
41.179,201.451,-0.124,-0.992,0,59.000,80.600,122.338,0,641.470,594.391,0,0,589.171,151.888,125.616,-85.000,286.000,0.000,0.000,-85.000,286.000,0.000,0.000,44.000,-93.000,0.000,0.000,140.000,279.000,0.000,0.000,140.000,279.000,0.000,0.000,290.700,275.300,0.000,0.000,0.000,-1.000,0,0
37.110,188.748,-0.322,-0.947,0,59.000,80.600,110.540,0,644.393,586.952,0,0,589.171,156.105,136.864,-85.000,286.000,0.000,0.000,-85.000,286.000,0.000,0.000,44.000,-93.000,0.000,0.000,140.000,279.000,0.000,0.000,140.000,279.000,0.000,0.000,290.700,275.300,0.000,0.000,-1.000,-1.000,0,0
26.935,178.574,-0.605,-0.796,0,59.000,80.600,103.300,0,653.821,574.464,0,0,589.171,155.145,151.225,-85.000,286.000,0.000,0.000,-85.000,286.000,0.000,0.000,44.000,-93.000,0.000,0.000,140.000,279.000,0.000,0.000,140.000,279.000,0.000,0.000,290.700,275.300,0.000,0.000,-1.000,-1.000,0,0
16.761,168.399,-0.681,-0.733,0,59.000,80.600,97.657,0,663.427,562.066,0,0,589.171,155.516,165.591,-85.000,286.000,0.000,0.000,-85.000,286.000,0.000,0.000,44.000,-93.000,0.000,0.000,140.000,279.000,0.000,0.000,140.000,279.000,0.000,0.000,108.800,-94.600,0.000,0.000,-1.000,-1.000,0,0
6.587,158.225,-0.700,-0.714,0,59.000,80.600,93.898,0,673.204,549.766,0,0,589.171,157.209,179.960,-85.000,286.000,0.000,0.000,-85.000,286.000,0.000,0.000,44.000,-93.000,0.000,0.000,140.000,279.000,0.000,0.000,140.000,279.000,0.000,0.000,108.800,-94.600,0.000,0.000,-1.000,-1.000,0,0
4.552,144.679,-0.310,-0.951,0,59.000,80.600,84.349,0,674.966,544.798,0,0,589.171,167.306,190.757,-85.000,286.000,0.000,0.000,-85.000,286.000,0.000,0.000,44.000,-93.000,0.000,0.000,140.000,279.000,0.000,0.000,140.000,279.000,0.000,0.000,108.800,-94.600,0.000,0.000,0.000,-1.000,0,0
4.552,130.290,-0.086,-0.996,0,59.000,80.600,74.012,0,674.975,541.976,0,0,589.171,179.625,201.149,-85.000,286.000,0.000,0.000,-85.000,286.000,0.000,0.000,44.000,-93.000,0.000,0.000,140.000,279.000,0.000,0.000,140.000,279.000,0.000,0.000,108.800,-94.600,0.000,0.000,1.000,-1.000,0,0
14.726,120.116,0.486,-0.874,0,59.000,80.600,59.713,0,664.998,550.236,0,0,589.171,193.553,202.331,-85.000,286.000,0.000,0.000,-85.000,286.000,0.000,0.000,44.000,-93.000,0.000,0.000,140.000,279.000,0.000,0.000,140.000,279.000,0.000,0.000,108.800,-94.600,0.000,0.000,1.000,-1.000,0,0
24.901,109.942,0.649,-0.761,0,59.000,80.600,45.472,0,655.186,558.744,0,0,589.171,203.839,204.520,44.000,-93.000,0.000,0.000,44.000,-93.000,0.000,0.000,-85.000,286.000,0.000,0.000,140.000,279.000,0.000,0.000,140.000,279.000,0.000,0.000,108.800,-94.600,0.000,0.000,1.000,-1.000,0,0
35.075,99.767,0.692,-0.722,1,45.547,88.843,15.133,1,645.545,567.489,0,0,576.682,192.974,207.686,44.000,-93.000,0.000,0.000,44.000,-93.000,0.000,0.000,-85.000,286.000,0.000,0.000,140.000,279.000,0.000,0.000,140.000,279.000,0.000,0.000,108.800,-94.600,0.000,0.000,1.000,-1.000,0,0
45.249,89.593,0.703,-0.711,1,55.887,78.830,15.133,1,636.083,576.461,0,0,586.063,182.597,194.848,44.000,-93.000,0.000,0.000,44.000,-93.000,0.000,0.000,-67.000,-108.000,0.000,0.000,108.800,-94.600,0.000,0.000,108.800,-94.600,0.000,0.000,140.000,279.000,0.000,0.000,1.000,-1.000,0,0
57.952,85.523,0.936,-0.351,1,72.124,80.215,15.133,1,623.750,588.703,0,0,602.352,179.068,187.163,44.000,-93.000,0.000,0.000,44.000,-93.000,0.000,0.000,-67.000,-108.000,0.000,0.000,108.800,-94.600,0.000,0.000,108.800,-94.600,0.000,0.000,140.000,279.000,0.000,0.000,1.000,0.000,0,0
72.341,85.523,0.995,-0.102,1,87.396,83.985,15.133,1,609.418,603.026,0,0,617.882,180.759,183.776,44.000,-93.000,0.000,0.000,44.000,-93.000,0.000,0.000,-67.000,-108.000,0.000,0.000,108.800,-94.600,0.000,0.000,108.800,-94.600,0.000,0.000,140.000,279.000,0.000,0.000,1.000,0.000,0,0
86.730,85.523,1.000,-0.029,1,101.856,85.083,15.133,1,595.089,617.352,0,0,632.379,183.566,181.470,44.000,-93.000,0.000,0.000,44.000,-93.000,0.000,0.000,-67.000,-108.000,0.000,0.000,108.800,-94.600,0.000,0.000,108.800,-94.600,0.000,0.000,140.000,279.000,0.000,0.000,1.000,0.000,0,0
97.747,93.663,0.876,0.482,1,111.008,100.954,15.133,1,583.446,629.084,0,0,643.029,194.247,188.587,44.000,-93.000,0.000,0.000,44.000,-93.000,0.000,0.000,-67.000,-108.000,0.000,0.000,108.800,-94.600,0.000,0.000,108.800,-94.600,0.000,0.000,140.000,279.000,0.000,0.000,1.000,1.000,0,0
107.921,103.837,0.764,0.646,1,119.477,113.608,15.133,1,572.610,640.284,0,0,652.928,206.956,178.076,44.000,-93.000,0.000,0.000,44.000,-93.000,0.000,0.000,-85.000,286.000,0.000,0.000,140.000,279.000,0.000,0.000,140.000,279.000,0.000,0.000,108.800,-94.600,0.000,0.000,1.000,1.000,0,0
121.467,105.872,0.968,0.251,1,136.114,109.677,15.133,1,558.974,653.969,0,0,668.955,213.427,174.117,44.000,-93.000,0.000,0.000,44.000,-93.000,0.000,0.000,-85.000,286.000,0.000,0.000,140.000,279.000,0.000,0.000,140.000,279.000,0.000,0.000,108.800,-94.600,0.000,0.000,1.000,0.000,0,0
135.013,103.837,1.000,-0.028,1,150.140,103.416,15.133,1,545.579,667.198,0,0,682.188,216.860,175.234,44.000,-93.000,0.000,0.000,44.000,-93.000,0.000,0.000,-77.816,285.737,0.999,-0.037,140.000,279.000,0.000,0.000,140.000,279.000,0.000,0.000,108.800,-94.600,0.000,0.000,1.000,-1.000,0,0
145.187,93.663,0.837,-0.548,1,157.847,85.372,15.133,1,536.173,676.290,0,0,688.187,212.325,185.410,44.000,-93.000,0.000,0.000,44.000,-93.000,0.000,0.000,-55.145,-99.866,0.825,0.566,140.000,279.000,0.000,0.000,140.000,279.000,0.000,0.000,108.800,-94.600,0.000,0.000,1.000,-1.000,0,0
153.327,82.646,0.612,-0.791,1,162.581,70.672,15.133,1,529.102,683.470,0,0,691.904,206.890,182.753,44.000,-93.000,0.000,0.000,44.000,-93.000,0.000,0.000,-49.217,-95.799,0.825,0.566,108.800,-94.600,0.000,0.000,108.800,-94.600,0.000,0.000,140.000,279.000,0.000,0.000,0.000,-1.000,0,0
153.327,68.257,0.190,-0.982,1,156.206,53.400,15.133,1,530.798,682.532,0,0,684.757,194.823,168.834,44.000,-93.000,0.000,0.000,44.000,-93.000,0.000,0.000,-43.289,-91.732,0.825,0.566,108.800,-94.600,0.000,0.000,108.800,-94.600,0.000,0.000,274.612,-73.118,-0.683,0.730,0.000,-1.000,0,0
153.327,53.868,0.056,-0.998,1,154.175,38.759,15.133,1,532.876,681.895,0,0,682.401,183.092,155.001,44.000,-93.000,0.000,0.000,44.000,-93.000,0.000,0.000,-37.362,-87.665,0.825,0.566,108.800,-94.600,0.000,0.000,108.800,-94.600,0.000,0.000,269.551,-68.015,-0.734,0.679,1.000,-1.000,0,0
165.187,47.764,0.774,-0.633,1,176.907,38.190,15.133,1,522.193,693.570,0,0,705.120,185.743,148.701,44.000,-93.000,0.000,0.000,44.000,-93.000,0.000,0.000,-31.434,-83.598,0.825,0.566,264.423,-62.980,-0.654,0.756,264.423,-62.980,-0.654,0.756,108.800,-94.600,0.000,0.000,1.000,0.000,0,0
179.575,47.764,0.983,-0.182,1,194.457,45.016,15.133,1,508.033,707.951,0,0,722.766,195.436,132.329,44.000,-93.000,0.000,0.000,44.000,-93.000,0.000,0.000,-25.507,-79.531,0.825,0.566,260.066,-57.271,-0.540,0.842,260.066,-57.271,-0.540,0.842,108.800,-94.600,0.000,0.000,1.000,0.000,0,0
191.435,53.868,0.942,0.335,1,205.692,58.943,15.133,1,495.299,719.974,0,0,734.397,208.104,123.443,44.000,-93.000,0.000,0.000,44.000,-93.000,0.000,0.000,-19.579,-75.464,0.825,0.566,256.510,-51.030,-0.419,0.908,256.510,-51.030,-0.419,0.908,108.800,-94.600,0.000,0.000,1.000,1.000,0,0
201.610,64.043,0.793,0.609,1,213.609,73.264,15.133,1,483.623,730.532,0,0,742.985,222.493,120.324,44.000,-93.000,0.000,0.000,44.000,-93.000,0.000,0.000,-13.651,-71.397,0.825,0.566,253.778,-44.384,-0.323,0.946,253.778,-44.384,-0.323,0.946,259.648,219.180,-0.301,-0.954,1.000,1.000,0,0
211.784,74.217,0.731,0.682,1,222.848,84.542,15.133,1,472.096,741.218,0,0,752.926,236.882,118.639,44.000,-93.000,0.000,0.000,44.000,-93.000,0.000,0.000,-7.724,-67.330,0.825,0.566,251.722,-37.498,-0.230,0.973,251.722,-37.498,-0.230,0.973,257.585,212.294,-0.262,-0.965,1.000,1.000,0,0
225.330,76.252,0.954,0.300,1,239.767,80.790,15.133,1,458.407,754.858,0,0,769.547,248.046,109.597,44.000,-93.000,0.000,0.000,44.000,-93.000,0.000,0.000,-1.796,-63.263,0.825,0.566,250.425,-30.433,-0.095,0.995,250.425,-30.433,-0.095,0.995,256.029,205.282,-0.130,-0.992,1.000,0.000,0,0
239.719,76.252,0.996,0.090,1,254.791,77.608,15.133,1,444.162,769.218,0,0,784.341,258.751,100.052,44.000,-93.000,0.000,0.000,44.000,-93.000,0.000,0.000,4.132,-59.196,0.825,0.566,250.142,-23.256,0.046,0.999,250.142,-23.256,0.046,0.999,255.460,198.120,-0.006,-1.000,1.000,-1.000,0,0
249.893,66.077,0.868,-0.496,1,263.033,58.571,15.133,1,435.657,778.847,0,0,791.674,260.187,82.183,44.000,-93.000,0.000,0.000,44.000,-93.000,0.000,0.000,10.059,-55.129,0.825,0.566,250.798,-16.101,0.162,0.987,250.798,-16.101,0.162,0.987,255.618,190.935,0.056,-0.998,1.000,-1.000,0,0
263.439,64.043,0.973,-0.232,1,278.160,60.534,15.133,1,422.662,792.289,0,0,806.858,269.844,73.982,44.000,-93.000,0.000,0.000,44.000,-93.000,0.000,0.000,15.987,-51.062,0.825,0.566,252.480,-9.123,0.346,0.938,252.480,-9.123,0.346,0.938,256.317,183.784,0.175,-0.985,1.000,0.000,0,0
277.828,64.043,0.998,-0.061,1,292.932,63.113,15.133,1,408.513,806.662,0,0,821.715,278.964,70.281,21.914,-46.995,0.825,0.566,21.914,-46.995,0.825,0.566,44.000,-93.000,0.000,0.000,255.412,-2.569,0.496,0.868,255.412,-2.569,0.496,0.868,257.924,176.782,0.294,-0.956,1.000,0.000,0,0
289.688,70.147,0.914,0.405,1,303.522,76.282,15.133,1,395.773,818.780,0,0,832.908,285.218,73.254,27.842,-42.928,0.825,0.566,27.842,-42.928,0.825,0.566,44.000,-93.000,0.000,0.000,259.205,3.536,0.520,0.854,259.205,3.536,0.520,0.854,260.385,170.033,0.418,-0.908,1.000,1.000,0,0
299.862,80.321,0.780,0.626,1,311.665,89.793,15.133,1,384.105,829.485,0,0,841.875,291.564,79.709,33.770,-38.861,0.825,0.566,33.770,-38.861,0.825,0.566,44.000,-93.000,0.000,0.000,262.924,9.688,0.520,0.854,262.924,9.688,0.520,0.854,263.744,163.684,0.544,-0.839,1.000,0.000,0,0
314.251,80.321,0.977,0.215,1,329.030,83.575,15.133,1,369.897,843.846,0,0,858.792,297.710,80.136,39.697,-34.794,0.825,0.566,39.697,-34.794,0.825,0.566,44.000,-93.000,0.000,0.000,267.141,15.495,0.673,0.740,267.141,15.495,0.673,0.740,267.945,157.855,0.635,-0.772,1.000,0.000,0,0
328.640,80.321,0.998,0.057,1,343.749,81.178,15.133,1,355.705,858.208,0,0,873.339,304.021,82.177,45.625,-30.727,0.825,0.566,45.625,-30.727,0.825,0.566,44.000,-93.000,0.000,0.000,272.259,20.536,0.763,0.647,272.259,20.536,0.763,0.647,272.718,152.483,0.706,-0.708,1.000,0.000,0,0
341.343,76.252,0.957,-0.291,1,355.822,71.853,15.133,1,343.895,870.667,0,0,884.911,307.521,81.570,51.553,-26.660,0.825,0.566,51.553,-26.660,0.825,0.566,44.000,-93.000,0.000,0.000,277.953,24.915,0.856,0.516,277.953,24.915,0.856,0.516,277.936,147.540,0.717,-0.697,1.000,-1.000,0,0
351.517,66.077,0.794,-0.608,1,363.527,56.871,15.133,1,335.929,880.361,0,0,892.045,307.116,77.129,57.480,-22.593,0.825,0.566,57.480,-22.593,0.825,0.566,44.000,-93.000,0.000,0.000,284.384,28.103,0.940,0.342,284.384,28.103,0.940,0.342,282.971,142.410,0.686,-0.728,1.000,0.000,0,0
365.906,66.077,0.982,-0.187,1,380.772,63.247,15.133,1,321.904,894.736,0,0,909.484,314.106,82.771,63.408,-18.526,0.825,0.566,63.408,-18.526,0.825,0.566,44.000,-93.000,0.000,0.000,291.129,30.588,0.940,0.342,291.129,30.588,0.940,0.342,288.216,137.503,0.780,-0.626,1.000,0.000,0,0
380.294,66.077,0.999,-0.054,1,395.406,65.266,15.133,1,307.914,909.112,0,0,924.179,321.219,88.786,69.336,-14.459,0.825,0.566,69.336,-14.459,0.825,0.566,80.229,279.946,0.999,-0.037,297.909,32.978,0.949,0.314,297.909,32.978,0.949,0.314,293.983,133.216,0.831,-0.557,1.000,0.000,0,0
394.683,66.077,1.000,-0.014,1,409.815,65.865,15.133,1,293.961,923.488,0,0,938.598,328.446,95.092,75.263,-10.392,0.825,0.566,75.263,-10.392,0.825,0.566,87.413,279.683,0.999,-0.037,304.764,35.141,0.960,0.281,304.764,35.141,0.960,0.281,300.061,129.380,0.866,-0.501,1.000,0.000,0,0
411.950,66.077,1.000,-0.003,0,429.267,65.959,17.318,0,277.277,940.739,0,0,958.038,337.259,102.936,82.376,-5.512,0.825,0.566,82.376,-5.512,0.825,0.566,96.034,279.367,0.999,-0.037,313.083,37.421,0.969,0.247,313.083,37.421,0.969,0.247,307.646,125.274,0.893,-0.450,1.000,0.000,1,0
414.827,66.077,1.000,-0.002,0,444.910,65.879,30.084,0,274.503,943.615,0,0,973.665,334.758,99.959,87.118,-2.258,0.825,0.566,87.118,-2.258,0.825,0.566,101.781,279.156,0.999,-0.037,318.683,38.729,0.978,0.210,318.683,38.729,0.978,0.210,312.859,122.847,0.918,-0.396,0.000,0.000,0,0
414.827,66.077,1.000,-0.002,0,464.028,65.780,49.203,0,274.503,943.615,0,0,992.762,328.137,92.793,93.046,1.809,0.825,0.566,93.046,1.809,0.825,0.566,108.965,278.893,0.999,-0.037,325.728,40.156,0.983,0.182,325.728,40.156,0.983,0.182,319.514,120.131,0.936,-0.352,0.000,0.000,0,0
414.827,66.077,1.000,-0.002,0,482.673,65.685,67.849,0,274.503,943.615,0,0,1011.386,321.540,85.651,98.974,5.876,0.825,0.566,98.974,5.876,0.825,0.566,116.149,278.630,0.999,-0.037,332.808,41.399,0.987,0.160,332.808,41.399,0.987,0.160,326.282,117.709,0.949,-0.316,0.000,0.000,0,0
414.827,66.077,1.000,-0.002,0,500.857,65.591,86.035,0,274.503,943.615,0,0,1029.549,314.969,78.539,104.901,9.943,0.825,0.566,104.901,9.943,0.825,0.566,123.332,278.367,0.999,-0.037,339.913,42.495,0.990,0.142,339.913,42.495,0.990,0.142,333.132,115.530,0.958,-0.285,0.000,0.000,0,0
414.827,66.077,1.000,-0.002,0,518.590,65.500,103.772,0,274.503,943.615,0,0,1047.261,308.425,71.462,110.829,14.010,0.825,0.566,110.829,14.010,0.825,0.566,130.516,278.104,0.999,-0.037,347.035,43.472,0.992,0.127,347.035,43.472,0.992,0.127,340.044,113.554,0.966,-0.260,0.000,0.000,0,0
414.827,66.077,1.000,-0.002,0,535.884,65.411,121.073,0,274.503,943.615,0,0,1064.535,301.911,64.431,116.757,18.077,0.825,0.566,116.757,18.077,0.825,0.566,137.700,277.841,0.999,-0.037,354.170,44.351,0.993,0.115,354.170,44.351,0.993,0.115,347.002,111.750,0.971,-0.238,0.000,0.000,0,0
414.827,66.077,1.000,-0.002,0,552.751,65.325,137.947,0,274.503,943.615,0,0,1081.380,295.428,57.461,122.684,22.144,0.825,0.566,122.684,22.144,0.825,0.566,144.884,277.578,0.999,-0.037,361.314,45.148,0.994,0.105,361.314,45.148,0.994,0.105,353.997,110.092,0.976,-0.220,0.000,0.000,0,0
414.827,66.077,1.000,-0.002,0,569.199,65.240,154.406,0,274.503,943.615,0,0,1097.809,288.979,50.572,128.612,26.211,0.825,0.566,128.612,26.211,0.825,0.566,152.068,277.315,0.999,-0.037,368.466,45.876,0.995,0.096,368.466,45.876,0.995,0.096,361.021,108.560,0.979,-0.204,0.000,0.000,0,0
414.827,66.077,1.000,-0.002,0,585.241,65.158,170.461,0,274.503,943.615,0,0,1113.831,282.565,43.801,134.539,30.278,0.825,0.566,134.539,30.278,0.825,0.566,159.252,277.051,0.999,-0.037,375.623,46.544,0.996,0.088,375.623,46.544,0.996,0.088,368.067,107.137,0.982,-0.190,0.000,0.000,0,0
414.827,66.077,1.000,-0.002,0,600.886,65.078,186.122,0,274.503,943.615,0,0,1129.456,276.189,37.210,140.467,34.345,0.825,0.566,140.467,34.345,0.825,0.566,166.436,276.788,0.999,-0.037,382.785,47.160,0.997,0.082,382.785,47.160,0.997,0.082,375.132,105.808,0.984,-0.178,0.000,0.000,0,0
414.827,66.077,1.000,-0.002,0,616.143,64.999,201.399,0,274.503,943.615,0,0,1144.695,269.855,30.909,146.395,38.412,0.825,0.566,146.395,38.412,0.825,0.566,173.620,276.525,0.999,-0.037,389.951,47.732,0.997,0.076,389.951,47.732,0.997,0.076,382.212,104.564,0.986,-0.167,0.000,0.000,0,0
414.827,66.077,1.000,-0.002,0,609.297,78.618,194.874,2,274.503,943.615,0,0,1138.406,263.564,27.504,152.322,42.479,0.825,0.566,152.322,42.479,0.825,0.566,180.804,276.262,0.999,-0.037,394.467,47.586,0.990,0.143,394.467,47.586,0.990,0.143,386.551,104.262,0.993,-0.114,0.000,0.000,0,0
414.827,66.077,1.000,-0.002,0,609.649,71.438,194.895,2,274.503,943.615,0,0,1138.480,257.320,21.987,158.250,46.546,0.825,0.566,158.250,46.546,0.825,0.566,187.988,275.999,0.999,-0.037,401.595,48.518,0.994,0.110,401.595,48.518,0.994,0.110,393.681,103.349,0.989,-0.146,0.000,0.000,0,0
414.827,66.077,1.000,-0.002,0,610.001,64.258,195.182,2,274.503,943.615,0,0,1138.598,251.126,17.933,164.178,50.613,0.825,0.566,164.178,50.613,0.825,0.566,195.172,275.736,0.999,-0.037,408.750,49.206,0.997,0.075,408.750,49.206,0.997,0.075,400.778,102.205,0.984,-0.178,0.000,0.000,0,0
414.827,66.077,1.000,-0.002,0,610.353,57.078,195.732,2,274.503,943.615,0,0,1138.762,244.987,16.476,170.105,54.680,0.825,0.566,170.105,54.680,0.825,0.566,202.355,275.473,0.999,-0.037,415.926,49.638,0.999,0.038,415.926,49.638,0.999,0.038,407.833,100.829,0.977,-0.211,0.000,0.000,0,0
414.827,57.444,0.696,-0.718,0,610.704,49.898,196.022,2,276.888,943.332,0,0,1138.972,238.798,11.269,176.033,58.747,0.825,0.566,176.033,58.747,0.825,0.566,209.539,275.209,0.999,-0.037,423.112,49.806,1.000,0.000,423.112,49.806,1.000,0.000,414.838,99.216,0.970,-0.244,0.000,-1.000,0,0
414.827,43.055,0.201,-0.980,0,611.056,42.718,196.229,2,281.406,943.037,0,0,1139.226,233.703,16.837,181.961,62.814,0.825,0.566,181.961,62.814,0.825,0.566,216.723,274.946,0.999,-0.037,430.299,49.697,0.999,-0.039,430.299,49.697,0.999,-0.039,421.784,97.365,0.961,-0.277,0.000,-1.000,0,0
420.932,31.195,0.401,-0.916,0,611.408,35.538,190.526,2,279.978,949.063,0,0,1139.526,235.760,24.529,187.888,66.881,0.825,0.566,187.888,66.881,0.825,0.566,223.907,274.683,0.999,-0.037,437.477,49.305,0.997,-0.079,437.477,49.305,0.997,-0.079,428.662,95.275,0.951,-0.311,1.000,0.000,0,0
435.321,31.195,0.938,-0.346,0,611.760,28.358,176.462,2,266.758,963.449,0,0,1139.872,244.755,19.756,193.816,70.948,0.825,0.566,193.816,70.948,0.825,0.566,231.091,274.420,0.999,-0.037,444.632,48.619,0.993,-0.120,444.632,48.619,0.993,-0.120,435.462,92.946,0.939,-0.344,1.000,0.000,0,0
443.954,31.195,0.990,-0.144,0,612.112,21.178,168.456,2,258.885,972.082,0,0,1140.262,248.111,18.193,199.744,75.015,0.825,0.566,199.744,75.015,0.825,0.566,238.275,274.157,0.999,-0.037,451.752,47.632,0.987,-0.163,451.752,47.632,0.987,-0.163,442.176,90.378,0.926,-0.377,0.000,0.000,0,0
432.443,31.195,0.341,-0.940,0,612.464,13.998,180.840,2,269.392,960.572,0,0,1140.698,231.773,30.417,205.671,79.082,0.825,0.566,205.671,79.082,0.825,0.566,245.459,273.894,0.999,-0.037,458.823,46.338,0.979,-0.206,458.823,46.338,0.979,-0.206,448.794,87.572,0.912,-0.410,-1.000,0.000,0,0
426.688,31.195,-0.491,-0.871,0,612.816,6.818,187.718,2,274.676,954.817,0,0,1141.178,221.274,41.417,211.599,83.149,0.825,0.566,211.599,83.149,0.825,0.566,252.643,273.631,0.999,-0.037,465.829,44.732,0.968,-0.250,465.829,44.732,0.968,-0.250,455.308,84.531,0.897,-0.442,1.000,0.000,0,0
438.199,31.195,0.564,-0.826,0,613.167,-0.362,177.792,2,264.128,966.327,0,0,1141.704,227.672,36.457,217.527,87.216,0.825,0.566,217.527,87.216,0.825,0.566,259.827,273.367,0.999,-0.037,472.756,42.810,0.956,-0.294,472.756,42.810,0.956,-0.294,461.708,81.258,0.880,-0.474,0.000,0.000,0,0
429.565,31.195,0.030,-1.000,0,613.519,-7.542,187.989,2,272.032,957.695,0,0,1142.275,214.691,50.892,223.454,91.283,0.825,0.566,223.454,91.283,0.825,0.566,267.011,273.104,0.999,-0.037,479.586,40.570,0.941,-0.338,479.586,40.570,0.941,-0.338,467.986,77.757,0.863,-0.506,-1.000,0.000,0,0
435.321,31.195,0.146,-0.989,0,613.871,-14.723,184.360,2,266.758,963.449,0,0,1142.891,215.700,51.437,229.382,95.350,0.825,0.566,229.382,95.350,0.825,0.566,274.194,272.841,0.999,-0.037,486.304,38.013,0.924,-0.382,486.304,38.013,0.924,-0.382,474.135,74.034,0.844,-0.536,1.000,0.000,0,0
435.321,31.195,0.343,-0.939,0,614.223,-21.903,186.616,2,266.758,963.449,0,0,1143.551,211.326,57.708,235.310,99.417,0.825,0.566,235.310,99.417,0.825,0.566,281.378,272.578,0.999,-0.037,492.893,35.141,0.905,-0.425,492.893,35.141,0.905,-0.425,480.147,70.094,0.825,-0.566,-1.000,0.000,0,0
429.565,31.195,-0.360,-0.933,0,614.575,-29.083,194.582,2,272.032,957.695,0,0,1144.257,201.725,66.289,241.237,103.484,0.825,0.566,241.237,103.484,0.825,0.566,288.562,272.315,0.999,-0.037,486.017,65.944,0.804,-0.594,486.017,65.944,0.804,-0.594,499.339,31.960,0.884,-0.468,1.000,0.000,0,0
441.076,31.195,0.659,-0.752,0,614.927,-36.263,186.480,2,261.504,969.204,0,0,1145.007,208.403,59.080,247.165,107.551,0.825,0.566,247.165,107.551,0.825,0.566,295.746,272.052,0.999,-0.037,491.737,61.591,0.783,-0.622,491.737,61.591,0.783,-0.622,505.626,28.475,0.860,-0.510,0.000,0.000,0,0
441.076,31.195,0.659,-0.752,0,615.279,-43.443,189.519,2,261.504,969.204,0,0,1145.801,204.464,61.884,253.093,111.618,0.825,0.566,253.093,111.618,0.825,0.566,302.930,271.789,0.999,-0.037,497.304,57.043,0.761,-0.648,497.304,57.043,0.761,-0.648,511.740,24.695,0.835,-0.550,0.000,0.000,0,0
441.076,31.195,0.659,-0.752,0,615.631,-50.623,192.778,2,261.504,969.204,0,0,1146.641,200.706,65.152,259.020,115.685,0.825,0.566,259.020,115.685,0.825,0.566,310.114,271.525,0.999,-0.037,502.713,52.308,0.739,-0.674,502.713,52.308,0.739,-0.674,517.669,20.631,0.809,-0.588,0.000,0.000,0,0
441.076,31.195,0.659,-0.752,0,615.982,-57.803,196.247,2,261.504,969.204,0,0,1147.524,197.138,68.818,264.948,119.752,0.825,0.566,264.948,119.752,0.825,0.566,317.297,271.262,0.999,-0.037,507.961,47.396,0.716,-0.698,507.961,47.396,0.716,-0.698,523.403,16.296,0.781,-0.625,0.000,0.000,0,0
441.076,31.195,0.659,-0.752,0,616.334,-64.983,199.914,2,261.504,969.204,0,0,1148.452,193.772,72.822,270.875,123.819,0.825,0.566,270.875,123.819,0.825,0.566,324.481,270.999,0.999,-0.037,513.045,42.314,0.694,-0.720,513.045,42.314,0.694,-0.720,528.932,11.703,0.752,-0.660,0.000,0.000,0,0
441.076,31.195,0.659,-0.752,0,616.686,-72.163,203.769,2,261.504,969.204,0,0,1149.424,190.617,77.112,276.803,127.886,0.825,0.566,276.803,127.886,0.825,0.566,331.665,270.736,0.999,-0.037,517.964,37.073,0.671,-0.742,517.964,37.073,0.671,-0.742,534.250,6.868,0.722,-0.692,0.000,0.000,0,0
441.076,31.195,0.659,-0.752,0,617.038,-79.343,207.801,2,261.504,969.204,0,0,1150.441,187.684,81.643,282.731,131.953,0.825,0.566,282.731,131.953,0.825,0.566,338.849,270.473,0.999,-0.037,522.718,31.681,0.647,-0.762,522.718,31.681,0.647,-0.762,539.353,1.804,0.692,-0.722,0.000,0.000,0,0
441.076,31.195,0.659,-0.752,0,617.390,-86.523,212.000,2,261.504,969.204,0,0,1151.501,184.985,86.378,288.658,136.020,0.825,0.566,288.658,136.020,0.825,0.566,346.033,270.210,0.999,-0.037,527.306,26.147,0.624,-0.781,527.306,26.147,0.624,-0.781,544.236,-3.470,0.661,-0.750,0.000,0.000,0,0
441.076,31.195,0.659,-0.752,0,617.608,-85.083,211.386,2,261.504,969.204,0,0,1151.571,182.529,91.322,294.586,140.087,0.825,0.566,294.586,140.087,0.825,0.566,353.217,269.947,0.999,-0.037,531.771,20.513,0.631,-0.776,531.771,20.513,0.631,-0.776,548.955,-8.893,0.669,-0.743,0.000,0.000,0,0
441.076,31.195,0.659,-0.752,0,617.736,-77.895,207.628,2,261.504,969.204,0,0,1150.997,180.326,96.674,300.513,144.154,0.825,0.566,300.513,144.154,0.825,0.566,360.400,269.683,0.999,-0.037,536.384,15.000,0.659,-0.752,536.384,15.000,0.659,-0.752,553.875,-14.134,0.708,-0.707,0.000,0.000,0,0
441.076,31.195,0.659,-0.752,0,617.864,-70.708,204.054,2,261.504,969.204,0,0,1150.468,180.051,102.420,299.778,142.789,-0.720,-0.694,299.778,142.789,-0.720,-0.694,367.584,269.420,0.999,-0.037,541.209,9.671,0.690,-0.724,541.209,9.671,0.690,-0.724,559.084,-19.086,0.751,-0.660,0.000,0.000,0,0
441.076,31.195,0.659,-0.752,0,617.992,-63.520,200.675,2,261.504,969.204,0,0,1149.983,181.163,108.511,294.600,137.801,-0.720,-0.694,294.600,137.801,-0.720,-0.694,374.768,269.157,0.999,-0.037,546.268,4.566,0.725,-0.688,546.268,4.566,0.725,-0.688,564.625,-23.663,0.801,-0.598,0.000,0.000,0,0
441.076,31.195,0.659,-0.752,0,618.120,-56.333,197.499,2,261.504,969.204,0,0,1149.543,182.552,114.907,289.423,132.814,-0.720,-0.694,289.423,132.814,-0.720,-0.694,381.952,268.894,0.999,-0.037,551.593,-0.263,0.765,-0.644,551.593,-0.263,0.765,-0.644,424.800,-106.500,0.000,0.000,0.000,0.000,0,0
441.076,31.195,0.659,-0.752,0,618.248,-49.145,194.537,2,261.504,969.204,0,0,1149.148,184.211,121.570,284.246,127.827,-0.720,-0.694,284.246,127.827,-0.720,-0.694,389.136,268.631,0.999,-0.037,557.213,-4.742,0.809,-0.588,557.213,-4.742,0.809,-0.588,424.800,-106.500,0.000,0.000,0.000,0.000,0,0
441.076,31.195,0.659,-0.752,0,618.377,-41.957,191.799,2,261.504,969.204,0,0,1148.797,186.133,128.463,279.068,122.840,-0.720,-0.694,279.068,122.840,-0.720,-0.694,396.320,268.368,0.999,-0.037,563.163,-8.772,0.857,-0.515,563.163,-8.772,0.857,-0.515,424.800,-106.500,0.000,0.000,0.000,0.000,0,0
441.076,31.195,0.659,-0.752,0,618.505,-34.770,189.294,2,261.504,969.204,0,0,1148.492,188.310,135.535,273.891,117.853,-0.720,-0.694,273.891,117.853,-0.720,-0.694,403.503,268.105,0.999,-0.037,569.472,-12.212,0.908,-0.418,569.472,-12.212,0.908,-0.418,424.800,-106.500,0.000,0.000,0.000,0.000,0,0
441.076,31.195,0.659,-0.752,0,618.190,-28.613,186.939,0,261.504,969.204,0,0,1147.842,190.733,138.654,268.713,112.866,-0.720,-0.694,268.713,112.866,-0.720,-0.694,410.687,267.842,0.999,-0.037,424.800,-106.500,0.000,0.000,424.800,-106.500,0.000,0.000,576.148,-14.863,0.950,-0.311,0.000,0.000,0,0
441.076,31.195,0.659,-0.752,0,619.480,-25.703,187.258,0,261.504,969.204,0,0,1148.978,193.393,138.654,263.536,107.879,-0.720,-0.694,263.536,107.879,-0.720,-0.694,417.871,267.578,0.999,-0.037,424.800,-106.500,0.000,0.000,424.800,-106.500,0.000,0.000,583.010,-17.003,0.973,-0.232,0.000,0.000,0,0
441.076,31.195,0.659,-0.752,0,619.258,-20.158,185.445,0,261.504,969.204,0,0,1148.476,196.281,138.654,258.358,102.891,-0.720,-0.694,258.358,102.891,-0.720,-0.694,425.055,267.315,0.999,-0.037,424.800,-106.500,0.000,0.000,424.800,-106.500,0.000,0.000,590.084,-18.238,0.998,-0.066,0.000,0.000,0,0
441.076,31.195,0.659,-0.752,0,618.911,-13.565,183.394,0,261.504,969.204,0,0,1147.853,199.386,138.654,253.181,97.904,-0.720,-0.694,253.181,97.904,-0.720,-0.694,432.239,267.052,0.999,-0.037,424.800,-106.500,0.000,0.000,424.800,-106.500,0.000,0.000,597.250,-18.007,0.980,0.201,0.000,0.000,0,0
441.076,31.195,0.659,-0.752,0,619.032,-6.228,181.860,0,261.504,969.204,0,0,1147.713,202.699,138.654,248.003,92.917,-0.720,-0.694,248.003,92.917,-0.720,-0.694,439.423,266.789,0.999,-0.037,424.800,-106.500,0.000,0.000,424.800,-106.500,0.000,0.000,603.993,-15.619,0.848,0.530,0.000,0.000,0,0
441.076,31.195,0.659,-0.752,0,619.101,1.300,180.532,0,261.504,969.204,0,0,1147.562,206.209,138.654,242.826,87.930,-0.720,-0.694,242.826,87.930,-0.720,-0.694,446.607,266.526,0.999,-0.037,424.800,-106.500,0.000,0.000,424.800,-106.500,0.000,0.000,609.415,-11.005,0.618,0.786,0.000,0.000,0,0
452.587,31.195,0.978,-0.208,0,619.232,8.828,168.159,0,251.063,980.714,0,0,1147.520,221.080,140.471,237.648,82.943,-0.720,-0.694,237.648,82.943,-0.720,-0.694,453.790,266.263,0.999,-0.037,424.800,-106.500,0.000,0.000,424.800,-106.500,0.000,0.000,613.125,-5.013,0.404,0.915,1.000,0.000,0,0
466.976,31.195,0.998,-0.061,0,619.289,16.473,153.047,0,238.150,995.101,0,0,1147.454,234.881,144.010,460.974,266.000,0.999,-0.037,460.974,266.000,0.999,-0.037,232.471,77.956,-0.720,-0.694,424.800,-106.500,0.000,0.000,424.800,-106.500,0.000,0.000,615.506,1.692,0.248,0.969,1.000,0.000,0,0
481.365,31.195,1.000,-0.018,0,619.310,24.254,138.150,0,225.415,1009.487,0,0,1147.401,234.913,137.454,468.158,265.736,0.999,-0.037,468.158,265.736,0.999,-0.037,227.293,72.969,-0.720,-0.694,616.963,8.686,0.149,0.989,616.963,8.686,0.149,0.989,619.122,12.539,0.016,1.000,1.000,0.000,0,0
492.382,39.335,0.906,0.424,0,619.304,32.296,127.156,0,211.899,1020.538,0,0,1147.373,226.780,127.646,475.342,265.473,0.999,-0.037,475.342,265.473,0.999,-0.037,222.116,67.981,-0.720,-0.694,617.841,15.812,0.088,0.996,617.841,15.812,0.088,0.996,619.208,19.725,0.008,1.000,1.000,1.000,0,0
502.556,49.509,0.769,0.640,0,619.326,40.476,117.171,0,198.240,1030.845,0,0,1147.431,216.629,118.811,482.526,265.210,0.999,-0.037,482.526,265.210,0.999,-0.037,216.939,62.994,-0.720,-0.694,618.368,22.981,0.055,0.999,618.368,22.981,0.055,0.999,619.255,26.908,0.005,1.000,1.000,1.000,0,0
512.731,59.684,0.726,0.688,0,619.351,48.659,107.260,0,184.692,1041.248,0,0,1147.549,206.550,109.590,489.710,264.947,0.999,-0.037,489.710,264.947,0.999,-0.037,211.761,58.007,-0.720,-0.694,619.289,34.091,0.004,0.999,619.289,34.091,0.004,0.999,618.699,30.162,0.035,0.999,1.000,1.000,0,0
525.434,63.753,0.930,0.366,0,619.373,56.842,94.296,0,171.524,1054.063,0,0,1147.723,202.947,96.538,496.893,264.684,0.999,-0.037,496.893,264.684,0.999,-0.037,206.584,53.020,-0.720,-0.694,619.317,41.274,0.004,0.999,619.317,41.274,0.004,0.999,618.915,37.348,0.023,1.000,1.000,0.000,0,0
539.822,63.753,0.994,0.107,0,619.393,64.531,79.727,0,158.744,1068.444,0,0,1147.936,203.826,80.976,504.077,264.421,0.999,-0.037,504.077,264.421,0.999,-0.037,201.406,48.033,-0.720,-0.694,619.342,48.465,0.003,0.999,619.342,48.465,0.003,0.999,619.062,44.535,0.017,1.000,1.000,0.000,0,0
554.211,63.753,1.000,0.031,0,619.410,71.682,65.912,0,146.263,1082.824,0,0,1148.180,204.955,65.659,511.261,264.158,0.999,-0.037,511.261,264.158,0.999,-0.037,196.229,43.046,-0.720,-0.694,619.364,55.615,0.003,1.000,619.364,55.615,0.003,1.000,619.167,51.723,0.012,1.000,1.000,1.000,0,0
564.385,73.928,0.841,0.541,0,619.427,78.870,55.601,0,132.460,1093.346,0,0,1148.469,195.443,56.112,518.445,263.894,0.999,-0.037,518.445,263.894,0.999,-0.037,191.051,38.058,-0.720,-0.694,619.384,62.803,0.003,1.000,619.384,62.803,0.003,1.000,619.245,58.911,0.009,1.000,1.000,1.000,0,0
574.560,84.102,0.745,0.667,0,619.428,86.045,45.398,0,118.797,1103.955,0,0,1148.788,186.078,47.011,525.629,263.631,0.999,-0.037,525.629,263.631,0.999,-0.037,185.874,33.071,-0.720,-0.694,619.403,69.990,0.002,1.000,619.403,69.990,0.002,1.000,619.304,66.100,0.006,1.000,1.000,1.000,0,0
584.734,94.276,0.718,0.696,0,619.349,93.244,35.260,0,105.326,1114.648,0,0,1149.077,176.884,38.653,532.813,263.368,0.999,-0.037,532.813,263.368,0.999,-0.037,180.696,28.084,-0.720,-0.694,619.399,77.178,-0.003,1.000,619.399,77.178,-0.003,1.000,619.332,73.288,0.001,1.000,1.000,1.000,0,0
594.908,104.451,0.710,0.704,1,605.659,115.101,15.133,1,92.134,1125.425,0,0,1136.891,167.888,30.040,539.996,263.105,0.999,-0.037,539.996,263.105,0.999,-0.037,175.519,23.097,-0.720,-0.694,616.482,83.546,-0.324,0.946,616.482,83.546,-0.324,0.946,616.668,79.800,-0.298,0.955,1.000,1.000,0,0
608.244,106.812,0.961,0.277,0,615.029,100.324,9.408,0,79.149,1138.886,0,0,1145.236,167.554,22.527,547.180,262.842,0.999,-0.037,547.180,262.842,0.999,-0.037,170.341,18.110,-0.720,-0.694,611.663,84.546,-0.940,-0.340,611.663,84.546,-0.940,-0.340,610.668,82.595,-0.969,0.247,1.000,0.000,1,0
620.084,100.758,0.958,-0.285,0,623.220,90.641,10.601,0,71.652,1150.315,0,0,1152.870,174.657,20.503,554.364,262.579,-0.219,-0.976,554.364,262.579,-0.219,-0.976,165.164,13.123,-0.720,-0.694,636.456,113.099,0.015,1.000,603.702,84.372,-0.969,0.247,603.702,84.372,-0.969,0.247,1.000,-1.000,0,0
630.277,90.620,0.799,-0.602,0,636.834,80.846,12.001,0,69.906,1159.922,0,0,1165.982,182.238,30.325,552.790,255.565,-0.219,-0.976,552.790,255.565,-0.219,-0.976,159.987,8.136,-0.720,-0.694,636.563,120.287,0.015,1.000,600.910,80.240,1.000,0.017,600.910,80.240,1.000,0.017,1.000,-1.000,1,0
39.000,287.000,0.897,0.443,0,651.445,72.322,648.993,0,657.602,622.335,0,0,1180.224,124.004,101.316,-85.000,286.000,0.000,0.000,-85.000,286.000,0.000,0.000,-296.000,285.000,0.000,0.000,140.000,279.000,0.000,0.000,140.000,279.000,0.000,0.000,290.700,275.300,0.000,0.000,1.000,0.000,0,0
52.107,284.975,0.975,-0.222,0,652.951,73.085,637.193,0,644.398,633.503,0,0,1181.990,137.111,88.096,-85.000,286.000,0.000,0.000,-85.000,286.000,0.000,0.000,-296.000,285.000,0.000,0.000,140.000,279.000,0.000,0.000,140.000,279.000,0.000,0.000,290.700,275.300,0.000,0.000,1.000,-1.000,0,0
62.279,274.803,0.814,-0.581,0,651.272,76.071,622.299,0,632.222,638.879,0,0,1180.990,147.704,77.834,-85.000,286.000,0.000,0.000,-85.000,286.000,0.000,0.000,-296.000,285.000,0.000,0.000,140.000,279.000,0.000,0.000,140.000,279.000,0.000,0.000,290.700,275.300,0.000,0.000,1.000,0.000,0,0
76.668,274.803,0.983,-0.182,0,650.561,78.047,607.336,0,618.187,652.196,0,0,1180.319,162.055,63.471,-85.000,286.000,0.000,0.000,-85.000,286.000,0.000,0.000,44.000,-93.000,0.000,0.000,140.000,279.000,0.000,0.000,140.000,279.000,0.000,0.000,290.700,275.300,0.000,0.000,1.000,0.000,0,0
91.057,274.803,0.998,-0.055,0,649.787,79.995,592.343,0,604.169,665.558,0,0,1179.592,176.412,49.123,-85.000,286.000,0.000,0.000,-85.000,286.000,0.000,0.000,44.000,-93.000,0.000,0.000,140.000,279.000,0.000,0.000,140.000,279.000,0.000,0.000,290.700,275.300,0.000,0.000,0.000,0.000,0,0
91.057,274.803,0.998,-0.055,0,611.073,85.383,553.441,2,604.169,665.558,0,0,1140.484,176.412,49.123,-85.000,286.000,0.000,0.000,-85.000,286.000,0.000,0.000,44.000,-93.000,0.000,0.000,140.000,279.000,0.000,0.000,140.000,279.000,0.000,0.000,290.700,275.300,0.000,0.000,0.000,-1.000,0,0
91.057,260.414,0.409,-0.913,0,611.073,85.383,548.683,2,601.072,660.421,0,0,1140.484,177.906,52.354,-85.000,286.000,0.000,0.000,-85.000,286.000,0.000,0.000,44.000,-93.000,0.000,0.000,140.000,279.000,0.000,0.000,140.000,279.000,0.000,0.000,290.700,275.300,0.000,0.000,0.000,-1.000,0,0
91.057,246.026,0.121,-0.993,0,611.073,85.383,544.264,2,598.305,655.559,0,0,1140.484,180.538,59.015,-85.000,286.000,0.000,0.000,-85.000,286.000,0.000,0.000,44.000,-93.000,0.000,0.000,140.000,279.000,0.000,0.000,140.000,279.000,0.000,0.000,290.700,275.300,0.000,0.000,0.000,-1.000,0,0
91.057,231.637,0.037,-0.999,0,611.073,85.383,540.192,2,595.873,650.979,0,0,1140.484,184.259,68.108,-85.000,286.000,0.000,0.000,-85.000,286.000,0.000,0.000,44.000,-93.000,0.000,0.000,140.000,279.000,0.000,0.000,140.000,279.000,0.000,0.000,290.700,275.300,0.000,0.000,0.000,-1.000,0,0
91.057,217.248,0.010,-1.000,0,611.073,85.383,536.475,2,593.780,646.687,0,0,1140.484,189.005,78.796,-85.000,286.000,0.000,0.000,-85.000,286.000,0.000,0.000,44.000,-93.000,0.000,0.000,140.000,279.000,0.000,0.000,140.000,279.000,0.000,0.000,290.700,275.300,0.000,0.000,0.000,-1.000,0,0
91.057,202.860,0.003,-1.000,0,59.000,80.600,126.552,2,592.029,642.689,0,0,589.175,194.700,90.514,-85.000,286.000,0.000,0.000,-85.000,286.000,0.000,0.000,44.000,-93.000,0.000,0.000,140.000,279.000,0.000,0.000,140.000,279.000,0.000,0.000,290.700,275.300,0.000,0.000,0.000,-1.000,0,0
91.057,188.471,0.001,-1.000,0,59.000,80.600,112.713,2,590.623,638.989,0,0,589.175,201.266,102.913,-85.000,286.000,0.000,0.000,-85.000,286.000,0.000,0.000,44.000,-93.000,0.000,0.000,140.000,279.000,0.000,0.000,140.000,279.000,0.000,0.000,290.700,275.300,0.000,0.000,0.000,-1.000,0,0
91.057,174.082,0.000,-1.000,0,59.000,80.600,99.030,2,589.565,635.594,0,0,589.175,208.618,115.772,-85.000,286.000,0.000,0.000,-85.000,286.000,0.000,0.000,44.000,-93.000,0.000,0.000,140.000,279.000,0.000,0.000,140.000,279.000,0.000,0.000,290.700,275.300,0.000,0.000,0.000,-1.000,0,0
91.057,159.694,0.000,-1.000,0,59.000,80.600,85.579,2,588.858,632.508,0,0,589.175,216.678,128.955,-85.000,286.000,0.000,0.000,-85.000,286.000,0.000,0.000,44.000,-93.000,0.000,0.000,140.000,279.000,0.000,0.000,140.000,279.000,0.000,0.000,290.700,275.300,0.000,0.000,0.000,-1.000,0,0
91.057,145.305,0.000,-1.000,0,59.000,80.600,72.489,2,588.501,629.736,0,0,589.175,225.369,142.372,-85.000,286.000,0.000,0.000,-85.000,286.000,0.000,0.000,44.000,-93.000,0.000,0.000,140.000,279.000,0.000,0.000,140.000,279.000,0.000,0.000,290.700,275.300,0.000,0.000,-1.000,-1.000,0,0
80.882,135.131,-0.531,-0.847,0,59.000,80.600,59.100,2,598.631,617.940,0,0,589.175,224.229,155.542,-85.000,286.000,0.000,0.000,-85.000,286.000,0.000,0.000,44.000,-93.000,0.000,0.000,140.000,279.000,0.000,0.000,140.000,279.000,0.000,0.000,108.800,-94.600,0.000,0.000,-1.000,-1.000,0,0
70.708,124.956,-0.663,-0.749,0,59.000,80.600,46.313,2,608.933,606.255,0,0,589.175,219.587,168.911,44.000,-93.000,0.000,0.000,44.000,-93.000,0.000,0.000,-85.000,286.000,0.000,0.000,140.000,279.000,0.000,0.000,140.000,279.000,0.000,0.000,108.800,-94.600,0.000,0.000,0.000,-1.000,0,0
70.708,110.568,-0.237,-0.972,0,59.000,80.600,32.795,2,609.409,604.190,0,0,589.175,205.312,182.129,44.000,-93.000,0.000,0.000,44.000,-93.000,0.000,0.000,-85.000,286.000,0.000,0.000,140.000,279.000,0.000,0.000,140.000,279.000,0.000,0.000,108.800,-94.600,0.000,0.000,0.000,-1.000,0,0
70.708,96.179,-0.064,-0.998,0,59.000,80.600,20.497,2,610.224,602.462,0,0,589.175,191.055,194.545,44.000,-93.000,0.000,0.000,44.000,-93.000,0.000,0.000,-85.000,286.000,0.000,0.000,108.800,-94.600,0.000,0.000,108.800,-94.600,0.000,0.000,140.000,279.000,0.000,0.000,0.000,-1.000,0,0
70.708,81.790,-0.018,-1.000,0,59.000,80.600,13.373,2,611.376,601.073,0,0,589.175,176.819,180.456,44.000,-93.000,0.000,0.000,44.000,-93.000,0.000,0.000,-67.000,-108.000,0.000,0.000,108.800,-94.600,0.000,0.000,108.800,-94.600,0.000,0.000,140.000,279.000,0.000,0.000,1.000,-1.000,0,0
80.882,71.616,0.517,-0.856,0,59.000,80.600,24.493,2,602.283,610.445,0,0,589.175,168.697,168.544,44.000,-93.000,0.000,0.000,44.000,-93.000,0.000,0.000,-67.000,-108.000,0.000,0.000,108.800,-94.600,0.000,0.000,108.800,-94.600,0.000,0.000,140.000,279.000,0.000,0.000,1.000,-1.000,0,0
91.899,63.476,0.790,-0.613,0,59.000,80.600,37.629,2,592.306,620.955,0,0,589.175,163.644,158.977,44.000,-93.000,0.000,0.000,44.000,-93.000,0.000,0.000,-67.000,-108.000,0.000,0.000,108.800,-94.600,0.000,0.000,108.800,-94.600,0.000,0.000,140.000,279.000,0.000,0.000,1.000,0.000,0,0
106.288,63.476,0.985,-0.174,0,59.000,80.600,50.693,2,578.039,635.319,0,0,589.175,168.418,158.096,44.000,-93.000,0.000,0.000,44.000,-93.000,0.000,0.000,-67.000,-108.000,0.000,0.000,108.800,-94.600,0.000,0.000,108.800,-94.600,0.000,0.000,140.000,279.000,0.000,0.000,1.000,0.000,0,0
120.677,63.476,0.999,-0.052,0,59.000,80.600,64.324,2,563.779,649.685,0,0,589.175,174.253,158.522,44.000,-93.000,0.000,0.000,44.000,-93.000,0.000,0.000,-67.000,-108.000,0.000,0.000,108.800,-94.600,0.000,0.000,108.800,-94.600,0.000,0.000,140.000,279.000,0.000,0.000,1.000,0.000,0,0
134.223,65.511,0.986,0.167,0,59.000,80.600,76.984,2,550.088,663.313,0,0,589.175,182.390,162.117,44.000,-93.000,0.000,0.000,44.000,-93.000,0.000,0.000,-67.000,-108.000,0.000,0.000,108.800,-94.600,0.000,0.000,108.800,-94.600,0.000,0.000,140.000,279.000,0.000,0.000,1.000,1.000,0,0
130.502,71.616,0.345,0.939,0,59.000,80.600,72.344,2,553.011,659.947,0,0,589.175,185.960,167.627,44.000,-93.000,0.000,0.000,44.000,-93.000,0.000,0.000,-67.000,-108.000,0.000,0.000,108.800,-94.600,0.000,0.000,108.800,-94.600,0.000,0.000,140.000,279.000,0.000,0.000,-1.000,0.000,0,0
118.642,77.720,-0.701,0.713,0,59.000,80.600,60.048,2,564.098,648.526,0,0,589.175,186.325,172.601,44.000,-93.000,0.000,0.000,44.000,-93.000,0.000,0.000,-67.000,-108.000,0.000,0.000,108.800,-94.600,0.000,0.000,108.800,-94.600,0.000,0.000,140.000,279.000,0.000,0.000,-1.000,1.000,0,0
105.096,79.755,-0.936,0.352,0,59.000,80.600,46.540,2,577.355,635.174,0,0,589.175,183.241,174.395,44.000,-93.000,0.000,0.000,44.000,-93.000,0.000,0.000,-67.000,-108.000,0.000,0.000,108.800,-94.600,0.000,0.000,108.800,-94.600,0.000,0.000,140.000,279.000,0.000,0.000,-1.000,0.000,0,0
90.707,79.755,-0.995,0.099,0,59.000,80.600,32.349,2,591.667,620.833,0,0,589.175,178.958,175.292,44.000,-93.000,0.000,0.000,44.000,-93.000,0.000,0.000,-67.000,-108.000,0.000,0.000,108.800,-94.600,0.000,0.000,108.800,-94.600,0.000,0.000,140.000,279.000,0.000,0.000,-1.000,0.000,0,0
76.319,79.755,-1.000,0.027,0,59.000,80.600,18.466,2,605.983,606.495,0,0,589.175,175.752,177.355,44.000,-93.000,0.000,0.000,44.000,-93.000,0.000,0.000,-67.000,-108.000,0.000,0.000,108.800,-94.600,0.000,0.000,108.800,-94.600,0.000,0.000,140.000,279.000,0.000,0.000,-1.000,0.000,0,0
82.074,79.755,-0.693,0.721,0,59.000,80.600,23.948,2,600.256,612.230,0,0,589.175,176.901,176.392,44.000,-93.000,0.000,0.000,44.000,-93.000,0.000,0.000,-67.000,-108.000,0.000,0.000,108.800,-94.600,0.000,0.000,108.800,-94.600,0.000,0.000,140.000,279.000,0.000,0.000,1.000,0.000,0,0
96.463,79.755,0.507,0.862,0,59.454,87.774,38.397,2,585.942,626.569,0,0,590.276,180.546,174.791,44.000,-93.000,0.000,0.000,44.000,-93.000,0.000,0.000,-60.294,-105.411,0.933,0.360,108.800,-94.600,0.000,0.000,108.800,-94.600,0.000,0.000,140.000,279.000,0.000,0.000,1.000,0.000,0,0
110.852,79.755,0.994,0.113,0,59.908,94.949,53.539,2,571.631,640.910,0,0,591.461,185.239,174.367,44.000,-93.000,0.000,0.000,44.000,-93.000,0.000,0.000,-53.587,-102.823,0.933,0.360,108.800,-94.600,0.000,0.000,108.800,-94.600,0.000,0.000,140.000,279.000,0.000,0.000,1.000,0.000,0,0
124.397,81.790,0.993,0.119,0,60.362,102.123,67.485,2,557.954,654.569,0,0,592.732,192.394,177.078,44.000,-93.000,0.000,0.000,44.000,-93.000,0.000,0.000,-46.881,-100.234,0.933,0.360,108.800,-94.600,0.000,0.000,108.800,-94.600,0.000,0.000,140.000,279.000,0.000,0.000,0.000,1.000,0,0
115.764,87.546,0.374,0.927,0,60.816,109.297,59.437,2,566.000,646.443,0,0,594.087,194.285,182.279,44.000,-93.000,0.000,0.000,44.000,-93.000,0.000,0.000,-40.174,-97.646,0.933,0.360,108.800,-94.600,0.000,0.000,108.800,-94.600,0.000,0.000,140.000,279.000,0.000,0.000,-1.000,0.000,0,0
102.218,89.580,-0.809,0.587,0,61.270,116.472,49.399,2,579.315,633.140,0,0,595.525,191.638,184.298,44.000,-93.000,0.000,0.000,44.000,-93.000,0.000,0.000,-33.468,-95.057,0.933,0.360,108.800,-94.600,0.000,0.000,108.800,-94.600,0.000,0.000,140.000,279.000,0.000,0.000,-1.000,1.000,0,0
92.044,99.755,-0.747,0.665,0,61.725,123.646,39.121,2,588.704,624.054,0,0,597.047,198.652,185.550,44.000,-93.000,0.000,0.000,44.000,-93.000,0.000,0.000,-45.930,267.727,0.906,-0.424,140.000,279.000,0.000,0.000,140.000,279.000,0.000,0.000,108.800,-94.600,0.000,0.000,-1.000,1.000,0,0
81.870,109.929,-0.718,0.696,0,62.179,130.820,29.403,2,598.292,615.170,0,0,598.651,196.619,178.785,-39.418,264.682,0.906,-0.424,-39.418,264.682,0.906,-0.424,44.000,-93.000,0.000,0.000,140.000,279.000,0.000,0.000,140.000,279.000,0.000,0.000,108.800,-94.600,0.000,0.000,-1.000,1.000,0,0
71.695,120.104,-0.710,0.704,0,62.633,137.995,21.038,2,608.069,606.498,0,0,600.337,175.992,172.956,-32.906,261.636,0.906,-0.424,-32.906,261.636,0.906,-0.424,44.000,-93.000,0.000,0.000,140.000,279.000,0.000,0.000,140.000,279.000,0.000,0.000,108.800,-94.600,0.000,0.000,-1.000,1.000,0,0
63.556,131.121,-0.635,0.772,0,63.087,145.169,15.425,2,615.983,600.192,0,0,602.104,156.012,166.469,-26.395,258.591,0.906,-0.424,-26.395,258.591,0.906,-0.424,44.000,-93.000,0.000,0.000,140.000,279.000,0.000,0.000,140.000,279.000,0.000,0.000,226.629,266.312,-0.990,-0.139,1.000,1.000,0,0
75.416,137.225,0.504,0.863,0,63.541,152.343,20.247,2,604.090,612.914,0,0,603.952,151.926,155.792,-19.883,255.545,0.906,-0.424,-19.883,255.545,0.906,-0.424,0.065,-82.114,0.933,0.360,140.000,279.000,0.000,0.000,140.000,279.000,0.000,0.000,219.510,265.313,-0.990,-0.139,1.000,0.000,0,0
89.805,137.225,0.966,0.257,0,63.995,159.518,34.691,2,589.706,627.085,0,0,605.879,154.704,150.398,-13.371,252.500,0.906,-0.424,-13.371,252.500,0.906,-0.424,6.771,-79.526,0.933,0.360,140.000,279.000,0.000,0.000,140.000,279.000,0.000,0.000,212.391,264.314,-0.990,-0.139,1.000,0.000,0,0
104.193,137.225,0.997,0.079,0,64.449,166.692,49.883,2,575.322,641.266,0,0,607.885,157.886,146.227,-6.860,249.454,0.906,-0.424,-6.860,249.454,0.906,-0.424,13.478,-76.937,0.933,0.360,140.000,279.000,0.000,0.000,140.000,279.000,0.000,0.000,205.272,263.316,-0.990,-0.139,1.000,0.000,0,0
118.582,137.225,1.000,0.022,0,64.903,173.866,65.302,2,560.939,655.455,0,0,609.968,161.448,143.383,-0.348,246.409,0.906,-0.424,-0.348,246.409,0.906,-0.424,20.184,-74.349,0.933,0.360,140.000,279.000,0.000,0.000,140.000,279.000,0.000,0.000,198.153,262.317,-0.990,-0.139,0.000,0.000,0,0
118.582,148.736,0.632,0.775,0,65.357,181.041,62.585,2,561.044,657.420,0,0,612.130,146.943,132.013,6.164,243.363,0.906,-0.424,6.164,243.363,0.906,-0.424,26.891,-71.760,0.933,0.360,140.000,279.000,0.000,0.000,140.000,279.000,0.000,0.000,191.034,261.319,-0.990,-0.139,0.000,1.000,0,0
116.547,162.282,-0.020,1.000,0,65.811,188.215,57.333,2,563.501,657.990,0,0,614.368,129.919,118.953,12.675,240.318,0.906,-0.424,12.675,240.318,0.906,-0.424,33.597,-69.171,0.933,0.360,183.915,260.320,-0.990,-0.139,183.915,260.320,-0.990,-0.139,140.000,279.000,0.000,0.000,-1.000,1.000,0,0
108.408,173.299,-0.438,0.899,0,66.265,195.390,48.004,2,572.205,652.335,0,0,616.681,109.785,109.894,19.187,237.272,0.906,-0.424,19.187,237.272,0.906,-0.424,40.303,-66.583,0.933,0.360,176.796,259.321,-0.990,-0.139,176.796,259.321,-0.990,-0.139,140.000,279.000,0.000,0.000,1.000,1.000,0,0
120.268,179.404,0.590,0.808,0,66.719,202.564,58.688,2,560.792,665.246,0,0,619.070,109.311,93.110,25.699,234.227,0.906,-0.424,25.699,234.227,0.906,-0.424,47.010,-63.994,0.933,0.360,169.677,258.323,-0.990,-0.139,169.677,258.323,-0.990,-0.139,140.000,279.000,0.000,0.000,1.000,0.000,0,0
134.539,179.404,0.963,0.271,0,67.169,209.679,74.133,2,546.566,679.161,0,0,621.511,114.742,82.833,32.156,231.206,0.906,-0.424,32.156,231.206,0.906,-0.424,53.661,-61.427,0.933,0.360,162.617,257.332,-0.990,-0.139,162.617,257.332,-0.990,-0.139,140.000,279.000,0.000,0.000,1.000,0.000,0,0
148.928,179.404,0.998,0.061,0,67.623,216.853,89.740,2,532.227,693.205,0,0,624.046,120.559,77.210,38.668,228.161,0.906,-0.424,38.668,228.161,0.906,-0.424,60.367,-58.839,0.933,0.360,155.498,256.334,-0.990,-0.139,155.498,256.334,-0.990,-0.139,140.000,279.000,0.000,0.000,1.000,-1.000,0,0
159.102,169.230,0.862,-0.506,0,68.077,224.028,106.437,2,521.378,701.065,0,0,626.653,126.892,86.771,45.180,225.115,0.906,-0.424,45.180,225.115,0.906,-0.424,63.833,-59.321,0.461,-0.887,148.379,255.335,-0.990,-0.139,148.379,255.335,-0.990,-0.139,140.000,279.000,0.000,0.000,1.000,-1.000,0,0
169.277,159.055,0.755,-0.656,0,68.531,231.202,124.077,2,510.705,709.131,0,0,629.331,133.406,99.315,51.691,222.070,0.906,-0.424,51.691,222.070,0.906,-0.424,67.149,-65.699,0.461,-0.887,141.261,254.337,-0.990,-0.139,141.261,254.337,-0.990,-0.139,140.000,279.000,0.000,0.000,1.000,-1.000,0,1
181.137,152.951,0.896,-0.444,0,68.985,238.376,141.124,2,498.639,719.735,0,0,632.080,139.565,110.843,58.203,219.024,0.906,-0.424,58.203,219.024,0.906,-0.424,70.465,-72.077,0.461,-0.887,134.142,253.338,-0.990,-0.139,134.142,253.338,-0.990,-0.139,189.720,23.066,-0.489,0.872,1.000,0.000,0,0
195.525,152.951,0.992,-0.128,0,68.275,239.978,154.294,2,484.265,733.916,0,0,631.938,145.203,120.709,64.715,215.979,0.906,-0.424,64.715,215.979,0.906,-0.424,73.781,-78.456,0.461,-0.887,127.023,252.339,-0.990,-0.139,127.023,252.339,-0.990,-0.139,186.234,29.353,-0.489,0.872,1.000,0.000,0,0
209.071,154.985,0.989,0.147,0,65.820,233.222,163.347,2,470.803,747.609,0,0,627.411,149.529,122.279,71.227,212.933,0.906,-0.424,71.227,212.933,0.906,-0.424,77.097,-84.834,0.461,-0.887,182.663,35.593,-0.509,0.861,182.663,35.593,-0.509,0.861,119.904,251.341,-0.990,-0.139,1.000,1.000,0,0
205.001,166.003,0.316,0.949,0,64.033,226.310,153.458,2,475.391,745.514,0,0,623.519,134.617,124.968,77.738,209.888,0.906,-0.424,77.738,209.888,0.906,-0.424,80.412,-91.212,0.461,-0.887,112.785,250.342,-0.990,-0.139,112.785,250.342,-0.990,-0.139,178.945,41.745,-0.529,0.849,-1.000,1.000,0,0
194.827,176.177,-0.512,0.859,0,63.248,219.164,138.568,2,486.238,737.450,0,0,620.569,114.750,115.339,84.250,206.842,0.906,-0.424,84.250,206.842,0.906,-0.424,83.728,-97.591,0.461,-0.887,105.666,249.344,-0.990,-0.139,105.666,249.344,-0.990,-0.139,140.000,279.000,0.000,0.000,-1.000,1.000,0,0
184.653,186.351,-0.653,0.757,0,62.463,212.018,125.018,2,497.264,729.580,0,0,617.688,95.498,102.848,90.762,203.797,0.906,-0.424,90.762,203.797,0.906,-0.424,87.044,-103.969,0.461,-0.887,140.000,279.000,0.000,0.000,140.000,279.000,0.000,0.000,98.547,248.345,-0.990,-0.139,-1.000,1.000,0,0
174.478,196.526,-0.692,0.721,0,61.678,204.873,113.287,2,508.458,721.911,0,0,614.878,77.321,89.391,97.273,200.751,0.906,-0.424,97.273,200.751,0.906,-0.424,44.000,-93.000,0.000,0.000,140.000,279.000,0.000,0.000,140.000,279.000,0.000,0.000,91.428,247.346,-0.990,-0.139,-1.000,1.000,0,0
164.304,206.700,-0.703,0.711,0,60.893,197.727,103.993,2,519.810,714.450,0,0,612.140,61.184,76.276,103.785,197.706,0.906,-0.424,103.785,197.706,0.906,-0.424,44.000,-93.000,0.000,0.000,140.000,279.000,0.000,0.000,140.000,279.000,0.000,0.000,84.309,246.348,-0.990,-0.139,-1.000,1.000,0,0
152.444,212.805,-0.906,0.423,0,60.109,190.581,95.184,2,532.387,704.515,0,0,609.473,45.887,67.355,110.297,194.660,0.906,-0.424,110.297,194.660,0.906,-0.424,44.000,-93.000,0.000,0.000,140.000,279.000,0.000,0.000,140.000,279.000,0.000,0.000,77.190,245.349,-0.990,-0.139,-1.000,0.000,0,0
138.055,212.805,-0.992,0.124,0,59.795,187.723,82.429,0,546.630,690.628,0,0,608.427,30.007,66.224,116.808,191.615,0.906,-0.424,116.808,191.615,0.906,-0.424,44.000,-93.000,0.000,0.000,140.000,279.000,0.000,0.000,140.000,279.000,0.000,0.000,70.071,244.351,-0.990,-0.139,-1.000,0.000,0,0
125.352,208.735,-0.964,-0.267,0,59.795,187.723,69.148,0,558.680,677.305,0,0,608.425,20.268,71.360,123.320,188.569,0.906,-0.424,123.320,188.569,0.906,-0.424,44.000,-93.000,0.000,0.000,62.952,243.352,-0.990,-0.139,62.952,243.352,-0.990,-0.139,140.000,279.000,0.000,0.000,-1.000,-1.000,0,0
115.178,198.561,-0.805,-0.594,0,59.795,187.723,56.823,0,567.593,664.858,0,0,608.423,19.614,69.110,129.832,185.524,0.906,-0.424,129.832,185.524,0.906,-0.424,44.000,-93.000,0.000,0.000,60.032,240.215,0.470,-0.883,60.032,240.215,0.470,-0.883,140.000,279.000,0.000,0.000,-1.000,-1.000,0,0
105.004,188.386,-0.735,-0.678,0,59.795,187.723,45.698,0,576.726,652.490,0,0,608.423,31.892,61.633,136.344,182.478,0.906,-0.424,136.344,182.478,0.906,-0.424,44.000,-93.000,0.000,0.000,63.412,233.870,0.470,-0.883,63.412,233.870,0.470,-0.883,140.000,279.000,0.000,0.000,-1.000,-1.000,0,0
93.986,180.247,-0.829,-0.560,0,59.795,187.723,35.623,0,587.055,639.859,0,0,608.423,48.875,54.542,142.855,179.433,0.906,-0.424,142.855,179.433,0.906,-0.424,44.000,-93.000,0.000,0.000,66.792,227.526,0.470,-0.883,66.792,227.526,0.470,-0.883,135.074,98.577,-0.645,0.764,-1.000,0.000,0,0
79.598,180.247,-0.984,-0.181,1,64.714,177.511,15.133,1,601.402,625.881,0,0,610.780,69.876,42.006,149.367,176.387,0.906,-0.424,149.367,176.387,0.906,-0.424,44.000,-93.000,0.000,0.000,70.172,221.181,0.470,-0.883,70.172,221.181,0.470,-0.883,130.514,104.132,-0.668,0.745,-1.000,0.000,0,0
65.209,180.247,-0.999,-0.049,1,50.094,179.508,15.133,1,615.751,611.923,0,0,597.097,90.932,35.582,155.879,173.342,0.906,-0.424,155.879,173.342,0.906,-0.424,44.000,-93.000,0.000,0.000,73.551,214.837,0.470,-0.883,73.551,214.837,0.470,-0.883,125.527,109.306,-0.732,0.681,-1.000,0.000,0,0
50.820,180.247,-1.000,-0.014,1,35.689,180.034,15.133,1,630.101,597.984,0,0,583.296,112.013,38.465,162.390,170.296,0.906,-0.424,162.390,170.296,0.906,-0.424,44.000,-93.000,0.000,0.000,76.931,208.492,0.470,-0.883,76.931,208.492,0.470,-0.883,120.098,114.016,-0.788,0.616,-1.000,0.000,0,0
36.432,180.247,-1.000,-0.004,1,21.299,180.190,15.133,1,644.454,584.068,0,0,569.442,133.106,49.041,168.902,167.251,0.906,-0.424,168.902,167.251,0.906,-0.424,44.000,-93.000,0.000,0.000,80.311,202.147,0.470,-0.883,80.311,202.147,0.470,-0.883,114.301,118.264,-0.832,0.554,-1.000,0.000,0,0
23.729,176.177,-0.970,-0.244,1,9.054,172.479,15.133,1,656.877,570.752,0,0,555.626,152.157,63.092,175.414,164.205,0.906,-0.424,175.414,164.205,0.906,-0.424,44.000,-93.000,0.000,0.000,83.691,195.803,0.470,-0.883,83.691,195.803,0.470,-0.883,108.196,122.054,-0.891,0.453,-1.000,-1.000,0,0
17.624,164.317,-0.605,-0.796,1,8.473,152.264,15.133,1,662.390,561.920,0,0,550.255,164.332,73.857,181.925,161.160,0.906,-0.424,181.925,161.160,0.906,-0.424,44.000,-93.000,0.000,0.000,87.071,189.458,0.470,-0.883,87.071,189.458,0.470,-0.883,101.583,124.850,-0.959,0.282,0.000,-1.000,0,0
17.624,149.928,-0.184,-0.983,1,14.843,135.053,15.133,1,661.973,558.678,0,0,552.968,171.009,80.031,188.437,158.114,0.906,-0.424,188.437,158.114,0.906,-0.424,44.000,-93.000,0.000,0.000,90.451,183.113,0.470,-0.883,90.451,183.113,0.470,-0.883,94.569,126.383,-0.994,0.108,0.000,-1.000,0,0
17.624,135.540,-0.049,-0.999,1,16.875,120.425,15.133,1,661.867,555.791,0,0,552.406,178.397,70.339,194.949,155.069,0.906,-0.424,194.949,155.069,0.906,-0.424,44.000,-93.000,0.000,0.000,87.395,126.611,-0.996,-0.087,87.395,126.611,-0.996,-0.087,93.830,176.769,0.470,-0.883,0.000,-1.000,0,0
17.624,121.151,-0.015,-1.000,1,17.399,106.019,15.133,1,662.075,553.262,0,0,550.773,186.411,62.843,201.460,152.023,0.906,-0.424,201.460,152.023,0.906,-0.424,44.000,-93.000,0.000,0.000,80.324,125.387,-0.956,-0.294,80.324,125.387,-0.956,-0.294,97.210,170.424,0.470,-0.883,0.000,-1.000,0,0
21.694,108.448,0.306,-0.952,1,26.325,94.041,15.133,1,658.454,555.360,0,0,558.131,190.636,53.900,207.972,148.978,0.906,-0.424,207.972,148.978,0.906,-0.424,44.000,-93.000,0.000,0.000,73.680,122.682,-0.856,-0.518,73.680,122.682,-0.856,-0.518,100.590,164.080,0.470,-0.883,1.000,-1.000,0,0
31.868,98.274,0.611,-0.792,1,41.115,86.294,15.133,1,648.834,564.127,0,0,572.021,188.732,41.337,214.484,145.932,0.906,-0.424,214.484,145.932,0.906,-0.424,44.000,-93.000,0.000,0.000,68.060,118.246,-0.645,-0.764,68.060,118.246,-0.645,-0.764,103.970,157.735,0.470,-0.883,1.000,-1.000,0,0
42.043,88.099,0.681,-0.732,1,52.350,77.019,15.133,1,639.394,573.121,0,0,582.392,177.261,32.783,79.767,-85.101,-0.437,0.900,79.767,-85.101,-0.437,0.900,44.000,-93.000,0.000,0.000,64.310,112.160,-0.322,-0.947,64.310,112.160,-0.322,-0.947,107.350,151.390,0.470,-0.883,1.000,-1.000,0,0
52.217,77.925,0.700,-0.714,1,62.806,67.113,15.133,1,630.141,582.332,0,0,592.124,158.450,29.249,76.628,-78.634,-0.437,0.900,76.628,-78.634,-0.437,0.900,44.000,-93.000,0.000,0.000,62.949,105.134,-0.004,-1.000,62.949,105.134,-0.004,-1.000,110.729,145.046,0.470,-0.883,1.000,-1.000,0,0
62.391,67.751,0.705,-0.709,1,73.059,57.017,15.133,1,621.084,591.750,0,0,601.833,140.357,30.269,73.488,-72.167,-0.437,0.900,73.488,-72.167,-0.437,0.900,44.000,-93.000,0.000,0.000,63.633,97.994,0.224,-0.975,63.633,97.994,0.224,-0.975,114.109,138.701,0.470,-0.883,1.000,-1.000,0,0
72.566,57.576,0.707,-0.708,1,83.257,46.866,15.133,1,612.231,601.364,0,0,611.669,123.296,34.236,70.348,-65.700,-0.437,0.900,70.348,-65.700,-0.437,0.900,44.000,-93.000,0.000,0.000,65.699,91.116,0.369,-0.930,65.699,91.116,0.369,-0.930,117.489,132.357,0.470,-0.883,1.000,-1.000,0,0
84.426,51.472,0.906,-0.423,1,98.141,45.077,15.133,1,601.326,612.973,0,0,626.500,112.036,36.668,67.209,-59.233,-0.437,0.900,67.209,-59.233,-0.437,0.900,44.000,-93.000,0.000,0.000,68.741,84.616,0.597,-0.802,68.741,84.616,0.597,-0.802,120.869,126.012,0.470,-0.883,1.000,0.000,0,0
98.814,51.472,0.993,-0.121,1,113.837,49.644,15.133,1,587.096,627.349,0,0,642.303,109.876,37.596,64.069,-52.766,-0.437,0.900,64.069,-52.766,-0.437,0.900,44.000,-93.000,0.000,0.000,73.716,79.464,0.803,-0.597,73.716,79.464,0.803,-0.597,124.249,119.667,0.470,-0.883,1.000,0.000,0,0
113.203,51.472,0.999,-0.036,1,128.326,50.927,15.133,1,572.873,641.726,0,0,656.821,110.868,41.234,60.929,-46.300,-0.437,0.900,60.929,-46.300,-0.437,0.900,44.000,-93.000,0.000,0.000,79.781,75.620,0.891,-0.453,79.781,75.620,0.891,-0.453,127.629,113.323,0.470,-0.883,1.000,0.000,0,0
127.592,51.472,1.000,-0.010,1,142.724,51.319,15.133,1,558.659,656.103,0,0,671.220,114.930,46.387,57.790,-39.833,-0.437,0.900,57.790,-39.833,-0.437,0.900,266.577,121.568,0.906,-0.424,86.331,72.668,0.935,-0.354,86.331,72.668,0.935,-0.354,127.083,108.233,-0.895,-0.446,1.000,0.000,0,0
141.980,51.472,1.000,-0.003,1,157.114,51.429,15.133,1,544.454,670.481,0,0,685.602,121.754,52.367,54.650,-33.366,-0.437,0.900,54.650,-33.366,-0.437,0.900,273.089,118.523,0.906,-0.424,93.130,70.339,0.959,-0.283,93.130,70.339,0.959,-0.283,120.650,105.025,-0.895,-0.446,1.000,0.000,0,0
156.369,51.472,1.000,-0.001,1,171.502,51.459,15.133,1,530.259,684.859,0,0,699.981,130.910,58.808,51.510,-26.899,-0.437,0.900,51.510,-26.899,-0.437,0.900,279.601,115.477,0.906,-0.424,100.068,68.460,0.973,-0.232,100.068,68.460,0.973,-0.232,114.217,101.817,-0.895,-0.446,1.000,0.000,0,0
170.758,51.472,1.000,0.000,1,185.891,51.468,15.133,1,516.075,699.238,0,0,714.361,130.472,65.516,286.112,112.432,0.906,-0.424,286.112,112.432,0.906,-0.424,48.371,-20.432,-0.437,0.900,107.088,66.914,0.981,-0.192,107.088,66.914,0.981,-0.192,107.783,98.609,-0.895,-0.446,1.000,0.000,0,0
183.461,55.541,0.956,0.292,1,197.932,59.968,15.133,1,502.879,712.061,0,0,726.684,121.721,70.031,292.624,109.386,0.906,-0.424,292.624,109.386,0.906,-0.424,45.231,-13.965,-0.437,0.900,114.170,65.698,0.998,-0.068,114.170,65.698,0.998,-0.068,101.350,95.401,-0.895,-0.446,1.000,1.000,0,0
193.635,65.716,0.793,0.610,1,205.629,74.944,15.133,1,491.252,722.646,0,0,735.118,113.052,72.286,299.136,106.341,0.906,-0.424,299.136,106.341,0.906,-0.424,42.091,-7.499,-0.437,0.900,121.349,65.769,0.994,0.108,121.349,65.769,0.994,0.108,94.917,92.194,-0.895,-0.446,1.000,1.000,0,0
203.809,75.890,0.734,0.679,1,214.919,86.165,15.133,1,479.776,733.360,0,0,745.138,105.461,75.899,305.647,103.295,0.906,-0.424,305.647,103.295,0.906,-0.424,38.952,-1.032,-0.437,0.900,128.447,66.883,0.976,0.218,128.447,66.883,0.976,0.218,88.484,88.986,-0.895,-0.446,1.000,1.000,0,0
213.984,86.064,0.715,0.699,1,224.804,96.644,15.133,1,468.459,744.198,0,0,755.834,99.195,80.479,312.159,100.250,0.906,-0.424,312.159,100.250,0.906,-0.424,35.812,5.435,-0.437,0.900,135.402,68.694,0.954,0.298,135.402,68.694,0.954,0.298,82.050,85.778,-0.895,-0.446,1.000,1.000,0,0
224.158,96.239,0.709,0.705,1,234.891,106.908,15.133,1,457.316,755.155,0,0,766.829,94.518,85.749,318.671,97.204,0.906,-0.424,318.671,97.204,0.906,-0.424,32.672,11.902,-0.437,0.900,142.200,71.028,0.933,0.361,142.200,71.028,0.933,0.361,75.617,82.570,-0.895,-0.446,1.000,1.000,0,0
234.333,106.413,0.708,0.707,1,245.042,117.105,15.133,1,446.358,766.225,0,0,777.993,91.673,91.509,325.182,94.159,0.906,-0.424,325.182,94.159,0.906,-0.424,29.533,18.369,-0.437,0.900,148.843,73.772,0.912,0.411,148.843,73.772,0.912,0.411,77.154,89.592,0.214,0.977,1.000,1.000,0,0
244.507,116.587,0.707,0.707,1,255.210,127.286,15.133,1,435.600,777.404,0,0,789.276,90.832,97.622,331.694,91.113,0.906,-0.424,331.694,91.113,0.906,-0.424,26.393,24.835,-0.437,0.900,155.341,76.844,0.893,0.451,155.341,76.844,0.893,0.451,78.692,96.615,0.214,0.977,1.000,1.000,0,0
254.681,126.762,0.707,0.707,1,265.383,137.462,15.133,1,425.056,788.687,0,0,800.662,92.052,103.989,338.206,88.068,0.906,-0.424,338.206,88.068,0.906,-0.424,23.253,31.302,-0.437,0.900,161.707,80.183,0.875,0.484,161.707,80.183,0.875,0.484,80.229,103.637,0.214,0.977,1.000,0.000,0,0
269.070,126.762,0.977,0.212,1,283.859,129.974,15.133,1,410.683,802.968,0,0,818.033,86.399,109.854,344.718,85.022,0.906,-0.424,344.718,85.022,0.906,-0.424,20.114,37.769,-0.437,0.900,168.182,83.295,0.927,0.374,168.182,83.295,0.927,0.374,81.766,110.660,0.214,0.977,1.000,0.000,0,0
283.459,126.762,0.998,0.063,1,298.562,127.711,15.133,1,396.311,817.253,0,0,832.361,81.231,116.012,351.229,81.977,0.906,-0.424,351.229,81.977,0.906,-0.424,16.974,44.236,-0.437,0.900,174.913,85.815,0.947,0.321,174.913,85.815,0.947,0.321,83.304,117.682,0.214,0.977,1.000,0.000,0,0
297.848,126.762,1.000,0.018,1,312.978,127.028,15.133,1,381.940,831.542,0,0,846.601,76.648,122.386,357.741,78.931,0.906,-0.424,357.741,78.931,0.906,-0.424,13.834,50.703,-0.437,0.900,181.757,88.012,0.959,0.285,181.757,88.012,0.959,0.285,427.000,279.000,0.000,0.000,1.000,0.000,0,0
312.236,126.762,1.000,0.005,1,327.369,126.837,15.133,1,367.570,845.833,0,0,860.877,72.760,128.923,364.253,75.886,0.906,-0.424,364.253,75.886,0.906,-0.424,10.695,57.170,-0.437,0.900,188.672,89.977,0.966,0.257,188.672,89.977,0.966,0.257,427.000,279.000,0.000,0.000,1.000,0.000,0,0
326.625,126.762,1.000,0.001,1,341.758,126.783,15.133,1,353.202,860.129,0,0,875.169,69.684,135.585,370.764,72.840,0.906,-0.424,370.764,72.840,0.906,-0.424,7.555,63.636,-0.437,0.900,195.638,91.753,0.972,0.233,195.638,91.753,0.972,0.233,427.000,279.000,0.000,0.000,1.000,0.000,0,0
341.014,126.762,1.000,0.000,1,356.147,126.767,15.133,1,338.836,874.427,0,0,889.468,67.529,142.344,377.276,69.795,0.906,-0.424,377.276,69.795,0.906,-0.424,4.415,70.103,-0.437,0.900,202.643,93.368,0.977,0.213,202.643,93.368,0.977,0.213,427.000,279.000,0.000,0.000,1.000,0.000,0,0
355.402,126.762,1.000,0.000,0,370.536,126.763,15.133,0,324.471,888.728,0,0,903.772,66.387,149.179,383.788,66.749,0.906,-0.424,383.788,66.749,0.906,-0.424,1.276,76.570,-0.437,0.900,209.678,94.843,0.981,0.195,209.678,94.843,0.981,0.195,427.000,279.000,0.000,0.000,1.000,0.000,1,0
361.158,126.762,1.000,0.000,0,390.238,126.765,29.080,0,318.726,894.449,0,0,923.362,69.466,147.619,390.299,63.704,0.906,-0.424,390.299,63.704,0.906,-0.424,-1.864,83.037,-0.437,0.900,216.742,96.179,0.985,0.174,216.742,96.179,0.985,0.174,427.000,279.000,0.000,0.000,0.000,0.000,0,0
361.158,126.762,1.000,0.000,0,409.452,126.767,48.295,0,318.726,894.449,0,0,942.469,75.105,140.437,396.811,60.658,0.906,-0.424,396.811,60.658,0.906,-0.424,-5.004,89.504,-0.437,0.900,223.830,97.376,0.988,0.156,223.830,97.376,0.988,0.156,427.000,279.000,0.000,0.000,0.000,0.000,0,0
361.158,126.762,1.000,0.000,0,428.191,126.769,67.034,0,318.726,894.449,0,0,961.106,80.990,133.262,403.323,57.613,0.906,-0.424,403.323,57.613,0.906,-0.424,-8.144,95.971,-0.437,0.900,230.937,98.458,0.990,0.142,230.937,98.458,0.990,0.142,427.000,279.000,0.000,0.000,0.000,0.000,0,0
361.158,126.762,1.000,0.000,0,446.466,126.771,85.312,0,318.726,894.449,0,0,979.285,87.071,126.095,409.834,54.567,0.906,-0.424,409.834,54.567,0.906,-0.424,-11.283,102.437,-0.437,0.900,238.057,99.443,0.992,0.130,238.057,99.443,0.992,0.130,427.000,279.000,0.000,0.000,0.000,0.000,0,0
361.158,126.762,1.000,0.000,0,464.288,126.773,103.138,0,318.726,894.449,0,0,997.015,93.310,118.939,416.346,51.522,0.906,-0.424,416.346,51.522,0.906,-0.424,-14.423,108.904,-0.437,0.900,245.189,100.347,0.993,0.120,245.189,100.347,0.993,0.120,427.000,279.000,0.000,0.000,0.000,0.000,0,0
361.158,126.762,1.000,0.000,0,481.670,126.775,120.524,0,318.726,894.449,0,0,1014.308,99.677,111.795,422.858,48.476,0.906,-0.424,422.858,48.476,0.906,-0.424,-17.563,115.371,-0.437,0.900,252.329,101.182,0.994,0.111,252.329,101.182,0.994,0.111,427.000,279.000,0.000,0.000,0.000,0.000,0,0
361.158,126.762,1.000,0.000,0,498.621,126.777,137.483,0,318.726,894.449,0,0,1031.176,106.149,104.664,429.369,45.431,0.906,-0.424,429.369,45.431,0.906,-0.424,-20.702,121.838,-0.437,0.900,259.476,101.957,0.995,0.103,259.476,101.957,0.995,0.103,427.000,279.000,0.000,0.000,0.000,0.000,0,0
361.158,126.762,1.000,0.000,0,515.153,126.778,154.024,0,318.726,894.449,0,0,1047.627,112.707,97.549,435.881,42.385,0.906,-0.424,435.881,42.385,0.906,-0.424,-23.842,128.305,-0.437,0.900,266.628,102.679,0.995,0.097,266.628,102.679,0.995,0.097,427.000,279.000,0.000,0.000,0.000,0.000,0,0
361.158,126.762,1.000,0.000,0,531.275,126.780,170.159,0,318.726,894.449,0,0,1063.673,119.339,90.454,442.393,39.340,0.906,-0.424,442.393,39.340,0.906,-0.424,44.000,-93.000,0.000,0.000,273.785,103.355,0.996,0.091,273.785,103.355,0.996,0.091,427.000,279.000,0.000,0.000,0.000,0.000,0,0
361.158,126.762,1.000,0.000,0,546.999,126.782,185.898,0,318.726,894.449,0,0,1079.324,126.031,83.382,448.905,36.294,0.906,-0.424,448.905,36.294,0.906,-0.424,44.000,-93.000,0.000,0.000,280.946,103.991,0.996,0.085,280.946,103.991,0.996,0.085,427.000,279.000,0.000,0.000,0.000,0.000,0,0
361.158,126.762,1.000,0.000,0,562.333,126.783,201.250,0,318.726,894.449,0,0,1094.589,132.843,76.339,455.275,33.010,0.808,-0.590,455.275,33.010,0.808,-0.590,44.000,-93.000,0.000,0.000,288.109,104.591,0.997,0.081,288.109,104.591,0.997,0.081,427.000,279.000,0.000,0.000,0.000,0.000,0,0
361.158,126.762,1.000,0.000,0,577.288,126.785,216.227,0,318.726,894.449,0,0,1109.478,139.953,69.334,461.081,28.771,0.808,-0.590,461.081,28.771,0.808,-0.590,44.000,-93.000,0.000,0.000,295.275,105.158,0.997,0.076,295.275,105.158,0.997,0.076,427.000,279.000,0.000,0.000,0.000,0.000,0,0
361.158,126.762,1.000,0.000,0,591.324,126.786,230.261,0,318.726,894.449,0,0,1123.460,147.070,62.378,466.887,24.532,0.808,-0.590,466.887,24.532,0.808,-0.590,44.000,-93.000,0.000,0.000,302.444,105.697,0.997,0.073,302.444,105.697,0.997,0.073,427.000,279.000,0.000,0.000,0.000,0.000,0,0
361.158,126.762,1.000,0.000,0,604.871,126.788,243.803,0,318.726,894.449,0,0,1136.958,154.193,55.490,472.693,20.294,0.808,-0.590,472.693,20.294,0.808,-0.590,44.000,-93.000,0.000,0.000,309.614,106.211,0.998,0.070,309.614,106.211,0.998,0.070,427.000,279.000,0.000,0.000,0.000,0.000,0,0
361.158,126.762,1.000,0.000,0,618.025,126.789,256.952,0,318.726,894.449,0,0,1150.065,161.323,48.695,478.499,16.055,0.808,-0.590,478.499,16.055,0.808,-0.590,44.000,-93.000,0.000,0.000,316.786,106.702,0.998,0.067,316.786,106.702,0.998,0.067,427.000,279.000,0.000,0.000,0.000,0.000,0,0
361.158,126.762,1.000,0.000,0,630.795,126.790,269.718,0,318.726,894.449,0,0,1162.791,168.457,42.041,484.305,11.816,0.808,-0.590,484.305,11.816,0.808,-0.590,44.000,-93.000,0.000,0.000,323.959,107.172,0.998,0.064,323.959,107.172,0.998,0.064,427.000,279.000,0.000,0.000,0.000,0.000,0,0
361.158,126.762,1.000,0.000,0,643.191,126.792,282.111,0,318.726,894.449,0,0,1175.145,175.596,35.605,490.111,7.577,0.808,-0.590,490.111,7.577,0.808,-0.590,44.000,-93.000,0.000,0.000,331.134,107.624,0.998,0.061,331.134,107.624,0.998,0.061,427.000,279.000,0.000,0.000,0.000,0.000,0,0
39.000,287.000,0.897,0.443,0,655.222,126.793,636.738,0,657.611,622.345,0,0,1187.136,124.004,101.316,-85.000,286.000,0.000,0.000,-85.000,286.000,0.000,0.000,-296.000,285.000,0.000,0.000,140.000,279.000,0.000,0.000,140.000,279.000,0.000,0.000,290.700,275.300,0.000,0.000,0.000,0.000,0,0
39.000,287.000,0.897,0.443,0,666.898,126.794,648.047,0,657.619,622.354,0,0,1198.774,124.004,101.316,-85.000,286.000,0.000,0.000,-85.000,286.000,0.000,0.000,-296.000,285.000,0.000,0.000,140.000,279.000,0.000,0.000,140.000,279.000,0.000,0.000,290.700,275.300,0.000,0.000,0.000,0.000,0,0
39.000,287.000,0.897,0.443,0,670.870,126.795,651.893,0,657.619,622.354,0,0,1202.737,124.004,101.316,-85.000,286.000,0.000,0.000,-85.000,286.000,0.000,0.000,-296.000,285.000,0.000,0.000,140.000,279.000,0.000,0.000,140.000,279.000,0.000,0.000,290.700,275.300,0.000,0.000,0.000,0.000,0,0
39.000,287.000,0.897,0.443,0,669.870,126.796,650.917,0,657.619,622.354,0,0,1201.746,124.004,101.316,-85.000,286.000,0.000,0.000,-85.000,286.000,0.000,0.000,-296.000,285.000,0.000,0.000,140.000,279.000,0.000,0.000,140.000,279.000,0.000,0.000,290.700,275.300,0.000,0.000,0.000,0.000,0,0
39.000,287.000,0.897,0.443,0,669.806,126.797,650.851,0,657.619,622.354,0,0,1201.686,124.004,101.316,-85.000,286.000,0.000,0.000,-85.000,286.000,0.000,0.000,-296.000,285.000,0.000,0.000,140.000,279.000,0.000,0.000,140.000,279.000,0.000,0.000,290.700,275.300,0.000,0.000,0.000,0.000,0,0
39.000,287.000,0.897,0.443,0,669.806,126.798,650.848,0,657.619,622.354,0,0,1201.690,124.004,101.316,-85.000,286.000,0.000,0.000,-85.000,286.000,0.000,0.000,-296.000,285.000,0.000,0.000,140.000,279.000,0.000,0.000,140.000,279.000,0.000,0.000,290.700,275.300,0.000,0.000,0.000,0.000,0,0
39.000,287.000,0.897,0.443,0,669.806,126.798,650.846,0,657.619,622.354,0,0,1201.693,124.004,101.316,-85.000,286.000,0.000,0.000,-85.000,286.000,0.000,0.000,-296.000,285.000,0.000,0.000,140.000,279.000,0.000,0.000,140.000,279.000,0.000,0.000,290.700,275.300,0.000,0.000,0.000,0.000,0,0
39.000,287.000,0.897,0.443,0,669.806,126.799,650.844,0,657.619,622.354,0,0,1201.695,124.004,101.316,-85.000,286.000,0.000,0.000,-85.000,286.000,0.000,0.000,-296.000,285.000,0.000,0.000,140.000,279.000,0.000,0.000,140.000,279.000,0.000,0.000,290.700,275.300,0.000,0.000,0.000,0.000,0,0
39.000,284.122,0.943,0.332,0,669.806,126.800,650.141,0,656.973,621.175,0,0,1201.696,124.014,101.130,-85.000,286.000,0.000,0.000,-85.000,286.000,0.000,0.000,-296.000,285.000,0.000,0.000,140.000,279.000,0.000,0.000,140.000,279.000,0.000,0.000,290.700,275.300,0.000,0.000,0.000,-1.000,0,0
39.000,272.611,0.711,-0.703,0,669.806,126.801,647.452,0,654.507,616.572,0,0,1201.695,124.721,101.202,-85.000,286.000,0.000,0.000,-85.000,286.000,0.000,0.000,-296.000,285.000,0.000,0.000,140.000,279.000,0.000,0.000,140.000,279.000,0.000,0.000,290.700,275.300,0.000,0.000,0.000,-1.000,0,0
39.000,258.223,0.129,-0.992,0,59.000,80.600,178.858,0,651.697,611.075,0,0,589.175,127.073,103.115,-85.000,286.000,0.000,0.000,-85.000,286.000,0.000,0.000,-296.000,285.000,0.000,0.000,140.000,279.000,0.000,0.000,140.000,279.000,0.000,0.000,290.700,275.300,0.000,0.000,0.000,-1.000,0,0
39.000,243.834,0.037,-0.999,0,59.000,80.600,164.581,0,649.195,605.869,0,0,589.173,130.973,106.947,-85.000,286.000,0.000,0.000,-85.000,286.000,0.000,0.000,44.000,-93.000,0.000,0.000,140.000,279.000,0.000,0.000,140.000,279.000,0.000,0.000,290.700,275.300,0.000,0.000,0.000,-1.000,0,0
39.000,229.445,0.010,-1.000,0,59.000,80.600,150.330,0,647.003,600.963,0,0,589.170,136.288,112.502,-85.000,286.000,0.000,0.000,-85.000,286.000,0.000,0.000,44.000,-93.000,0.000,0.000,140.000,279.000,0.000,0.000,140.000,279.000,0.000,0.000,290.700,275.300,0.000,0.000,0.000,-1.000,0,0
39.000,215.057,0.003,-1.000,0,59.000,80.600,136.098,0,645.124,596.364,0,0,589.171,142.860,119.540,-85.000,286.000,0.000,0.000,-85.000,286.000,0.000,0.000,44.000,-93.000,0.000,0.000,140.000,279.000,0.000,0.000,140.000,279.000,0.000,0.000,290.700,275.300,0.000,0.000,0.000,-1.000,0,0
39.000,200.668,0.001,-1.000,0,59.000,80.600,121.903,0,643.562,592.079,0,0,589.171,150.524,127.816,-85.000,286.000,0.000,0.000,-85.000,286.000,0.000,0.000,44.000,-93.000,0.000,0.000,140.000,279.000,0.000,0.000,140.000,279.000,0.000,0.000,290.700,275.300,0.000,0.000,0.000,-1.000,0,0
39.000,186.279,0.000,-1.000,0,59.000,80.600,107.760,0,642.318,588.115,0,0,589.171,159.123,137.106,-85.000,286.000,0.000,0.000,-85.000,286.000,0.000,0.000,44.000,-93.000,0.000,0.000,140.000,279.000,0.000,0.000,140.000,279.000,0.000,0.000,290.700,275.300,0.000,0.000,0.000,-1.000,0,0
39.000,171.891,0.000,-1.000,0,59.000,80.600,93.691,0,641.395,584.479,0,0,589.171,168.514,147.219,-85.000,286.000,0.000,0.000,-85.000,286.000,0.000,0.000,44.000,-93.000,0.000,0.000,140.000,279.000,0.000,0.000,140.000,279.000,0.000,0.000,290.700,275.300,0.000,0.000,0.000,-1.000,0,0
39.000,157.502,0.000,-1.000,0,59.000,80.600,79.736,0,640.793,581.176,0,0,589.171,178.571,157.996,-85.000,286.000,0.000,0.000,-85.000,286.000,0.000,0.000,44.000,-93.000,0.000,0.000,140.000,279.000,0.000,0.000,140.000,279.000,0.000,0.000,108.800,-94.600,0.000,0.000,0.000,-1.000,0,0
39.000,143.113,0.000,-1.000,0,59.000,80.600,65.969,0,640.515,578.212,0,0,589.171,189.189,169.311,-85.000,286.000,0.000,0.000,-85.000,286.000,0.000,0.000,44.000,-93.000,0.000,0.000,140.000,279.000,0.000,0.000,140.000,279.000,0.000,0.000,108.800,-94.600,0.000,0.000,0.000,-1.000,0,0
39.000,128.725,0.000,-1.000,0,59.000,80.600,52.536,0,640.559,575.592,0,0,589.171,200.279,181.063,-85.000,286.000,0.000,0.000,-85.000,286.000,0.000,0.000,44.000,-93.000,0.000,0.000,140.000,279.000,0.000,0.000,140.000,279.000,0.000,0.000,108.800,-94.600,0.000,0.000,0.000,-1.000,0,0
39.000,114.336,0.000,-1.000,0,59.000,80.600,39.776,0,640.927,573.322,0,0,589.171,207.396,193.172,44.000,-93.000,0.000,0.000,44.000,-93.000,0.000,0.000,-85.000,286.000,0.000,0.000,140.000,279.000,0.000,0.000,140.000,279.000,0.000,0.000,108.800,-94.600,0.000,0.000,0.000,-1.000,0,0
43.070,98.755,0.202,-0.979,1,46.120,83.933,15.133,1,637.628,575.302,0,0,576.779,191.758,204.222,44.000,-93.000,0.000,0.000,44.000,-93.000,0.000,0.000,-85.000,286.000,0.000,0.000,108.800,-94.600,0.000,0.000,108.800,-94.600,0.000,0.000,140.000,279.000,0.000,0.000,1.000,-1.000,0,0
51.209,90.616,0.558,-0.830,1,59.654,78.058,15.133,1,630.065,582.492,0,0,589.753,183.757,193.963,44.000,-93.000,0.000,0.000,44.000,-93.000,0.000,0.000,-67.000,-108.000,0.000,0.000,108.800,-94.600,0.000,0.000,108.800,-94.600,0.000,0.000,140.000,279.000,0.000,0.000,1.000,-1.000,0,0
61.384,80.441,0.666,-0.746,1,71.457,69.148,15.133,1,620.782,591.672,0,0,600.882,174.310,181.350,44.000,-93.000,0.000,0.000,44.000,-93.000,0.000,0.000,-67.000,-108.000,0.000,0.000,108.800,-94.600,0.000,0.000,108.800,-94.600,0.000,0.000,140.000,279.000,0.000,0.000,1.000,0.000,0,0
75.772,80.441,0.975,-0.220,1,90.534,77.107,15.133,1,606.461,606.006,0,0,620.457,176.328,178.130,44.000,-93.000,0.000,0.000,44.000,-93.000,0.000,0.000,-67.000,-108.000,0.000,0.000,108.800,-94.600,0.000,0.000,108.800,-94.600,0.000,0.000,140.000,279.000,0.000,0.000,1.000,0.000,0,0
90.161,80.441,0.998,-0.067,1,105.260,79.421,15.133,1,592.144,620.343,0,0,635.311,179.479,176.031,44.000,-93.000,0.000,0.000,44.000,-93.000,0.000,0.000,-67.000,-108.000,0.000,0.000,108.800,-94.600,0.000,0.000,108.800,-94.600,0.000,0.000,140.000,279.000,0.000,0.000,1.000,0.000,0,0
104.550,80.441,1.000,-0.018,1,119.680,80.162,15.133,1,577.830,634.682,0,0,649.742,183.707,175.093,44.000,-93.000,0.000,0.000,44.000,-93.000,0.000,0.000,-67.000,-108.000,0.000,0.000,108.800,-94.600,0.000,0.000,108.800,-94.600,0.000,0.000,140.000,279.000,0.000,0.000,1.000,0.000,0,0
110.305,87.389,0.807,0.591,1,122.517,96.327,15.133,1,571.449,640.993,0,0,653.988,192.189,181.995,44.000,-93.000,0.000,0.000,44.000,-93.000,0.000,0.000,-67.000,-108.000,0.000,0.000,108.800,-94.600,0.000,0.000,108.800,-94.600,0.000,0.000,140.000,279.000,0.000,0.000,-1.000,1.000,0,0
100.131,97.563,-0.336,0.942,1,95.046,111.817,15.133,1,580.786,631.855,0,0,628.476,198.658,185.766,44.000,-93.000,0.000,0.000,44.000,-93.000,0.000,0.000,-85.000,286.000,0.000,0.000,140.000,279.000,0.000,0.000,140.000,279.000,0.000,0.000,108.800,-94.600,0.000,0.000,-1.000,1.000,0,0
89.956,107.738,-0.626,0.780,1,80.482,119.538,15.133,1,590.325,622.914,0,0,615.106,205.931,178.424,44.000,-93.000,0.000,0.000,44.000,-93.000,0.000,0.000,-85.000,286.000,0.000,0.000,140.000,279.000,0.000,0.000,140.000,279.000,0.000,0.000,108.800,-94.600,0.000,0.000,-1.000,1.000,0,0
79.782,117.912,-0.685,0.728,1,69.414,128.935,15.133,1,600.058,614.181,0,0,605.609,213.926,171.976,44.000,-93.000,0.000,0.000,44.000,-93.000,0.000,0.000,-83.726,285.333,0.886,-0.464,140.000,279.000,0.000,0.000,140.000,279.000,0.000,0.000,108.800,-94.600,0.000,0.000,-1.000,1.000,0,0
69.608,128.086,-0.701,0.713,1,59.001,138.880,15.133,1,609.974,605.663,0,0,597.057,212.809,166.523,-77.358,281.998,0.886,-0.464,-77.358,281.998,0.886,-0.464,44.000,-93.000,0.000,0.000,140.000,279.000,0.000,0.000,140.000,279.000,0.000,0.000,108.800,-94.600,0.000,0.000,-1.000,1.000,0,0
59.433,138.261,-0.705,0.709,0,48.759,148.988,15.133,0,620.067,597.371,0,0,588.934,191.632,162.168,-70.990,278.662,0.886,-0.464,-70.990,278.662,0.886,-0.464,44.000,-93.000,0.000,0.000,140.000,279.000,0.000,0.000,140.000,279.000,0.000,0.000,108.800,-94.600,0.000,0.000,-1.000,1.000,0,1
49.259,148.435,-0.707,0.708,0,35.393,163.462,20.447,0,630.326,589.314,0,0,578.991,177.254,159.001,-70.990,278.662,0.000,0.000,-70.990,278.662,0.000,0.000,44.000,-93.000,0.000,0.000,140.000,279.000,0.000,0.000,140.000,279.000,0.000,0.000,108.800,-94.600,0.000,0.000,-1.000,1.000,0,1
44.347,150.470,-0.832,0.554,0,22.357,177.578,34.906,0,635.273,584.915,0,0,569.779,172.441,160.217,-70.990,278.662,0.000,0.000,-70.990,278.662,0.000,0.000,44.000,-93.000,0.000,0.000,140.000,279.000,0.000,0.000,140.000,279.000,0.000,0.000,108.800,-94.600,0.000,0.000,0.000,0.000,0,0
44.347,144.714,-0.992,0.124,0,9.644,191.345,58.128,0,635.185,583.765,0,0,561.282,176.761,164.870,-70.990,278.662,0.000,0.000,-70.990,278.662,0.000,0.000,44.000,-93.000,0.000,0.000,140.000,279.000,0.000,0.000,140.000,279.000,0.000,0.000,108.800,-94.600,0.000,0.000,0.000,-1.000,0,0
44.347,130.326,-0.468,-0.884,0,-2.754,204.771,88.098,0,635.194,581.132,0,0,553.478,187.900,176.787,-70.990,278.662,0.000,0.000,-70.990,278.662,0.000,0.000,44.000,-93.000,0.000,0.000,140.000,279.000,0.000,0.000,140.000,279.000,0.000,0.000,108.800,-94.600,0.000,0.000,0.000,-1.000,0,0
48.416,117.623,0.203,-0.979,0,-14.846,217.864,118.541,0,631.406,583.116,0,0,546.346,200.479,185.554,-70.990,278.662,0.000,0.000,-70.990,278.662,0.000,0.000,44.000,-93.000,0.000,0.000,140.000,279.000,0.000,0.000,140.000,279.000,0.000,0.000,108.800,-94.600,0.000,0.000,1.000,-1.000,0,0
61.119,113.553,0.870,-0.493,0,-26.638,230.634,146.329,0,618.860,595.097,0,0,539.865,207.261,183.289,44.000,-93.000,0.000,0.000,44.000,-93.000,0.000,0.000,-72.369,-49.298,-0.091,0.996,140.000,279.000,0.000,0.000,140.000,279.000,0.000,0.000,108.800,-94.600,0.000,0.000,1.000,0.000,0,0
75.508,113.553,0.989,-0.148,0,-38.138,243.088,172.337,0,604.488,609.345,0,0,534.012,208.942,177.572,44.000,-93.000,0.000,0.000,44.000,-93.000,0.000,0.000,-73.024,-42.139,-0.091,0.996,140.000,279.000,0.000,0.000,140.000,279.000,0.000,0.000,108.800,-94.600,0.000,0.000,1.000,1.000,0,0
85.682,123.727,0.879,0.477,0,-49.354,255.233,188.514,0,593.996,620.863,0,0,528.763,220.343,164.499,-70.990,278.662,0.000,0.000,-70.990,278.662,0.000,0.000,44.000,-93.000,0.000,0.000,140.000,279.000,0.000,0.000,140.000,279.000,0.000,0.000,108.800,-94.600,0.000,0.000,1.000,1.000,0,0
93.822,134.745,0.695,0.719,0,-57.584,271.641,204.119,1,585.698,630.630,0,0,528.673,218.804,151.466,-70.990,278.662,0.000,0.000,-70.990,278.662,0.000,0.000,44.000,-93.000,0.000,0.000,140.000,279.000,0.000,0.000,140.000,279.000,0.000,0.000,235.659,-38.486,-0.687,0.727,-1.000,1.000,0,0
81.962,140.849,-0.493,0.870,0,-57.584,271.641,191.258,1,597.553,619.992,0,0,528.673,205.880,149.847,-70.990,278.662,0.000,0.000,-70.990,278.662,0.000,0.000,-74.988,-20.662,-0.091,0.996,140.000,279.000,0.000,0.000,140.000,279.000,0.000,0.000,230.720,-33.263,-0.687,0.727,-1.000,0.000,0,0
67.573,140.849,-0.964,0.268,0,-57.584,271.641,181.027,1,611.937,605.841,0,0,528.673,195.428,155.985,-70.990,278.662,0.000,0.000,-70.990,278.662,0.000,0.000,-75.643,-13.504,-0.091,0.996,140.000,279.000,0.000,0.000,140.000,279.000,0.000,0.000,225.781,-28.040,-0.687,0.727,-1.000,0.000,0,0
55.713,134.745,-0.962,-0.274,0,-57.584,271.641,177.699,1,623.794,593.087,0,0,528.673,191.745,167.075,-70.990,278.662,0.000,0.000,-70.990,278.662,0.000,0.000,-76.298,-6.345,-0.091,0.996,140.000,279.000,0.000,0.000,140.000,279.000,0.000,0.000,220.842,-22.816,-0.687,0.727,0.000,-1.000,0,0
59.783,122.042,-0.064,-0.998,0,-57.584,271.641,190.145,1,619.920,595.015,0,0,528.673,182.736,176.269,-76.952,0.814,-0.091,0.996,-76.952,0.814,-0.091,0.996,-70.990,278.662,0.000,0.000,140.000,279.000,0.000,0.000,140.000,279.000,0.000,0.000,215.903,-17.593,-0.687,0.727,1.000,-1.000,0,0
73.328,120.007,0.872,-0.490,0,-57.584,271.641,200.328,1,606.440,608.098,0,0,528.673,187.971,172.406,-77.607,7.973,-0.091,0.996,-77.607,7.973,-0.091,0.996,-70.990,278.662,0.000,0.000,140.000,279.000,0.000,0.000,140.000,279.000,0.000,0.000,210.964,-12.369,-0.687,0.727,1.000,0.000,0,0
87.717,120.007,0.989,-0.148,0,-57.584,271.641,210.013,1,592.063,622.331,0,0,528.673,196.336,167.369,-78.262,15.132,-0.091,0.996,-78.262,15.132,-0.091,0.996,44.000,-93.000,0.000,0.000,140.000,279.000,0.000,0.000,140.000,279.000,0.000,0.000,206.025,-7.146,-0.687,0.727,1.000,1.000,0,0
87.717,132.710,0.538,0.843,0,-57.584,271.641,201.033,1,591.815,624.276,0,0,528.673,199.898,155.352,-78.917,22.290,-0.091,0.996,-78.917,22.290,-0.091,0.996,-70.990,278.662,0.000,0.000,140.000,279.000,0.000,0.000,140.000,279.000,0.000,0.000,201.086,-1.923,-0.687,0.727,-1.000,1.000,0,0
77.543,142.884,-0.403,0.915,0,-57.584,271.641,186.649,1,601.984,616.012,0,0,528.673,193.784,149.761,-79.571,29.449,-0.091,0.996,-79.571,29.449,-0.091,0.996,-70.990,278.662,0.000,0.000,140.000,279.000,0.000,0.000,140.000,279.000,0.000,0.000,196.147,3.301,-0.687,0.727,-1.000,1.000,0,0
69.403,153.901,-0.561,0.828,0,-57.584,271.641,173.172,1,610.310,610.138,0,0,528.673,187.818,143.644,-70.990,278.662,0.000,0.000,-70.990,278.662,0.000,0.000,-80.226,36.608,-0.091,0.996,140.000,279.000,0.000,0.000,140.000,279.000,0.000,0.000,191.208,8.524,-0.687,0.727,0.000,1.000,0,0
79.229,160.849,0.443,0.896,0,-57.584,271.641,176.048,1,600.716,621.177,0,0,528.673,190.908,132.864,-70.990,278.662,0.000,0.000,-70.990,278.662,0.000,0.000,-80.881,43.767,-0.091,0.996,140.000,279.000,0.000,0.000,140.000,279.000,0.000,0.000,186.269,13.748,-0.687,0.727,1.000,0.000,0,0
93.617,160.849,0.953,0.303,0,-57.584,271.641,187.448,1,586.344,635.250,0,0,528.673,202.424,126.930,-70.990,278.662,0.000,0.000,-70.990,278.662,0.000,0.000,-81.536,50.926,-0.091,0.996,140.000,279.000,0.000,0.000,140.000,279.000,0.000,0.000,181.330,18.971,-0.687,0.727,0.000,1.000,0,0
85.478,171.866,0.044,0.999,0,-52.490,268.973,168.715,1,595.001,629.662,0,0,532.012,183.730,120.210,-65.895,275.994,0.886,-0.464,-65.895,275.994,0.886,-0.464,-82.190,58.084,-0.091,0.996,140.000,279.000,0.000,0.000,140.000,279.000,0.000,0.000,176.400,24.202,-0.683,0.730,-1.000,1.000,0,0
74.810,173.901,-0.843,0.538,0,-46.121,265.638,151.789,1,605.766,619.739,0,0,536.243,166.732,123.676,-59.527,272.659,0.886,-0.464,-59.527,272.659,0.886,-0.464,-82.845,65.243,-0.091,0.996,140.000,279.000,0.000,0.000,140.000,279.000,0.000,0.000,171.505,29.467,-0.678,0.735,1.000,0.000,0,0
86.321,173.901,0.134,0.991,0,-39.753,262.303,153.979,1,594.280,630.941,0,0,540.537,168.997,118.014,-53.159,269.324,0.886,-0.464,-53.159,269.324,0.886,-0.464,-83.500,72.402,-0.091,0.996,140.000,279.000,0.000,0.000,140.000,279.000,0.000,0.000,166.650,34.769,-0.672,0.741,0.000,0.000,0,0
74.810,173.901,-0.413,0.911,0,-33.385,258.967,137.631,1,605.766,619.739,0,0,544.891,152.535,123.676,-46.791,265.988,0.886,-0.464,-46.791,265.988,0.886,-0.464,-84.155,79.561,-0.091,0.996,140.000,279.000,0.000,0.000,140.000,279.000,0.000,0.000,161.838,40.109,-0.666,0.746,-1.000,0.000,0,0
77.687,173.901,-0.181,0.983,0,-27.017,255.632,132.827,1,602.894,622.539,0,0,549.306,147.740,122.183,-40.423,262.653,0.886,-0.464,-40.423,262.653,0.886,-0.464,-84.809,86.720,-0.091,0.996,140.000,279.000,0.000,0.000,140.000,279.000,0.000,0.000,157.071,45.491,-0.659,0.752,1.000,0.000,0,0
92.076,173.901,0.855,0.519,0,-20.649,252.297,137.306,1,588.537,636.546,0,0,553.778,152.332,115.510,-34.055,259.318,0.886,-0.464,-34.055,259.318,0.886,-0.464,-84.167,93.698,0.372,0.928,140.000,279.000,0.000,0.000,140.000,279.000,0.000,0.000,152.355,50.916,-0.652,0.759,1.000,0.000,0,0
94.954,173.901,0.958,0.287,0,-14.280,248.962,132.538,1,585.666,639.350,0,0,558.307,147.574,114.346,-27.686,255.983,0.886,-0.464,-27.686,255.983,0.886,-0.464,-81.381,100.324,0.411,0.911,140.000,279.000,0.000,0.000,140.000,279.000,0.000,0.000,147.693,56.388,-0.644,0.765,0.000,0.000,0,0
94.954,173.901,0.958,0.287,0,-7.912,245.626,125.403,1,585.666,639.350,0,0,562.891,140.429,114.346,-21.318,252.647,0.886,-0.464,-21.318,252.647,0.886,-0.464,-78.306,106.821,0.452,0.892,140.000,279.000,0.000,0.000,140.000,279.000,0.000,0.000,143.090,61.910,-0.635,0.773,0.000,0.000,0,0
94.954,173.901,0.958,0.287,0,-1.544,242.291,118.276,1,585.666,639.350,0,0,567.530,133.288,114.346,-14.950,249.312,0.886,-0.464,-14.950,249.312,0.886,-0.464,-74.935,113.170,0.494,0.869,140.000,279.000,0.000,0.000,140.000,279.000,0.000,0.000,138.553,67.485,-0.625,0.780,0.000,0.000,0,0
94.954,173.901,0.958,0.287,0,4.824,238.956,111.156,1,585.666,639.350,0,0,572.221,126.153,108.113,-8.582,245.977,0.886,-0.464,-8.582,245.977,0.886,-0.464,-71.260,119.348,0.537,0.844,134.087,73.119,-0.615,0.789,134.087,73.119,-0.615,0.789,140.000,279.000,0.000,0.000,0.000,0.000,0,0
94.954,173.901,0.958,0.287,0,11.192,235.621,104.045,1,585.666,639.350,0,0,576.963,119.025,101.237,-2.214,242.642,0.886,-0.464,-2.214,242.642,0.886,-0.464,-67.278,125.332,0.580,0.815,129.701,78.814,-0.603,0.798,129.701,78.814,-0.603,0.798,140.000,279.000,0.000,0.000,0.000,0.000,0,0
94.954,173.901,0.958,0.287,0,17.561,232.286,96.946,1,585.666,639.350,0,0,581.756,111.904,94.371,4.155,239.307,0.886,-0.464,4.155,239.307,0.886,-0.464,-62.987,131.098,0.623,0.782,125.404,84.577,-0.590,0.808,125.404,84.577,-0.590,0.808,158.906,260.961,-0.236,-0.972,0.000,0.000,0,0
94.954,173.901,0.958,0.287,0,23.929,228.950,89.861,1,585.666,639.350,0,0,586.598,104.792,87.518,10.523,235.972,0.886,-0.464,10.523,235.972,0.886,-0.464,-58.387,136.621,0.665,0.746,121.207,90.413,-0.575,0.818,121.207,90.413,-0.575,0.818,157.209,253.975,-0.236,-0.972,0.000,0.000,0,0
100.709,173.901,0.980,0.198,0,30.297,225.615,87.363,1,579.923,644.959,0,0,591.487,102.349,79.289,16.891,232.636,0.886,-0.464,16.891,232.636,0.886,-0.464,-53.482,141.875,0.707,0.707,117.124,96.330,-0.558,0.830,117.124,96.330,-0.558,0.830,155.512,246.990,-0.236,-0.972,1.000,0.000,0,0
115.098,173.901,0.999,0.053,0,36.665,222.280,92.154,1,565.569,658.993,0,0,596.423,107.255,71.593,23.259,229.301,0.886,-0.464,23.259,229.301,0.886,-0.464,-48.281,146.836,0.748,0.664,113.171,102.334,-0.538,0.843,113.171,102.334,-0.538,0.843,153.815,240.004,-0.236,-0.972,1.000,0.000,0,0
123.731,173.901,1.000,0.022,0,43.033,218.945,92.418,1,556.957,667.421,0,0,601.405,107.547,65.580,29.627,225.966,0.886,-0.464,29.627,225.966,0.886,-0.464,-42.794,151.479,0.786,0.618,152.118,233.019,-0.236,-0.972,152.118,233.019,-0.236,-0.972,109.370,108.435,-0.515,0.857,0.000,0.000,0,0
123.731,173.901,1.000,0.022,0,49.401,215.610,85.232,1,556.957,667.421,0,0,606.431,100.360,58.567,35.995,222.631,0.886,-0.464,35.995,222.631,0.886,-0.464,-37.037,155.782,0.822,0.569,150.421,226.033,-0.236,-0.972,150.421,226.033,-0.236,-0.972,105.746,114.643,-0.487,0.873,0.000,0.000,0,0
123.731,173.901,1.000,0.022,0,55.770,212.275,78.047,1,556.957,667.421,0,0,611.499,93.174,51.603,42.364,219.296,0.886,-0.464,42.364,219.296,0.886,-0.464,-31.029,159.727,0.855,0.518,148.724,219.048,-0.236,-0.972,148.724,219.048,-0.236,-0.972,102.334,120.970,-0.454,0.891,0.000,0.000,0,0
123.731,173.901,1.000,0.022,0,62.138,208.939,70.862,1,556.957,667.421,0,0,616.610,85.988,44.710,48.732,215.960,0.886,-0.464,48.732,215.960,0.886,-0.464,-24.791,163.299,0.885,0.465,147.027,212.062,-0.236,-0.972,147.027,212.062,-0.236,-0.972,99.179,127.429,-0.414,0.910,0.000,0.000,0,0
123.731,173.901,1.000,0.022,0,68.506,205.604,63.678,1,556.957,667.421,0,0,621.763,78.802,37.927,55.100,212.625,0.886,-0.464,55.100,212.625,0.886,-0.464,-18.348,166.485,0.912,0.411,145.329,205.077,-0.236,-0.972,145.329,205.077,-0.236,-0.972,96.345,134.035,-0.363,0.932,0.000,0.000,0,0
123.731,173.901,1.000,0.022,0,74.874,202.269,56.496,1,556.957,667.421,0,0,626.955,71.618,31.325,61.468,209.290,0.886,-0.464,61.468,209.290,0.886,-0.464,-11.726,169.280,0.934,0.356,143.632,198.091,-0.236,-0.972,143.632,198.091,-0.236,-0.972,93.920,140.800,-0.296,0.955,0.000,0.000,0,0
123.731,173.901,1.000,0.022,0,81.242,198.934,49.315,1,556.957,667.421,0,0,632.186,64.434,25.048,67.836,205.955,0.886,-0.464,67.836,205.955,0.886,-0.464,-4.952,171.682,0.953,0.301,141.935,191.106,-0.236,-0.972,141.935,191.106,-0.236,-0.972,92.034,147.735,-0.206,0.979,0.000,0.000,0,0
123.731,173.901,1.000,0.022,0,87.610,195.599,42.137,1,556.957,667.421,0,0,637.456,57.251,19.414,74.205,202.620,0.886,-0.464,74.205,202.620,0.886,-0.464,1.949,173.694,0.969,0.248,140.238,184.120,-0.236,-0.972,140.238,184.120,-0.236,-0.972,90.888,154.827,-0.080,0.997,0.000,0.000,0,0
123.731,173.901,1.000,0.022,0,93.979,192.263,34.963,1,556.957,667.421,0,0,642.762,50.070,15.159,80.573,199.284,0.886,-0.464,80.573,199.284,0.886,-0.464,8.949,175.323,0.981,0.195,138.541,177.135,-0.236,-0.972,138.541,177.135,-0.236,-0.972,90.801,162.006,0.104,0.995,0.000,0.000,0,0
123.731,173.901,1.000,0.022,0,94.059,174.068,29.673,2,556.957,667.421,0,0,638.516,42.891,13.639,86.941,195.949,0.886,-0.464,86.941,195.949,0.886,-0.464,16.109,175.692,1.000,-0.021,136.844,170.149,-0.236,-0.972,136.844,170.149,-0.236,-0.972,94.539,158.942,0.624,-0.781,0.000,0.000,0,0
123.731,173.901,1.000,0.022,0,120.018,163.511,11.034,2,556.957,667.421,0,0,661.635,35.717,15.672,93.309,192.614,0.886,-0.464,93.309,192.614,0.886,-0.464,23.279,175.249,0.993,-0.120,135.147,163.164,-0.236,-0.972,135.147,163.164,-0.236,-0.972,99.024,153.324,0.624,-0.781,0.000,0.000,0,0
123.748,173.966,1.000,0.022,0,117.570,163.584,12.081,0,556.944,667.451,0,0,659.251,28.529,20.261,99.677,189.279,0.886,-0.464,99.677,189.279,0.886,-0.464,30.414,174.376,0.992,-0.123,133.450,156.179,-0.236,-0.972,133.450,156.179,-0.236,-0.972,103.510,147.707,0.624,-0.781,0.000,0.000,0,0
123.748,185.477,0.504,0.864,0,115.418,164.309,22.748,0,557.807,670.013,0,0,657.287,17.709,37.156,106.045,185.944,0.886,-0.464,106.045,185.944,0.886,-0.464,37.550,173.504,0.993,-0.117,131.753,149.193,-0.236,-0.972,131.753,149.193,-0.236,-0.972,107.995,142.089,0.624,-0.781,0.000,1.000,0,0
123.748,199.865,0.156,0.988,0,113.368,165.135,36.251,0,559.219,673.478,0,0,655.444,20.646,58.002,112.414,182.608,0.886,-0.464,112.414,182.608,0.886,-0.464,44.691,172.683,0.994,-0.109,130.056,142.208,-0.236,-0.972,130.056,142.208,-0.236,-0.972,112.480,136.471,0.624,-0.781,0.000,1.000,0,0
131.888,210.883,0.526,0.850,0,112.079,164.083,50.824,0,552.480,684.174,0,0,653.961,34.212,68.599,118.777,179.282,0.886,-0.464,118.777,179.282,0.886,-0.464,51.835,171.882,0.992,-0.128,140.000,279.000,0.000,0.000,140.000,279.000,0.000,0.000,128.359,135.222,-0.236,-0.972,1.000,0.000,0,0
146.276,210.883,0.960,0.279,0,111.305,161.925,60.174,0,538.227,698.062,0,0,652.759,40.830,68.406,125.145,175.947,0.886,-0.464,125.145,175.947,0.886,-0.464,58.949,170.848,0.986,-0.168,140.000,279.000,0.000,0.000,140.000,279.000,0.000,0.000,126.662,128.237,-0.236,-0.972,1.000,0.000,0,0
149.154,210.883,0.926,0.379,0,110.551,159.820,64.029,0,535.377,700.842,0,0,651.591,42.141,68.730,131.513,172.612,0.886,-0.464,131.513,172.612,0.886,-0.464,66.012,169.515,0.977,-0.213,140.000,279.000,0.000,0.000,140.000,279.000,0.000,0.000,124.965,121.251,-0.236,-0.972,-1.000,0.000,0,0
143.399,210.883,0.103,0.995,0,109.815,157.767,62.873,0,541.077,695.283,0,0,650.456,41.971,68.202,137.881,169.276,0.886,-0.464,137.881,169.276,0.886,-0.464,73.003,167.843,0.965,-0.264,140.000,279.000,0.000,0.000,140.000,279.000,0.000,0.000,130.422,114.000,0.624,-0.781,1.000,0.000,0,0
157.787,210.883,0.911,0.412,0,109.097,155.765,73.589,0,526.830,709.187,0,0,649.352,46.936,70.401,144.249,165.941,0.886,-0.464,144.249,165.941,0.886,-0.464,79.887,165.778,0.946,-0.324,140.000,279.000,0.000,0.000,140.000,279.000,0.000,0.000,134.907,108.382,0.624,-0.781,1.000,0.000,0,0
172.176,210.883,0.994,0.111,0,104.387,163.899,82.479,0,512.591,723.110,0,0,646.413,52.801,75.334,149.344,163.273,0.000,0.000,149.344,163.273,0.000,0.000,79.045,167.267,-0.824,0.566,140.000,279.000,0.000,0.000,140.000,279.000,0.000,0.000,139.392,102.765,0.624,-0.781,1.000,0.000,0,0
186.565,210.883,1.000,0.031,0,123.893,163.917,78.317,0,498.360,737.051,0,0,665.509,60.432,82.512,149.344,163.273,0.000,0.000,149.344,163.273,0.000,0.000,73.118,171.336,-0.824,0.566,140.000,279.000,0.000,0.000,140.000,279.000,0.000,0.000,143.878,97.147,0.624,-0.781,1.000,0.000,0,0
200.953,210.883,1.000,0.009,0,135.041,164.188,80.776,0,484.138,751.009,0,0,676.483,70.168,91.407,149.409,163.273,0.000,0.000,149.409,163.273,0.000,0.000,67.192,175.404,-0.824,0.566,140.000,279.000,0.000,0.000,140.000,279.000,0.000,0.000,148.363,91.529,0.624,-0.781,1.000,0.000,0,0
215.342,210.883,1.000,0.003,0,134.096,164.857,93.378,0,469.927,764.983,0,0,675.684,81.322,101.570,149.414,163.273,0.000,0.000,149.414,163.273,0.000,0.000,61.265,179.473,-0.824,0.566,140.000,279.000,0.000,0.000,140.000,279.000,0.000,0.000,152.848,85.911,0.624,-0.781,1.000,0.000,0,0
229.731,210.883,1.000,0.001,0,133.507,165.504,106.389,0,455.727,778.972,0,0,675.230,93.366,112.657,149.416,163.273,0.000,0.000,149.416,163.273,0.000,0.000,55.338,183.541,-0.824,0.566,140.000,279.000,0.000,0.000,140.000,279.000,0.000,0.000,157.334,80.293,0.624,-0.781,1.000,0.000,0,0
244.119,210.883,1.000,0.000,0,133.532,166.060,119.331,0,441.539,792.975,0,0,675.357,105.997,124.422,149.416,163.273,0.000,0.000,149.416,163.273,0.000,0.000,49.412,187.610,-0.824,0.566,140.000,279.000,0.000,0.000,140.000,279.000,0.000,0.000,161.819,74.676,0.624,-0.781,1.000,0.000,0,0
258.508,210.883,1.000,0.000,0,133.556,166.601,132.576,0,427.364,806.992,0,0,675.479,119.028,136.690,149.416,163.273,0.000,0.000,149.416,163.273,0.000,0.000,43.485,191.678,-0.824,0.566,140.000,279.000,0.000,0.000,140.000,279.000,0.000,0.000,166.304,69.058,0.624,-0.781,1.000,0.000,0,0
272.897,210.883,1.000,0.000,0,133.579,167.129,146.042,0,413.205,821.022,0,0,675.596,132.341,149.337,149.416,163.273,0.000,0.000,149.416,163.273,0.000,0.000,37.559,195.747,-0.824,0.566,140.000,279.000,0.000,0.000,140.000,279.000,0.000,0.000,427.000,279.000,0.000,0.000,1.000,-1.000,0,0
276.966,199.865,0.623,-0.782,0,133.602,167.645,146.967,0,407.382,822.659,0,0,675.710,132.696,158.184,149.416,163.273,0.000,0.000,149.416,163.273,0.000,0.000,31.632,199.815,-0.824,0.566,140.000,279.000,0.000,0.000,140.000,279.000,0.000,0.000,427.000,279.000,0.000,0.000,-1.000,-1.000,0,0
266.792,189.691,-0.405,-0.914,0,133.625,168.147,134.945,0,416.045,810.652,0,0,675.820,120.312,155.088,149.416,163.273,0.000,0.000,149.416,163.273,0.000,0.000,25.705,203.884,-0.824,0.566,140.000,279.000,0.000,0.000,140.000,279.000,0.000,0.000,179.760,52.205,0.624,-0.781,-1.000,0.000,0,0
252.403,189.691,-0.945,-0.328,0,133.646,168.637,120.686,0,430.315,796.550,0,0,675.927,106.322,143.564,149.416,163.273,0.000,0.000,149.416,163.273,0.000,0.000,19.779,207.952,-0.824,0.566,140.000,279.000,0.000,0.000,140.000,279.000,0.000,0.000,184.246,46.587,0.624,-0.781,-1.000,0.000,0,0
238.015,189.691,-0.996,-0.095,0,133.668,169.115,106.483,0,444.593,782.458,0,0,676.031,92.453,132.601,149.416,163.273,0.000,0.000,149.416,163.273,0.000,0.000,13.852,212.021,-0.824,0.566,140.000,279.000,0.000,0.000,140.000,279.000,0.000,0.000,188.731,40.969,0.624,-0.781,-1.000,0.000,0,0
223.626,189.691,-1.000,-0.027,0,133.688,169.581,92.364,0,458.878,768.378,0,0,676.133,74.987,122.350,154.510,160.604,0.886,-0.464,154.510,160.604,0.886,-0.464,7.926,216.089,-0.824,0.566,140.000,279.000,0.000,0.000,140.000,279.000,0.000,0.000,193.216,35.351,0.624,-0.781,-1.000,0.000,0,0
209.237,189.691,-1.000,-0.008,0,133.691,169.989,78.355,0,473.169,754.309,0,0,676.213,58.222,113.004,160.878,157.269,0.886,-0.464,160.878,157.269,0.886,-0.464,1.999,220.158,-0.824,0.566,140.000,279.000,0.000,0.000,140.000,279.000,0.000,0.000,197.702,29.734,0.624,-0.781,-1.000,0.000,0,0
191.971,189.691,-1.000,-0.002,0,133.665,170.386,61.776,0,490.326,737.442,0,0,676.269,43.321,103.330,168.520,153.266,0.886,-0.464,168.520,153.266,0.886,-0.464,-5.113,225.040,-0.824,0.566,140.000,279.000,0.000,0.000,140.000,279.000,0.000,0.000,203.084,22.992,0.624,-0.781,-1.000,0.000,0,0
177.582,189.691,-1.000,0.000,0,133.644,170.709,48.321,0,504.629,723.401,0,0,676.315,39.852,96.894,174.888,149.930,0.886,-0.464,174.888,149.930,0.886,-0.464,-11.040,229.109,-0.824,0.566,140.000,279.000,0.000,0.000,140.000,279.000,0.000,0.000,207.569,17.375,0.624,-0.781,-1.000,0.000,0,0
166.071,189.691,-1.000,0.000,0,133.627,170.963,38.044,0,516.075,712.178,0,0,676.352,44.652,93.037,179.982,147.262,0.886,-0.464,179.982,147.262,0.886,-0.464,-15.781,232.363,-0.824,0.566,140.000,279.000,0.000,0.000,140.000,279.000,0.000,0.000,211.158,12.880,0.624,-0.781,-1.000,0.000,0,0
158.281,181.901,-0.890,-0.455,1,144.807,175.012,15.133,1,523.111,702.873,0,0,688.248,47.222,98.805,186.350,143.926,0.886,-0.464,186.350,143.926,0.886,-0.464,-21.708,236.432,-0.824,0.566,140.000,279.000,0.000,0.000,140.000,279.000,0.000,0.000,215.643,7.263,0.624,-0.781,0.000,-1.000,0,0
158.281,167.512,-0.267,-0.964,1,154.242,152.928,15.133,1,522.097,699.923,0,0,693.248,43.711,112.977,192.718,140.590,0.886,-0.464,192.718,140.590,0.886,-0.464,-27.634,240.501,-0.824,0.566,140.000,279.000,0.000,0.000,140.000,279.000,0.000,0.000,220.128,1.645,0.624,-0.781,1.000,-1.000,0,0
171.827,165.477,0.848,-0.530,1,184.656,157.450,15.133,1,508.466,712.823,0,0,723.976,39.237,117.900,199.086,137.255,0.886,-0.464,199.086,137.255,0.886,-0.464,-33.561,244.569,-0.824,0.566,140.000,279.000,0.000,0.000,140.000,279.000,0.000,0.000,224.613,-3.973,0.624,-0.781,1.000,0.000,0,0
186.216,165.477,0.987,-0.159,1,201.155,163.066,15.133,1,494.106,726.954,0,0,741.204,36.960,122.570,205.454,133.919,0.886,-0.464,205.454,133.919,0.886,-0.464,-39.487,248.638,-0.824,0.566,140.000,279.000,0.000,0.000,140.000,279.000,0.000,0.000,223.716,0.367,-0.312,0.950,1.000,0.000,0,0
200.604,165.477,0.999,-0.046,1,215.722,164.787,15.133,1,479.748,741.096,0,0,755.841,36.653,128.687,211.822,130.584,0.886,-0.464,211.822,130.584,0.886,-0.464,-45.414,252.706,-0.824,0.566,140.000,279.000,0.000,0.000,140.000,279.000,0.000,0.000,221.472,7.197,-0.312,0.950,1.000,0.000,0,0
214.993,165.477,1.000,-0.013,1,230.125,165.281,15.133,1,465.392,755.247,0,0,770.103,38.363,136.056,218.190,127.248,0.886,-0.464,218.190,127.248,0.886,-0.464,-51.341,256.774,-0.824,0.566,140.000,279.000,0.000,0.000,140.000,279.000,0.000,0.000,219.228,14.026,-0.312,0.950,1.000,0.000,0,0
229.382,165.477,1.000,-0.004,1,244.515,165.421,15.133,1,451.038,769.406,0,0,784.298,41.844,144.487,224.558,123.912,0.886,-0.464,224.558,123.912,0.886,-0.464,-57.267,260.843,-0.824,0.566,140.000,279.000,0.000,0.000,140.000,279.000,0.000,0.000,216.984,20.856,-0.312,0.950,1.000,0.000,0,0
243.770,165.477,1.000,-0.001,1,258.903,165.463,15.133,1,436.686,783.574,0,0,798.481,46.702,140.817,230.926,120.576,0.886,-0.464,230.926,120.576,0.886,-0.464,-63.194,264.911,-0.824,0.566,214.740,27.685,-0.312,0.950,214.740,27.685,-0.312,0.950,140.000,279.000,0.000,0.000,1.000,0.000,0,0
258.159,165.477,1.000,0.000,1,273.292,165.473,15.133,1,422.337,797.750,0,0,812.666,52.556,138.694,237.294,117.241,0.886,-0.464,237.294,117.241,0.886,-0.464,-56.348,267.106,0.952,0.305,212.497,34.515,-0.312,0.950,212.497,34.515,-0.312,0.950,140.000,279.000,0.000,0.000,1.000,0.000,0,0
272.548,165.477,1.000,0.000,1,287.681,165.476,15.133,1,407.990,811.933,0,0,826.858,59.111,138.887,243.662,113.905,0.886,-0.464,243.662,113.905,0.886,-0.464,-49.503,269.302,0.952,0.305,210.253,41.345,-0.312,0.950,210.253,41.345,-0.312,0.950,140.000,279.000,0.000,0.000,1.000,0.000,0,0
286.093,163.442,0.995,-0.100,1,301.150,161.925,15.133,1,394.350,824.963,0,0,839.587,64.001,139.226,250.030,110.569,0.886,-0.464,250.030,110.569,0.886,-0.464,-42.658,271.497,0.952,0.305,208.009,48.174,-0.312,0.950,208.009,48.174,-0.312,0.950,427.000,279.000,0.000,0.000,1.000,-1.000,0,0
296.268,153.268,0.831,-0.556,1,308.843,144.849,15.133,1,383.664,833.450,0,0,844.712,60.900,133.591,256.398,107.234,0.886,-0.464,256.398,107.234,0.886,-0.464,44.000,-93.000,0.000,0.000,205.765,55.004,-0.312,0.950,205.765,55.004,-0.312,0.950,427.000,279.000,0.000,0.000,1.000,-1.000,0,0
306.442,143.094,0.746,-0.666,1,317.725,133.008,15.133,1,373.226,842.098,0,0,852.012,58.685,133.059,262.766,103.898,0.886,-0.464,262.766,103.898,0.886,-0.464,44.000,-93.000,0.000,0.000,202.982,59.422,-0.687,-0.727,202.982,59.422,-0.687,-0.727,427.000,279.000,0.000,0.000,1.000,-1.000,0,0
316.617,132.919,0.717,-0.697,1,327.473,122.376,15.133,1,363.059,850.901,0,0,860.494,57.460,142.325,269.134,100.562,0.886,-0.464,269.134,100.562,0.886,-0.464,44.000,-93.000,0.000,0.000,198.044,54.199,-0.687,-0.727,198.044,54.199,-0.687,-0.727,154.544,53.335,0.929,0.371,1.000,-1.000,0,0
326.791,122.745,0.710,-0.704,1,337.538,112.091,15.133,1,353.186,859.855,0,0,869.481,57.287,152.689,275.501,97.227,0.886,-0.464,275.501,97.227,0.886,-0.464,44.000,-93.000,0.000,0.000,193.106,48.975,-0.687,-0.727,193.106,48.975,-0.687,-0.727,161.292,55.809,0.953,0.304,1.000,-1.000,0,0
336.965,112.571,0.708,-0.706,1,347.679,101.882,15.133,1,343.631,868.955,0,0,878.692,58.177,163.942,281.869,93.891,0.886,-0.464,281.869,93.891,0.886,-0.464,44.000,-93.000,0.000,0.000,188.167,43.751,-0.687,-0.727,188.167,43.751,-0.687,-0.727,168.197,57.806,0.971,0.238,1.000,-1.000,0,0
347.140,102.396,0.707,-0.707,1,357.844,91.699,15.133,1,334.423,878.197,0,0,888.068,60.081,175.915,288.237,90.555,0.886,-0.464,288.237,90.555,0.886,-0.464,44.000,-93.000,0.000,0.000,183.229,38.527,-0.687,-0.727,183.229,38.527,-0.687,-0.727,175.219,59.335,0.985,0.174,1.000,-1.000,0,0
357.314,92.222,0.707,-0.707,1,368.016,81.522,15.133,1,325.591,887.575,0,0,897.583,62.908,177.856,294.605,87.220,0.886,-0.464,294.605,87.220,0.886,-0.464,44.000,-93.000,0.000,0.000,182.326,60.411,0.994,0.113,182.326,60.411,0.994,0.113,178.291,33.303,-0.687,-0.727,1.000,-1.000,0,0
370.017,88.152,0.926,-0.378,1,384.026,82.429,15.133,1,313.654,899.978,0,0,913.617,69.176,182.550,300.973,83.884,0.886,-0.464,300.973,83.884,0.886,-0.464,44.000,-93.000,0.000,0.000,189.478,61.129,0.994,0.109,189.478,61.129,0.994,0.109,427.000,279.000,0.000,0.000,1.000,0.000,0,0
381.528,88.152,0.992,-0.125,0,402.351,78.703,22.866,0,302.309,911.464,0,0,931.710,74.576,186.759,307.341,80.548,0.886,-0.464,307.341,80.548,0.886,-0.464,44.000,-93.000,0.000,0.000,196.629,61.864,0.997,0.082,196.629,61.864,0.997,0.082,427.000,279.000,0.000,0.000,0.000,0.000,1,0
381.528,88.152,0.992,-0.125,0,420.739,72.804,42.108,0,302.309,911.464,0,0,949.791,68.696,179.590,313.709,77.213,0.886,-0.464,313.709,77.213,0.886,-0.464,44.000,-93.000,0.000,0.000,203.801,62.352,0.999,0.048,203.801,62.352,0.999,0.048,427.000,279.000,0.000,0.000,0.000,0.000,0,0
381.528,88.152,0.992,-0.125,0,438.671,67.051,60.916,0,302.309,911.464,0,0,967.469,63.087,172.445,320.077,73.877,0.886,-0.464,320.077,73.877,0.886,-0.464,44.000,-93.000,0.000,0.000,210.985,62.613,1.000,0.019,210.985,62.613,1.000,0.019,427.000,279.000,0.000,0.000,0.000,0.000,0,0
381.528,88.152,0.992,-0.125,0,456.160,61.441,79.271,0,302.309,911.464,0,0,984.749,57.830,165.329,326.445,70.541,0.886,-0.464,326.445,70.541,0.886,-0.464,44.000,-93.000,0.000,0.000,218.173,62.680,1.000,-0.005,218.173,62.680,1.000,-0.005,427.000,279.000,0.000,0.000,0.000,0.000,0,0
381.528,88.152,0.992,-0.125,0,473.216,55.969,97.179,0,302.309,911.464,0,0,1001.637,53.028,158.248,332.813,67.205,0.886,-0.464,332.813,67.205,0.886,-0.464,44.000,-93.000,0.000,0.000,225.361,62.579,1.000,-0.027,225.361,62.579,1.000,-0.027,427.000,279.000,0.000,0.000,0.000,0.000,0,0
381.528,88.152,0.992,-0.125,0,489.850,50.633,114.647,0,302.309,911.464,0,0,1018.139,48.815,151.204,339.181,63.870,0.886,-0.464,339.181,63.870,0.886,-0.464,44.000,-93.000,0.000,0.000,232.545,62.332,0.999,-0.045,232.545,62.332,0.999,-0.045,427.000,279.000,0.000,0.000,0.000,0.000,0,0
381.528,88.152,0.992,-0.125,0,506.072,45.429,131.687,0,302.309,911.464,0,0,1034.263,45.357,144.204,345.549,60.534,0.886,-0.464,345.549,60.534,0.886,-0.464,52.456,275.934,0.675,-0.738,239.724,61.957,0.998,-0.062,239.724,61.957,0.998,-0.062,427.000,279.000,0.000,0.000,0.000,0.000,0,0
381.528,88.152,0.992,-0.125,0,521.893,40.354,148.308,0,302.309,911.464,0,0,1050.014,42.837,137.251,351.917,57.198,0.886,-0.464,351.917,57.198,0.886,-0.464,57.310,270.631,0.675,-0.738,246.896,61.469,0.997,-0.077,246.896,61.469,0.997,-0.077,427.000,279.000,0.000,0.000,0.000,0.000,0,0
381.528,88.152,0.992,-0.125,0,537.322,35.404,164.521,0,302.309,911.464,0,0,1065.401,41.425,130.353,358.285,53.863,0.886,-0.464,358.285,53.863,0.886,-0.464,62.165,265.329,0.675,-0.738,254.060,60.880,0.996,-0.090,254.060,60.880,0.996,-0.090,427.000,279.000,0.000,0.000,0.000,0.000,0,0
381.528,88.152,0.992,-0.125,0,552.369,30.577,180.336,0,302.309,911.464,0,0,1080.428,41.236,123.515,364.653,50.527,0.886,-0.464,364.653,50.527,0.886,-0.464,67.019,260.027,0.675,-0.738,261.217,60.202,0.995,-0.101,261.217,60.202,0.995,-0.101,427.000,279.000,0.000,0.000,0.000,0.000,0,0
381.528,88.152,0.992,-0.125,0,567.044,25.869,195.764,0,302.309,911.464,0,0,1095.105,42.287,116.748,371.021,47.191,0.886,-0.464,371.021,47.191,0.886,-0.464,71.873,254.724,0.675,-0.738,268.366,59.443,0.994,-0.112,268.366,59.443,0.994,-0.112,427.000,279.000,0.000,0.000,0.000,0.000,0,0
381.528,88.152,0.992,-0.125,0,581.355,21.278,210.814,0,302.309,911.464,0,0,1109.437,44.490,110.060,377.389,43.856,0.886,-0.464,377.389,43.856,0.886,-0.464,76.727,249.422,0.675,-0.738,275.506,58.612,0.993,-0.121,275.506,58.612,0.993,-0.121,427.000,279.000,0.000,0.000,0.000,0.000,0,0
381.528,88.152,0.992,-0.125,0,594.914,16.928,225.057,0,302.309,911.464,0,0,1123.038,47.684,103.467,383.757,40.520,0.886,-0.464,383.757,40.520,0.886,-0.464,81.582,244.120,0.675,-0.738,282.639,57.717,0.992,-0.130,282.639,57.717,0.992,-0.130,427.000,279.000,0.000,0.000,0.000,0.000,0,0
381.528,88.152,0.992,-0.125,0,607.890,12.766,238.677,0,302.309,911.464,0,0,1136.071,51.688,96.984,390.125,37.184,0.886,-0.464,390.125,37.184,0.886,-0.464,86.436,238.818,0.675,-0.738,289.764,56.764,0.991,-0.137,289.764,56.764,0.991,-0.137,427.000,279.000,0.000,0.000,0.000,0.000,0,0
381.528,76.641,0.480,-0.877,0,620.489,8.724,248.514,0,304.415,910.814,0,0,1148.739,45.334,87.184,396.493,33.849,0.886,-0.464,396.493,33.849,0.886,-0.464,91.290,233.516,0.675,-0.738,296.882,55.759,0.990,-0.144,296.882,55.759,0.990,-0.144,424.800,-106.500,0.000,0.000,0.000,-1.000,0,0
387.633,64.781,0.545,-0.839,0,632.721,4.800,252.408,0,301.105,916.395,0,0,1161.050,37.499,84.244,402.860,30.513,0.886,-0.464,402.860,30.513,0.886,-0.464,96.144,228.213,0.675,-0.738,303.993,54.707,0.989,-0.150,303.993,54.707,0.989,-0.150,424.800,-106.500,0.000,0.000,1.000,-1.000,0,0
397.807,54.607,0.664,-0.747,0,644.595,0.990,252.632,0,293.979,926.245,0,0,1173.012,29.712,86.715,409.228,27.177,0.886,-0.464,409.228,27.177,0.886,-0.464,100.999,222.911,0.675,-0.738,311.098,53.611,0.988,-0.156,311.098,53.611,0.988,-0.156,424.800,-106.500,0.000,0.000,1.000,-1.000,0,0
407.982,44.433,0.695,-0.719,0,656.120,-2.707,252.664,0,287.398,936.212,0,0,1184.632,21.954,90.145,415.596,23.842,0.886,-0.464,415.596,23.842,0.886,-0.464,105.853,217.609,0.675,-0.738,318.196,52.475,0.987,-0.161,318.196,52.475,0.987,-0.161,424.800,-106.500,0.000,0.000,1.000,-1.000,0,0
410.017,30.887,0.265,-0.964,0,667.305,-6.295,260.045,0,290.195,938.149,0,0,1195.918,15.828,87.153,421.964,20.506,0.886,-0.464,421.964,20.506,0.886,-0.464,110.707,212.307,0.675,-0.738,325.289,51.302,0.986,-0.166,325.289,51.302,0.986,-0.166,424.800,-106.500,0.000,0.000,0.000,-1.000,0,0
410.017,16.498,0.075,-0.997,0,678.157,-9.776,269.506,0,295.804,938.259,0,0,1206.877,18.328,84.599,428.332,17.170,0.886,-0.464,428.332,17.170,0.886,-0.464,115.561,207.005,0.675,-0.738,332.375,50.095,0.985,-0.171,332.375,50.095,0.985,-0.171,424.800,-106.500,0.000,0.000,0.000,-1.000,0,0
410.017,2.109,0.021,-1.000,0,688.686,-13.154,279.166,0,301.994,938.590,0,0,1217.517,27.327,84.640,434.700,13.835,0.886,-0.464,434.700,13.835,0.886,-0.464,120.416,201.702,0.675,-0.738,339.456,48.856,0.985,-0.175,339.456,48.856,0.985,-0.175,424.800,-106.500,0.000,0.000,0.000,-1.000,0,0
410.017,-12.279,0.006,-1.000,0,698.899,-16.430,288.988,0,308.732,939.142,0,0,1227.845,38.510,87.260,441.068,10.499,0.886,-0.464,441.068,10.499,0.886,-0.464,125.270,196.400,0.675,-0.738,346.532,47.588,0.984,-0.179,346.532,47.588,0.984,-0.179,424.800,-106.500,0.000,0.000,0.000,-1.000,0,0
410.017,-26.668,0.002,-1.000,0,708.804,-19.608,298.944,0,315.981,939.913,0,0,1237.868,50.446,81.189,447.436,7.163,0.886,-0.464,447.436,7.163,0.886,-0.464,130.124,191.098,0.675,-0.738,424.800,-106.500,0.000,0.000,424.800,-106.500,0.000,0.000,353.603,46.292,0.983,-0.182,0.000,-1.000,0,0
410.017,-41.057,0.000,-1.000,0,718.410,-22.690,309.012,0,323.708,940.904,0,0,1247.595,62.705,67.092,453.804,3.827,0.886,-0.464,453.804,3.827,0.886,-0.464,134.978,185.796,0.675,-0.738,424.800,-106.500,0.000,0.000,424.800,-106.500,0.000,0.000,360.670,44.971,0.983,-0.186,0.000,-1.000,0,0
410.017,-55.445,0.000,-1.000,0,727.766,-25.691,319.210,0,331.879,942.114,0,0,1257.073,75.130,53.152,460.172,0.492,0.886,-0.464,460.172,0.492,0.886,-0.464,139.833,180.494,0.675,-0.738,424.800,-106.500,0.000,0.000,424.800,-106.500,0.000,0.000,367.731,43.626,0.982,-0.189,0.000,-1.000,0,0
410.017,-69.834,0.000,-1.000,0,736.890,-28.618,329.534,0,340.463,943.541,0,0,1266.321,87.650,39.534,466.540,-2.844,0.886,-0.464,466.540,-2.844,0.886,-0.464,144.687,175.191,0.675,-0.738,424.800,-106.500,0.000,0.000,424.800,-106.500,0.000,0.000,374.789,42.258,0.981,-0.192,0.000,-1.000,0,0
410.017,-84.223,0.000,-1.000,0,745.789,-31.473,339.966,0,349.428,945.186,0,0,1275.344,100.230,26.736,472.908,-6.180,0.886,-0.464,472.908,-6.180,0.886,-0.464,149.541,169.889,0.675,-0.738,424.800,-106.500,0.000,0.000,424.800,-106.500,0.000,0.000,381.842,40.868,0.981,-0.195,0.000,-1.000,0,0
410.017,-98.612,0.000,-1.000,0,752.512,-34.054,348.600,0,358.747,947.046,0,0,1282.187,112.849,16.756,479.276,-9.515,0.886,-0.464,479.276,-9.515,0.886,-0.464,70.000,-221.000,0.000,0.000,424.800,-106.500,0.000,0.000,424.800,-106.500,0.000,0.000,388.891,39.459,0.980,-0.198,0.000,-1.000,0,0
412.051,-115.035,0.097,-0.995,0,751.347,-36.237,348.377,0,368.301,951.442,0,0,1281.145,126.137,15.342,486.917,-13.518,0.886,-0.464,486.917,-13.518,0.886,-0.464,70.000,-221.000,0.000,0.000,424.800,-106.500,0.000,0.000,424.800,-106.500,0.000,0.000,397.342,37.727,0.979,-0.203,1.000,-1.000,0,0
420.191,-123.175,0.517,-0.856,0,751.306,-37.629,342.029,0,368.165,960.756,0,0,1281.183,128.859,17.300,492.012,-16.187,0.886,-0.464,492.012,-16.187,0.886,-0.464,70.000,-221.000,0.000,0.000,424.800,-106.500,0.000,0.000,424.800,-106.500,0.000,0.000,402.969,36.543,0.978,-0.208,1.000,-1.000,0,0
430.365,-133.349,0.657,-0.754,0,751.306,-39.310,334.466,0,368.500,972.466,0,0,1281.279,132.599,27.420,498.380,-19.522,0.886,-0.464,498.380,-19.522,0.886,-0.464,70.000,-221.000,0.000,0.000,424.800,-106.500,0.000,0.000,424.800,-106.500,0.000,0.000,409.998,35.032,0.977,-0.213,1.000,-1.000,0,0
440.540,-143.523,0.694,-0.720,0,751.306,-40.950,327.281,0,369.396,984.246,0,0,1281.376,136.685,40.230,504.748,-22.858,0.886,-0.464,504.748,-22.858,0.886,-0.464,70.000,-221.000,0.000,0.000,424.800,-106.500,0.000,0.000,424.800,-106.500,0.000,0.000,417.019,33.489,0.976,-0.217,1.000,-1.000,0,0
450.714,-153.698,0.703,-0.711,0,751.306,-42.549,320.503,0,370.848,996.095,0,0,1281.471,141.087,53.844,511.116,-26.194,0.886,-0.464,511.116,-26.194,0.886,-0.464,70.000,-221.000,0.000,0.000,424.800,-106.500,0.000,0.000,424.800,-106.500,0.000,0.000,424.033,31.914,0.975,-0.222,1.000,-1.000,0,0
460.889,-163.872,0.706,-0.708,0,751.306,-44.109,314.159,0,372.851,1008.010,0,0,1281.565,145.777,67.778,517.483,-29.529,0.886,-0.464,517.483,-29.529,0.886,-0.464,70.000,-221.000,0.000,0.000,424.800,-106.500,0.000,0.000,424.800,-106.500,0.000,0.000,431.039,30.306,0.974,-0.226,1.000,-1.000,0,0
471.063,-174.046,0.707,-0.707,0,751.306,-45.630,308.278,0,375.394,1019.989,0,0,1281.657,150.727,81.870,523.851,-32.865,0.886,-0.464,523.851,-32.865,0.886,-0.464,70.000,-221.000,0.000,0.000,424.800,-106.500,0.000,0.000,424.800,-106.500,0.000,0.000,438.038,28.666,0.973,-0.231,1.000,-1.000,0,0
481.237,-184.221,0.707,-0.707,0,751.306,-47.113,302.891,0,378.468,1032.029,0,0,1281.748,155.914,96.050,530.219,-36.201,0.886,-0.464,530.219,-36.201,0.886,-0.464,70.000,-221.000,0.000,0.000,424.800,-106.500,0.000,0.000,424.800,-106.500,0.000,0.000,445.030,26.995,0.972,-0.235,1.000,-1.000,0,0
491.412,-194.395,0.707,-0.707,0,751.306,-48.559,298.027,0,382.060,1044.129,0,0,1281.838,161.313,110.284,536.587,-39.537,0.886,-0.464,536.587,-39.537,0.886,-0.464,70.000,-221.000,0.000,0.000,424.800,-106.500,0.000,0.000,424.800,-106.500,0.000,0.000,452.014,25.292,0.971,-0.240,1.000,-1.000,0,0
501.586,-204.569,0.707,-0.707,0,751.306,-49.970,293.715,0,386.155,1056.286,0,0,1281.926,166.905,124.554,542.955,-42.872,0.886,-0.464,542.955,-42.872,0.886,-0.464,70.000,-221.000,0.000,0.000,424.800,-106.500,0.000,0.000,424.800,-106.500,0.000,0.000,458.990,23.557,0.970,-0.244,1.000,-1.000,0,0
511.760,-214.744,0.707,-0.707,0,751.274,-51.364,289.944,0,390.736,1068.499,0,0,1281.981,172.671,138.848,549.323,-46.208,0.886,-0.464,549.323,-46.208,0.886,-0.464,70.000,-221.000,0.000,0.000,424.800,-106.500,0.000,0.000,424.800,-106.500,0.000,0.000,465.958,21.791,0.969,-0.248,1.000,-1.000,0,0
521.935,-224.918,0.707,-0.707,0,751.243,-52.724,286.779,0,395.789,1080.765,0,0,1282.036,178.594,153.160,555.690,-49.544,0.886,-0.464,555.690,-49.544,0.886,-0.464,212.646,100.961,0.675,-0.738,424.800,-106.500,0.000,0.000,424.800,-106.500,0.000,0.000,472.919,19.992,0.968,-0.253,1.000,-1.000,0,0
532.109,-235.092,0.707,-0.707,0,751.212,-54.050,284.243,0,401.293,1093.083,0,0,1282.090,184.708,167.485,551.335,-51.388,-0.979,-0.205,551.335,-51.388,-0.979,-0.205,217.500,95.658,0.675,-0.738,424.800,-106.500,0.000,0.000,424.800,-106.500,0.000,0.000,479.871,18.163,0.966,-0.257,1.000,-1.000,0,0
538.213,-246.952,0.471,-0.882,0,751.183,-55.343,286.503,0,410.201,1101.935,0,0,1282.143,194.189,180.526,544.298,-52.859,-0.979,-0.205,544.298,-52.859,-0.979,-0.205,222.355,90.356,0.675,-0.738,424.800,-106.500,0.000,0.000,424.800,-106.500,0.000,0.000,486.814,16.301,0.965,-0.262,0.000,-1.000,0,0
532.109,-258.813,-0.299,-0.954,0,751.154,-56.604,298.139,0,423.431,1099.096,0,0,1282.195,204.548,186.318,537.262,-54.330,-0.979,-0.205,537.262,-54.330,-0.979,-0.205,227.209,85.054,0.675,-0.738,424.800,-106.500,0.000,0.000,424.800,-106.500,0.000,0.000,493.749,14.408,0.964,-0.266,-1.000,-1.000,0,0
526.004,-270.673,-0.401,-0.916,0,751.126,-57.834,309.843,0,436.668,1096.412,0,0,1282.246,214.913,192.860,530.226,-55.801,-0.979,-0.205,530.226,-55.801,-0.979,-0.205,232.063,79.752,0.675,-0.738,424.800,-106.500,0.000,0.000,424.800,-106.500,0.000,0.000,500.675,12.484,0.963,-0.270,0.000,-1.000,0,0
528.039,-284.218,0.060,-0.998,0,751.098,-59.034,317.006,0,448.678,1102.164,0,0,1282.297,226.999,205.529,523.189,-57.272,-0.979,-0.205,523.189,-57.272,-0.979,-0.205,236.917,74.449,0.675,-0.738,424.800,-106.500,0.000,0.000,424.800,-106.500,0.000,0.000,507.593,10.528,0.962,-0.275,1.000,-1.000,0,0
538.214,-294.393,0.541,-0.841,0,751.071,-60.203,316.530,0,455.006,1114.843,0,0,1282.348,236.680,219.468,516.153,-58.743,-0.979,-0.205,516.153,-58.743,-0.979,-0.205,241.772,69.147,0.675,-0.738,424.800,-106.500,0.000,0.000,424.800,-106.500,0.000,0.000,514.501,8.541,0.960,-0.279,1.000,-1.000,0,0
548.388,-304.567,0.666,-0.746,0,751.045,-61.344,316.663,0,461.696,1127.563,0,0,1282.397,247.489,233.462,509.116,-60.214,-0.979,-0.205,509.116,-60.214,-0.979,-0.205,246.626,63.845,0.675,-0.738,424.800,-106.500,0.000,0.000,424.800,-106.500,0.000,0.000,521.401,6.522,0.959,-0.283,1.000,-1.000,0,0
558.563,-314.741,0.696,-0.718,0,751.132,-62.456,317.466,0,468.732,1140.322,0,0,1282.561,259.283,247.501,502.080,-61.685,-0.979,-0.205,502.080,-61.685,-0.979,-0.205,251.480,58.543,0.675,-0.738,424.800,-106.500,0.000,0.000,424.800,-106.500,0.000,0.000,528.291,4.473,0.958,-0.288,1.000,-1.000,0,0
568.737,-324.915,0.704,-0.710,0,751.311,-63.585,318.875,0,476.099,1153.120,0,0,1282.823,271.936,261.578,495.043,-63.156,-0.979,-0.205,495.043,-63.156,-0.979,-0.205,252.961,55.576,-0.370,0.929,424.800,-106.500,0.000,0.000,424.800,-106.500,0.000,0.000,535.172,2.393,0.956,-0.292,1.000,-1.000,0,0
579.755,-333.055,0.820,-0.572,0,751.305,-64.799,318.504,0,481.618,1166.118,0,0,1282.907,283.675,274.478,488.006,-64.627,-0.979,-0.205,488.006,-64.627,-0.979,-0.205,250.302,62.255,-0.370,0.929,424.800,-106.500,0.000,0.000,424.800,-106.500,0.000,0.000,542.044,0.280,0.955,-0.297,1.000,0.000,0,0
594.143,-333.055,0.986,-0.164,0,751.305,-65.959,309.991,0,478.851,1179.795,0,0,1282.994,289.956,282.850,480.970,-66.098,-0.979,-0.205,480.970,-66.098,-0.979,-0.205,247.644,68.934,-0.370,0.929,424.800,-106.500,0.000,0.000,424.800,-106.500,0.000,0.000,548.903,-1.869,0.953,-0.302,1.000,0.000,0,0
608.532,-333.055,0.999,-0.051,0,643.000,-293.000,53.328,0,476.502,1193.489,0,0,1215.000,297.657,291.693,473.933,-67.569,-0.979,-0.205,473.933,-67.569,-0.979,-0.205,244.985,75.613,-0.370,0.929,424.800,-106.500,0.000,0.000,424.800,-106.500,0.000,0.000,555.752,-4.053,0.289,-0.957,1.000,0.000,0,0
611.410,-333.055,0.999,-0.036,0,642.641,-292.768,51.363,0,476.083,1196.230,0,0,1214.598,300.978,293.514,466.897,-69.040,-0.979,-0.205,466.897,-69.040,-0.979,-0.205,70.000,-221.000,0.000,0.000,424.800,-106.500,0.000,0.000,424.800,-106.500,0.000,0.000,557.828,-10.936,0.288,-0.958,0.000,0.000,0,0
611.410,-333.055,0.999,-0.036,0,642.125,-292.435,51.223,0,476.083,1196.230,0,0,1214.019,303.144,293.514,459.860,-70.511,-0.979,-0.205,459.860,-70.511,-0.979,-0.205,70.000,-221.000,0.000,0.000,424.800,-106.500,0.000,0.000,424.800,-106.500,0.000,0.000,559.896,-17.821,0.287,-0.958,0.000,0.000,0,0
611.410,-333.055,0.999,-0.036,0,641.472,-292.014,51.080,0,476.083,1196.230,0,0,1213.286,305.947,293.514,451.416,-72.277,-0.979,-0.205,451.416,-72.277,-0.979,-0.205,70.000,-221.000,0.000,0.000,424.800,-106.500,0.000,0.000,424.800,-106.500,0.000,0.000,562.364,-26.086,0.285,-0.958,0.000,0.000,0,0
611.410,-330.177,0.995,0.102,0,641.014,-291.719,48.698,0,473.237,1195.357,0,0,1212.772,305.513,291.298,445.787,-73.453,-0.979,-0.205,445.787,-73.453,-0.979,-0.205,70.000,-221.000,0.000,0.000,424.800,-106.500,0.000,0.000,424.800,-106.500,0.000,0.000,564.002,-31.599,0.284,-0.959,1.000,1.000,0,0
621.584,-320.003,0.814,0.581,0,640.410,-291.329,34.459,0,461.794,1202.050,0,0,1212.092,305.764,286.937,438.750,-74.924,-0.979,-0.205,438.750,-74.924,-0.979,-0.205,70.000,-221.000,0.000,0.000,566.038,-38.494,0.282,-0.959,566.038,-38.494,0.282,-0.959,424.800,-106.500,0.000,0.000,1.000,1.000,0,0
629.724,-308.985,0.549,0.836,1,638.037,-296.340,15.133,1,449.902,1206.687,0,0,1211.188,305.460,270.707,431.714,-76.395,-0.979,-0.205,431.714,-76.395,-0.979,-0.205,70.000,-221.000,0.000,0.000,567.994,-45.411,0.269,-0.963,567.994,-45.411,0.269,-0.963,424.800,-106.500,0.000,0.000,0.000,1.000,0,0
629.724,-294.597,0.169,0.986,1,632.275,-279.680,15.133,1,435.613,1202.713,0,0,1201.226,298.356,249.532,424.677,-77.867,-0.979,-0.205,424.677,-77.867,-0.979,-0.205,70.000,-221.000,0.000,0.000,569.906,-52.340,0.265,-0.964,569.906,-52.340,0.265,-0.964,424.800,-106.500,0.000,0.000,0.000,1.000,0,0
621.584,-283.579,-0.424,0.906,1,615.165,-269.875,15.133,1,425.704,1191.927,0,0,1182.176,288.631,229.759,417.640,-79.338,-0.979,-0.205,417.640,-79.338,-0.979,-0.205,70.000,-221.000,0.000,0.000,571.677,-59.306,0.202,-0.979,571.677,-59.306,0.202,-0.979,424.800,-106.500,0.000,0.000,-1.000,1.000,0,0
611.410,-273.405,-0.634,0.773,1,601.815,-261.702,15.133,1,417.167,1179.451,0,0,1167.196,278.238,210.567,410.604,-80.809,-0.979,-0.205,410.604,-80.809,-0.979,-0.205,70.000,-221.000,0.000,0.000,572.964,-66.378,0.146,-0.989,572.964,-66.378,0.146,-0.989,424.800,-106.500,0.000,0.000,-1.000,1.000,0,0
601.236,-263.231,-0.687,0.727,1,590.841,-252.232,15.133,1,408.959,1167.019,0,0,1154.217,267.985,191.686,403.567,-82.280,-0.979,-0.205,403.567,-82.280,-0.979,-0.205,70.000,-221.000,0.000,0.000,573.867,-73.509,0.095,-0.996,573.867,-73.509,0.095,-0.996,424.800,-106.500,0.000,0.000,-1.000,1.000,0,0
591.061,-253.056,-0.701,0.713,1,580.449,-242.268,15.133,1,401.099,1154.633,0,0,1141.721,257.889,173.183,396.531,-83.751,-0.979,-0.205,396.531,-83.751,-0.979,-0.205,70.000,-221.000,0.000,0.000,574.387,-80.677,0.037,-0.999,574.387,-80.677,0.037,-0.999,424.800,-106.500,0.000,0.000,-1.000,1.000,0,0
580.887,-242.882,-0.706,0.709,1,570.210,-232.157,15.133,1,393.609,1142.294,0,0,1129.386,247.968,155.150,389.494,-85.222,-0.979,-0.205,389.494,-85.222,-0.979,-0.205,70.000,-221.000,0.000,0.000,574.471,-87.864,-0.030,-1.000,574.471,-87.864,-0.030,-1.000,424.800,-106.500,0.000,0.000,-1.000,1.000,0,0
570.713,-232.707,-0.707,0.708,1,560.019,-222.000,15.133,1,386.509,1130.003,0,0,1117.135,238.244,137.709,382.457,-86.693,-0.979,-0.205,382.457,-86.693,-0.979,-0.205,70.000,-221.000,0.000,0.000,574.036,-95.038,-0.110,-0.994,574.036,-95.038,-0.110,-0.994,424.800,-106.500,0.000,0.000,-1.000,1.000,0,0
560.539,-222.533,-0.707,0.707,1,549.840,-211.830,15.133,1,379.821,1117.762,0,0,1104.945,228.744,121.028,375.421,-88.164,-0.979,-0.205,375.421,-88.164,-0.979,-0.205,70.000,-221.000,0.000,0.000,572.980,-102.146,-0.206,-0.978,572.980,-102.146,-0.206,-0.978,424.800,-106.500,0.000,0.000,-1.000,1.000,0,0
550.364,-212.359,-0.707,0.707,1,539.664,-201.657,15.133,1,373.569,1105.573,0,0,1092.812,219.495,105.334,368.384,-89.635,-0.979,-0.205,368.384,-89.635,-0.979,-0.205,70.000,-221.000,0.000,0.000,571.174,-109.100,-0.322,-0.947,571.174,-109.100,-0.322,-0.947,424.800,-106.500,0.000,0.000,-1.000,1.000,0,0
540.190,-202.184,-0.707,0.707,1,529.489,-191.483,15.133,1,367.773,1093.438,0,0,1080.734,210.530,90.938,361.348,-91.106,-0.979,-0.205,361.348,-91.106,-0.979,-0.205,70.000,-221.000,0.000,0.000,568.479,-115.758,-0.458,-0.889,568.479,-115.758,-0.458,-0.889,424.800,-106.500,0.000,0.000,-1.000,1.000,0,0
530.016,-192.010,-0.707,0.707,1,519.315,-181.309,15.133,1,362.456,1081.358,0,0,1068.714,201.889,78.247,354.311,-92.577,-0.979,-0.205,354.311,-92.577,-0.979,-0.205,70.000,-221.000,0.000,0.000,564.762,-121.901,-0.608,-0.794,564.762,-121.901,-0.608,-0.794,424.800,-106.500,0.000,0.000,-1.000,1.000,0,0
519.842,-181.836,-0.707,0.707,1,509.141,-171.135,15.133,1,357.639,1069.334,0,0,1056.753,193.613,67.755,347.275,-94.048,-0.979,-0.205,347.275,-94.048,-0.979,-0.205,70.000,-221.000,0.000,0.000,559.959,-127.234,-0.757,-0.654,559.959,-127.234,-0.757,-0.654,424.800,-106.500,0.000,0.000,-1.000,1.000,0,0
509.667,-171.661,-0.707,0.707,1,498.967,-160.960,15.133,1,353.343,1057.370,0,0,1044.853,185.752,59.969,340.238,-95.519,-0.979,-0.205,340.238,-95.519,-0.979,-0.205,70.000,-221.000,0.000,0.000,554.139,-131.429,-0.882,-0.472,554.139,-131.429,-0.882,-0.472,424.800,-106.500,0.000,0.000,-1.000,1.000,0,0
499.493,-161.487,-0.707,0.707,1,488.792,-150.786,15.133,1,349.587,1045.468,0,0,1033.017,178.361,55.232,333.201,-96.990,-0.979,-0.205,333.201,-96.990,-0.979,-0.205,70.000,-221.000,0.000,0.000,547.540,-134.246,-0.963,-0.271,547.540,-134.246,-0.963,-0.271,424.800,-106.500,0.000,0.000,-1.000,1.000,0,0
491.353,-150.470,-0.514,0.858,1,600.015,-315.425,197.529,1,344.571,1035.483,0,0,1180.088,173.183,56.896,326.165,-98.461,-0.979,-0.205,326.165,-98.461,-0.979,-0.205,70.000,-221.000,0.000,0.000,547.008,-138.648,0.287,-0.958,547.008,-138.648,0.287,-0.958,424.800,-106.500,0.000,0.000,0.000,1.000,0,0
491.353,-136.081,-0.158,0.987,1,530.896,-329.611,197.529,1,332.622,1033.059,0,0,1118.694,175.978,57.227,319.128,-99.932,-0.979,-0.205,319.128,-99.932,-0.979,-0.205,70.000,-221.000,0.000,0.000,547.759,-145.743,-0.091,-0.996,547.759,-145.743,-0.091,-0.996,424.800,-106.500,0.000,0.000,0.000,1.000,0,0
491.353,-121.692,-0.046,0.999,1,508.989,-318.432,197.529,1,320.874,1030.832,0,0,1094.361,180.406,63.458,312.092,-101.403,-0.979,-0.205,312.092,-101.403,-0.979,-0.205,70.000,-221.000,0.000,0.000,546.643,-152.838,-0.222,-0.975,546.643,-152.838,-0.222,-0.975,424.800,-106.500,0.000,0.000,0.000,1.000,0,0
491.353,-107.304,-0.012,1.000,1,502.202,-304.534,197.529,1,309.349,1028.800,0,0,1083.549,186.351,66.558,305.055,-102.874,-0.979,-0.205,305.055,-102.874,-0.979,-0.205,70.000,-221.000,0.000,0.000,424.800,-106.500,0.000,0.000,424.800,-106.500,0.000,0.000,544.848,-159.798,-0.283,-0.959,0.000,1.000,0,0
491.353,-92.915,-0.003,1.000,1,500.512,-290.231,197.529,1,298.073,1026.966,0,0,1077.594,193.673,67.926,298.018,-104.345,-0.979,-0.205,298.018,-104.345,-0.979,-0.205,209.837,241.937,0.408,0.913,424.800,-106.500,0.000,0.000,424.800,-106.500,0.000,0.000,542.699,-166.657,-0.323,-0.946,0.000,1.000,0,0
491.353,-78.526,-0.001,1.000,1,500.032,-275.864,197.529,1,287.075,1025.331,0,0,1072.941,202.222,72.193,290.982,-105.816,-0.979,-0.205,290.982,-105.816,-0.979,-0.205,212.771,248.500,0.408,0.913,424.800,-106.500,0.000,0.000,424.800,-106.500,0.000,0.000,540.259,-173.418,-0.365,-0.931,0.000,1.000,0,0
491.353,-64.138,0.000,1.000,1,499.891,-261.482,197.529,1,276.389,1023.895,0,0,1068.782,211.849,78.892,283.945,-107.288,-0.979,-0.205,283.945,-107.288,-0.979,-0.205,215.705,255.063,0.408,0.913,424.800,-106.500,0.000,0.000,424.800,-106.500,0.000,0.000,537.486,-180.050,-0.419,-0.908,0.000,1.000,0,0
491.353,-49.749,0.000,1.000,1,499.850,-247.095,197.529,1,266.052,1022.660,0,0,1064.897,222.416,87.465,276.909,-108.759,-0.979,-0.205,276.909,-108.759,-0.979,-0.205,218.639,261.626,0.408,0.913,424.800,-106.500,0.000,0.000,424.800,-106.500,0.000,0.000,534.273,-186.479,-0.494,-0.870,0.000,1.000,0,0
491.353,-35.360,0.000,1.000,1,499.839,-232.706,197.529,1,256.107,1021.626,0,0,1061.220,233.794,97.418,269.872,-110.230,-0.979,-0.205,269.872,-110.230,-0.979,-0.205,221.573,268.188,0.408,0.913,424.800,-106.500,0.000,0.000,424.800,-106.500,0.000,0.000,530.429,-192.548,-0.606,-0.795,-1.000,1.000,0,0
481.179,-25.186,-0.501,0.865,0,523.306,-211.457,190.975,2,257.093,1010.859,0,0,1078.995,234.859,98.947,262.835,-111.701,-0.979,-0.205,262.835,-111.701,-0.979,-0.205,224.506,274.751,0.408,0.913,424.800,-106.500,0.000,0.000,424.800,-106.500,0.000,0.000,629.000,72.662,0.000,0.000,-1.000,1.000,0,0
471.005,-15.011,-0.659,0.753,0,506.062,-210.278,198.388,0,258.876,1000.183,0,0,1061.931,236.535,102.494,255.799,-113.172,-0.979,-0.205,255.799,-113.172,-0.979,-0.205,227.440,281.314,0.408,0.913,424.800,-106.500,0.000,0.000,424.800,-106.500,0.000,0.000,629.000,65.520,0.000,0.000,-1.000,1.000,0,0
460.830,-4.837,-0.693,0.721,0,489.179,-208.913,206.036,0,261.440,989.601,0,0,1045.182,238.810,107.859,248.762,-114.643,-0.979,-0.205,248.762,-114.643,-0.979,-0.205,230.374,287.877,0.408,0.913,424.800,-106.500,0.000,0.000,424.800,-106.500,0.000,0.000,629.000,58.169,0.000,0.000,-1.000,1.000,0,0
450.656,5.337,-0.703,0.711,0,472.715,-207.583,214.060,0,264.762,979.116,0,0,1028.853,233.287,114.787,249.413,-112.663,0.803,0.595,249.413,-112.663,0.803,0.595,233.308,294.440,0.408,0.913,424.800,-106.500,0.000,0.000,424.800,-106.500,0.000,0.000,629.000,50.748,0.000,0.000,-1.000,1.000,0,0
440.481,15.512,-0.706,0.708,0,456.658,-206.286,222.388,0,268.814,968.732,0,0,1012.932,222.897,123.015,255.188,-108.382,0.803,0.595,255.188,-108.382,0.803,0.595,236.242,301.002,0.408,0.913,424.800,-106.500,0.000,0.000,424.800,-106.500,0.000,0.000,629.000,43.268,0.000,0.000,-1.000,1.000,0,0
430.307,25.686,-0.707,0.707,0,440.998,-205.020,230.957,0,273.564,958.450,0,0,997.411,213.359,132.301,260.963,-104.102,0.803,0.595,260.963,-104.102,0.803,0.595,239.176,307.565,0.408,0.913,424.800,-106.500,0.000,0.000,424.800,-106.500,0.000,0.000,629.000,35.455,0.000,0.000,-1.000,0.000,0,0
415.918,25.686,-0.966,0.257,0,425.726,-203.786,229.688,0,286.723,944.064,0,0,982.277,194.953,132.484,266.739,-99.821,0.803,0.595,266.739,-99.821,0.803,0.595,242.110,314.128,0.408,0.913,424.800,-106.500,0.000,0.000,424.800,-106.500,0.000,0.000,629.000,30.305,0.000,0.000,-1.000,0.000,0,0
401.530,25.686,-0.997,0.073,0,410.832,-202.583,228.470,0,299.994,929.677,0,0,967.523,177.033,134.219,272.514,-95.540,0.803,0.595,272.514,-95.540,0.803,0.595,245.043,320.691,0.408,0.913,424.800,-106.500,0.000,0.000,424.800,-106.500,0.000,0.000,629.000,37.157,0.000,0.000,-1.000,0.000,0,0
390.512,17.546,-0.879,-0.477,0,396.307,-201.409,219.052,0,313.259,918.744,0,0,953.139,156.310,128.698,278.289,-91.260,0.803,0.595,278.289,-91.260,0.803,0.595,247.977,327.254,0.408,0.913,424.800,-106.500,0.000,0.000,424.800,-106.500,0.000,0.000,470.407,-206.978,-0.984,-0.178,-1.000,-1.000,0,0
380.338,7.372,-0.762,-0.648,0,382.141,-200.264,207.678,0,326.594,908.779,0,0,939.116,134.799,122.245,284.065,-86.979,0.803,0.595,284.065,-86.979,0.803,0.595,44.000,-93.000,0.000,0.000,424.800,-106.500,0.000,0.000,424.800,-106.500,0.000,0.000,463.333,-208.255,-0.984,-0.178,-1.000,-1.000,0,0
370.163,-2.802,-0.723,-0.691,0,368.326,-199.148,196.407,0,340.015,898.933,0,0,925.445,113.293,117.211,289.840,-82.698,0.803,0.595,289.840,-82.698,0.803,0.595,44.000,-93.000,0.000,0.000,424.800,-106.500,0.000,0.000,424.800,-106.500,0.000,0.000,456.259,-209.531,-0.984,-0.178,-1.000,-1.000,0,0
359.989,-12.977,-0.712,-0.703,0,354.853,-198.059,185.235,0,353.513,889.212,0,0,912.117,91.796,113.785,295.615,-78.418,0.803,0.595,295.615,-78.418,0.803,0.595,44.000,-93.000,0.000,0.000,424.800,-106.500,0.000,0.000,424.800,-106.500,0.000,0.000,449.184,-210.808,-0.984,-0.178,-1.000,-1.000,0,0
349.815,-23.151,-0.708,-0.706,0,341.713,-196.998,174.155,0,367.078,879.618,0,0,899.124,70.317,112.115,301.390,-74.137,0.803,0.595,301.390,-74.137,0.803,0.595,44.000,-93.000,0.000,0.000,424.800,-106.500,0.000,0.000,424.800,-106.500,0.000,0.000,442.110,-212.085,-0.984,-0.178,-1.000,-1.000,0,0
339.640,-33.325,-0.707,-0.707,0,329.412,-196.007,163.138,0,380.703,870.157,0,0,886.975,48.879,112.280,307.166,-69.857,0.803,0.595,307.166,-69.857,0.803,0.595,44.000,-93.000,0.000,0.000,424.800,-106.500,0.000,0.000,424.800,-106.500,0.000,0.000,435.035,-213.361,-0.984,-0.178,-1.000,-1.000,0,0
329.466,-43.500,-0.707,-0.707,0,317.586,-195.056,152.166,0,394.383,860.832,0,0,875.303,27.576,114.270,312.941,-65.576,0.803,0.595,312.941,-65.576,0.803,0.595,44.000,-93.000,0.000,0.000,424.800,-106.500,0.000,0.000,424.800,-106.500,0.000,0.000,427.961,-214.638,-0.984,-0.178,-1.000,-1.000,0,0
319.291,-53.674,-0.707,-0.707,0,306.111,-194.133,141.232,0,408.111,851.647,0,0,863.982,7.643,117.994,318.716,-61.295,0.803,0.595,318.716,-61.295,0.803,0.595,44.000,-93.000,0.000,0.000,424.800,-106.500,0.000,0.000,424.800,-106.500,0.000,0.000,420.886,-215.914,-0.984,-0.178,-1.000,-1.000,0,0
309.117,-63.848,-0.707,-0.707,0,294.978,-193.237,130.328,0,421.884,842.609,0,0,853.003,16.825,123.295,324.492,-57.015,0.803,0.595,324.492,-57.015,0.803,0.595,44.000,-93.000,0.000,0.000,424.800,-106.500,0.000,0.000,424.800,-106.500,0.000,0.000,413.812,-217.191,-0.984,-0.178,-1.000,-1.000,0,0
298.943,-74.023,-0.707,-0.707,0,284.178,-192.369,119.448,0,435.696,833.721,0,0,842.357,37.874,129.980,330.267,-52.734,0.803,0.595,330.267,-52.734,0.803,0.595,44.000,-93.000,0.000,0.000,424.800,-106.500,0.000,0.000,424.800,-106.500,0.000,0.000,406.737,-218.467,-0.984,-0.178,-1.000,-1.000,0,0
288.768,-84.197,-0.707,-0.707,0,273.704,-191.526,108.584,0,449.544,824.988,0,0,832.037,59.266,137.848,336.042,-48.454,0.803,0.595,336.042,-48.454,0.803,0.595,44.000,-93.000,0.000,0.000,424.800,-106.500,0.000,0.000,424.800,-106.500,0.000,0.000,118.704,-79.586,0.000,0.000,-1.000,-1.000,0,0
278.594,-94.371,-0.707,-0.707,0,263.546,-190.709,97.731,0,463.426,816.416,0,0,822.033,80.729,146.708,341.818,-44.173,0.803,0.595,341.818,-44.173,0.803,0.595,44.000,-93.000,0.000,0.000,424.800,-106.500,0.000,0.000,424.800,-106.500,0.000,0.000,118.704,-79.586,0.000,0.000,-1.000,-1.000,0,0
268.419,-104.546,-0.707,-0.707,0,253.697,-189.917,86.885,0,477.337,808.008,0,0,812.339,102.218,151.781,347.593,-39.892,0.803,0.595,347.593,-39.892,0.803,0.595,44.000,-93.000,0.000,0.000,118.704,-79.586,0.000,0.000,118.704,-79.586,0.000,0.000,424.800,-106.500,0.000,0.000,-1.000,-1.000,0,0
258.245,-114.720,-0.707,-0.707,0,244.151,-189.149,76.041,0,491.276,799.771,0,0,802.945,123.720,146.267,353.368,-35.612,0.803,0.595,353.368,-35.612,0.803,0.595,44.000,-93.000,0.000,0.000,117.787,-73.909,-0.159,0.987,117.787,-73.909,-0.159,0.987,108.800,-94.600,0.000,0.000,-1.000,-1.000,0,0
248.071,-124.894,-0.707,-0.707,0,234.898,-188.405,65.200,0,505.240,791.710,0,0,793.845,145.228,142.527,359.143,-31.331,0.803,0.595,359.143,-31.331,0.803,0.595,70.000,-221.000,0.000,0.000,108.800,-94.600,0.000,0.000,108.800,-94.600,0.000,0.000,116.641,-66.812,-0.159,0.987,-1.000,-1.000,0,0
237.896,-135.069,-0.707,-0.707,0,225.932,-187.683,54.364,0,519.227,783.831,0,0,785.032,166.741,135.291,364.919,-27.050,0.803,0.595,364.919,-27.050,0.803,0.595,70.000,-221.000,0.000,0.000,108.800,-94.600,0.000,0.000,108.800,-94.600,0.000,0.000,115.494,-59.715,-0.159,0.987,-1.000,-1.000,0,0
227.722,-145.243,-0.707,-0.707,0,217.246,-186.985,43.544,0,533.236,776.138,0,0,776.497,174.972,129.256,70.000,-221.000,0.000,0.000,370.694,-22.770,0.803,0.595,370.694,-22.770,0.803,0.595,108.800,-94.600,0.000,0.000,108.800,-94.600,0.000,0.000,114.348,-52.619,-0.159,0.987,-1.000,-1.000,0,0
217.548,-155.417,-0.707,-0.707,0,208.832,-186.308,32.775,0,547.264,768.637,0,0,768.234,161.466,124.599,70.000,-221.000,0.000,0.000,44.000,-93.000,0.000,0.000,44.000,-93.000,0.000,0.000,108.800,-94.600,0.000,0.000,108.800,-94.600,0.000,0.000,350.142,-228.680,-0.984,-0.178,-1.000,-1.000,0,0
207.373,-165.592,-0.707,-0.707,1,196.673,-176.293,15.133,1,561.311,761.335,0,0,753.875,148.127,121.477,70.000,-221.000,0.000,0.000,44.000,-93.000,0.000,0.000,44.000,-93.000,0.000,0.000,108.800,-94.600,0.000,0.000,108.800,-94.600,0.000,0.000,343.068,-229.956,-0.984,-0.178,-1.000,-1.000,0,0
199.234,-173.731,-0.766,-0.643,1,187.638,-183.455,15.133,1,572.560,755.639,0,0,747.218,137.607,120.167,70.000,-221.000,0.000,0.000,44.000,-93.000,0.000,0.000,44.000,-93.000,0.000,0.000,108.800,-94.600,0.000,0.000,108.800,-94.600,0.000,0.000,335.993,-231.233,-0.984,-0.178,1.000,0.000,0,0
213.623,-173.731,0.289,-0.957,1,217.992,-188.220,15.133,1,560.551,769.497,0,0,777.667,151.201,129.414,70.000,-221.000,0.000,0.000,44.000,-93.000,0.000,0.000,44.000,-93.000,0.000,0.000,328.919,-232.509,-0.984,-0.178,328.919,-232.509,-0.984,-0.178,108.800,-94.600,0.000,0.000,1.000,1.000,0,0
223.797,-163.557,1.000,-0.021,1,238.927,-163.872,15.133,1,546.450,776.698,0,0,791.429,164.174,120.604,70.000,-221.000,0.000,0.000,44.000,-93.000,0.000,0.000,44.000,-93.000,0.000,0.000,321.844,-233.786,-0.984,-0.178,321.844,-233.786,-0.984,-0.178,108.800,-94.600,0.000,0.000,1.000,1.000,0,0
229.902,-151.697,0.514,0.858,1,237.679,-138.715,15.133,1,534.858,779.746,0,0,784.399,174.274,118.964,70.000,-221.000,0.000,0.000,44.000,-93.000,0.000,0.000,44.000,-93.000,0.000,0.000,314.770,-235.062,-0.984,-0.178,314.770,-235.062,-0.984,-0.178,108.800,-94.600,0.000,0.000,0.000,1.000,0,0
229.902,-137.308,0.157,0.988,1,232.277,-122.363,15.133,1,527.206,776.503,0,0,775.730,180.480,125.932,70.000,-221.000,0.000,0.000,44.000,-93.000,0.000,0.000,44.000,-93.000,0.000,0.000,307.695,-236.339,-0.984,-0.178,307.695,-236.339,-0.984,-0.178,108.800,-94.600,0.000,0.000,0.000,1.000,0,0
229.902,-122.920,0.046,0.999,1,230.601,-107.803,15.133,1,519.840,773.514,0,0,771.338,187.585,124.369,70.000,-221.000,0.000,0.000,44.000,-93.000,0.000,0.000,44.000,-93.000,0.000,0.000,108.800,-94.600,0.000,0.000,108.800,-94.600,0.000,0.000,300.621,-237.616,-0.984,-0.178,0.000,1.000,0,0
229.902,-108.531,0.012,1.000,1,230.086,-93.399,15.133,1,512.772,770.781,0,0,768.370,186.549,121.900,44.000,-93.000,0.000,0.000,44.000,-93.000,0.000,0.000,70.000,-221.000,0.000,0.000,108.800,-94.600,0.000,0.000,108.800,-94.600,0.000,0.000,293.547,-238.892,-0.984,-0.178,0.000,1.000,0,0
229.902,-94.142,0.004,1.000,1,229.958,-79.009,15.133,1,506.014,768.309,0,0,766.047,185.905,121.103,44.000,-93.000,0.000,0.000,44.000,-93.000,0.000,0.000,70.000,-221.000,0.000,0.000,108.800,-94.600,0.000,0.000,108.800,-94.600,0.000,0.000,286.472,-240.169,-0.984,-0.178,0.000,1.000,0,0
229.902,-79.754,0.001,1.000,1,229.917,-64.620,15.133,1,499.580,766.099,0,0,764.075,186.373,122.008,44.000,-93.000,0.000,0.000,44.000,-93.000,0.000,0.000,70.000,-221.000,0.000,0.000,108.800,-94.600,0.000,0.000,108.800,-94.600,0.000,0.000,101.736,25.445,-0.159,0.987,0.000,1.000,0,0
233.971,-67.051,0.298,0.954,1,238.485,-52.606,15.133,1,490.480,768.403,0,0,771.181,191.736,128.167,44.000,-93.000,0.000,0.000,44.000,-93.000,0.000,0.000,70.000,-221.000,0.000,0.000,108.800,-94.600,0.000,0.000,108.800,-94.600,0.000,0.000,100.589,32.541,-0.159,0.987,1.000,1.000,0,0
244.146,-56.876,0.600,0.800,1,253.220,-44.765,15.133,1,477.017,777.278,0,0,785.033,203.380,140.505,44.000,-93.000,0.000,0.000,44.000,-93.000,0.000,0.000,445.773,32.878,0.803,0.595,108.800,-94.600,0.000,0.000,108.800,-94.600,0.000,0.000,99.443,39.638,-0.159,0.987,1.000,1.000,0,0
254.320,-46.702,0.680,0.733,1,264.613,-35.608,15.133,1,463.609,786.317,0,0,795.554,214.317,153.200,451.548,37.159,0.803,0.595,451.548,37.159,0.803,0.595,44.000,-93.000,0.000,0.000,108.800,-94.600,0.000,0.000,108.800,-94.600,0.000,0.000,424.800,-106.500,0.000,0.000,1.000,1.000,0,0
264.494,-36.528,0.699,0.715,1,275.079,-25.711,15.133,1,450.263,795.514,0,0,805.225,207.995,166.172,457.324,41.440,0.803,0.595,457.324,41.440,0.803,0.595,44.000,-93.000,0.000,0.000,108.800,-94.600,0.000,0.000,108.800,-94.600,0.000,0.000,424.800,-106.500,0.000,0.000,0.000,1.000,0,0
264.494,-22.139,0.234,0.972,1,268.029,-7.424,15.133,1,444.886,794.423,0,0,797.107,209.878,171.731,463.099,45.720,0.803,0.595,463.099,45.720,0.803,0.595,44.000,-93.000,0.000,0.000,108.800,-94.600,0.000,0.000,108.800,-94.600,0.000,0.000,424.800,-106.500,0.000,0.000,0.000,1.000,0,0
264.494,-7.750,0.068,0.998,1,265.526,7.348,15.133,1,439.915,793.593,0,0,794.032,212.382,178.280,468.874,50.001,0.803,0.595,468.874,50.001,0.803,0.595,44.000,-93.000,0.000,0.000,108.800,-94.600,0.000,0.000,108.800,-94.600,0.000,0.000,94.857,68.025,-0.159,0.987,0.000,1.000,0,0
264.494,6.638,0.020,1.000,1,264.794,21.769,15.133,1,435.363,793.022,0,0,793.003,215.488,184.003,474.649,54.281,0.803,0.595,474.649,54.281,0.803,0.595,44.000,-93.000,0.000,0.000,93.710,75.121,-0.159,0.987,93.710,75.121,-0.159,0.987,108.800,-94.600,0.000,0.000,0.000,1.000,0,0
264.494,21.027,0.005,1.000,1,264.574,36.160,15.133,1,431.243,792.712,0,0,792.747,219.168,182.495,480.425,58.562,0.803,0.595,480.425,58.562,0.803,0.595,44.000,-93.000,0.000,0.000,92.564,82.218,-0.159,0.987,92.564,82.218,-0.159,0.987,108.800,-94.600,0.000,0.000,0.000,1.000,0,0
264.494,35.416,0.002,1.000,1,264.518,50.549,15.133,1,427.568,792.664,0,0,792.918,223.396,181.276,486.200,62.843,0.803,0.595,486.200,62.843,0.803,0.595,438.630,206.043,0.775,-0.631,91.417,89.315,-0.159,0.987,91.417,89.315,-0.159,0.987,108.800,-94.600,0.000,0.000,0.000,1.000,0,0
264.494,49.805,0.000,1.000,1,264.501,64.938,15.133,1,424.349,792.876,0,0,793.388,228.139,180.350,491.975,67.123,0.803,0.595,491.975,67.123,0.803,0.595,444.204,201.504,0.775,-0.631,90.270,96.411,-0.159,0.987,90.270,96.411,-0.159,0.987,108.800,-94.600,0.000,0.000,0.000,1.000,0,0
264.494,64.193,0.000,1.000,1,264.496,79.326,15.133,1,421.597,793.350,0,0,794.131,227.944,179.723,449.779,196.965,0.775,-0.631,449.779,196.965,0.775,-0.631,497.751,71.404,0.803,0.595,89.124,103.508,-0.159,0.987,89.124,103.508,-0.159,0.987,108.800,-94.600,0.000,0.000,0.000,1.000,0,0
268.564,76.896,0.300,0.954,1,273.108,91.331,15.133,1,415.540,798.046,0,0,803.538,219.630,183.706,455.354,192.426,0.775,-0.631,455.354,192.426,0.775,-0.631,503.526,75.685,0.803,0.595,87.977,110.605,-0.159,0.987,87.977,110.605,-0.159,0.987,108.800,-94.600,0.000,0.000,1.000,1.000,0,0
280.424,83.001,0.816,0.578,1,292.769,91.755,15.133,1,402.944,810.254,0,0,823.172,208.765,196.679,460.928,187.887,0.775,-0.631,460.928,187.887,0.775,-0.631,509.301,79.965,0.803,0.595,86.831,117.701,-0.159,0.987,86.831,117.701,-0.159,0.987,424.800,-106.500,0.000,0.000,1.000,0.000,0,0
294.813,83.001,0.983,0.183,1,309.692,85.763,15.133,1,388.706,824.611,0,0,839.634,198.864,213.265,466.503,183.349,0.775,-0.631,466.503,183.349,0.775,-0.631,515.076,84.246,0.803,0.595,85.684,124.798,-0.159,0.987,85.684,124.798,-0.159,0.987,424.800,-106.500,0.000,0.000,1.000,0.000,0,0
309.202,83.001,0.999,0.048,1,324.318,83.722,15.133,1,374.479,838.969,0,0,854.098,188.965,221.976,472.077,178.810,0.775,-0.631,472.077,178.810,0.775,-0.631,520.852,88.526,0.803,0.595,424.800,-106.500,0.000,0.000,424.800,-106.500,0.000,0.000,427.000,279.000,0.000,0.000,1.000,0.000,0,0
323.591,83.001,1.000,0.015,1,338.722,83.224,15.133,1,360.265,853.328,0,0,868.443,179.068,214.835,477.652,174.271,0.775,-0.631,477.652,174.271,0.775,-0.631,526.627,92.807,0.803,0.595,424.800,-106.500,0.000,0.000,424.800,-106.500,0.000,0.000,427.000,279.000,0.000,0.000,1.000,0.000,0,0
337.979,83.001,1.000,0.004,1,353.112,83.058,15.133,1,346.066,867.688,0,0,882.795,169.172,208.443,483.227,169.732,0.775,-0.631,483.227,169.732,0.775,-0.631,532.402,97.088,0.803,0.595,424.800,-106.500,0.000,0.000,424.800,-106.500,0.000,0.000,427.000,279.000,0.000,0.000,1.000,0.000,0,0
352.368,83.001,1.000,0.001,1,367.501,83.018,15.133,1,331.883,882.049,0,0,897.155,159.279,202.872,488.801,165.193,0.775,-0.631,488.801,165.193,0.775,-0.631,538.177,101.368,0.803,0.595,424.800,-106.500,0.000,0.000,424.800,-106.500,0.000,0.000,427.000,279.000,0.000,0.000,1.000,0.000,0,0
366.757,83.001,1.000,0.000,1,381.890,83.006,15.133,1,317.719,896.411,0,0,911.517,149.388,198.191,494.376,160.655,0.775,-0.631,494.376,160.655,0.775,-0.631,543.952,105.649,0.803,0.595,424.800,-106.500,0.000,0.000,424.800,-106.500,0.000,0.000,427.000,279.000,0.000,0.000,1.000,0.000,0,0
381.146,83.001,1.000,0.000,0,397.381,83.003,16.235,0,303.575,910.773,0,0,926.980,139.501,194.464,499.951,156.116,0.775,-0.631,499.951,156.116,0.775,-0.631,549.727,109.930,0.803,0.595,424.800,-106.500,0.000,0.000,424.800,-106.500,0.000,0.000,427.000,279.000,0.000,0.000,1.000,0.000,1,0
395.534,83.001,1.000,0.000,0,416.985,83.005,21.450,0,289.456,925.137,0,0,946.550,129.618,191.747,505.525,151.577,0.775,-0.631,505.525,151.577,0.775,-0.631,555.502,114.210,0.803,0.595,424.800,-106.500,0.000,0.000,424.800,-106.500,0.000,0.000,427.000,279.000,0.000,0.000,1.000,0.000,0,0
398.412,83.001,1.000,0.000,0,436.103,83.007,37.692,0,286.635,928.010,0,0,965.634,129.612,191.329,511.100,147.038,0.775,-0.631,511.100,147.038,0.775,-0.631,561.278,118.491,0.803,0.595,424.800,-106.500,0.000,0.000,424.800,-106.500,0.000,0.000,427.000,279.000,0.000,0.000,0.000,0.000,0,0
398.412,83.001,1.000,0.000,0,454.748,83.009,56.338,0,286.635,928.010,0,0,984.246,129.179,191.329,514.006,140.666,0.311,-0.950,514.006,140.666,0.311,-0.950,567.053,122.771,0.803,0.595,424.800,-106.500,0.000,0.000,424.800,-106.500,0.000,0.000,427.000,279.000,0.000,0.000,0.000,0.000,0,0
398.412,83.001,1.000,0.000,0,472.931,83.011,74.525,0,286.635,928.010,0,0,1002.397,128.331,191.329,516.245,133.834,0.311,-0.950,516.245,133.834,0.311,-0.950,572.828,127.052,0.803,0.595,424.800,-106.500,0.000,0.000,424.800,-106.500,0.000,0.000,427.000,279.000,0.000,0.000,0.000,0.000,0,0
398.412,83.001,1.000,0.000,0,490.665,83.013,92.262,0,286.635,928.010,0,0,1020.099,127.881,191.329,518.484,127.003,0.311,-0.950,518.484,127.003,0.311,-0.950,578.603,131.332,0.803,0.595,424.800,-106.500,0.000,0.000,424.800,-106.500,0.000,0.000,427.000,279.000,0.000,0.000,0.000,0.000,0,0
398.412,83.001,1.000,0.000,0,507.959,83.015,109.563,0,286.635,928.010,0,0,1037.363,127.835,191.329,520.723,120.172,0.311,-0.950,520.723,120.172,0.311,-0.950,584.378,135.613,0.803,0.595,424.800,-106.500,0.000,0.000,424.800,-106.500,0.000,0.000,427.000,279.000,0.000,0.000,0.000,0.000,0,0
398.412,83.001,1.000,0.000,0,524.826,83.017,126.438,0,286.635,928.010,0,0,1054.199,128.193,191.329,522.962,113.341,0.311,-0.950,522.962,113.341,0.311,-0.950,590.153,139.894,0.803,0.595,424.800,-106.500,0.000,0.000,424.800,-106.500,0.000,0.000,427.000,279.000,0.000,0.000,0.000,0.000,0,0
398.412,83.001,1.000,0.000,0,529.918,92.131,131.823,1,286.635,928.010,0,0,1059.805,128.951,191.329,525.202,106.510,0.311,-0.950,525.202,106.510,0.311,-0.950,595.929,144.174,0.803,0.595,424.800,-106.500,0.000,0.000,424.800,-106.500,0.000,0.000,427.000,279.000,0.000,0.000,0.000,0.000,0,0
398.412,83.001,1.000,0.000,0,532.155,85.299,133.763,1,286.635,928.010,0,0,1061.666,130.102,191.329,527.441,99.679,0.311,-0.950,527.441,99.679,0.311,-0.950,596.586,147.361,-0.977,0.215,424.800,-106.500,0.000,0.000,424.800,-106.500,0.000,0.000,427.000,279.000,0.000,0.000,0.000,0.000,0,0
398.412,83.001,1.000,0.000,0,531.795,77.455,133.498,0,286.635,928.010,0,0,1060.933,131.611,191.329,529.651,92.890,0.312,-0.950,529.651,92.890,0.312,-0.950,589.566,148.908,-0.977,0.215,424.800,-106.500,0.000,0.000,424.800,-106.500,0.000,0.000,427.000,279.000,0.000,0.000,0.000,0.000,0,0
398.412,83.001,1.000,0.000,0,521.108,66.514,123.799,0,286.635,928.010,0,0,1049.827,133.514,191.329,531.890,86.059,0.312,-0.950,531.890,86.059,0.312,-0.950,582.545,150.454,-0.977,0.215,424.800,-106.500,0.000,0.000,424.800,-106.500,0.000,0.000,427.000,279.000,0.000,0.000,0.000,0.000,0,0
398.412,83.001,1.000,0.000,0,510.658,55.865,115.480,0,286.635,928.010,0,0,1039.070,135.770,191.329,534.130,79.228,0.312,-0.950,534.130,79.228,0.312,-0.950,575.525,152.001,-0.977,0.215,424.800,-106.500,0.000,0.000,424.800,-106.500,0.000,0.000,427.000,279.000,0.000,0.000,0.000,0.000,0,0
398.412,83.001,1.000,0.000,0,500.466,45.479,108.737,0,286.635,928.010,0,0,1028.678,138.364,191.329,536.369,72.397,0.312,-0.950,536.369,72.397,0.312,-0.950,568.505,153.547,-0.977,0.215,424.800,-106.500,0.000,0.000,424.800,-106.500,0.000,0.000,427.000,279.000,0.000,0.000,0.000,0.000,0,0
398.412,83.001,1.000,0.000,0,490.527,35.350,103.717,0,286.635,928.010,0,0,1018.640,141.277,191.329,538.609,65.566,0.312,-0.950,538.609,65.566,0.312,-0.950,561.485,155.094,-0.977,0.215,424.800,-106.500,0.000,0.000,424.800,-106.500,0.000,0.000,427.000,279.000,0.000,0.000,0.000,0.000,0,0
398.412,83.001,1.000,0.000,0,480.834,25.472,100.529,0,286.635,928.010,0,0,1008.945,144.488,191.329,540.848,58.735,0.312,-0.950,540.848,58.735,0.312,-0.950,554.464,156.640,-0.977,0.215,424.800,-106.500,0.000,0.000,424.800,-106.500,0.000,0.000,427.000,279.000,0.000,0.000,0.000,0.000,0,0
398.412,83.001,1.000,0.000,0,471.380,15.839,99.201,0,286.635,928.010,0,0,999.583,147.980,191.329,543.087,51.904,0.312,-0.950,543.087,51.904,0.312,-0.950,547.444,158.187,-0.977,0.215,424.800,-106.500,0.000,0.000,424.800,-106.500,0.000,0.000,427.000,279.000,0.000,0.000,0.000,0.000,0,0
398.412,83.001,1.000,0.000,0,462.161,6.444,99.671,0,286.635,928.010,0,0,990.544,151.731,191.329,545.327,45.073,0.312,-0.950,545.327,45.073,0.312,-0.950,540.424,159.733,-0.977,0.215,424.800,-106.500,0.000,0.000,424.800,-106.500,0.000,0.000,427.000,279.000,0.000,0.000,0.000,0.000,0,0
398.412,83.001,1.000,0.000,0,453.170,-2.718,101.789,0,286.635,928.010,0,0,981.818,155.725,191.329,547.566,38.242,0.312,-0.950,547.566,38.242,0.312,-0.950,533.403,161.280,-0.977,0.215,424.800,-106.500,0.000,0.000,424.800,-106.500,0.000,0.000,427.000,279.000,0.000,0.000,0.000,0.000,0,0
398.412,83.001,1.000,0.000,0,444.401,-11.654,105.340,0,286.635,928.010,0,0,973.395,150.827,191.329,526.383,162.827,-0.977,0.215,526.383,162.827,-0.977,0.215,549.805,31.411,0.312,-0.950,424.800,-106.500,0.000,0.000,424.800,-106.500,0.000,0.000,427.000,279.000,0.000,0.000,0.000,0.000,0,0
398.412,83.001,1.000,0.000,0,435.850,-20.368,110.083,0,286.635,928.010,0,0,965.265,145.776,191.329,519.363,164.373,-0.977,0.215,519.363,164.373,-0.977,0.215,552.045,24.580,0.312,-0.950,424.800,-106.500,0.000,0.000,424.800,-106.500,0.000,0.000,427.000,279.000,0.000,0.000,0.000,-1.000,0,0
398.412,68.612,0.417,-0.909,0,427.510,-28.867,101.944,0,289.736,927.313,0,0,957.421,149.830,177.089,512.343,165.920,-0.977,0.215,512.343,165.920,-0.977,0.215,554.284,17.749,0.312,-0.950,424.800,-106.500,0.000,0.000,424.800,-106.500,0.000,0.000,427.000,279.000,0.000,0.000,0.000,-1.000,0,0
396.377,55.066,-0.057,-0.998,0,419.867,-36.753,95.009,0,295.220,924.827,0,0,950.321,156.534,164.047,505.322,167.466,-0.977,0.215,505.322,167.466,-0.977,0.215,556.524,10.918,0.312,-0.950,424.800,-106.500,0.000,0.000,424.800,-106.500,0.000,0.000,427.000,279.000,0.000,0.000,-1.000,-1.000,0,0
386.203,44.892,-0.543,-0.840,0,412.463,-44.398,93.308,0,307.903,914.445,0,0,943.517,167.249,156.235,498.302,169.013,-0.977,0.215,498.302,169.013,-0.977,0.215,558.763,4.087,0.312,-0.950,424.800,-106.500,0.000,0.000,424.800,-106.500,0.000,0.000,623.000,31.161,-0.225,0.974,-1.000,-1.000,0,0
378.063,33.875,-0.588,-0.809,0,405.284,-51.812,90.151,0,319.081,906.205,0,0,936.986,177.485,147.951,491.281,170.559,-0.977,0.215,491.281,170.559,-0.977,0.215,561.002,-2.744,0.312,-0.950,424.800,-106.500,0.000,0.000,424.800,-106.500,0.000,0.000,621.380,38.165,-0.225,0.974,0.000,-1.000,0,0
378.063,19.486,-0.164,-0.986,0,398.323,-59.000,81.330,0,324.058,906.272,0,0,930.719,185.932,134.376,484.261,172.106,-0.977,0.215,484.261,172.106,-0.977,0.215,563.242,-9.575,0.312,-0.950,424.800,-106.500,0.000,0.000,424.800,-106.500,0.000,0.000,619.760,45.169,-0.225,0.974,0.000,-1.000,0,0
378.063,5.097,-0.047,-0.999,0,391.574,-65.969,72.643,0,329.588,906.567,0,0,924.707,188.647,120.989,565.481,-16.406,0.312,-0.950,565.481,-16.406,0.312,-0.950,477.241,173.652,-0.977,0.215,424.800,-106.500,0.000,0.000,424.800,-106.500,0.000,0.000,618.141,52.172,-0.225,0.974,-1.000,-1.000,0,0
367.889,-5.077,-0.547,-0.837,0,385.032,-72.724,70.100,0,343.027,896.749,0,0,918.939,200.655,116.299,567.721,-23.237,0.312,-0.950,567.721,-23.237,0.312,-0.950,470.220,175.199,-0.977,0.215,424.800,-106.500,0.000,0.000,424.800,-106.500,0.000,0.000,616.521,59.176,-0.225,0.974,-1.000,-1.000,0,0
357.714,-15.251,-0.663,-0.749,0,378.693,-79.270,67.694,0,356.540,887.056,0,0,913.407,212.762,113.256,569.960,-30.068,0.312,-0.950,569.960,-30.068,0.312,-0.950,463.200,176.746,-0.977,0.215,424.800,-106.500,0.000,0.000,424.800,-106.500,0.000,0.000,108.800,-94.600,0.000,0.000,-1.000,-1.000,0,0
347.540,-25.426,-0.696,-0.718,0,372.551,-85.612,65.513,0,370.119,877.491,0,0,908.103,224.952,111.992,572.199,-36.899,0.312,-0.950,572.199,-36.899,0.312,-0.950,456.179,178.292,-0.977,0.215,424.800,-106.500,0.000,0.000,424.800,-106.500,0.000,0.000,108.800,-94.600,0.000,0.000,-1.000,-1.000,0,0
337.366,-35.600,-0.704,-0.710,0,366.601,-91.756,63.657,0,383.757,868.060,0,0,903.017,237.212,112.568,574.439,-43.730,0.312,-0.950,574.439,-43.730,0.312,-0.950,449.159,179.839,-0.977,0.215,424.800,-106.500,0.000,0.000,424.800,-106.500,0.000,0.000,108.800,-94.600,0.000,0.000,-1.000,-1.000,0,0
327.191,-45.774,-0.706,-0.708,0,360.839,-97.706,62.234,0,397.448,858.766,0,0,898.141,249.533,114.957,576.678,-50.561,0.312,-0.950,576.678,-50.561,0.312,-0.950,442.139,181.385,-0.977,0.215,424.800,-106.500,0.000,0.000,424.800,-106.500,0.000,0.000,108.800,-94.600,0.000,0.000,-1.000,-1.000,0,0
317.017,-55.949,-0.707,-0.707,0,355.260,-103.467,61.356,0,411.187,849.614,0,0,893.469,261.905,119.049,578.917,-57.392,0.312,-0.950,578.917,-57.392,0.312,-0.950,435.118,182.932,-0.977,0.215,424.800,-106.500,0.000,0.000,424.800,-106.500,0.000,0.000,115.688,-118.405,0.251,0.968,-1.000,-1.000,0,0
310.912,-67.809,-0.512,-0.859,0,349.860,-109.044,57.107,0,422.225,844.846,0,0,888.991,268.098,120.281,44.000,-93.000,0.000,0.000,44.000,-93.000,0.000,0.000,581.157,-64.223,0.312,-0.950,424.800,-106.500,0.000,0.000,424.800,-106.500,0.000,0.000,117.490,-111.446,0.251,0.968,0.000,-1.000,0,0
310.912,-82.197,-0.157,-0.988,0,344.633,-114.441,47.125,0,429.419,846.648,0,0,884.701,267.131,116.452,44.000,-93.000,0.000,0.000,44.000,-93.000,0.000,0.000,583.396,-71.054,0.312,-0.950,424.800,-106.500,0.000,0.000,424.800,-106.500,0.000,0.000,119.292,-104.487,0.251,0.968,0.000,-1.000,0,0
310.912,-96.586,-0.042,-0.999,0,339.576,-119.663,37.392,0,436.968,848.690,0,0,880.591,266.936,114.319,44.000,-93.000,0.000,0.000,44.000,-93.000,0.000,0.000,70.000,-221.000,0.000,0.000,424.800,-106.500,0.000,0.000,424.800,-106.500,0.000,0.000,121.095,-97.527,0.251,0.968,0.000,-1.000,0,0
310.912,-110.975,-0.012,-1.000,1,310.734,-126.107,15.133,1,444.855,850.970,0,0,853.448,264.847,113.976,70.000,-221.000,0.000,0.000,44.000,-93.000,0.000,0.000,44.000,-93.000,0.000,0.000,424.800,-106.500,0.000,0.000,424.800,-106.500,0.000,0.000,122.897,-90.568,0.251,0.968,0.000,-1.000,0,0
310.912,-125.364,-0.004,-1.000,1,310.856,-140.497,15.133,1,453.062,853.487,0,0,856.332,259.201,115.440,70.000,-221.000,0.000,0.000,44.000,-93.000,0.000,0.000,44.000,-93.000,0.000,0.000,424.800,-106.500,0.000,0.000,424.800,-106.500,0.000,0.000,124.699,-83.609,0.251,0.968,1.000,0.000,0,0
327.336,-123.329,0.962,-0.274,1,341.890,-127.476,15.133,1,438.597,869.272,0,0,884.330,266.511,98.907,592.802,-99.744,0.312,-0.950,592.802,-99.744,0.312,-0.950,70.000,-221.000,0.000,0.000,424.800,-106.500,0.000,0.000,424.800,-106.500,0.000,0.000,126.861,-75.258,0.251,0.968,1.000,1.000,0,0
333.440,-114.346,0.866,0.500,1,346.543,-106.775,15.133,1,428.363,873.741,0,0,885.454,261.313,91.696,594.593,-105.209,0.312,-0.950,594.593,-105.209,0.312,-0.950,70.000,-221.000,0.000,0.000,424.800,-106.500,0.000,0.000,424.800,-106.500,0.000,0.000,128.303,-69.691,0.251,0.968,0.000,1.000,0,0
331.406,-100.801,0.060,0.998,1,332.319,-85.695,15.133,1,422.204,869.581,0,0,868.327,265.665,93.568,596.832,-112.040,0.312,-0.950,596.832,-112.040,0.312,-0.950,44.000,-93.000,0.000,0.000,424.800,-106.500,0.000,0.000,424.800,-106.500,0.000,0.000,130.105,-62.732,0.251,0.968,-1.000,1.000,0,0
321.231,-90.626,-0.508,0.861,1,313.543,-77.591,15.133,1,425.071,858.027,0,0,848.653,277.241,104.778,44.000,-93.000,0.000,0.000,44.000,-93.000,0.000,0.000,599.072,-118.871,0.312,-0.950,424.800,-106.500,0.000,0.000,424.800,-106.500,0.000,0.000,131.907,-55.772,0.251,0.968,-1.000,1.000,0,0
311.057,-80.452,-0.659,0.752,1,301.087,-69.067,15.133,1,428.402,846.560,0,0,835.240,267.351,116.688,44.000,-93.000,0.000,0.000,44.000,-93.000,0.000,0.000,70.000,-221.000,0.000,0.000,424.800,-106.500,0.000,0.000,424.800,-106.500,0.000,0.000,133.710,-48.813,0.251,0.968,0.000,1.000,0,0
311.057,-66.063,-0.205,0.979,1,307.953,-51.252,15.133,1,421.251,844.787,0,0,840.127,268.412,120.717,44.000,-93.000,0.000,0.000,44.000,-93.000,0.000,0.000,357.894,199.944,-0.977,0.215,424.800,-106.500,0.000,0.000,424.800,-106.500,0.000,0.000,135.512,-41.854,0.251,0.968,0.000,1.000,0,0
311.057,-51.674,-0.061,0.998,1,310.131,-36.570,15.133,1,414.475,843.257,0,0,840.990,256.277,126.267,350.873,201.491,-0.977,0.215,350.873,201.491,-0.977,0.215,44.000,-93.000,0.000,0.000,424.800,-106.500,0.000,0.000,424.800,-106.500,0.000,0.000,137.314,-34.895,0.251,0.968,0.000,1.000,0,0
311.057,-37.286,-0.016,1.000,1,310.810,-22.155,15.133,1,408.094,841.970,0,0,840.634,242.550,133.147,343.853,203.037,-0.977,0.215,343.853,203.037,-0.977,0.215,44.000,-93.000,0.000,0.000,424.800,-106.500,0.000,0.000,424.800,-106.500,0.000,0.000,139.116,-27.936,0.251,0.968,0.000,1.000,0,0
311.057,-22.897,-0.005,1.000,1,310.986,-7.764,15.133,1,402.128,840.927,0,0,840.024,228.937,141.163,336.832,204.584,-0.977,0.215,336.832,204.584,-0.977,0.215,44.000,-93.000,0.000,0.000,424.800,-106.500,0.000,0.000,424.800,-106.500,0.000,0.000,140.918,-20.977,0.251,0.968,0.000,1.000,0,0
311.057,-8.508,-0.001,1.000,1,311.036,6.625,15.133,1,396.594,840.129,0,0,839.535,215.457,150.133,329.812,206.131,-0.977,0.215,329.812,206.131,-0.977,0.215,44.000,-93.000,0.000,0.000,424.800,-106.500,0.000,0.000,424.800,-106.500,0.000,0.000,142.720,-14.018,0.251,0.968,0.000,1.000,0,0
311.057,5.880,0.000,1.000,1,311.051,21.014,15.133,1,391.510,839.577,0,0,839.257,202.138,159.897,322.791,207.677,-0.977,0.215,322.791,207.677,-0.977,0.215,44.000,-93.000,0.000,0.000,424.800,-106.500,0.000,0.000,424.800,-106.500,0.000,0.000,144.522,-7.058,0.251,0.968,0.000,1.000,0,0
311.057,20.269,0.000,1.000,1,311.055,35.402,15.133,1,386.895,839.272,0,0,839.215,189.013,165.987,315.771,209.224,-0.977,0.215,315.771,209.224,-0.977,0.215,44.000,-93.000,0.000,0.000,146.325,-0.099,0.251,0.968,146.325,-0.099,0.251,0.968,424.800,-106.500,0.000,0.000,0.000,1.000,0,0
319.196,31.286,0.458,0.889,1,326.125,44.740,15.133,1,375.884,847.343,0,0,854.382,179.788,172.805,308.751,210.770,-0.977,0.215,308.751,210.770,-0.977,0.215,44.000,-93.000,0.000,0.000,148.127,6.860,0.251,0.968,148.127,6.860,0.251,0.968,424.800,-106.500,0.000,0.000,1.000,1.000,0,0
329.371,41.461,0.642,0.767,1,339.085,53.065,15.133,1,363.317,857.580,0,0,867.511,173.078,176.066,301.730,212.317,-0.977,0.215,301.730,212.317,-0.977,0.215,579.795,-145.297,-0.949,0.316,424.800,-106.500,0.000,0.000,424.800,-106.500,0.000,0.000,149.929,13.819,0.251,0.968,1.000,1.000,0,0
339.545,51.635,0.689,0.725,1,349.968,62.607,15.133,1,350.889,867.936,0,0,878.681,168.310,179.653,294.710,213.864,-0.977,0.215,294.710,213.864,-0.977,0.215,572.976,-143.022,-0.949,0.316,424.800,-106.500,0.000,0.000,424.800,-106.500,0.000,0.000,151.731,20.778,0.251,0.968,1.000,1.000,0,0
351.405,57.740,0.853,0.522,1,364.311,65.643,15.133,1,337.918,879.955,0,0,893.125,170.058,179.893,287.689,215.410,-0.977,0.215,287.689,215.410,-0.977,0.215,566.156,-140.748,-0.949,0.316,424.800,-106.500,0.000,0.000,424.800,-106.500,0.000,0.000,153.533,27.737,0.251,0.968,1.000,0.000,0,0
365.794,57.740,0.987,0.159,1,380.735,60.145,15.133,1,323.975,894.335,0,0,909.342,180.545,174.518,280.669,216.957,-0.977,0.215,280.669,216.957,-0.977,0.215,559.337,-138.474,-0.949,0.316,424.800,-106.500,0.000,0.000,424.800,-106.500,0.000,0.000,155.335,34.696,0.251,0.968,1.000,0.000,0,0
383.060,57.740,0.999,0.036,1,398.184,58.285,15.133,1,307.297,911.592,0,0,926.722,195.511,169.460,272.244,218.813,-0.977,0.215,272.244,218.813,-0.977,0.215,551.153,-135.745,-0.949,0.316,424.800,-106.500,0.000,0.000,424.800,-106.500,0.000,0.000,595.172,83.828,-0.094,0.996,1.000,0.000,0,0
394.571,57.740,1.000,0.012,1,409.703,57.926,15.133,1,296.216,923.096,0,0,938.225,206.674,166.998,266.628,220.050,-0.977,0.215,266.628,220.050,-0.977,0.215,545.698,-133.925,-0.949,0.316,424.800,-106.500,0.000,0.000,424.800,-106.500,0.000,0.000,594.631,89.553,-0.094,0.996,1.000,0.000,0,0
408.960,57.740,1.000,0.003,1,424.093,57.782,15.133,1,282.413,937.477,0,0,952.603,221.710,165.002,259.608,221.597,-0.977,0.215,259.608,221.597,-0.977,0.215,538.878,-131.651,-0.949,0.316,424.800,-106.500,0.000,0.000,424.800,-106.500,0.000,0.000,593.955,96.710,-0.094,0.996,1.000,0.000,0,0
414.716,57.740,1.000,0.002,0,441.729,57.786,27.014,0,276.909,943.229,0,0,970.229,220.866,164.549,532.059,-129.377,-0.949,0.316,532.059,-129.377,-0.949,0.316,252.587,223.143,-0.977,0.215,424.800,-106.500,0.000,0.000,424.800,-106.500,0.000,0.000,593.279,103.867,-0.094,0.996,0.000,0.000,1,0
414.716,57.740,1.000,0.002,0,461.137,57.819,46.422,0,276.909,943.229,0,0,989.626,215.365,164.549,525.239,-127.103,-0.949,0.316,525.239,-127.103,-0.949,0.316,245.567,224.690,-0.977,0.215,424.800,-106.500,0.000,0.000,424.800,-106.500,0.000,0.000,593.088,105.294,0.075,-0.997,0.000,0.000,0,0
414.716,57.740,1.000,0.002,0,480.065,57.851,65.350,0,276.909,943.229,0,0,1008.542,209.966,164.549,518.420,-124.828,-0.949,0.316,518.420,-124.828,-0.949,0.316,238.547,226.236,-0.977,0.215,424.800,-106.500,0.000,0.000,424.800,-106.500,0.000,0.000,593.624,98.125,0.075,-0.997,0.000,0.000,0,0
414.716,57.740,1.000,0.002,0,498.524,57.882,83.811,0,276.909,943.229,0,0,1026.989,204.676,164.549,511.600,-122.554,-0.949,0.316,511.600,-122.554,-0.949,0.316,231.526,227.783,-0.977,0.215,424.800,-106.500,0.000,0.000,424.800,-106.500,0.000,0.000,594.160,90.956,0.075,-0.997,0.000,0.000,0,0
414.716,57.740,1.000,0.002,0,516.526,57.913,101.816,0,276.909,943.229,0,0,1044.979,199.506,164.549,504.781,-120.280,-0.949,0.316,504.781,-120.280,-0.949,0.316,224.506,229.330,-0.977,0.215,424.800,-106.500,0.000,0.000,424.800,-106.500,0.000,0.000,594.696,83.788,0.075,-0.997,0.000,0.000,0,0
414.716,57.740,1.000,0.002,0,534.083,57.943,119.377,0,276.909,943.229,0,0,1062.522,194.464,164.549,497.961,-118.005,-0.949,0.316,497.961,-118.005,-0.949,0.316,217.486,230.876,-0.977,0.215,424.800,-106.500,0.000,0.000,424.800,-106.500,0.000,0.000,595.232,76.619,0.075,-0.997,0.000,0.000,0,0
414.716,57.740,1.000,0.002,0,551.205,57.972,136.505,0,276.909,943.229,0,0,1079.630,189.560,164.549,491.142,-115.731,-0.949,0.316,491.142,-115.731,-0.949,0.316,210.465,232.423,-0.977,0.215,424.800,-106.500,0.000,0.000,424.800,-106.500,0.000,0.000,595.769,69.450,0.075,-0.997,0.000,0.000,0,0
414.716,57.740,1.000,0.002,0,567.903,58.001,153.212,0,276.909,943.229,0,0,1096.315,184.806,164.549,484.323,-113.457,-0.949,0.316,484.323,-113.457,-0.949,0.316,203.445,233.969,-0.977,0.215,424.800,-106.500,0.000,0.000,424.800,-106.500,0.000,0.000,597.316,64.448,-0.006,-1.000,0.000,0.000,0,0
414.716,57.740,1.000,0.002,0,582.545,60.743,167.856,2,276.909,943.229,0,0,1111.057,180.213,164.549,477.503,-111.182,-0.949,0.316,477.503,-111.182,-0.949,0.316,196.425,235.516,-0.977,0.215,424.800,-106.500,0.000,0.000,424.800,-106.500,0.000,0.000,597.271,57.260,-0.006,-1.000,0.000,0.000,0,0
414.716,57.740,1.000,0.002,0,582.500,53.555,167.837,2,276.909,943.229,0,0,1110.843,175.795,164.549,470.684,-108.908,-0.949,0.316,470.684,-108.908,-0.949,0.316,189.404,237.062,-0.977,0.215,424.800,-106.500,0.000,0.000,424.800,-106.500,0.000,0.000,597.227,50.071,-0.006,-1.000,0.000,0.000,0,0
414.716,57.740,1.000,0.002,0,582.455,46.366,168.125,2,276.909,943.229,0,0,1110.675,171.564,164.549,463.864,-106.634,-0.949,0.316,463.864,-106.634,-0.949,0.316,182.384,238.609,-0.977,0.215,424.800,-106.500,0.000,0.000,424.800,-106.500,0.000,0.000,597.182,42.883,-0.006,-1.000,0.000,0.000,0,0
414.716,57.740,1.000,0.002,0,582.411,39.177,168.720,2,276.909,943.229,0,0,1110.553,167.534,164.549,457.045,-104.359,-0.949,0.316,457.045,-104.359,-0.949,0.316,175.364,240.156,-0.977,0.215,424.800,-106.500,0.000,0.000,424.800,-106.500,0.000,0.000,597.138,35.694,-0.006,-1.000,0.000,0.000,0,0
414.716,57.740,1.000,0.002,0,582.366,31.989,169.617,2,276.909,943.229,0,0,1110.478,163.722,164.549,450.225,-102.085,-0.949,0.316,450.225,-102.085,-0.949,0.316,168.343,241.702,-0.977,0.215,424.800,-106.500,0.000,0.000,424.800,-106.500,0.000,0.000,597.093,28.505,-0.006,-1.000,0.000,0.000,0,0
414.716,57.740,1.000,0.002,0,582.768,24.815,171.248,0,276.909,943.229,0,0,1110.896,160.141,164.549,443.406,-99.811,-0.949,0.316,443.406,-99.811,-0.949,0.316,161.323,243.249,-0.977,0.215,424.800,-106.500,0.000,0.000,424.800,-106.500,0.000,0.000,597.495,21.331,0.071,-0.997,0.000,0.000,1,0
414.716,57.740,1.000,0.002,0,563.595,29.350,151.562,0,276.909,943.229,0,0,1091.709,156.809,164.549,436.586,-97.536,-0.949,0.316,436.586,-97.536,-0.949,0.316,154.303,244.795,-0.977,0.215,424.800,-106.500,0.000,0.000,424.800,-106.500,0.000,0.000,598.009,14.161,0.071,-0.997,0.000,0.000,1,0
414.716,57.740,1.000,0.002,0,544.897,33.773,132.369,0,276.909,943.229,0,0,1073.013,153.740,164.549,429.767,-95.262,-0.949,0.316,429.767,-95.262,-0.949,0.316,147.282,246.342,-0.977,0.215,424.800,-106.500,0.000,0.000,424.800,-106.500,0.000,0.000,598.522,6.991,0.071,-0.997,0.000,0.000,0,0
414.716,57.740,1.000,0.002,0,526.661,38.087,113.659,0,276.909,943.229,0,0,1054.797,150.952,164.549,422.947,-92.988,-0.949,0.316,422.947,-92.988,-0.949,0.316,140.262,247.889,-0.977,0.215,424.800,-106.500,0.000,0.000,424.800,-106.500,0.000,0.000,599.036,-0.179,0.071,-0.997,0.000,0.000,0,0
414.716,57.740,1.000,0.002,0,508.877,42.293,95.423,0,276.909,943.229,0,0,1037.047,148.460,164.549,416.128,-90.713,-0.949,0.316,416.128,-90.713,-0.949,0.316,133.242,249.435,-0.977,0.215,424.800,-106.500,0.000,0.000,424.800,-106.500,0.000,0.000,599.549,-7.350,0.071,-0.997,0.000,0.000,0,0
414.716,57.740,1.000,0.002,0,491.533,46.396,77.660,0,276.909,943.229,0,0,1019.754,146.279,164.549,409.308,-88.439,-0.949,0.316,409.308,-88.439,-0.949,0.316,126.221,250.982,-0.977,0.215,424.800,-106.500,0.000,0.000,424.800,-106.500,0.000,0.000,600.063,-14.520,0.071,-0.997,0.000,0.000,0,0
414.716,57.740,1.000,0.002,0,474.618,50.397,60.376,0,276.909,943.229,0,0,1002.906,144.423,164.549,402.489,-86.165,-0.949,0.316,402.489,-86.165,-0.949,0.316,119.201,252.528,-0.977,0.215,424.800,-106.500,0.000,0.000,424.800,-106.500,0.000,0.000,600.577,-21.690,0.071,-0.997,0.000,0.000,0,0
414.716,57.740,1.000,0.002,0,458.122,54.299,43.605,0,276.909,943.229,0,0,986.491,142.905,164.549,395.670,-83.890,-0.949,0.316,395.670,-83.890,-0.949,0.316,112.181,254.075,-0.977,0.215,424.800,-106.500,0.000,0.000,424.800,-106.500,0.000,0.000,601.091,-28.861,0.071,-0.997,0.000,0.000,0,0
414.716,57.740,1.000,0.002,1,429.849,57.765,15.133,1,276.909,943.229,0,0,958.355,141.736,164.549,388.850,-81.616,-0.949,0.316,388.850,-81.616,-0.949,0.316,105.160,255.622,-0.977,0.215,424.800,-106.500,0.000,0.000,424.800,-106.500,0.000,0.000,601.605,-36.031,0.071,-0.997,0.000,0.000,0,0
414.716,57.740,1.000,0.002,0,429.849,57.765,15.133,0,276.909,943.229,0,0,958.355,140.924,164.549,382.031,-79.342,-0.949,0.316,382.031,-79.342,-0.949,0.316,98.140,257.168,-0.977,0.215,424.800,-106.500,0.000,0.000,424.800,-106.500,0.000,0.000,602.118,-43.201,0.071,-0.997,0.000,0.000,1,0
414.716,63.495,0.931,0.365,0,449.551,57.799,35.298,0,275.298,943.410,0,0,978.047,146.008,170.294,375.211,-77.067,-0.949,0.316,375.211,-77.067,-0.949,0.316,98.419,254.775,0.716,-0.698,424.800,-106.500,0.000,0.000,424.800,-106.500,0.000,0.000,427.000,279.000,0.000,0.000,0.000,1.000,1,0
414.716,77.884,0.310,0.951,0,468.765,57.832,57.650,0,271.762,944.017,0,0,997.250,159.550,184.659,368.392,-74.793,-0.949,0.316,368.392,-74.793,-0.949,0.316,103.564,249.754,0.716,-0.698,424.800,-106.500,0.000,0.000,424.800,-106.500,0.000,0.000,427.000,279.000,0.000,0.000,0.000,1.000,0,0
414.716,86.517,0.127,0.992,0,487.504,57.864,78.226,0,269.987,944.486,0,0,1015.977,167.680,192.875,361.572,-72.519,-0.949,0.316,361.572,-72.519,-0.949,0.316,108.710,244.734,0.716,-0.698,427.000,279.000,0.000,0.000,427.000,279.000,0.000,0.000,424.800,-106.500,0.000,0.000,0.000,0.000,0,0
414.716,86.517,0.127,0.992,0,505.779,57.895,95.459,0,269.987,944.486,0,0,1034.239,167.838,192.875,354.753,-70.244,-0.949,0.316,354.753,-70.244,-0.949,0.316,113.855,239.714,0.716,-0.698,427.000,279.000,0.000,0.000,427.000,279.000,0.000,0.000,424.800,-106.500,0.000,0.000,0.000,0.000,0,0
414.716,86.517,0.127,0.992,0,523.601,57.925,112.584,0,269.987,944.486,0,0,1052.049,168.304,192.875,347.933,-67.970,-0.949,0.316,347.933,-67.970,-0.949,0.316,119.000,234.694,0.716,-0.698,427.000,279.000,0.000,0.000,427.000,279.000,0.000,0.000,424.800,-106.500,0.000,0.000,0.000,0.000,0,0
414.716,86.517,0.127,0.992,0,540.983,57.955,129.469,0,269.987,944.486,0,0,1069.417,169.074,192.875,341.114,-65.696,-0.949,0.316,341.114,-65.696,-0.949,0.316,124.146,229.673,0.716,-0.698,427.000,279.000,0.000,0.000,427.000,279.000,0.000,0.000,424.800,-106.500,0.000,0.000,0.000,0.000,0,0
414.716,86.517,0.127,0.992,0,557.934,57.984,146.052,0,269.987,944.486,0,0,1086.354,170.144,192.875,334.294,-63.421,-0.949,0.316,334.294,-63.421,-0.949,0.316,129.291,224.653,0.716,-0.698,427.000,279.000,0.000,0.000,427.000,279.000,0.000,0.000,424.800,-106.500,0.000,0.000,0.000,0.000,0,0
414.716,86.517,0.127,0.992,0,574.466,58.012,162.301,0,269.987,944.486,0,0,1102.872,171.510,192.875,327.475,-61.147,-0.949,0.316,327.475,-61.147,-0.949,0.316,134.436,219.633,0.716,-0.698,427.000,279.000,0.000,0.000,427.000,279.000,0.000,0.000,424.800,-106.500,0.000,0.000,0.000,0.000,0,0
414.716,86.517,0.127,0.992,0,590.588,58.039,178.203,0,269.987,944.486,0,0,1118.981,173.163,192.347,320.656,-58.873,-0.949,0.316,320.656,-58.873,-0.949,0.316,139.582,214.613,0.716,-0.698,224.960,117.983,0.160,-0.987,224.960,117.983,0.160,-0.987,427.000,279.000,0.000,0.000,0.000,0.000,0,0
414.716,86.517,0.127,0.992,0,606.312,58.066,193.751,0,269.987,944.486,0,0,1134.692,175.097,190.174,313.836,-56.599,-0.949,0.316,313.836,-56.599,-0.949,0.316,144.727,209.592,0.716,-0.698,226.110,110.887,0.160,-0.987,226.110,110.887,0.160,-0.987,427.000,279.000,0.000,0.000,0.000,0.000,0,0
414.716,86.517,0.127,0.992,0,621.646,58.092,208.946,0,269.987,944.486,0,0,1150.013,177.300,188.250,307.017,-54.325,-0.949,0.316,307.017,-54.325,-0.949,0.316,149.872,204.572,0.716,-0.698,227.260,103.791,0.160,-0.987,227.260,103.791,0.160,-0.987,427.000,279.000,0.000,0.000,0.000,0.000,0,0
414.716,86.517,0.127,0.992,0,636.601,58.118,223.789,0,269.987,944.486,0,0,1164.955,179.765,186.584,300.197,-52.050,-0.949,0.316,300.197,-52.050,-0.949,0.316,155.018,199.552,0.716,-0.698,228.410,96.694,0.160,-0.987,228.410,96.694,0.160,-0.987,427.000,279.000,0.000,0.000,0.000,0.000,0,0
39.000,287.000,0.897,0.443,0,650.636,58.142,653.077,0,657.602,622.335,0,0,1178.986,124.004,101.316,-85.000,286.000,0.000,0.000,-85.000,286.000,0.000,0.000,-296.000,285.000,0.000,0.000,140.000,279.000,0.000,0.000,140.000,279.000,0.000,0.000,290.700,275.300,0.000,0.000,0.000,0.000,0,0
39.000,287.000,0.897,0.443,0,664.183,58.165,665.781,0,657.619,622.354,0,0,1192.530,124.004,101.316,-85.000,286.000,0.000,0.000,-85.000,286.000,0.000,0.000,-296.000,285.000,0.000,0.000,140.000,279.000,0.000,0.000,140.000,279.000,0.000,0.000,290.700,275.300,0.000,0.000,0.000,0.000,0,0
39.000,287.000,0.897,0.443,0,671.722,58.184,672.856,0,657.619,622.354,0,0,1200.068,124.004,101.316,-85.000,286.000,0.000,0.000,-85.000,286.000,0.000,0.000,-296.000,285.000,0.000,0.000,140.000,279.000,0.000,0.000,140.000,279.000,0.000,0.000,290.700,275.300,0.000,0.000,0.000,0.000,0,0
39.000,287.000,0.897,0.443,0,670.722,58.199,671.906,0,657.619,622.354,0,0,1199.073,124.004,101.316,-85.000,286.000,0.000,0.000,-85.000,286.000,0.000,0.000,-296.000,285.000,0.000,0.000,140.000,279.000,0.000,0.000,140.000,279.000,0.000,0.000,290.700,275.300,0.000,0.000,0.000,0.000,0,0
39.000,287.000,0.897,0.443,0,669.829,58.215,671.059,0,657.619,622.354,0,0,1198.184,124.004,101.316,-85.000,286.000,0.000,0.000,-85.000,286.000,0.000,0.000,-296.000,285.000,0.000,0.000,140.000,279.000,0.000,0.000,140.000,279.000,0.000,0.000,290.700,275.300,0.000,0.000,0.000,0.000,0,0
39.000,287.000,0.897,0.443,0,669.806,58.227,671.031,0,657.619,622.354,0,0,1198.163,124.004,101.316,-85.000,286.000,0.000,0.000,-85.000,286.000,0.000,0.000,-296.000,285.000,0.000,0.000,140.000,279.000,0.000,0.000,140.000,279.000,0.000,0.000,290.700,275.300,0.000,0.000,0.000,-1.000,0,0
39.000,272.611,0.989,-0.151,0,669.806,58.241,666.257,0,654.507,616.572,0,0,1198.164,124.721,101.202,-85.000,286.000,0.000,0.000,-85.000,286.000,0.000,0.000,-296.000,285.000,0.000,0.000,140.000,279.000,0.000,0.000,140.000,279.000,0.000,0.000,290.700,275.300,0.000,0.000,0.000,-1.000,0,0
39.000,258.223,0.250,-0.968,0,669.806,58.254,661.764,0,651.697,611.075,0,0,1198.165,127.073,103.115,-85.000,286.000,0.000,0.000,-85.000,286.000,0.000,0.000,-296.000,285.000,0.000,0.000,140.000,279.000,0.000,0.000,140.000,279.000,0.000,0.000,290.700,275.300,0.000,0.000,0.000,-1.000,0,0
39.000,243.834,0.075,-0.997,0,669.806,58.267,657.556,0,649.195,605.869,0,0,1198.164,130.973,106.947,-85.000,286.000,0.000,0.000,-85.000,286.000,0.000,0.000,44.000,-93.000,0.000,0.000,140.000,279.000,0.000,0.000,140.000,279.000,0.000,0.000,290.700,275.300,0.000,0.000,0.000,-1.000,0,0
36.965,230.288,-0.078,-0.997,0,669.806,58.280,655.824,0,649.136,599.324,0,0,1198.163,134.087,113.969,-85.000,286.000,0.000,0.000,-85.000,286.000,0.000,0.000,44.000,-93.000,0.000,0.000,140.000,279.000,0.000,0.000,140.000,279.000,0.000,0.000,290.700,275.300,0.000,0.000,-1.000,-1.000,0,0
26.791,220.114,-0.549,-0.836,0,59.000,80.600,143.324,0,657.857,586.381,0,0,589.175,129.762,127.608,-85.000,286.000,0.000,0.000,-85.000,286.000,0.000,0.000,44.000,-93.000,0.000,0.000,140.000,279.000,0.000,0.000,140.000,279.000,0.000,0.000,290.700,275.300,0.000,0.000,-1.000,-1.000,0,0
20.686,208.254,-0.415,-0.910,0,59.000,80.600,133.434,0,662.548,576.852,0,0,589.174,131.202,138.711,-85.000,286.000,0.000,0.000,-85.000,286.000,0.000,0.000,44.000,-93.000,0.000,0.000,140.000,279.000,0.000,0.000,140.000,279.000,0.000,0.000,290.700,275.300,0.000,0.000,0.000,-1.000,0,0
28.826,197.237,0.341,-0.940,0,59.000,80.600,120.655,0,653.365,581.352,0,0,589.172,144.344,138.004,-85.000,286.000,0.000,0.000,-85.000,286.000,0.000,0.000,44.000,-93.000,0.000,0.000,140.000,279.000,0.000,0.000,140.000,279.000,0.000,0.000,290.700,275.300,0.000,0.000,1.000,-1.000,0,0
28.826,186.219,-0.072,-0.997,0,59.000,80.600,110.045,0,652.457,578.296,0,0,589.171,151.369,144.803,-85.000,286.000,0.000,0.000,-85.000,286.000,0.000,0.000,44.000,-93.000,0.000,0.000,140.000,279.000,0.000,0.000,140.000,279.000,0.000,0.000,290.700,275.300,0.000,0.000,-1.000,-1.000,0,0
18.651,176.045,-0.543,-0.839,0,59.000,80.600,103.835,0,661.936,565.811,0,0,589.171,151.108,159.139,-85.000,286.000,0.000,0.000,-85.000,286.000,0.000,0.000,44.000,-93.000,0.000,0.000,140.000,279.000,0.000,0.000,140.000,279.000,0.000,0.000,108.800,-94.600,0.000,0.000,-1.000,-1.000,0,0
16.616,162.499,-0.253,-0.967,0,59.000,80.600,92.455,0,663.327,560.512,0,0,589.171,159.932,169.694,-85.000,286.000,0.000,0.000,-85.000,286.000,0.000,0.000,44.000,-93.000,0.000,0.000,140.000,279.000,0.000,0.000,140.000,279.000,0.000,0.000,108.800,-94.600,0.000,0.000,0.000,-1.000,0,0
16.616,148.111,-0.068,-0.998,0,59.000,80.600,79.988,0,662.949,557.309,0,0,589.171,171.288,179.877,-85.000,286.000,0.000,0.000,-85.000,286.000,0.000,0.000,44.000,-93.000,0.000,0.000,140.000,279.000,0.000,0.000,140.000,279.000,0.000,0.000,108.800,-94.600,0.000,0.000,0.000,-1.000,0,0
16.616,133.722,-0.020,-1.000,0,59.000,80.600,68.281,0,662.884,554.461,0,0,589.171,183.070,190.602,-85.000,286.000,0.000,0.000,-85.000,286.000,0.000,0.000,44.000,-93.000,0.000,0.000,140.000,279.000,0.000,0.000,140.000,279.000,0.000,0.000,108.800,-94.600,0.000,0.000,0.000,-1.000,0,0
16.616,119.333,-0.005,-1.000,0,59.000,80.600,57.798,0,663.131,551.974,0,0,589.171,195.202,201.785,-85.000,286.000,0.000,0.000,-85.000,286.000,0.000,0.000,44.000,-93.000,0.000,0.000,140.000,279.000,0.000,0.000,140.000,279.000,0.000,0.000,108.800,-94.600,0.000,0.000,0.000,-1.000,0,0
22.721,107.473,0.339,-0.941,0,59.000,80.600,45.633,0,657.472,556.242,0,0,589.171,201.599,207.788,44.000,-93.000,0.000,0.000,44.000,-93.000,0.000,0.000,-85.000,286.000,0.000,0.000,140.000,279.000,0.000,0.000,140.000,279.000,0.000,0.000,108.800,-94.600,0.000,0.000,1.000,-1.000,0,0
32.895,97.299,0.619,-0.785,1,42.265,85.415,15.133,1,647.870,565.031,0,0,573.081,190.623,206.365,44.000,-93.000,0.000,0.000,44.000,-93.000,0.000,0.000,-85.000,286.000,0.000,0.000,108.800,-94.600,0.000,0.000,108.800,-94.600,0.000,0.000,140.000,279.000,0.000,0.000,1.000,-1.000,0,0
43.070,87.124,0.684,-0.730,1,53.415,76.079,15.133,1,638.447,574.047,0,0,583.380,180.127,193.247,44.000,-93.000,0.000,0.000,44.000,-93.000,0.000,0.000,-67.000,-108.000,0.000,0.000,108.800,-94.600,0.000,0.000,108.800,-94.600,0.000,0.000,140.000,279.000,0.000,0.000,1.000,-1.000,0,0
53.244,76.950,0.700,-0.714,1,63.844,66.150,15.133,1,629.213,583.278,0,0,593.102,170.201,180.322,44.000,-93.000,0.000,0.000,44.000,-93.000,0.000,0.000,-67.000,-108.000,0.000,0.000,108.800,-94.600,0.000,0.000,108.800,-94.600,0.000,0.000,140.000,279.000,0.000,0.000,1.000,-1.000,0,0
65.947,72.880,0.906,-0.423,1,79.662,66.484,15.133,1,616.991,595.637,0,0,608.907,167.326,172.876,44.000,-93.000,0.000,0.000,44.000,-93.000,0.000,0.000,-67.000,-108.000,0.000,0.000,108.800,-94.600,0.000,0.000,108.800,-94.600,0.000,0.000,140.000,279.000,0.000,0.000,1.000,0.000,0,0
80.336,72.880,0.992,-0.123,1,95.353,71.012,15.133,1,602.689,609.986,0,0,624.841,169.813,169.882,44.000,-93.000,0.000,0.000,44.000,-93.000,0.000,0.000,-67.000,-108.000,0.000,0.000,108.800,-94.600,0.000,0.000,108.800,-94.600,0.000,0.000,140.000,279.000,0.000,0.000,1.000,0.000,0,0
93.882,74.915,0.998,0.060,1,108.988,75.822,15.133,1,589.007,623.636,0,0,638.764,175.168,170.170,44.000,-93.000,0.000,0.000,44.000,-93.000,0.000,0.000,-67.000,-108.000,0.000,0.000,108.800,-94.600,0.000,0.000,108.800,-94.600,0.000,0.000,140.000,279.000,0.000,0.000,1.000,1.000,0,0
104.056,85.090,0.830,0.558,1,116.614,93.534,15.133,1,577.878,634.570,0,0,647.841,187.943,179.752,44.000,-93.000,0.000,0.000,44.000,-93.000,0.000,0.000,-67.000,-108.000,0.000,0.000,108.800,-94.600,0.000,0.000,108.800,-94.600,0.000,0.000,140.000,279.000,0.000,0.000,1.000,1.000,0,0
114.230,95.264,0.743,0.670,1,125.470,105.398,15.133,1,566.895,645.639,0,0,657.891,200.937,185.534,44.000,-93.000,0.000,0.000,44.000,-93.000,0.000,0.000,-67.000,-108.000,0.000,0.000,140.000,279.000,0.000,0.000,140.000,279.000,0.000,0.000,108.800,-94.600,0.000,0.000,1.000,1.000,0,0
124.405,105.438,0.718,0.696,1,135.270,115.972,15.133,1,556.067,656.838,0,0,668.889,214.109,174.261,44.000,-93.000,0.000,0.000,44.000,-93.000,0.000,0.000,-85.000,286.000,0.000,0.000,140.000,279.000,0.000,0.000,140.000,279.000,0.000,0.000,108.800,-94.600,0.000,0.000,0.000,1.000,0,0
124.405,119.827,0.208,0.978,1,127.549,134.630,15.133,1,555.413,658.626,0,0,663.892,227.509,159.935,44.000,-93.000,0.000,0.000,44.000,-93.000,0.000,0.000,-85.000,286.000,0.000,0.000,140.000,279.000,0.000,0.000,140.000,279.000,0.000,0.000,108.800,-94.600,0.000,0.000,0.000,1.000,0,0
124.405,134.216,0.062,0.998,1,125.348,149.319,15.133,1,555.131,660.722,0,0,664.180,241.023,145.622,44.000,-93.000,0.000,0.000,44.000,-93.000,0.000,0.000,-85.000,286.000,0.000,0.000,140.000,279.000,0.000,0.000,140.000,279.000,0.000,0.000,290.700,275.300,0.000,0.000,0.000,1.000,0,0
133.387,143.198,0.556,0.831,1,141.795,155.780,15.133,1,546.166,671.038,0,0,681.519,252.546,135.963,44.000,-93.000,0.000,0.000,44.000,-93.000,0.000,0.000,-79.198,281.756,0.807,-0.590,140.000,279.000,0.000,0.000,140.000,279.000,0.000,0.000,287.077,281.509,-0.504,0.864,1.000,0.000,0,0
147.776,143.198,0.960,0.280,1,162.303,147.436,15.133,1,531.784,685.224,0,0,700.248,257.990,136.025,44.000,-93.000,0.000,0.000,44.000,-93.000,0.000,0.000,-73.396,277.511,0.807,-0.590,140.000,279.000,0.000,0.000,140.000,279.000,0.000,0.000,283.455,287.719,-0.504,0.864,1.000,0.000,0,0
160.479,139.128,0.977,-0.215,1,175.257,135.870,15.133,1,519.062,697.111,0,0,711.222,259.713,141.363,44.000,-93.000,0.000,0.000,44.000,-93.000,0.000,0.000,-67.594,273.266,0.807,-0.590,140.000,279.000,0.000,0.000,140.000,279.000,0.000,0.000,279.832,293.928,-0.504,0.864,1.000,-1.000,0,0
164.548,126.425,0.483,-0.875,1,171.863,113.177,15.133,1,515.120,699.283,0,0,704.858,250.358,154.537,44.000,-93.000,0.000,0.000,44.000,-93.000,0.000,0.000,-61.793,269.022,0.807,-0.590,140.000,279.000,0.000,0.000,140.000,279.000,0.000,0.000,276.210,300.137,-0.504,0.864,0.000,-1.000,0,0
164.548,112.037,0.140,-0.990,1,166.668,97.053,15.133,1,515.642,697.463,0,0,697.989,237.848,168.758,44.000,-93.000,0.000,0.000,44.000,-93.000,0.000,0.000,-55.991,264.777,0.807,-0.590,140.000,279.000,0.000,0.000,140.000,279.000,0.000,0.000,277.500,-63.111,-0.403,0.915,1.000,-1.000,0,0
175.565,103.897,0.645,-0.764,1,185.322,92.329,15.133,1,505.126,707.517,0,0,716.135,236.808,178.678,44.000,-93.000,0.000,0.000,44.000,-93.000,0.000,0.000,-50.189,260.533,0.807,-0.590,140.000,279.000,0.000,0.000,140.000,279.000,0.000,0.000,274.600,-56.533,-0.403,0.915,1.000,0.000,0,0
189.954,103.897,0.971,-0.238,1,204.652,100.294,15.133,1,490.779,721.827,0,0,736.100,245.094,174.221,44.000,-93.000,0.000,0.000,44.000,-93.000,0.000,0.000,-44.293,256.424,0.847,-0.531,271.701,-49.955,-0.403,0.915,271.701,-49.955,-0.403,0.915,140.000,279.000,0.000,0.000,1.000,0.000,0,0
204.343,103.897,0.997,-0.071,1,219.438,102.824,15.133,1,476.433,736.140,0,0,751.055,253.926,160.763,44.000,-93.000,0.000,0.000,44.000,-93.000,0.000,0.000,-38.150,252.692,0.864,-0.503,268.801,-43.377,-0.403,0.915,268.801,-43.377,-0.403,0.915,140.000,279.000,0.000,0.000,1.000,0.000,0,0
216.203,110.002,0.946,0.325,1,230.513,114.925,15.133,1,464.204,748.561,0,0,763.315,266.202,154.985,44.000,-93.000,0.000,0.000,44.000,-93.000,0.000,0.000,-31.879,249.179,0.890,-0.455,265.901,-36.799,-0.403,0.915,265.901,-36.799,-0.403,0.915,140.000,279.000,0.000,0.000,1.000,1.000,0,0
226.377,120.176,0.786,0.618,1,238.275,129.528,15.133,1,453.543,759.805,0,0,772.756,280.545,154.793,44.000,-93.000,0.000,0.000,44.000,-93.000,0.000,0.000,-25.403,246.061,0.915,-0.404,263.001,-30.222,-0.403,0.915,263.001,-30.222,-0.403,0.915,140.000,279.000,0.000,0.000,1.000,1.000,0,0
236.552,130.350,0.731,0.682,1,247.619,140.672,15.133,1,443.093,771.153,0,0,783.506,279.186,155.842,-18.773,243.284,0.933,-0.359,-18.773,243.284,0.933,-0.359,44.000,-93.000,0.000,0.000,259.942,-23.726,-0.514,0.858,259.942,-23.726,-0.514,0.858,247.964,298.353,-0.610,-0.793,1.000,1.000,0,0
248.412,136.455,0.888,0.459,1,261.855,143.405,15.133,1,431.178,783.712,0,0,797.982,280.565,154.214,-12.023,240.812,0.942,-0.335,-12.023,240.812,0.942,-0.335,44.000,-93.000,0.000,0.000,256.247,-17.560,-0.514,0.858,256.247,-17.560,-0.514,0.858,243.581,292.655,-0.610,-0.793,1.000,0.000,0,0
262.800,136.455,0.991,0.136,1,277.792,138.518,15.133,1,416.800,797.969,0,0,813.100,286.896,148.203,-5.659,237.641,0.800,-0.600,-5.659,237.641,0.800,-0.600,44.000,-93.000,0.000,0.000,252.552,-11.393,-0.514,0.858,252.552,-11.393,-0.514,0.858,239.199,286.957,-0.610,-0.793,1.000,0.000,0,0
277.189,136.455,0.999,0.039,1,292.311,137.045,15.133,1,402.422,812.231,0,0,827.300,293.542,144.487,0.092,233.328,0.800,-0.600,0.092,233.328,0.800,-0.600,44.000,-93.000,0.000,0.000,248.857,-5.227,-0.514,0.858,248.857,-5.227,-0.514,0.858,234.816,281.258,-0.610,-0.793,1.000,-1.000,0,0
287.364,126.281,0.852,-0.524,1,300.253,118.351,15.133,1,392.425,821.074,0,0,833.006,299.680,132.255,5.843,229.014,0.800,-0.600,5.843,229.014,0.800,-0.600,44.000,-93.000,0.000,0.000,245.162,0.940,-0.514,0.858,245.162,0.940,-0.514,0.858,230.433,275.560,-0.610,-0.793,1.000,-1.000,0,0
300.067,122.211,0.936,-0.352,0,314.229,116.877,15.133,0,379.884,833.235,0,0,846.752,306.138,129.163,11.594,224.701,0.800,-0.600,11.594,224.701,0.800,-0.600,44.000,-93.000,0.000,0.000,241.467,7.106,-0.514,0.858,241.467,7.106,-0.514,0.858,226.051,269.862,-0.610,-0.793,1.000,0.000,1,0
314.455,122.211,0.995,-0.104,0,332.667,109.934,21.963,0,365.521,847.536,0,0,864.430,312.911,133.221,17.345,220.388,0.800,-0.600,17.345,220.388,0.800,-0.600,44.000,-93.000,0.000,0.000,237.772,13.273,-0.514,0.858,237.772,13.273,-0.514,0.858,221.668,264.163,-0.610,-0.793,1.000,0.000,0,0
328.844,122.211,1.000,-0.029,0,350.648,103.162,28.954,0,351.160,861.840,0,0,881.751,319.832,139.796,23.096,216.075,0.800,-0.600,23.096,216.075,0.800,-0.600,44.000,-93.000,0.000,0.000,234.077,19.439,-0.514,0.858,234.077,19.439,-0.514,0.858,217.286,258.465,-0.610,-0.793,1.000,0.000,0,0
343.233,122.211,1.000,-0.008,0,368.184,96.557,35.790,0,336.801,876.146,0,0,898.716,326.891,148.552,28.847,211.762,0.800,-0.600,28.847,211.762,0.800,-0.600,44.000,-93.000,0.000,0.000,230.382,25.605,-0.514,0.858,230.382,25.605,-0.514,0.858,427.000,279.000,0.000,0.000,1.000,0.000,0,0
346.111,122.211,1.000,-0.006,0,385.287,90.117,50.650,0,333.930,879.008,0,0,915.327,322.964,149.803,34.598,207.448,0.800,-0.600,34.598,207.448,0.800,-0.600,44.000,-93.000,0.000,0.000,226.688,31.772,-0.514,0.858,226.688,31.772,-0.514,0.858,427.000,279.000,0.000,0.000,0.000,0.000,0,0
348.988,122.211,1.000,-0.005,0,401.966,83.835,65.428,0,331.059,881.870,0,0,931.584,319.072,151.581,40.349,203.135,0.800,-0.600,40.349,203.135,0.800,-0.600,44.000,-93.000,0.000,0.000,222.993,37.938,-0.514,0.858,222.993,37.938,-0.514,0.858,427.000,279.000,0.000,0.000,1.000,0.000,0,0
363.377,122.211,1.000,-0.001,0,418.232,77.709,70.657,0,316.704,896.180,0,0,947.493,326.396,163.888,46.100,198.822,0.800,-0.600,46.100,198.822,0.800,-0.600,44.000,-93.000,0.000,0.000,219.298,44.105,-0.514,0.858,219.298,44.105,-0.514,0.858,427.000,279.000,0.000,0.000,1.000,0.000,0,0
377.766,122.211,1.000,0.000,0,434.096,71.735,75.672,0,302.352,910.493,0,0,963.055,333.838,164.338,51.851,194.509,0.800,-0.600,51.851,194.509,0.800,-0.600,44.000,-93.000,0.000,0.000,427.000,279.000,0.000,0.000,427.000,279.000,0.000,0.000,215.603,50.271,-0.514,0.858,1.000,0.000,0,0
392.155,122.211,1.000,0.000,0,449.567,65.909,80.468,0,288.004,924.808,0,0,978.276,341.390,160.615,57.602,190.195,0.800,-0.600,57.602,190.195,0.800,-0.600,44.000,-93.000,0.000,0.000,427.000,279.000,0.000,0.000,427.000,279.000,0.000,0.000,211.908,56.438,-0.514,0.858,1.000,0.000,0,0
405.700,120.176,0.996,-0.094,0,464.655,60.226,84.165,0,274.625,938.091,0,0,993.160,348.596,160.246,63.353,185.882,0.800,-0.600,63.353,185.882,0.800,-0.600,44.000,-93.000,0.000,0.000,427.000,279.000,0.000,0.000,427.000,279.000,0.000,0.000,601.726,166.330,-0.329,-0.944,1.000,-1.000,0,0
415.875,110.002,0.821,-0.571,0,479.369,54.685,84.336,0,265.366,947.314,0,0,1007.712,354.079,169.364,69.104,181.569,0.800,-0.600,69.104,181.569,0.800,-0.600,44.000,-93.000,0.000,0.000,427.000,279.000,0.000,0.000,427.000,279.000,0.000,0.000,602.026,159.485,0.289,-0.957,1.000,-1.000,0,0
426.049,99.827,0.742,-0.670,0,493.720,49.280,84.644,0,256.580,956.665,0,0,1021.936,359.629,179.175,74.855,177.256,0.800,-0.600,74.855,177.256,0.800,-0.600,44.000,-93.000,0.000,0.000,427.000,279.000,0.000,0.000,427.000,279.000,0.000,0.000,604.101,152.602,0.289,-0.957,1.000,-1.000,0,0
436.224,89.653,0.717,-0.697,0,507.715,44.010,85.067,0,248.318,966.140,0,0,1035.839,365.241,178.963,80.606,172.943,0.800,-0.600,80.606,172.943,0.800,-0.600,44.000,-93.000,0.000,0.000,606.177,145.720,0.289,-0.957,427.000,279.000,0.000,0.000,427.000,279.000,0.000,0.000,1.000,-1.000,0,0
446.398,79.479,0.710,-0.704,0,520.850,39.063,84.974,0,240.633,975.735,0,0,1048.921,370.915,172.396,86.357,168.629,0.800,-0.600,86.357,168.629,0.800,-0.600,44.000,-93.000,0.000,0.000,608.253,138.838,0.289,-0.957,424.800,-106.500,0.000,0.000,424.800,-106.500,0.000,0.000,1.000,-1.000,0,0
456.572,69.304,0.708,-0.706,0,533.528,34.288,84.807,0,233.583,985.447,0,0,1061.572,376.645,166.031,92.108,164.316,0.800,-0.600,92.108,164.316,0.800,-0.600,44.000,-93.000,0.000,0.000,610.329,131.955,0.289,-0.957,424.800,-106.500,0.000,0.000,424.800,-106.500,0.000,0.000,1.000,-1.000,0,0
466.747,59.130,0.707,-0.707,0,545.838,29.652,84.666,0,227.226,995.272,0,0,1073.877,382.431,159.890,97.859,160.003,0.800,-0.600,97.859,160.003,0.800,-0.600,44.000,-93.000,0.000,0.000,612.405,125.073,0.289,-0.957,424.800,-106.500,0.000,0.000,424.800,-106.500,0.000,0.000,1.000,-1.000,0,0
476.921,48.956,0.707,-0.707,0,557.788,25.152,84.558,0,221.622,1005.207,0,0,1085.842,388.270,154.000,103.610,155.690,0.800,-0.600,103.610,155.690,0.800,-0.600,44.000,-93.000,0.000,0.000,614.480,118.190,0.289,-0.957,424.800,-106.500,0.000,0.000,424.800,-106.500,0.000,0.000,1.000,-1.000,0,0
487.096,38.781,0.707,-0.707,0,569.389,20.783,84.499,0,216.829,1015.248,0,0,1097.473,394.159,148.392,109.361,151.377,0.800,-0.600,109.361,151.377,0.800,-0.600,44.000,-93.000,0.000,0.000,616.556,111.308,0.289,-0.957,424.800,-106.500,0.000,0.000,424.800,-106.500,0.000,0.000,1.000,-1.000,0,0
498.113,30.642,0.820,-0.573,0,580.648,16.543,83.993,0,211.142,1026.234,0,0,1108.779,400.305,141.311,115.112,147.063,0.800,-0.600,115.112,147.063,0.800,-0.600,44.000,-93.000,0.000,0.000,618.632,104.426,0.289,-0.957,424.800,-106.500,0.000,0.000,424.800,-106.500,0.000,0.000,1.000,0.000,0,0
512.502,30.642,0.988,-0.157,0,591.575,12.428,81.414,0,198.932,1040.621,0,0,1119.764,407.369,127.218,120.863,142.750,0.800,-0.600,120.863,142.750,0.800,-0.600,44.000,-93.000,0.000,0.000,620.708,97.543,0.289,-0.957,424.800,-106.500,0.000,0.000,424.800,-106.500,0.000,0.000,1.000,0.000,0,0
526.890,30.642,0.999,-0.045,0,602.177,8.435,78.773,0,187.032,1055.008,0,0,1130.437,414.537,113.128,126.614,138.437,0.800,-0.600,126.614,138.437,0.800,-0.600,35.675,99.597,0.797,0.604,622.784,90.661,0.289,-0.957,424.800,-106.500,0.000,0.000,424.800,-106.500,0.000,0.000,1.000,0.000,0,0
541.279,30.642,1.000,-0.013,0,612.461,4.562,76.099,0,175.505,1069.395,0,0,1140.802,421.805,99.042,132.365,134.124,0.800,-0.600,132.365,134.124,0.800,-0.600,41.402,103.942,0.797,0.604,624.860,83.778,0.289,-0.957,424.800,-106.500,0.000,0.000,424.800,-106.500,0.000,0.000,1.000,0.000,0,0
555.668,30.642,1.000,-0.004,0,622.438,0.805,73.433,0,164.430,1083.782,0,0,1150.867,429.167,84.962,138.116,129.811,0.800,-0.600,138.116,129.811,0.800,-0.600,47.130,108.286,0.797,0.604,626.936,76.896,0.289,-0.957,424.800,-106.500,0.000,0.000,424.800,-106.500,0.000,0.000,1.000,0.000,0,0
570.057,30.642,1.000,-0.001,0,632.113,-2.839,70.823,0,153.904,1098.170,0,0,1160.639,436.618,71.716,143.867,125.497,0.800,-0.600,143.867,125.497,0.800,-0.600,52.857,112.631,0.797,0.604,628.114,72.744,-0.336,0.942,424.800,-106.500,0.000,0.000,424.800,-106.500,0.000,0.000,1.000,-1.000,0,0
580.231,20.467,0.855,-0.519,0,641.494,-6.372,67.213,0,154.444,1108.392,0,0,1170.123,442.235,74.524,149.618,121.184,0.800,-0.600,149.618,121.184,0.800,-0.600,58.584,116.975,0.797,0.604,625.698,79.515,-0.336,0.942,424.800,-106.500,0.000,0.000,424.800,-106.500,0.000,0.000,1.000,-1.000,0,0
590.405,10.293,0.754,-0.657,0,650.589,-9.797,63.794,0,156.313,1118.706,0,0,1179.326,447.901,82.799,155.369,116.871,0.800,-0.600,155.369,116.871,0.800,-0.600,64.312,121.320,0.797,0.604,623.283,86.285,-0.336,0.942,424.800,-106.500,0.000,0.000,424.800,-106.500,0.000,0.000,1.000,-1.000,0,0
600.579,0.119,0.721,-0.693,0,659.404,-13.117,60.659,0,159.463,1129.109,0,0,1188.255,453.616,95.126,161.120,112.558,0.800,-0.600,161.120,112.558,0.800,-0.600,70.039,125.664,0.797,0.604,620.867,93.056,-0.336,0.942,424.800,-106.500,0.000,0.000,424.800,-106.500,0.000,0.000,1.000,-1.000,0,0
611.597,-8.021,0.776,-0.631,0,667.947,-16.335,57.346,0,161.631,1140.370,0,0,1196.914,459.673,94.362,166.871,108.245,0.800,-0.600,166.871,108.245,0.800,-0.600,75.766,130.009,0.797,0.604,621.024,85.869,0.022,-1.000,424.800,-106.500,0.000,0.000,424.800,-106.500,0.000,0.000,1.000,0.000,0,0
625.985,-8.021,0.982,-0.191,0,676.225,-19.452,51.949,0,156.151,1154.749,0,0,1205.311,466.982,86.836,172.621,103.932,0.800,-0.600,172.621,103.932,0.800,-0.600,81.494,134.353,0.797,0.604,621.181,78.682,0.022,-1.000,424.800,-106.500,0.000,0.000,424.800,-106.500,0.000,0.000,1.000,0.000,0,0
637.845,-14.125,0.900,-0.436,0,684.243,-22.471,47.607,0,158.361,1166.821,0,0,1213.451,473.342,87.197,178.372,99.618,0.800,-0.600,178.372,99.618,0.800,-0.600,87.221,138.698,0.797,0.604,621.338,71.495,0.022,-1.000,424.800,-106.500,0.000,0.000,424.800,-106.500,0.000,0.000,1.000,-1.000,0,0
648.020,-24.300,0.771,-0.637,0,692.008,-25.396,44.499,0,165.937,1177.420,0,0,1221.340,479.067,92.493,184.123,95.305,0.800,-0.600,184.123,95.305,0.800,-0.600,92.948,143.042,0.797,0.604,621.495,64.308,0.022,-1.000,424.800,-106.500,0.000,0.000,424.800,-106.500,0.000,0.000,1.000,-1.000,0,0
658.194,-34.474,0.726,-0.688,0,699.527,-28.228,42.326,0,174.374,1188.098,0,0,1228.984,484.835,98.615,189.874,90.992,0.800,-0.600,189.874,90.992,0.800,-0.600,98.676,147.387,0.797,0.604,621.652,57.121,0.022,-1.000,424.800,-106.500,0.000,0.000,424.800,-106.500,0.000,0.000,1.000,-1.000,0,0
656.159,-46.334,0.020,-1.000,0,706.806,-30.969,53.340,0,186.348,1186.779,0,0,1236.388,479.358,102.213,195.625,86.679,0.800,-0.600,195.625,86.679,0.800,-0.600,104.403,151.731,0.797,0.604,621.808,49.934,0.022,-1.000,424.800,-106.500,0.000,0.000,424.800,-106.500,0.000,0.000,-1.000,-1.000,0,0
645.985,-56.508,-0.525,-0.851,0,713.850,-33.622,71.927,0,197.870,1177.339,0,0,1243.558,465.793,102.121,201.376,82.366,0.800,-0.600,201.376,82.366,0.800,-0.600,110.130,156.076,0.797,0.604,621.965,42.747,0.022,-1.000,424.800,-106.500,0.000,0.000,424.800,-106.500,0.000,0.000,-1.000,-1.000,0,0
635.810,-66.683,-0.658,-0.753,0,720.687,-36.197,90.432,0,209.746,1168.000,0,0,1250.522,452.457,103.155,207.127,78.053,0.800,-0.600,207.127,78.053,0.800,-0.600,115.858,160.420,0.797,0.604,622.122,35.560,0.022,-1.000,424.800,-106.500,0.000,0.000,424.800,-106.500,0.000,0.000,-1.000,-1.000,0,0
625.636,-76.857,-0.693,-0.721,0,727.356,-38.708,108.851,0,221.920,1158.765,0,0,1257.316,439.373,105.284,212.878,73.739,0.800,-0.600,212.878,73.739,0.800,-0.600,121.585,164.765,0.797,0.604,622.279,28.373,0.022,-1.000,424.800,-106.500,0.000,0.000,424.800,-106.500,0.000,0.000,-1.000,-1.000,0,0
615.462,-87.031,-0.704,-0.711,0,733.859,-41.157,127.168,0,234.344,1149.635,0,0,1263.944,426.562,108.442,218.629,69.426,0.800,-0.600,218.629,69.426,0.800,-0.600,127.312,169.109,0.797,0.604,622.436,21.186,0.022,-1.000,424.800,-106.500,0.000,0.000,424.800,-106.500,0.000,0.000,-1.000,-1.000,0,0
605.288,-97.206,-0.706,-0.708,0,740.201,-43.545,145.379,0,246.983,1140.614,0,0,1270.411,414.050,112.543,224.380,65.113,0.800,-0.600,224.380,65.113,0.800,-0.600,133.040,173.454,0.797,0.604,622.593,13.999,0.022,-1.000,424.800,-106.500,0.000,0.000,424.800,-106.500,0.000,0.000,-1.000,-1.000,0,0
595.113,-107.380,-0.707,-0.707,0,746.164,-45.791,163.290,0,259.803,1131.704,0,0,1276.497,401.866,117.489,230.131,60.800,0.800,-0.600,230.131,60.800,0.800,-0.600,70.000,-221.000,0.000,0.000,622.750,6.812,0.022,-1.000,424.800,-106.500,0.000,0.000,424.800,-106.500,0.000,0.000,-1.000,-1.000,0,0
584.939,-117.554,-0.707,-0.707,0,751.919,-47.958,181.052,0,272.780,1122.907,0,0,1282.373,390.040,123.177,235.882,56.487,0.800,-0.600,235.882,56.487,0.800,-0.600,70.000,-221.000,0.000,0.000,622.906,-0.375,0.022,-1.000,424.800,-106.500,0.000,0.000,424.800,-106.500,0.000,0.000,-1.000,-1.000,0,0
574.765,-127.729,-0.707,-0.707,0,751.232,-48.820,193.397,0,285.892,1114.227,0,0,1281.751,378.605,129.510,241.634,52.174,0.800,-0.600,241.634,52.174,0.800,-0.600,70.000,-221.000,0.000,0.000,623.063,-7.562,0.022,-1.000,424.800,-106.500,0.000,0.000,424.800,-106.500,0.000,0.000,-1.000,-1.000,0,0
564.591,-137.903,-0.707,-0.707,0,750.974,-49.654,206.271,0,299.121,1105.666,0,0,1281.556,367.597,136.398,247.385,47.861,0.800,-0.600,247.385,47.861,0.800,-0.600,70.000,-221.000,0.000,0.000,623.220,-14.749,0.022,-1.000,424.800,-106.500,0.000,0.000,424.800,-106.500,0.000,0.000,-1.000,-1.000,0,0
554.416,-148.077,-0.707,-0.707,0,750.722,-50.468,219.260,0,312.453,1097.226,0,0,1281.367,357.058,136.122,253.136,43.547,0.800,-0.600,253.136,43.547,0.800,-0.600,70.000,-221.000,0.000,0.000,424.800,-106.500,0.000,0.000,424.800,-106.500,0.000,0.000,623.377,-21.936,0.022,-1.000,-1.000,-1.000,0,0
544.242,-158.252,-0.707,-0.707,0,750.476,-51.262,232.346,0,325.875,1088.912,0,0,1281.184,347.028,130.172,258.887,39.234,0.800,-0.600,258.887,39.234,0.800,-0.600,70.000,-221.000,0.000,0.000,424.800,-106.500,0.000,0.000,424.800,-106.500,0.000,0.000,623.534,-29.123,0.022,-1.000,-1.000,-1.000,0,0
534.068,-168.426,-0.707,-0.707,0,750.236,-52.035,245.515,0,339.376,1080.725,0,0,1281.005,337.554,125.596,264.638,34.921,0.800,-0.600,264.638,34.921,0.800,-0.600,70.000,-221.000,0.000,0.000,424.800,-106.500,0.000,0.000,424.800,-106.500,0.000,0.000,623.691,-36.310,0.022,-1.000,-1.000,-1.000,0,0
534.068,-179.443,-0.204,-0.979,0,750.003,-52.790,250.338,0,349.352,1082.811,0,0,1280.830,337.118,131.378,270.389,30.608,0.800,-0.600,270.389,30.608,0.800,-0.600,70.000,-221.000,0.000,0.000,424.800,-106.500,0.000,0.000,424.800,-106.500,0.000,0.000,623.848,-43.497,0.022,-1.000,1.000,-1.000,0,0
544.242,-189.618,0.504,-0.864,0,749.775,-53.526,246.505,0,354.621,1094.796,0,0,1280.660,344.234,145.516,276.140,26.295,0.800,-0.600,276.140,26.295,0.800,-0.600,70.000,-221.000,0.000,0.000,424.800,-106.500,0.000,0.000,424.800,-106.500,0.000,0.000,624.004,-50.684,0.022,-1.000,1.000,-1.000,0,0
548.312,-202.321,0.309,-0.951,0,749.553,-54.244,249.850,0,364.905,1101.402,0,0,1280.494,348.269,156.323,281.891,21.981,0.800,-0.600,281.891,21.981,0.800,-0.600,70.000,-221.000,0.000,0.000,424.800,-106.500,0.000,0.000,424.800,-106.500,0.000,0.000,624.161,-57.871,0.022,-1.000,0.000,-1.000,0,0
540.172,-213.338,-0.384,-0.923,0,749.336,-54.944,262.373,0,378.117,1095.852,0,0,1280.330,342.251,157.242,287.642,17.668,0.800,-0.600,287.642,17.668,0.800,-0.600,70.000,-221.000,0.000,0.000,424.800,-106.500,0.000,0.000,424.800,-106.500,0.000,0.000,624.214,-62.184,-0.051,0.999,-1.000,-1.000,0,0
534.068,-225.198,-0.423,-0.906,0,749.125,-55.627,273.873,0,391.383,1092.622,0,0,1280.171,338.869,161.334,293.393,13.355,0.800,-0.600,293.393,13.355,0.800,-0.600,70.000,-221.000,0.000,0.000,424.800,-106.500,0.000,0.000,424.800,-106.500,0.000,0.000,623.847,-55.005,-0.051,0.999,0.000,-1.000,0,0
534.068,-233.831,-0.196,-0.981,0,748.918,-56.293,278.719,0,399.405,1094.677,0,0,1280.014,337.900,167.788,299.144,9.042,0.800,-0.600,299.144,9.042,0.800,-0.600,70.000,-221.000,0.000,0.000,424.800,-106.500,0.000,0.000,424.800,-106.500,0.000,0.000,623.481,-47.826,-0.051,0.999,0.000,0.000,0,0
534.068,-233.831,-0.196,-0.981,0,748.717,-56.942,278.152,0,399.405,1094.677,0,0,1279.860,330.804,167.788,304.895,4.729,0.800,-0.600,304.895,4.729,0.800,-0.600,70.000,-221.000,0.000,0.000,424.800,-106.500,0.000,0.000,424.800,-106.500,0.000,0.000,623.115,-40.646,-0.051,0.999,0.000,0.000,0,0
534.068,-242.464,-0.105,-0.994,0,748.521,-57.576,283.159,0,407.452,1096.797,0,0,1279.709,330.012,174.430,310.646,0.415,0.800,-0.600,310.646,0.415,0.800,-0.600,70.000,-221.000,0.000,0.000,424.800,-106.500,0.000,0.000,424.800,-106.500,0.000,0.000,622.749,-33.467,-0.051,0.999,0.000,-1.000,0,0
536.103,-256.010,0.153,-0.988,0,748.330,-58.193,290.132,0,419.426,1102.216,0,0,1279.561,334.412,186.391,316.397,-3.898,0.800,-0.600,316.397,-3.898,0.800,-0.600,70.000,-221.000,0.000,0.000,424.800,-106.500,0.000,0.000,424.800,-106.500,0.000,0.000,622.382,-26.288,-0.051,0.999,1.000,-1.000,0,0
546.277,-266.184,0.566,-0.824,0,748.144,-58.796,289.420,0,425.708,1114.710,0,0,1279.415,341.737,200.639,322.148,-8.211,0.800,-0.600,322.148,-8.211,0.800,-0.600,70.000,-221.000,0.000,0.000,424.800,-106.500,0.000,0.000,424.800,-106.500,0.000,0.000,622.016,-19.108,-0.051,0.999,1.000,0.000,0,0
560.666,-266.184,0.956,-0.293,0,747.962,-59.383,279.016,0,421.433,1128.583,0,0,1279.272,344.273,209.663,327.899,-12.524,0.800,-0.600,327.899,-12.524,0.800,-0.600,70.000,-221.000,0.000,0.000,424.800,-106.500,0.000,0.000,424.800,-106.500,0.000,0.000,621.650,-11.929,-0.051,0.999,1.000,0.000,0,0
569.299,-266.184,0.993,-0.121,0,747.784,-59.956,272.744,0,419.085,1136.914,0,0,1279.132,343.081,215.358,333.650,-16.837,0.800,-0.600,333.650,-16.837,0.800,-0.600,70.000,-221.000,0.000,0.000,424.800,-106.500,0.000,0.000,424.800,-106.500,0.000,0.000,621.284,-4.749,-0.051,0.999,0.000,0.000,0,0
569.299,-266.184,0.993,-0.121,0,747.612,-60.515,272.207,0,419.085,1136.914,0,0,1278.994,335.998,215.358,339.401,-21.151,0.800,-0.600,339.401,-21.151,0.800,-0.600,70.000,-221.000,0.000,0.000,424.800,-106.500,0.000,0.000,424.800,-106.500,0.000,0.000,620.918,2.430,-0.051,0.999,0.000,0.000,0,0
569.299,-266.184,0.993,-0.121,0,747.443,-61.060,271.683,0,419.085,1136.914,0,0,1278.858,328.920,215.358,345.152,-25.464,0.800,-0.600,345.152,-25.464,0.800,-0.600,70.000,-221.000,0.000,0.000,424.800,-106.500,0.000,0.000,424.800,-106.500,0.000,0.000,620.551,9.609,-0.051,0.999,0.000,0.000,0,0
569.299,-266.184,0.993,-0.121,0,747.278,-61.591,271.173,0,419.085,1136.914,0,0,1278.725,321.847,215.358,350.903,-29.777,0.800,-0.600,350.903,-29.777,0.800,-0.600,70.000,-221.000,0.000,0.000,424.800,-106.500,0.000,0.000,424.800,-106.500,0.000,0.000,620.185,16.789,-0.051,0.999,0.000,0.000,0,0
569.299,-266.184,0.993,-0.121,0,747.118,-62.109,270.678,0,419.085,1136.914,0,0,1278.595,314.779,215.358,356.654,-34.090,0.800,-0.600,356.654,-34.090,0.800,-0.600,70.000,-221.000,0.000,0.000,424.800,-106.500,0.000,0.000,424.800,-106.500,0.000,0.000,619.819,23.968,-0.051,0.999,0.000,0.000,0,0
569.299,-266.184,0.993,-0.121,0,643.000,-293.000,78.432,0,419.085,1136.914,0,0,1215.062,307.716,215.358,362.405,-38.403,0.800,-0.600,362.405,-38.403,0.800,-0.600,70.000,-221.000,0.000,0.000,424.800,-106.500,0.000,0.000,424.800,-106.500,0.000,0.000,619.453,31.147,-0.051,0.999,0.000,-1.000,0,0
577.439,-277.202,0.816,-0.578,0,642.991,-292.994,67.432,0,427.707,1147.680,0,0,1215.051,314.297,228.993,368.156,-42.717,0.800,-0.600,368.156,-42.717,0.800,-0.600,70.000,-221.000,0.000,0.000,424.800,-106.500,0.000,0.000,424.800,-106.500,0.000,0.000,619.087,38.327,-0.051,0.999,1.000,-1.000,0,0
587.613,-287.376,0.740,-0.672,0,642.966,-292.978,55.641,0,435.332,1160.233,0,0,1215.023,321.615,243.360,373.907,-47.030,0.800,-0.600,373.907,-47.030,0.800,-0.600,70.000,-221.000,0.000,0.000,424.800,-106.500,0.000,0.000,424.800,-106.500,0.000,0.000,618.720,45.506,-0.051,0.999,1.000,-1.000,0,0
597.788,-297.550,0.717,-0.697,0,642.924,-292.951,45.377,0,443.293,1172.828,0,0,1214.976,328.935,257.730,379.658,-51.343,0.800,-0.600,379.658,-51.343,0.800,-0.600,70.000,-221.000,0.000,0.000,424.800,-106.500,0.000,0.000,424.800,-106.500,0.000,0.000,618.354,52.685,-0.051,0.999,1.000,-1.000,0,0
607.963,-307.724,0.710,-0.704,0,642.865,-292.913,37.925,0,451.573,1185.464,0,0,1214.908,336.256,272.102,385.409,-55.656,0.800,-0.600,385.409,-55.656,0.800,-0.600,70.000,-221.000,0.000,0.000,424.800,-106.500,0.000,0.000,424.800,-106.500,0.000,0.000,617.988,59.865,-0.051,0.999,1.000,0.000,0,0
622.351,-307.724,0.974,-0.226,1,637.094,-311.140,15.133,1,449.524,1199.259,0,0,1214.365,338.868,281.989,391.160,-59.969,0.800,-0.600,391.160,-59.969,0.800,-0.600,70.000,-221.000,0.000,0.000,424.800,-106.500,0.000,0.000,424.800,-106.500,0.000,0.000,617.622,67.044,-0.051,0.999,0.000,0.000,0,0
616.247,-298.742,0.699,0.715,1,626.825,-287.920,15.133,1,441.452,1190.887,0,0,1198.130,321.060,271.309,396.911,-64.283,0.800,-0.600,396.911,-64.283,0.800,-0.600,70.000,-221.000,0.000,0.000,424.800,-106.500,0.000,0.000,424.800,-106.500,0.000,0.000,617.255,74.223,-0.051,0.999,-1.000,1.000,0,0
606.072,-288.568,-0.401,0.916,1,599.999,-274.707,15.133,1,432.995,1178.316,0,0,1168.771,299.605,256.921,402.662,-68.596,0.800,-0.600,402.662,-68.596,0.800,-0.600,70.000,-221.000,0.000,0.000,424.800,-106.500,0.000,0.000,424.800,-106.500,0.000,0.000,616.889,81.403,-0.051,0.999,-1.000,1.000,0,0
595.898,-278.393,-0.646,0.763,1,586.115,-266.848,15.133,1,424.857,1165.786,0,0,1153.323,278.163,242.532,408.413,-72.909,0.800,-0.600,408.413,-72.909,0.800,-0.600,70.000,-221.000,0.000,0.000,424.800,-106.500,0.000,0.000,424.800,-106.500,0.000,0.000,616.523,88.582,-0.051,0.999,-1.000,1.000,0,0
585.724,-268.219,-0.692,0.722,1,575.256,-257.290,15.133,1,417.057,1153.300,0,0,1140.383,256.734,228.144,414.164,-77.222,0.800,-0.600,414.164,-77.222,0.800,-0.600,70.000,-221.000,0.000,0.000,424.800,-106.500,0.000,0.000,424.800,-106.500,0.000,0.000,616.156,95.761,-0.051,0.999,-1.000,1.000,0,0
575.550,-258.044,-0.703,0.711,1,564.916,-247.277,15.133,1,409.614,1140.859,0,0,1127.872,235.324,213.755,419.915,-81.535,0.800,-0.600,419.915,-81.535,0.800,-0.600,70.000,-221.000,0.000,0.000,424.800,-106.500,0.000,0.000,424.800,-106.500,0.000,0.000,615.790,102.941,-0.051,0.999,-1.000,1.000,0,0
565.375,-247.870,-0.706,0.708,1,554.693,-237.151,15.133,1,402.548,1128.464,0,0,1115.493,213.938,199.366,425.666,-85.849,0.800,-0.600,425.666,-85.849,0.800,-0.600,70.000,-221.000,0.000,0.000,424.800,-106.500,0.000,0.000,424.800,-106.500,0.000,0.000,615.423,110.120,-0.051,0.999,-1.000,1.000,0,0
555.201,-237.696,-0.707,0.707,1,544.505,-226.990,15.133,1,395.879,1116.117,0,0,1103.188,192.584,184.978,431.417,-90.162,0.800,-0.600,431.417,-90.162,0.800,-0.600,70.000,-221.000,0.000,0.000,424.800,-106.500,0.000,0.000,424.800,-106.500,0.000,0.000,615.057,117.300,-0.051,0.999,0.000,1.000,0,0
555.201,-223.307,-0.222,0.975,1,551.846,-208.550,15.133,1,382.255,1112.742,0,0,1106.188,174.727,175.067,437.168,-94.475,0.800,-0.600,437.168,-94.475,0.800,-0.600,70.000,-221.000,0.000,0.000,424.800,-106.500,0.000,0.000,424.800,-106.500,0.000,0.000,614.691,124.479,-0.051,0.999,0.000,1.000,0,0
555.201,-208.918,-0.066,0.998,1,554.202,-193.818,15.133,1,368.689,1109.543,0,0,1105.400,157.277,165.813,442.919,-98.788,0.800,-0.600,442.919,-98.788,0.800,-0.600,70.000,-221.000,0.000,0.000,424.800,-106.500,0.000,0.000,424.800,-106.500,0.000,0.000,614.324,131.658,-0.051,0.999,0.000,1.000,0,0
555.201,-194.530,-0.019,1.000,1,554.915,-179.399,15.133,1,355.187,1106.522,0,0,1103.258,140.385,157.333,448.670,-103.102,0.800,-0.600,448.670,-103.102,0.800,-0.600,70.000,-221.000,0.000,0.000,424.800,-106.500,0.000,0.000,424.800,-106.500,0.000,0.000,613.958,138.838,-0.051,0.999,0.000,1.000,0,0
555.201,-180.141,-0.005,1.000,1,555.127,-165.008,15.133,1,341.758,1103.681,0,0,1100.814,124.281,149.758,454.421,-107.415,0.800,-0.600,454.421,-107.415,0.800,-0.600,70.000,-221.000,0.000,0.000,424.800,-106.500,0.000,0.000,424.800,-106.500,0.000,0.000,613.592,146.017,-0.051,0.999,0.000,1.000,0,0
555.201,-165.752,-0.001,1.000,1,555.180,-150.619,15.133,1,328.410,1101.020,0,0,1098.396,109.313,143.232,460.172,-111.728,0.800,-0.600,460.172,-111.728,0.800,-0.600,70.000,-221.000,0.000,0.000,424.800,-106.500,0.000,0.000,424.800,-106.500,0.000,0.000,613.225,153.196,-0.051,0.999,0.000,1.000,0,0
555.201,-151.364,0.000,1.000,1,555.195,-136.230,15.133,1,315.154,1098.541,0,0,1096.126,96.012,137.903,465.923,-116.041,0.800,-0.600,465.923,-116.041,0.800,-0.600,70.000,-221.000,0.000,0.000,424.800,-106.500,0.000,0.000,424.800,-106.500,0.000,0.000,612.859,160.376,-0.051,0.999,0.000,1.000,0,0
555.201,-136.975,0.000,1.000,1,555.200,-121.842,15.133,1,302.001,1096.246,0,0,1094.029,85.165,133.915,471.674,-120.354,0.800,-0.600,471.674,-120.354,0.800,-0.600,70.000,-221.000,0.000,0.000,424.800,-106.500,0.000,0.000,424.800,-106.500,0.000,0.000,629.000,132.956,0.000,0.000,0.000,1.000,0,0
555.201,-122.586,0.000,1.000,1,555.201,-107.453,15.133,1,288.966,1094.135,0,0,1092.114,77.805,131.390,477.424,-124.668,0.800,-0.600,477.424,-124.668,0.800,-0.600,362.409,328.113,-0.187,-0.982,424.800,-106.500,0.000,0.000,424.800,-106.500,0.000,0.000,629.000,125.542,0.000,0.000,0.000,1.000,0,0
555.201,-108.198,0.000,1.000,1,555.201,-93.064,15.133,1,276.066,1092.209,0,0,1090.385,75.450,130.412,481.523,-124.454,0.225,0.974,481.523,-124.454,0.225,0.974,361.063,321.052,-0.187,-0.982,424.800,-106.500,0.000,0.000,424.800,-106.500,0.000,0.000,629.000,118.057,0.000,0.000,0.000,1.000,0,0
555.201,-93.809,0.000,1.000,1,555.201,-78.676,15.133,1,263.320,1090.470,0,0,1088.843,75.837,131.017,483.144,-117.450,0.225,0.974,483.144,-117.450,0.225,0.974,359.717,313.990,-0.187,-0.982,424.800,-106.500,0.000,0.000,424.800,-106.500,0.000,0.000,629.000,110.610,0.000,0.000,0.000,1.000,0,0
555.201,-79.420,0.000,1.000,1,555.201,-64.287,15.133,1,250.752,1088.918,0,0,1087.489,76.968,133.183,484.764,-110.447,0.225,0.974,484.764,-110.447,0.225,0.974,358.371,306.929,-0.187,-0.982,424.800,-106.500,0.000,0.000,424.800,-106.500,0.000,0.000,629.000,103.150,0.000,0.000,0.000,1.000,0,0
547.062,-68.403,-0.462,0.887,1,540.064,-54.985,15.133,1,245.552,1079.753,0,0,1071.627,70.068,128.060,486.385,-103.443,0.225,0.974,486.385,-103.443,0.225,0.974,357.024,299.867,-0.187,-0.982,424.800,-106.500,0.000,0.000,424.800,-106.500,0.000,0.000,629.000,95.502,0.000,0.000,-1.000,1.000,0,0
536.888,-58.229,-0.644,0.765,1,527.140,-46.653,15.133,1,242.890,1068.727,0,0,1058.103,62.045,122.040,488.005,-96.439,0.225,0.974,488.005,-96.439,0.225,0.974,355.678,292.806,-0.187,-0.982,424.800,-106.500,0.000,0.000,424.800,-106.500,0.000,0.000,629.000,88.009,0.000,0.000,-1.000,1.000,0,0
526.713,-48.054,-0.690,0.724,1,516.269,-37.103,15.133,1,241.059,1057.781,0,0,1046.599,55.569,117.483,489.626,-89.436,0.225,0.974,489.626,-89.436,0.225,0.974,354.332,285.744,-0.187,-0.982,424.800,-106.500,0.000,0.000,424.800,-106.500,0.000,0.000,629.000,80.455,0.000,0.000,-1.000,1.000,0,0
516.539,-37.880,-0.702,0.712,1,505.910,-27.108,15.133,1,240.078,1046.919,0,0,1035.656,51.231,114.563,491.246,-82.432,0.225,0.974,491.246,-82.432,0.225,0.974,352.986,278.683,-0.187,-0.982,424.800,-106.500,0.000,0.000,424.800,-106.500,0.000,0.000,629.000,72.959,0.000,0.000,-1.000,1.000,0,0
506.365,-27.706,-0.706,0.708,1,495.684,-16.985,15.133,1,239.958,1036.143,0,0,1024.924,49.595,113.408,492.867,-75.428,0.225,0.974,492.867,-75.428,0.225,0.974,351.640,271.621,-0.187,-0.982,424.800,-106.500,0.000,0.000,424.800,-106.500,0.000,0.000,629.000,65.458,0.000,0.000,-1.000,1.000,0,0
496.190,-17.531,-0.707,0.708,1,641.011,-290.941,309.396,1,240.699,1025.455,0,0,1212.607,50.922,114.070,494.487,-68.425,0.225,0.974,494.487,-68.425,0.225,0.974,350.294,264.560,-0.187,-0.982,424.800,-106.500,0.000,0.000,424.800,-106.500,0.000,0.000,629.000,58.460,0.000,0.000,-1.000,1.000,0,0
486.016,-7.357,-0.707,0.707,1,630.951,-280.706,309.396,1,242.294,1014.859,0,0,1200.214,54.998,116.519,496.108,-61.421,0.225,0.974,496.108,-61.421,0.225,0.974,348.948,257.499,-0.187,-0.982,424.800,-106.500,0.000,0.000,424.800,-106.500,0.000,0.000,629.000,50.828,0.000,0.000,-1.000,1.000,0,0
475.842,2.817,-0.707,0.707,1,620.808,-270.515,309.396,1,244.725,1004.358,0,0,1187.795,61.277,120.646,497.728,-54.417,0.225,0.974,497.728,-54.417,0.225,0.974,347.602,250.437,-0.187,-0.982,424.800,-106.500,0.000,0.000,424.800,-106.500,0.000,0.000,629.000,43.129,0.000,0.000,-1.000,1.000,0,0
465.667,12.992,-0.707,0.707,1,610.642,-260.336,309.396,1,247.970,993.953,0,0,1175.402,69.161,126.287,499.348,-47.414,0.225,0.974,499.348,-47.414,0.225,0.974,346.255,243.375,-0.187,-0.982,424.800,-106.500,0.000,0.000,424.800,-106.500,0.000,0.000,629.000,35.280,0.000,0.000,-1.000,1.000,0,0
455.493,23.166,-0.707,0.707,1,600.469,-250.161,309.396,1,251.995,983.649,0,0,1163.050,78.166,133.249,500.969,-40.410,0.225,0.974,500.969,-40.410,0.225,0.974,344.909,236.314,-0.187,-0.982,424.800,-106.500,0.000,0.000,424.800,-106.500,0.000,0.000,629.000,29.744,0.000,0.000,-1.000,1.000,0,0
445.318,33.340,-0.707,0.707,1,590.296,-239.986,309.396,1,256.765,973.449,0,0,1150.744,87.949,141.338,502.589,-33.406,0.225,0.974,502.589,-33.406,0.225,0.974,343.563,229.252,-0.187,-0.982,424.800,-106.500,0.000,0.000,424.800,-106.500,0.000,0.000,628.817,36.773,-0.127,0.992,-1.000,1.000,0,0
443.283,46.886,-0.274,0.962,1,436.974,-262.445,309.396,1,253.447,971.543,0,0,1008.699,95.306,154.496,504.210,-26.403,0.225,0.974,504.210,-26.403,0.225,0.974,342.217,222.191,-0.187,-0.982,424.800,-106.500,0.000,0.000,424.800,-106.500,0.000,0.000,627.904,43.904,-0.127,0.992,0.000,1.000,0,0
443.283,61.275,-0.079,0.997,1,376.256,-240.773,309.396,1,248.643,971.886,0,0,944.316,102.080,168.790,505.830,-19.399,0.225,0.974,505.830,-19.399,0.225,0.974,340.871,215.129,-0.187,-0.982,424.800,-106.500,0.000,0.000,424.800,-106.500,0.000,0.000,626.990,51.034,-0.127,0.992,0.000,1.000,0,0
435.144,72.292,-0.482,0.876,1,498.185,-230.613,309.396,1,253.307,964.161,0,0,1059.099,111.356,179.091,507.451,-12.395,0.225,0.974,507.451,-12.395,0.225,0.974,339.525,208.068,-0.187,-0.982,424.800,-106.500,0.000,0.000,424.800,-106.500,0.000,0.000,626.076,58.164,-0.127,0.992,-1.000,1.000,0,0
423.284,78.397,-0.874,0.487,1,637.516,-144.831,309.396,1,263.311,952.599,0,0,1178.794,119.917,184.903,509.071,-5.392,0.225,0.974,509.071,-5.392,0.225,0.974,338.179,201.006,-0.187,-0.982,424.800,-106.500,0.000,0.000,424.800,-106.500,0.000,0.000,427.000,279.000,0.000,0.000,-1.000,0.000,0,0
408.895,78.397,-0.989,0.147,1,688.189,-54.722,309.396,1,277.322,938.230,0,0,1219.301,127.509,185.580,510.692,1.612,0.225,0.974,510.692,1.612,0.225,0.974,336.833,193.945,-0.187,-0.982,424.800,-106.500,0.000,0.000,424.800,-106.500,0.000,0.000,427.000,279.000,0.000,0.000,-1.000,0.000,0,0
397.035,72.292,-0.935,-0.355,1,705.774,92.434,309.396,1,290.217,926.094,0,0,1235.408,130.074,180.935,335.486,186.883,-0.187,-0.982,335.486,186.883,-0.187,-0.982,512.312,8.616,0.225,0.974,424.800,-106.500,0.000,0.000,424.800,-106.500,0.000,0.000,427.000,279.000,0.000,0.000,-1.000,-1.000,0,0
386.860,62.118,-0.788,-0.616,1,675.769,172.832,309.396,1,302.509,915.528,0,0,1212.210,128.971,172.833,334.140,179.822,-0.187,-0.982,334.140,179.822,-0.187,-0.982,513.933,15.619,0.225,0.974,424.800,-106.500,0.000,0.000,424.800,-106.500,0.000,0.000,427.000,279.000,0.000,0.000,-1.000,-1.000,0,0
376.686,51.943,-0.731,-0.682,1,654.868,187.371,309.396,1,314.979,905.068,0,0,1193.276,128.542,165.588,332.794,172.760,-0.187,-0.982,332.794,172.760,-0.187,-0.982,515.553,22.623,0.225,0.974,424.800,-106.500,0.000,0.000,424.800,-106.500,0.000,0.000,427.000,279.000,0.000,0.000,-1.000,-1.000,0,0
366.512,41.769,-0.714,-0.700,1,641.266,184.022,309.396,1,327.606,894.716,0,0,1179.354,128.794,159.315,331.448,165.699,-0.187,-0.982,331.448,165.699,-0.187,-0.982,517.174,29.627,0.225,0.974,424.800,-106.500,0.000,0.000,424.800,-106.500,0.000,0.000,427.000,279.000,0.000,0.000,-1.000,-1.000,0,0
356.337,31.595,-0.709,-0.705,1,630.037,175.866,309.396,1,340.373,884.478,0,0,1167.182,129.723,154.134,330.102,158.637,-0.187,-0.982,330.102,158.637,-0.187,-0.982,518.794,36.630,0.225,0.974,424.800,-106.500,0.000,0.000,424.800,-106.500,0.000,0.000,179.742,201.736,0.998,-0.057,-1.000,-1.000,0,0
346.163,21.420,-0.708,-0.707,1,619.593,166.201,309.396,1,353.264,874.356,0,0,1155.649,131.314,150.158,328.756,151.575,-0.187,-0.982,328.756,151.575,-0.187,-0.982,520.415,43.634,0.225,0.974,424.800,-106.500,0.000,0.000,424.800,-106.500,0.000,0.000,186.914,201.258,0.997,-0.081,-1.000,-1.000,0,0
335.988,11.246,-0.707,-0.707,1,609.347,156.164,309.396,1,366.268,864.355,0,0,1144.332,133.544,147.484,327.410,144.514,-0.187,-0.982,327.410,144.514,-0.187,-0.982,522.035,50.638,0.225,0.974,424.800,-106.500,0.000,0.000,424.800,-106.500,0.000,0.000,194.073,200.605,0.994,-0.106,-1.000,-1.000,0,0
322.443,9.211,-0.962,-0.275,0,604.639,75.702,289.924,2,379.679,850.865,0,0,1133.634,128.292,154.487,326.063,137.452,-0.187,-0.982,326.063,137.452,-0.187,-0.982,523.656,57.641,0.225,0.974,424.800,-106.500,0.000,0.000,424.800,-106.500,0.000,0.000,198.634,200.448,-0.730,0.684,-1.000,0.000,0,0
308.054,9.211,-0.997,-0.075,0,604.332,68.520,302.156,2,393.233,836.483,0,0,1133.067,122.320,164.374,324.717,130.391,-0.187,-0.982,324.717,130.391,-0.187,-0.982,525.276,64.645,0.225,0.974,424.800,-106.500,0.000,0.000,424.800,-106.500,0.000,0.000,108.800,-94.600,0.000,0.000,0.000,0.000,0,0
319.565,9.211,-0.545,-0.838,0,604.025,61.337,289.197,2,382.385,847.988,0,0,1132.544,114.182,156.408,323.371,123.329,-0.187,-0.982,323.371,123.329,-0.187,-0.982,526.897,71.649,0.225,0.974,424.800,-106.500,0.000,0.000,424.800,-106.500,0.000,0.000,108.800,-94.600,0.000,0.000,1.000,0.000,0,0
330.582,17.351,0.712,-0.703,0,603.718,54.155,275.605,2,369.302,858.833,0,0,1132.067,99.287,155.615,322.025,116.268,-0.187,-0.982,322.025,116.268,-0.187,-0.982,528.517,78.652,0.225,0.974,424.800,-106.500,0.000,0.000,424.800,-106.500,0.000,0.000,182.893,215.190,-0.730,0.684,1.000,1.000,0,0
340.757,27.525,0.898,0.440,0,603.411,46.973,263.374,2,356.430,868.906,0,0,1131.635,84.113,158.196,320.679,109.206,-0.187,-0.982,320.679,109.206,-0.187,-0.982,530.138,85.656,0.225,0.974,424.800,-106.500,0.000,0.000,424.800,-106.500,0.000,0.000,177.646,220.104,-0.730,0.684,1.000,1.000,0,0
350.931,37.699,0.739,0.674,0,603.104,39.791,252.182,2,343.678,879.098,0,0,1131.249,71.775,162.019,319.333,102.145,-0.187,-0.982,319.333,102.145,-0.187,-0.982,531.758,92.660,0.225,0.974,424.800,-106.500,0.000,0.000,424.800,-106.500,0.000,0.000,427.000,279.000,0.000,0.000,1.000,1.000,0,0
361.105,47.874,0.716,0.698,0,602.797,32.609,242.174,2,331.060,889.407,0,0,1130.908,63.937,166.998,317.987,95.083,-0.187,-0.982,317.987,95.083,-0.187,-0.982,533.379,99.663,0.225,0.974,424.800,-106.500,0.000,0.000,424.800,-106.500,0.000,0.000,427.000,279.000,0.000,0.000,1.000,1.000,0,0
374.651,49.909,0.964,0.266,0,602.490,25.427,229.151,2,317.492,902.989,0,0,1130.613,69.411,164.252,316.641,88.022,-0.187,-0.982,316.641,88.022,-0.187,-0.982,534.999,106.667,0.225,0.974,424.800,-106.500,0.000,0.000,424.800,-106.500,0.000,0.000,427.000,279.000,0.000,0.000,1.000,0.000,0,0
389.040,49.909,0.997,0.077,0,602.183,18.245,215.483,2,303.713,917.372,0,0,1130.364,80.016,160.445,315.294,80.960,-0.187,-0.982,315.294,80.960,-0.187,-0.982,536.620,113.671,0.225,0.974,424.800,-106.500,0.000,0.000,424.800,-106.500,0.000,0.000,616.910,14.761,-0.043,-0.999,1.000,0.000,0,0
400.057,41.769,0.899,-0.438,0,601.876,11.062,204.142,2,295.746,928.254,0,0,1130.160,91.908,150.319,313.948,73.899,-0.187,-0.982,313.948,73.899,-0.187,-0.982,538.240,120.674,0.225,0.974,424.800,-106.500,0.000,0.000,424.800,-106.500,0.000,0.000,616.603,7.579,-0.043,-0.999,1.000,-1.000,0,0
410.232,31.595,0.771,-0.636,0,601.569,3.880,193.335,2,289.735,938.364,0,0,1130.002,103.796,138.861,312.602,66.837,-0.187,-0.982,312.602,66.837,-0.187,-0.982,539.861,127.678,0.225,0.974,424.800,-106.500,0.000,0.000,424.800,-106.500,0.000,0.000,616.296,0.397,-0.043,-0.999,1.000,-1.000,0,0
420.406,21.420,0.726,-0.688,0,601.262,-3.302,182.538,2,284.326,948.584,0,0,1129.890,115.693,127.996,311.256,59.775,-0.187,-0.982,311.256,59.775,-0.187,-0.982,541.481,134.682,0.225,0.974,424.800,-106.500,0.000,0.000,424.800,-106.500,0.000,0.000,615.989,-6.785,-0.043,-0.999,1.000,-1.000,0,0
431.423,13.281,0.779,-0.627,0,600.955,-10.484,171.190,2,277.886,959.714,0,0,1129.823,127.752,119.964,309.910,52.714,-0.187,-0.982,309.910,52.714,-0.187,-0.982,543.102,141.685,0.225,0.974,424.800,-106.500,0.000,0.000,424.800,-106.500,0.000,0.000,615.682,-13.967,-0.043,-0.999,1.000,0.000,0,0
434.301,13.281,0.748,-0.664,0,600.648,-17.666,169.202,2,275.322,962.591,0,0,1129.802,129.838,120.157,308.564,45.652,-0.187,-0.982,308.564,45.652,-0.187,-0.982,544.722,148.689,0.225,0.974,424.800,-106.500,0.000,0.000,424.800,-106.500,0.000,0.000,615.375,-21.150,-0.043,-0.999,-1.000,0.000,0,0
419.912,13.281,-0.466,-0.885,0,600.341,-24.848,184.414,2,288.201,948.207,0,0,1129.827,115.502,119.881,307.218,38.591,-0.187,-0.982,307.218,38.591,-0.187,-0.982,546.343,155.693,0.225,0.974,424.800,-106.500,0.000,0.000,424.800,-106.500,0.000,0.000,615.068,-28.332,-0.043,-0.999,-1.000,0.000,0,0
405.524,13.281,-0.990,-0.143,0,600.034,-32.030,199.719,2,301.216,933.823,0,0,1129.898,101.309,121.322,305.872,31.529,-0.187,-0.982,305.872,31.529,-0.187,-0.982,547.963,162.696,0.225,0.974,424.800,-106.500,0.000,0.000,424.800,-106.500,0.000,0.000,614.761,-35.514,-0.043,-0.999,-1.000,0.000,0,0
399.768,13.281,-0.950,-0.312,0,600.002,-30.591,204.984,2,306.457,928.069,0,0,1129.786,95.897,122.369,304.525,24.468,-0.187,-0.982,304.525,24.468,-0.187,-0.982,549.583,169.700,0.225,0.974,424.800,-106.500,0.000,0.000,424.800,-106.500,0.000,0.000,614.729,-34.074,0.021,1.000,1.000,0.000,0,0
411.279,13.281,-0.152,-0.988,0,600.152,-23.404,192.402,2,295.995,939.576,0,0,1129.568,108.179,120.542,303.179,17.406,-0.187,-0.982,303.179,17.406,-0.187,-0.982,551.204,176.704,0.225,0.974,424.800,-106.500,0.000,0.000,424.800,-106.500,0.000,0.000,614.879,-26.887,0.021,1.000,0.000,0.000,0,0
399.768,13.281,-0.484,-0.875,0,600.302,-16.217,202.692,2,306.457,928.069,0,0,1129.395,97.979,122.369,301.833,10.345,-0.187,-0.982,301.833,10.345,-0.187,-0.982,552.824,183.707,0.225,0.974,424.800,-106.500,0.000,0.000,424.800,-106.500,0.000,0.000,615.029,-19.700,0.021,1.000,-1.000,0.000,0,0
405.524,13.281,-0.267,-0.964,0,600.452,-9.030,196.201,2,301.216,933.823,0,0,1129.268,105.511,121.322,300.487,3.283,-0.187,-0.982,300.487,3.283,-0.187,-0.982,554.445,190.711,0.225,0.974,424.800,-106.500,0.000,0.000,424.800,-106.500,0.000,0.000,615.179,-12.513,0.021,1.000,1.000,0.000,0,0
408.401,13.281,0.401,-0.916,0,600.602,-1.842,192.795,2,298.603,936.699,0,0,1129.187,108.685,120.898,300.848,-2.364,1.000,0.001,300.848,-2.364,1.000,0.001,556.065,197.714,0.225,0.974,424.800,-106.500,0.000,0.000,424.800,-106.500,0.000,0.000,615.329,-5.326,0.021,1.000,-1.000,0.000,0,0
399.768,13.281,-0.465,-0.885,0,600.752,5.345,201.141,2,306.457,928.069,0,0,1129.151,93.054,122.369,308.037,-2.354,1.000,0.001,308.037,-2.354,1.000,0.001,557.686,204.718,0.225,0.974,424.800,-106.500,0.000,0.000,424.800,-106.500,0.000,0.000,615.479,1.861,0.021,1.000,1.000,0.000,0,0
414.157,13.281,0.641,-0.767,0,600.903,12.532,186.747,2,293.392,942.453,0,0,1129.162,100.158,120.253,315.225,-2.344,1.000,0.001,315.225,-2.344,1.000,0.001,559.306,211.722,0.225,0.974,424.800,-106.500,0.000,0.000,424.800,-106.500,0.000,0.000,615.629,9.048,0.021,1.000,0.000,0.000,0,0
408.401,13.281,0.171,-0.985,0,601.053,19.719,192.759,2,298.603,936.699,0,0,1129.218,87.394,120.898,322.414,-2.335,1.000,0.001,322.414,-2.335,1.000,0.001,560.927,218.725,0.225,0.974,424.800,-106.500,0.000,0.000,424.800,-106.500,0.000,0.000,615.780,16.235,0.021,1.000,-1.000,0.000,0,0
405.524,13.281,-0.262,-0.965,0,601.203,26.906,196.153,2,301.216,933.823,0,0,1129.320,77.508,121.322,329.603,-2.325,1.000,0.001,329.603,-2.325,1.000,0.001,562.547,225.729,0.225,0.974,424.800,-106.500,0.000,0.000,424.800,-106.500,0.000,0.000,615.930,23.423,0.021,1.000,1.000,0.000,0,0
414.157,13.281,0.585,-0.811,0,601.353,34.093,188.350,2,293.392,942.453,0,0,1129.467,78.922,120.253,336.791,-2.315,1.000,0.001,336.791,-2.315,1.000,0.001,564.168,232.733,0.225,0.974,424.800,-106.500,0.000,0.000,424.800,-106.500,0.000,0.000,616.080,30.610,0.021,1.000,0.000,0.000,0,0
402.646,13.281,-0.251,-0.968,0,601.503,41.280,200.819,2,303.834,930.946,0,0,1129.660,60.701,121.813,343.980,-2.305,1.000,0.001,343.980,-2.305,1.000,0.001,563.315,234.713,-0.635,-0.773,424.800,-106.500,0.000,0.000,424.800,-106.500,0.000,0.000,616.230,37.797,0.021,1.000,-1.000,0.000,0,0
405.524,13.281,-0.093,-0.996,0,601.653,48.467,199.261,2,301.216,933.823,0,0,1129.899,56.543,121.322,351.169,-2.296,1.000,0.001,351.169,-2.296,1.000,0.001,558.753,229.157,-0.635,-0.773,424.800,-106.500,0.000,0.000,424.800,-106.500,0.000,0.000,616.380,44.984,0.021,1.000,1.000,0.000,0,0
419.912,13.281,0.902,-0.432,0,601.803,55.655,186.762,2,288.201,948.207,0,0,1130.184,63.493,119.881,358.358,-2.286,1.000,0.001,358.358,-2.286,1.000,0.001,554.191,223.602,-0.635,-0.773,424.800,-106.500,0.000,0.000,424.800,-106.500,0.000,0.000,616.530,52.171,0.021,1.000,1.000,0.000,0,0
433.458,15.316,0.997,0.074,0,601.954,62.842,175.070,2,275.160,961.713,0,0,1130.515,70.153,122.123,365.546,-2.276,1.000,0.001,365.546,-2.276,1.000,0.001,549.629,218.046,-0.635,-0.773,424.800,-106.500,0.000,0.000,424.800,-106.500,0.000,0.000,616.680,59.358,0.021,1.000,0.000,1.000,0,0
433.458,29.704,0.437,0.899,0,602.104,70.029,173.399,2,269.058,961.588,0,0,1130.890,68.625,136.479,372.735,-2.266,1.000,0.001,372.735,-2.266,1.000,0.001,545.067,212.491,-0.635,-0.773,424.800,-106.500,0.000,0.000,424.800,-106.500,0.000,0.000,616.831,66.545,0.021,1.000,0.000,1.000,0,0
433.458,44.093,0.130,0.992,0,600.849,72.698,169.818,0,263.602,961.678,0,0,1129.732,70.811,150.842,379.924,-2.257,1.000,0.001,379.924,-2.257,1.000,0.001,540.505,206.935,-0.635,-0.773,424.800,-106.500,0.000,0.000,424.800,-106.500,0.000,0.000,616.985,73.724,0.021,1.000,0.000,1.000,0,0
433.458,58.482,0.033,0.999,0,599.638,73.879,166.892,0,258.831,961.983,0,0,1128.564,76.393,165.209,387.112,-2.247,1.000,0.001,387.112,-2.247,1.000,0.001,535.943,201.380,-0.635,-0.773,424.800,-106.500,0.000,0.000,424.800,-106.500,0.000,0.000,617.135,80.911,0.021,1.000,0.000,1.000,0,0
433.458,72.871,0.009,1.000,0,598.457,75.031,165.013,0,254.784,962.503,0,0,1127.426,84.702,179.579,394.301,-2.237,1.000,0.001,394.301,-2.237,1.000,0.001,531.381,195.824,-0.635,-0.773,424.800,-106.500,0.000,0.000,424.800,-106.500,0.000,0.000,617.285,88.098,0.021,1.000,0.000,1.000,0,0
435.493,86.416,0.100,0.995,0,597.305,76.154,162.139,0,249.680,965.220,0,0,1126.315,94.942,182.158,401.490,-2.227,1.000,0.001,401.490,-2.227,1.000,0.001,526.819,190.269,-0.635,-0.773,617.435,95.286,0.021,1.000,427.000,279.000,0.000,0.000,427.000,279.000,0.000,0.000,1.000,1.000,0,0
445.667,96.591,0.576,0.817,0,596.182,77.249,151.756,0,237.778,976.008,0,0,1125.232,105.505,172.018,408.679,-2.217,1.000,0.001,408.679,-2.217,1.000,0.001,522.256,184.713,-0.635,-0.773,617.584,102.473,0.021,1.000,427.000,279.000,0.000,0.000,427.000,279.000,0.000,0.000,1.000,1.000,0,0
459.213,98.626,0.949,0.316,0,595.086,78.317,137.392,0,224.117,989.659,0,0,1124.176,99.526,158.905,517.694,179.158,-0.635,-0.773,517.694,179.158,-0.635,-0.773,415.867,-2.208,0.900,0.435,617.734,109.660,0.021,1.000,427.000,279.000,0.000,0.000,427.000,279.000,0.000,0.000,1.000,0.000,0,0
473.602,98.626,0.996,0.094,0,594.018,79.358,121.967,0,210.005,1004.013,0,0,1123.146,84.759,145.428,513.132,173.602,-0.635,-0.773,513.132,173.602,-0.635,-0.773,422.339,0.923,0.900,0.435,617.884,116.847,0.021,1.000,427.000,279.000,0.000,0.000,427.000,279.000,0.000,0.000,1.000,0.000,0,0
487.991,98.626,1.000,0.027,0,592.976,80.374,106.597,0,195.933,1018.367,0,0,1122.141,72.407,132.502,508.570,168.047,-0.635,-0.773,508.570,168.047,-0.635,-0.773,428.810,4.053,0.900,0.435,618.034,124.034,0.021,1.000,427.000,279.000,0.000,0.000,427.000,279.000,0.000,0.000,1.000,0.000,0,0
502.380,98.626,1.000,0.008,0,591.960,81.365,91.297,0,181.910,1032.723,0,0,1121.162,62.947,120.304,505.846,161.477,-0.315,-0.949,505.846,161.477,-0.315,-0.949,435.281,7.184,0.900,0.435,618.184,131.221,0.021,1.000,427.000,279.000,0.000,0.000,427.000,279.000,0.000,0.000,1.000,0.000,0,0
516.768,98.626,1.000,0.002,0,590.969,82.331,76.094,0,167.949,1047.079,0,0,1120.208,57.560,109.079,503.581,154.655,-0.315,-0.949,503.581,154.655,-0.315,-0.949,441.752,10.314,0.900,0.435,618.334,138.408,0.021,1.000,427.000,279.000,0.000,0.000,427.000,279.000,0.000,0.000,1.000,0.000,0,0
531.157,98.626,1.000,0.001,0,590.002,83.273,61.042,0,154.067,1061.437,0,0,1119.277,57.548,99.157,501.316,147.832,-0.315,-0.949,501.316,147.832,-0.315,-0.949,448.224,13.444,0.900,0.435,618.483,145.595,0.021,1.000,427.000,279.000,0.000,0.000,427.000,279.000,0.000,0.000,1.000,0.000,0,0
545.546,98.626,1.000,0.000,0,589.060,84.192,46.267,0,140.287,1075.795,0,0,1118.370,62.913,90.966,499.052,141.009,-0.315,-0.949,499.052,141.009,-0.315,-0.949,454.695,16.575,0.900,0.435,618.633,152.783,0.021,1.000,427.000,279.000,0.000,0.000,427.000,279.000,0.000,0.000,1.000,0.000,0,0
559.934,98.626,1.000,0.000,1,575.068,98.626,15.133,1,126.643,1090.154,0,0,1105.257,72.472,85.007,496.787,134.187,-0.315,-0.949,496.787,134.187,-0.315,-0.949,461.166,19.705,0.900,0.435,618.783,159.970,0.021,1.000,427.000,279.000,0.000,0.000,427.000,279.000,0.000,0.000,1.000,0.000,0,0
574.323,98.626,1.000,0.000,0,590.559,98.626,16.235,0,113.183,1104.514,0,0,1120.718,84.817,82.186,494.523,127.364,-0.315,-0.949,494.523,127.364,-0.315,-0.949,467.637,22.836,0.900,0.435,619.878,167.032,0.240,0.971,427.000,279.000,0.000,0.000,427.000,279.000,0.000,0.000,1.000,0.000,1,0
588.712,98.626,1.000,0.000,0,610.162,98.626,21.450,0,99.983,1118.875,0,0,1140.283,98.912,82.248,492.258,120.541,-0.315,-0.949,492.258,120.541,-0.315,-0.949,474.109,25.966,0.900,0.435,621.603,174.010,0.240,0.971,427.000,279.000,0.000,0.000,427.000,279.000,0.000,0.000,1.000,0.000,0,0
603.101,98.626,1.000,0.000,0,629.825,98.627,26.725,0,87.159,1133.236,0,0,1159.909,114.110,84.811,489.994,113.719,-0.315,-0.949,489.994,113.719,-0.315,-0.949,480.580,29.097,0.900,0.435,623.328,180.989,0.240,0.971,427.000,279.000,0.000,0.000,427.000,279.000,0.000,0.000,1.000,0.000,0,0
611.734,98.626,1.000,0.000,0,649.136,98.627,37.403,0,79.722,1141.853,0,0,1179.184,124.280,90.329,487.729,106.896,-0.315,-0.949,487.729,106.896,-0.315,-0.949,487.051,32.227,0.900,0.435,625.054,187.968,0.240,0.971,427.000,279.000,0.000,0.000,427.000,279.000,0.000,0.000,0.000,0.000,0,0
39.000,287.000,0.897,0.443,0,667.969,98.627,656.572,0,657.618,622.353,0,0,1197.982,124.004,101.316,-85.000,286.000,0.000,0.000,-85.000,286.000,0.000,0.000,-296.000,285.000,0.000,0.000,140.000,279.000,0.000,0.000,140.000,279.000,0.000,0.000,290.700,275.300,0.000,0.000,0.000,0.000,0,0
39.000,278.368,0.941,-0.337,0,670.879,98.627,656.946,0,655.716,618.851,0,0,1200.884,124.235,101.002,-85.000,286.000,0.000,0.000,-85.000,286.000,0.000,0.000,-296.000,285.000,0.000,0.000,140.000,279.000,0.000,0.000,140.000,279.000,0.000,0.000,290.700,275.300,0.000,0.000,0.000,-1.000,0,0
39.000,263.979,0.199,-0.980,0,669.879,98.628,652.189,0,652.785,613.239,0,0,1199.882,125.940,102.111,-85.000,286.000,0.000,0.000,-85.000,286.000,0.000,0.000,-296.000,285.000,0.000,0.000,140.000,279.000,0.000,0.000,140.000,279.000,0.000,0.000,290.700,275.300,0.000,0.000,0.000,-1.000,0,0
39.000,249.590,0.059,-0.998,0,669.806,98.628,648.620,0,650.159,607.916,0,0,1199.805,129.235,105.195,-85.000,286.000,0.000,0.000,-85.000,286.000,0.000,0.000,-296.000,285.000,0.000,0.000,140.000,279.000,0.000,0.000,140.000,279.000,0.000,0.000,290.700,275.300,0.000,0.000,0.000,-1.000,0,0
39.000,235.201,0.016,-1.000,0,669.806,98.628,645.424,0,647.842,602.890,0,0,1199.799,134.002,110.088,-85.000,286.000,0.000,0.000,-85.000,286.000,0.000,0.000,44.000,-93.000,0.000,0.000,140.000,279.000,0.000,0.000,140.000,279.000,0.000,0.000,290.700,275.300,0.000,0.000,0.000,-1.000,0,0
39.000,220.813,0.005,-1.000,0,669.806,98.628,642.535,0,645.838,598.167,0,0,1199.793,140.091,116.562,-85.000,286.000,0.000,0.000,-85.000,286.000,0.000,0.000,44.000,-93.000,0.000,0.000,140.000,279.000,0.000,0.000,140.000,279.000,0.000,0.000,290.700,275.300,0.000,0.000,0.000,-1.000,0,0
39.000,206.424,0.001,-1.000,0,669.806,98.628,639.958,0,644.149,593.755,0,0,1199.786,147.338,124.372,-85.000,286.000,0.000,0.000,-85.000,286.000,0.000,0.000,44.000,-93.000,0.000,0.000,140.000,279.000,0.000,0.000,140.000,279.000,0.000,0.000,290.700,275.300,0.000,0.000,0.000,-1.000,0,0
39.000,192.035,0.000,-1.000,0,669.806,98.629,637.696,0,642.777,589.662,0,0,1199.778,155.581,133.281,-85.000,286.000,0.000,0.000,-85.000,286.000,0.000,0.000,44.000,-93.000,0.000,0.000,140.000,279.000,0.000,0.000,140.000,279.000,0.000,0.000,290.700,275.300,0.000,0.000,0.000,-1.000,0,0
39.000,177.647,0.000,-1.000,0,669.806,98.629,635.753,0,641.726,585.894,0,0,1199.770,164.671,143.086,-85.000,286.000,0.000,0.000,-85.000,286.000,0.000,0.000,44.000,-93.000,0.000,0.000,140.000,279.000,0.000,0.000,140.000,279.000,0.000,0.000,290.700,275.300,0.000,0.000,0.000,-1.000,0,0
39.000,163.258,0.000,-1.000,0,669.806,98.629,634.133,0,640.995,582.456,0,0,1199.763,174.475,153.614,-85.000,286.000,0.000,0.000,-85.000,286.000,0.000,0.000,44.000,-93.000,0.000,0.000,140.000,279.000,0.000,0.000,140.000,279.000,0.000,0.000,108.800,-94.600,0.000,0.000,0.000,-1.000,0,0
39.000,148.869,0.000,-1.000,0,59.000,80.600,71.425,0,640.587,579.356,0,0,589.174,184.881,164.727,-85.000,286.000,0.000,0.000,-85.000,286.000,0.000,0.000,44.000,-93.000,0.000,0.000,140.000,279.000,0.000,0.000,140.000,279.000,0.000,0.000,108.800,-94.600,0.000,0.000,0.000,-1.000,0,0
39.000,134.481,0.000,-1.000,0,59.000,80.600,57.842,0,640.503,576.599,0,0,589.172,195.791,176.315,-85.000,286.000,0.000,0.000,-85.000,286.000,0.000,0.000,44.000,-93.000,0.000,0.000,140.000,279.000,0.000,0.000,140.000,279.000,0.000,0.000,108.800,-94.600,0.000,0.000,0.000,-1.000,0,0
39.000,120.092,0.000,-1.000,0,59.000,80.600,44.762,0,640.741,574.188,0,0,589.171,207.127,188.289,-85.000,286.000,0.000,0.000,-85.000,286.000,0.000,0.000,44.000,-93.000,0.000,0.000,140.000,279.000,0.000,0.000,140.000,279.000,0.000,0.000,108.800,-94.600,0.000,0.000,0.000,-1.000,0,0
39.000,105.703,0.000,-1.000,0,59.000,80.600,32.775,0,641.302,572.130,0,0,589.171,198.766,200.581,44.000,-93.000,0.000,0.000,44.000,-93.000,0.000,0.000,-85.000,286.000,0.000,0.000,140.000,279.000,0.000,0.000,140.000,279.000,0.000,0.000,108.800,-94.600,0.000,0.000,0.000,-1.000,0,0
43.913,95.035,0.301,-0.954,1,48.470,80.605,15.133,1,637.026,575.713,0,0,578.823,188.035,200.429,44.000,-93.000,0.000,0.000,44.000,-93.000,0.000,0.000,-85.000,286.000,0.000,0.000,108.800,-94.600,0.000,0.000,108.800,-94.600,0.000,0.000,140.000,279.000,0.000,0.000,1.000,0.000,0,0
58.301,95.035,0.947,-0.321,1,72.632,90.172,15.133,1,622.675,590.009,0,0,603.755,188.578,196.244,44.000,-93.000,0.000,0.000,44.000,-93.000,0.000,0.000,-67.000,-108.000,0.000,0.000,108.800,-94.600,0.000,0.000,108.800,-94.600,0.000,0.000,140.000,279.000,0.000,0.000,1.000,0.000,0,0
72.690,95.035,0.996,-0.093,1,87.757,93.625,15.133,1,608.326,604.309,0,0,619.144,190.211,193.043,44.000,-93.000,0.000,0.000,44.000,-93.000,0.000,0.000,-67.000,-108.000,0.000,0.000,108.800,-94.600,0.000,0.000,108.800,-94.600,0.000,0.000,140.000,279.000,0.000,0.000,1.000,0.000,0,0
84.550,101.140,0.947,0.322,1,98.877,106.012,15.133,1,596.093,616.765,0,0,631.558,198.330,186.303,44.000,-93.000,0.000,0.000,44.000,-93.000,0.000,0.000,-85.000,286.000,0.000,0.000,140.000,279.000,0.000,0.000,140.000,279.000,0.000,0.000,108.800,-94.600,0.000,0.000,1.000,1.000,0,0
94.724,111.314,0.788,0.616,1,106.642,120.641,15.133,1,585.392,628.092,0,0,641.149,210.517,173.691,44.000,-93.000,0.000,0.000,44.000,-93.000,0.000,0.000,-85.000,286.000,0.000,0.000,140.000,279.000,0.000,0.000,140.000,279.000,0.000,0.000,108.800,-94.600,0.000,0.000,1.000,1.000,0,0
100.829,123.174,0.497,0.868,1,108.351,136.306,15.133,1,578.873,635.758,0,0,645.214,223.519,160.674,44.000,-93.000,0.000,0.000,44.000,-93.000,0.000,0.000,-85.000,286.000,0.000,0.000,140.000,279.000,0.000,0.000,140.000,279.000,0.000,0.000,108.800,-94.600,0.000,0.000,0.000,1.000,0,0
104.899,135.877,0.382,0.924,1,110.678,149.864,15.133,1,574.621,641.739,0,0,649.854,236.841,147.364,44.000,-93.000,0.000,0.000,44.000,-93.000,0.000,0.000,-85.000,286.000,0.000,0.000,140.000,279.000,0.000,0.000,140.000,279.000,0.000,0.000,108.800,-94.600,0.000,0.000,1.000,1.000,0,0
118.794,144.017,0.762,0.648,1,130.321,153.821,15.133,1,560.761,656.799,0,0,669.884,248.377,136.639,-85.000,286.000,0.000,0.000,-85.000,286.000,0.000,0.000,44.000,-93.000,0.000,0.000,140.000,279.000,0.000,0.000,140.000,279.000,0.000,0.000,290.700,275.300,0.000,0.000,1.000,1.000,0,0
126.933,152.156,0.726,0.687,1,137.925,162.558,15.133,1,552.775,666.249,0,0,678.997,250.659,127.515,-85.000,286.000,0.000,0.000,-85.000,286.000,0.000,0.000,44.000,-93.000,0.000,0.000,140.000,279.000,0.000,0.000,140.000,279.000,0.000,0.000,290.700,275.300,0.000,0.000,1.000,1.000,0,0
138.793,158.261,0.892,0.452,1,152.290,165.105,15.133,1,541.119,679.030,0,0,693.580,257.683,120.745,-85.000,286.000,0.000,0.000,-85.000,286.000,0.000,0.000,44.000,-93.000,0.000,0.000,140.000,279.000,0.000,0.000,140.000,279.000,0.000,0.000,290.700,275.300,0.000,0.000,1.000,0.000,0,0
153.182,158.261,0.992,0.123,1,168.201,160.115,15.133,1,526.747,693.165,0,0,708.266,270.274,121.457,-85.000,286.000,0.000,0.000,-85.000,286.000,0.000,0.000,44.000,-93.000,0.000,0.000,140.000,279.000,0.000,0.000,140.000,279.000,0.000,0.000,290.700,275.300,0.000,0.000,1.000,0.000,0,0
167.571,158.261,0.999,0.036,1,182.694,158.805,15.133,1,512.376,707.310,0,0,722.283,280.003,123.847,44.000,-93.000,0.000,0.000,44.000,-93.000,0.000,0.000,-85.000,286.000,0.000,0.000,140.000,279.000,0.000,0.000,140.000,279.000,0.000,0.000,290.700,275.300,0.000,0.000,1.000,0.000,0,0
180.274,154.191,0.974,-0.227,1,195.012,150.758,15.133,1,499.541,719.097,0,0,733.049,282.266,131.146,44.000,-93.000,0.000,0.000,44.000,-93.000,0.000,0.000,-85.000,286.000,0.000,0.000,140.000,279.000,0.000,0.000,140.000,279.000,0.000,0.000,290.700,275.300,0.000,0.000,1.000,-1.000,0,0
190.448,144.017,0.812,-0.583,1,202.743,135.194,15.133,1,489.144,727.469,0,0,738.316,278.611,144.102,44.000,-93.000,0.000,0.000,44.000,-93.000,0.000,0.000,-85.000,286.000,0.000,0.000,140.000,279.000,0.000,0.000,140.000,279.000,0.000,0.000,290.700,275.300,0.000,0.000,1.000,-1.000,0,0
200.622,133.842,0.737,-0.676,1,211.776,123.615,15.133,1,478.954,736.027,0,0,745.730,275.659,157.308,44.000,-93.000,0.000,0.000,44.000,-93.000,0.000,0.000,-85.000,286.000,0.000,0.000,140.000,279.000,0.000,0.000,140.000,279.000,0.000,0.000,290.700,275.300,0.000,0.000,1.000,-1.000,0,0
210.797,123.668,0.716,-0.698,1,221.635,113.107,15.133,1,468.984,744.764,0,0,754.293,273.434,170.705,44.000,-93.000,0.000,0.000,44.000,-93.000,0.000,0.000,-85.000,286.000,0.000,0.000,140.000,279.000,0.000,0.000,140.000,279.000,0.000,0.000,290.700,275.300,0.000,0.000,1.000,-1.000,0,0
220.971,113.494,0.710,-0.705,1,231.708,102.830,15.133,1,459.248,753.676,0,0,763.268,271.953,170.446,44.000,-93.000,0.000,0.000,44.000,-93.000,0.000,0.000,-79.729,283.701,0.917,-0.400,288.646,269.929,-0.323,-0.947,288.646,269.929,-0.323,-0.947,140.000,279.000,0.000,0.000,1.000,-1.000,0,0
233.674,109.424,0.944,-0.330,1,247.958,104.427,15.133,1,446.813,765.873,0,0,779.593,277.402,162.476,44.000,-93.000,0.000,0.000,44.000,-93.000,0.000,0.000,-73.139,280.827,0.917,-0.400,286.556,263.054,-0.236,-0.972,286.556,263.054,-0.236,-0.972,140.000,279.000,0.000,0.000,1.000,0.000,0,0
248.063,109.424,0.995,-0.102,1,263.117,107.878,15.133,1,432.463,780.184,0,0,795.009,287.432,151.199,44.000,-93.000,0.000,0.000,44.000,-93.000,0.000,0.000,-66.550,277.953,0.917,-0.400,285.109,256.014,-0.147,-0.989,285.109,256.014,-0.147,-0.989,287.064,-76.522,-0.129,0.992,1.000,0.000,0,0
262.451,109.424,1.000,-0.026,1,277.579,109.033,15.133,1,418.117,794.498,0,0,809.513,297.820,141.153,44.000,-93.000,0.000,0.000,44.000,-93.000,0.000,0.000,-59.961,275.079,0.917,-0.400,284.332,248.871,-0.048,-0.999,284.332,248.871,-0.048,-0.999,286.366,-69.369,-0.049,0.999,1.000,0.000,0,0
275.154,113.494,0.954,0.299,1,289.594,118.023,15.133,1,405.188,807.543,0,0,822.373,309.955,128.515,44.000,-93.000,0.000,0.000,44.000,-93.000,0.000,0.000,-53.372,272.205,0.917,-0.400,284.277,241.685,0.043,-0.999,284.277,241.685,0.043,-0.999,286.239,-62.183,0.019,1.000,1.000,1.000,0,0
286.172,121.633,0.850,0.526,1,299.040,129.597,15.133,1,393.780,819.363,0,0,833.057,323.596,112.892,44.000,-93.000,0.000,0.000,44.000,-93.000,0.000,0.000,-46.783,269.331,0.917,-0.400,284.794,234.517,0.135,-0.991,284.794,234.517,0.135,-0.991,286.481,-54.999,0.068,0.998,1.000,0.000,0,0
300.560,121.633,0.988,0.155,1,315.510,123.980,15.133,1,379.416,833.662,0,0,848.776,334.501,106.808,44.000,-93.000,0.000,0.000,44.000,-93.000,0.000,0.000,-40.194,266.457,0.917,-0.400,286.185,227.470,0.273,-0.962,286.185,227.470,0.273,-0.962,287.254,-47.854,0.162,0.987,1.000,0.000,0,0
314.949,121.633,0.999,0.045,1,330.067,122.316,15.133,1,365.054,847.964,0,0,863.066,345.660,102.505,44.000,-93.000,0.000,0.000,44.000,-93.000,0.000,0.000,-33.604,263.583,0.917,-0.400,288.486,220.664,0.389,-0.921,288.486,220.664,0.389,-0.921,288.663,-40.807,0.246,0.969,1.000,0.000,0,0
329.338,121.633,1.000,0.012,1,344.470,121.810,15.133,1,350.694,862.269,0,0,877.335,357.050,99.954,44.000,-93.000,0.000,0.000,44.000,-93.000,0.000,0.000,-27.015,260.709,0.917,-0.400,291.600,214.189,0.497,-0.868,291.600,214.189,0.497,-0.868,290.666,-33.905,0.327,0.945,1.000,0.000,0,0
343.726,121.633,1.000,0.003,1,358.860,121.684,15.133,1,336.336,876.577,0,0,891.633,368.651,99.051,44.000,-93.000,0.000,0.000,44.000,-93.000,0.000,0.000,-20.426,257.835,0.917,-0.400,295.451,208.124,0.591,-0.806,295.451,208.124,0.591,-0.806,293.237,-27.194,0.403,0.915,1.000,0.000,0,0
358.115,121.633,1.000,0.001,1,373.248,121.648,15.133,1,321.982,890.887,0,0,905.942,380.442,99.629,44.000,-93.000,0.000,0.000,44.000,-93.000,0.000,0.000,-13.837,254.961,0.917,-0.400,299.942,202.515,0.672,-0.741,299.942,202.515,0.672,-0.741,296.346,-20.715,0.475,0.880,1.000,-1.000,0,0
368.290,111.459,0.858,-0.513,1,381.277,103.691,15.133,1,312.529,900.040,0,0,912.322,383.363,106.684,44.000,-93.000,0.000,0.000,44.000,-93.000,0.000,0.000,-7.248,252.087,0.917,-0.400,304.650,197.083,0.634,-0.773,304.650,197.083,0.634,-0.773,300.034,-14.548,0.566,0.824,1.000,-1.000,0,0
378.464,101.285,0.755,-0.655,1,389.896,91.369,15.133,1,303.465,909.329,0,0,920.020,386.798,113.751,44.000,-93.000,0.000,0.000,44.000,-93.000,0.000,0.000,21.699,-83.519,0.964,0.266,309.178,191.500,0.628,-0.779,309.178,191.500,0.628,-0.779,304.344,-8.799,0.649,0.760,1.000,-1.000,0,0
388.638,91.110,0.720,-0.694,1,399.533,80.607,15.133,1,294.824,918.749,0,0,928.998,390.733,120.843,44.000,-93.000,0.000,0.000,44.000,-93.000,0.000,0.000,28.628,-81.606,0.964,0.266,313.698,185.910,0.632,-0.775,313.698,185.910,0.632,-0.775,309.251,-3.550,0.731,0.682,1.000,-1.000,0,0
399.656,82.971,0.771,-0.637,1,411.316,73.325,15.133,1,285.423,929.249,0,0,940.405,396.808,117.965,44.000,-93.000,0.000,0.000,44.000,-93.000,0.000,0.000,35.558,-79.693,0.964,0.266,314.733,1.093,0.801,0.599,314.733,1.093,0.801,0.599,318.259,180.354,0.656,-0.755,1.000,0.000,0,0
414.044,82.971,0.981,-0.194,1,428.891,80.041,15.133,1,271.340,943.614,0,0,958.282,404.840,121.538,42.488,-77.781,0.964,0.266,42.488,-77.781,0.964,0.266,44.000,-93.000,0.000,0.000,320.558,5.306,0.823,0.568,320.558,5.306,0.823,0.568,323.257,175.193,0.743,-0.669,1.000,0.000,0,0
422.678,82.971,0.997,-0.079,0,441.731,81.457,19.113,0,262.907,952.233,0,0,971.175,405.652,121.124,49.417,-75.868,0.964,0.266,49.417,-75.868,0.964,0.266,44.000,-93.000,0.000,0.000,326.541,9.290,0.847,0.531,326.541,9.290,0.847,0.531,328.738,170.543,0.785,-0.619,0.000,0.000,1,0
422.678,82.971,0.997,-0.079,0,461.273,79.905,38.717,0,262.907,952.233,0,0,990.610,398.528,113.999,56.347,-73.955,0.964,0.266,56.347,-73.955,0.964,0.266,44.000,-93.000,0.000,0.000,332.753,12.903,0.887,0.462,332.753,12.903,0.887,0.462,334.508,166.259,0.826,-0.563,0.000,0.000,0,0
422.678,82.971,0.997,-0.079,0,480.331,78.391,57.835,0,262.907,952.233,0,0,1009.567,391.406,106.977,63.276,-72.043,0.964,0.266,63.276,-72.043,0.964,0.266,38.877,231.968,0.917,-0.400,339.214,16.054,0.915,0.404,339.214,16.054,0.915,0.404,340.543,162.354,0.857,-0.515,0.000,0.000,0,0
422.678,82.971,0.997,-0.079,0,498.917,76.914,76.482,0,262.907,952.233,0,0,1028.061,384.287,100.093,70.206,-70.130,0.964,0.266,70.206,-70.130,0.964,0.266,45.466,229.094,0.917,-0.400,345.851,18.812,0.935,0.355,345.851,18.812,0.935,0.355,346.776,158.774,0.881,-0.474,0.000,0.000,0,0
422.678,82.971,0.997,-0.079,0,517.044,75.474,94.668,0,262.907,952.233,0,0,1046.100,377.170,93.377,77.136,-68.218,0.964,0.266,77.136,-68.218,0.964,0.266,52.055,226.220,0.917,-0.400,352.617,21.240,0.950,0.313,352.617,21.240,0.950,0.313,353.161,155.473,0.899,-0.439,0.000,0.000,0,0
422.678,82.971,0.997,-0.079,0,534.722,74.070,112.405,0,262.907,952.233,0,0,1063.696,370.056,86.860,84.065,-66.305,0.964,0.266,84.065,-66.305,0.964,0.266,58.644,223.346,0.917,-0.400,359.477,23.386,0.961,0.278,359.477,23.386,0.961,0.278,359.664,152.409,0.913,-0.408,0.000,0.000,0,0
422.678,82.971,0.997,-0.079,0,551.962,72.700,129.705,0,262.907,952.233,0,0,1080.860,362.946,80.579,90.995,-64.392,0.964,0.266,90.995,-64.392,0.964,0.266,65.233,220.472,0.917,-0.400,366.408,25.294,0.969,0.248,366.408,25.294,0.969,0.248,366.259,149.549,0.924,-0.382,0.000,0.000,0,0
422.678,82.971,0.997,-0.079,0,568.776,71.365,146.579,0,262.907,952.233,0,0,1097.602,355.838,74.581,97.924,-62.480,0.964,0.266,97.924,-62.480,0.964,0.266,71.822,217.598,0.917,-0.400,373.392,26.996,0.975,0.221,373.392,26.996,0.975,0.221,372.929,146.868,0.933,-0.360,0.000,0.000,0,0
422.678,82.971,0.997,-0.079,0,585.173,70.062,163.038,0,262.907,952.233,0,0,1113.933,348.734,68.926,104.854,-60.567,0.964,0.266,104.854,-60.567,0.964,0.266,78.412,214.724,0.917,-0.400,380.417,28.521,0.980,0.199,380.417,28.521,0.980,0.199,379.658,144.340,0.940,-0.340,0.000,0.000,0,0
422.678,82.971,0.997,-0.079,0,601.165,68.792,179.092,0,262.907,952.233,0,0,1129.862,341.633,63.692,111.784,-58.655,0.964,0.266,111.784,-58.655,0.964,0.266,85.001,211.850,0.917,-0.400,387.473,29.892,0.984,0.179,387.473,29.892,0.984,0.179,386.437,141.948,0.947,-0.322,0.000,0.000,0,0
422.678,82.971,0.997,-0.079,0,616.760,67.553,194.753,0,262.907,952.233,0,0,1145.400,334.536,58.979,118.713,-56.742,0.964,0.266,118.713,-56.742,0.964,0.266,91.590,208.976,0.917,-0.400,394.555,31.128,0.987,0.162,394.555,31.128,0.987,0.162,393.257,139.675,0.952,-0.307,0.000,0.000,0,0
422.678,82.971,0.997,-0.079,0,631.970,66.344,210.029,0,262.907,952.233,0,0,1160.555,327.443,54.908,125.643,-54.829,0.964,0.266,125.643,-54.829,0.964,0.266,98.179,206.102,0.917,-0.400,401.656,32.246,0.989,0.146,401.656,32.246,0.989,0.146,400.111,137.508,0.956,-0.293,0.000,0.000,0,0
422.678,82.971,0.997,-0.079,0,646.803,65.166,224.932,0,262.907,952.233,0,0,1175.338,320.354,51.620,132.572,-52.917,0.964,0.266,132.572,-52.917,0.964,0.266,104.768,203.228,0.917,-0.400,408.773,33.259,0.991,0.133,408.773,33.259,0.991,0.133,406.994,135.434,0.960,-0.281,0.000,0.000,0,0
39.000,287.000,0.897,0.443,0,660.591,64.071,660.391,0,657.618,622.353,0,0,1189.089,124.004,101.316,-85.000,286.000,0.000,0.000,-85.000,286.000,0.000,0.000,-296.000,285.000,0.000,0.000,140.000,279.000,0.000,0.000,140.000,279.000,0.000,0.000,290.700,275.300,0.000,0.000,0.000,0.000,0,0
39.000,287.000,0.897,0.443,0,671.163,63.058,670.688,0,657.619,622.354,0,0,1199.629,124.004,101.316,-85.000,286.000,0.000,0.000,-85.000,286.000,0.000,0.000,-296.000,285.000,0.000,0.000,140.000,279.000,0.000,0.000,140.000,279.000,0.000,0.000,290.700,275.300,0.000,0.000,0.000,0.000,0,0
39.000,287.000,0.897,0.443,0,670.163,62.287,669.999,0,657.619,622.354,0,0,1198.613,124.004,101.316,-85.000,286.000,0.000,0.000,-85.000,286.000,0.000,0.000,-296.000,285.000,0.000,0.000,140.000,279.000,0.000,0.000,140.000,279.000,0.000,0.000,290.700,275.300,0.000,0.000,0.000,0.000,0,0
39.000,287.000,0.897,0.443,0,669.807,61.531,669.915,0,657.619,622.354,0,0,1198.240,124.004,101.316,-85.000,286.000,0.000,0.000,-85.000,286.000,0.000,0.000,-296.000,285.000,0.000,0.000,140.000,279.000,0.000,0.000,140.000,279.000,0.000,0.000,290.700,275.300,0.000,0.000,0.000,0.000,0,0
39.000,287.000,0.897,0.443,0,669.806,60.799,670.159,0,657.619,622.354,0,0,1198.223,124.004,101.316,-85.000,286.000,0.000,0.000,-85.000,286.000,0.000,0.000,-296.000,285.000,0.000,0.000,140.000,279.000,0.000,0.000,140.000,279.000,0.000,0.000,290.700,275.300,0.000,0.000,0.000,0.000,0,0
39.000,287.000,0.897,0.443,0,669.806,60.086,670.399,0,657.619,622.354,0,0,1198.207,124.004,101.316,-85.000,286.000,0.000,0.000,-85.000,286.000,0.000,0.000,-296.000,285.000,0.000,0.000,140.000,279.000,0.000,0.000,140.000,279.000,0.000,0.000,290.700,275.300,0.000,0.000,0.000,0.000,0,0
39.000,287.000,0.897,0.443,0,669.806,59.389,670.635,0,657.619,622.354,0,0,1198.190,124.004,101.316,-85.000,286.000,0.000,0.000,-85.000,286.000,0.000,0.000,-296.000,285.000,0.000,0.000,140.000,279.000,0.000,0.000,140.000,279.000,0.000,0.000,290.700,275.300,0.000,0.000,0.000,0.000,0,0
39.000,287.000,0.897,0.443,0,669.806,58.710,670.866,0,657.619,622.354,0,0,1198.174,124.004,101.316,-85.000,286.000,0.000,0.000,-85.000,286.000,0.000,0.000,-296.000,285.000,0.000,0.000,140.000,279.000,0.000,0.000,140.000,279.000,0.000,0.000,290.700,275.300,0.000,0.000,0.000,0.000,0,0
39.000,287.000,0.897,0.443,0,669.806,58.048,671.093,0,657.619,622.354,0,0,1198.157,124.004,101.316,-85.000,286.000,0.000,0.000,-85.000,286.000,0.000,0.000,-296.000,285.000,0.000,0.000,140.000,279.000,0.000,0.000,140.000,279.000,0.000,0.000,290.700,275.300,0.000,0.000,0.000,0.000,0,0
39.000,287.000,0.897,0.443,0,669.806,57.403,671.316,0,657.619,622.354,0,0,1198.141,124.004,101.316,-85.000,286.000,0.000,0.000,-85.000,286.000,0.000,0.000,-296.000,285.000,0.000,0.000,140.000,279.000,0.000,0.000,140.000,279.000,0.000,0.000,290.700,275.300,0.000,0.000,0.000,0.000,0,0
39.000,287.000,0.897,0.443,0,59.000,80.600,207.466,0,657.619,622.354,0,0,589.174,124.004,101.316,-85.000,286.000,0.000,0.000,-85.000,286.000,0.000,0.000,-296.000,285.000,0.000,0.000,140.000,279.000,0.000,0.000,140.000,279.000,0.000,0.000,290.700,275.300,0.000,0.000,0.000,0.000,0,0
39.000,287.000,0.897,0.443,0,59.000,80.600,207.469,0,657.619,622.354,0,0,589.172,124.004,101.316,-85.000,286.000,0.000,0.000,-85.000,286.000,0.000,0.000,-296.000,285.000,0.000,0.000,140.000,279.000,0.000,0.000,140.000,279.000,0.000,0.000,290.700,275.300,0.000,0.000,0.000,0.000,0,0
39.000,287.000,0.897,0.443,0,59.000,80.600,207.473,0,657.619,622.354,0,0,589.171,124.004,101.316,-85.000,286.000,0.000,0.000,-85.000,286.000,0.000,0.000,-296.000,285.000,0.000,0.000,140.000,279.000,0.000,0.000,140.000,279.000,0.000,0.000,290.700,275.300,0.000,0.000,0.000,0.000,0,0
39.000,287.000,0.897,0.443,0,59.000,80.600,207.473,0,657.619,622.354,0,0,589.171,124.004,101.316,-85.000,286.000,0.000,0.000,-85.000,286.000,0.000,0.000,-296.000,285.000,0.000,0.000,140.000,279.000,0.000,0.000,140.000,279.000,0.000,0.000,290.700,275.300,0.000,0.000,0.000,0.000,0,0
39.000,281.245,0.997,0.083,0,59.000,80.600,201.748,0,656.338,620.007,0,0,589.171,124.091,101.025,-85.000,286.000,0.000,0.000,-85.000,286.000,0.000,0.000,-296.000,285.000,0.000,0.000,140.000,279.000,0.000,0.000,140.000,279.000,0.000,0.000,290.700,275.300,0.000,0.000,0.000,-1.000,0,0
39.000,266.856,0.435,-0.901,0,59.000,80.600,187.444,0,653.346,614.339,0,0,589.171,125.469,101.728,-85.000,286.000,0.000,0.000,-85.000,286.000,0.000,0.000,-296.000,285.000,0.000,0.000,140.000,279.000,0.000,0.000,140.000,279.000,0.000,0.000,290.700,275.300,0.000,0.000,0.000,-1.000,0,0
39.000,252.467,0.079,-0.997,0,59.000,80.600,173.154,0,650.659,608.957,0,0,589.171,128.454,104.427,-85.000,286.000,0.000,0.000,-85.000,286.000,0.000,0.000,-296.000,285.000,0.000,0.000,140.000,279.000,0.000,0.000,140.000,279.000,0.000,0.000,290.700,275.300,0.000,0.000,0.000,-1.000,0,0
39.000,238.078,0.024,-1.000,0,59.000,80.600,158.882,0,648.281,603.871,0,0,589.171,132.938,108.975,-85.000,286.000,0.000,0.000,-85.000,286.000,0.000,0.000,44.000,-93.000,0.000,0.000,140.000,279.000,0.000,0.000,140.000,279.000,0.000,0.000,290.700,275.300,0.000,0.000,0.000,-1.000,0,0
39.000,223.690,0.006,-1.000,0,59.000,80.600,144.633,0,646.213,599.087,0,0,589.171,138.775,115.153,-85.000,286.000,0.000,0.000,-85.000,286.000,0.000,0.000,44.000,-93.000,0.000,0.000,140.000,279.000,0.000,0.000,140.000,279.000,0.000,0.000,290.700,275.300,0.000,0.000,0.000,-1.000,0,0
39.000,209.301,0.002,-1.000,0,59.000,80.600,130.415,0,644.461,594.612,0,0,589.171,145.804,122.715,-85.000,286.000,0.000,0.000,-85.000,286.000,0.000,0.000,44.000,-93.000,0.000,0.000,140.000,279.000,0.000,0.000,140.000,279.000,0.000,0.000,290.700,275.300,0.000,0.000,0.000,-1.000,0,0
39.000,194.912,0.000,-1.000,0,59.000,80.600,116.238,0,643.026,590.455,0,0,589.171,153.860,131.422,-85.000,286.000,0.000,0.000,-85.000,286.000,0.000,0.000,44.000,-93.000,0.000,0.000,140.000,279.000,0.000,0.000,140.000,279.000,0.000,0.000,290.700,275.300,0.000,0.000,0.000,-1.000,0,0
39.000,180.524,0.000,-1.000,0,59.000,80.600,102.121,0,641.910,586.621,0,0,589.171,162.792,141.062,-85.000,286.000,0.000,0.000,-85.000,286.000,0.000,0.000,44.000,-93.000,0.000,0.000,140.000,279.000,0.000,0.000,140.000,279.000,0.000,0.000,290.700,275.300,0.000,0.000,0.000,-1.000,0,0
39.000,166.135,0.000,-1.000,0,59.000,80.600,88.092,0,641.116,583.117,0,0,589.171,172.463,151.458,-85.000,286.000,0.000,0.000,-85.000,286.000,0.000,0.000,44.000,-93.000,0.000,0.000,140.000,279.000,0.000,0.000,140.000,279.000,0.000,0.000,108.800,-94.600,0.000,0.000,0.000,-1.000,0,0
39.000,151.747,0.000,-1.000,0,59.000,80.600,74.201,0,640.643,579.949,0,0,589.171,182.757,162.464,-85.000,286.000,0.000,0.000,-85.000,286.000,0.000,0.000,44.000,-93.000,0.000,0.000,140.000,279.000,0.000,0.000,140.000,279.000,0.000,0.000,108.800,-94.600,0.000,0.000,0.000,-1.000,0,0
39.000,137.358,0.000,-1.000,0,59.000,80.600,60.543,0,640.494,577.122,0,0,589.171,193.573,173.964,-85.000,286.000,0.000,0.000,-85.000,286.000,0.000,0.000,44.000,-93.000,0.000,0.000,140.000,279.000,0.000,0.000,140.000,279.000,0.000,0.000,108.800,-94.600,0.000,0.000,0.000,-1.000,0,0
39.000,122.969,0.000,-1.000,0,59.000,80.600,47.320,0,640.668,574.642,0,0,589.171,204.829,185.867,-85.000,286.000,0.000,0.000,-85.000,286.000,0.000,0.000,44.000,-93.000,0.000,0.000,140.000,279.000,0.000,0.000,140.000,279.000,0.000,0.000,108.800,-94.600,0.000,0.000,0.000,-1.000,0,0
39.000,108.581,0.000,-1.000,0,59.000,80.600,35.027,0,641.164,572.513,0,0,589.171,201.643,198.101,44.000,-93.000,0.000,0.000,44.000,-93.000,0.000,0.000,-85.000,286.000,0.000,0.000,140.000,279.000,0.000,0.000,140.000,279.000,0.000,0.000,108.800,-94.600,0.000,0.000,0.000,-1.000,0,0
39.000,94.192,0.000,-1.000,1,39.000,79.059,15.133,1,641.983,570.739,0,0,569.259,187.259,201.282,44.000,-93.000,0.000,0.000,44.000,-93.000,0.000,0.000,-67.000,-108.000,0.000,0.000,108.800,-94.600,0.000,0.000,108.800,-94.600,0.000,0.000,140.000,279.000,0.000,0.000,0.000,-1.000,0,0
43.070,81.489,0.294,-0.956,1,47.512,67.022,15.133,1,638.920,573.522,0,0,576.860,174.491,187.957,44.000,-93.000,0.000,0.000,44.000,-93.000,0.000,0.000,-67.000,-108.000,0.000,0.000,108.800,-94.600,0.000,0.000,108.800,-94.600,0.000,0.000,140.000,279.000,0.000,0.000,1.000,0.000,0,0
57.458,81.489,0.916,-0.400,1,71.325,75.429,15.133,1,624.593,587.851,0,0,601.183,175.007,183.421,44.000,-93.000,0.000,0.000,44.000,-93.000,0.000,0.000,-67.000,-108.000,0.000,0.000,108.800,-94.600,0.000,0.000,108.800,-94.600,0.000,0.000,140.000,279.000,0.000,0.000,1.000,0.000,0,0
71.847,81.489,0.994,-0.109,1,86.889,79.832,15.133,1,610.270,602.182,0,0,617.034,176.697,179.924,44.000,-93.000,0.000,0.000,44.000,-93.000,0.000,0.000,-61.456,-106.470,0.964,0.266,108.800,-94.600,0.000,0.000,108.800,-94.600,0.000,0.000,140.000,279.000,0.000,0.000,1.000,1.000,0,0
82.021,91.663,0.872,0.489,1,95.220,99.066,15.133,1,599.272,613.242,0,0,627.135,188.537,188.178,44.000,-93.000,0.000,0.000,44.000,-93.000,0.000,0.000,-54.527,-104.557,0.964,0.266,108.800,-94.600,0.000,0.000,108.800,-94.600,0.000,0.000,140.000,279.000,0.000,0.000,1.000,1.000,0,0
92.196,101.838,0.762,0.648,1,103.725,111.640,15.133,1,588.421,624.438,0,0,637.059,200.710,183.499,44.000,-93.000,0.000,0.000,44.000,-93.000,0.000,0.000,-66.550,277.953,0.917,-0.400,140.000,279.000,0.000,0.000,140.000,279.000,0.000,0.000,108.800,-94.600,0.000,0.000,1.000,1.000,0,0
102.370,112.012,0.724,0.690,1,113.319,122.459,15.133,1,577.725,635.762,0,0,648.013,213.159,171.176,44.000,-93.000,0.000,0.000,44.000,-93.000,0.000,0.000,-59.961,275.079,0.917,-0.400,140.000,279.000,0.000,0.000,140.000,279.000,0.000,0.000,108.800,-94.600,0.000,0.000,0.000,1.000,0,0
102.370,126.401,0.206,0.979,1,105.482,141.210,15.133,1,577.259,637.758,0,0,643.207,213.341,157.171,-53.372,272.205,0.917,-0.400,-53.372,272.205,0.917,-0.400,44.000,-93.000,0.000,0.000,140.000,279.000,0.000,0.000,140.000,279.000,0.000,0.000,264.772,252.565,-0.820,-0.573,0.000,1.000,0,0
104.405,139.946,0.165,0.986,1,106.909,154.871,15.133,1,575.114,641.931,0,0,647.091,198.993,143.537,-46.783,269.331,0.917,-0.400,-46.783,269.331,0.917,-0.400,44.000,-93.000,0.000,0.000,140.000,279.000,0.000,0.000,140.000,279.000,0.000,0.000,258.764,248.620,-0.851,-0.525,1.000,1.000,0,0
114.579,150.121,0.573,0.820,1,123.248,162.525,15.133,1,565.072,653.735,0,0,664.603,193.620,131.363,-40.194,266.457,0.917,-0.400,-40.194,266.457,0.917,-0.400,44.000,-93.000,0.000,0.000,140.000,279.000,0.000,0.000,140.000,279.000,0.000,0.000,252.674,244.800,-0.844,-0.536,1.000,0.000,0,0
128.968,150.121,0.964,0.266,1,143.554,154.153,15.133,1,550.693,667.884,0,0,682.953,198.251,129.351,-33.604,263.583,0.917,-0.400,-33.604,263.583,0.917,-0.400,44.000,-93.000,0.000,0.000,140.000,279.000,0.000,0.000,140.000,279.000,0.000,0.000,246.838,240.612,-0.767,-0.642,1.000,0.000,0,0
141.671,146.051,0.973,-0.231,1,156.397,142.562,15.133,1,537.921,679.681,0,0,693.624,203.964,132.960,-27.015,260.709,0.917,-0.400,-27.015,260.709,0.917,-0.400,44.000,-93.000,0.000,0.000,140.000,279.000,0.000,0.000,140.000,279.000,0.000,0.000,241.526,235.773,-0.674,-0.738,1.000,-1.000,0,0
151.845,135.877,0.812,-0.583,1,164.139,127.052,15.133,1,527.694,688.083,0,0,698.963,211.072,127.069,-20.426,257.835,0.917,-0.400,-20.426,257.835,0.917,-0.400,44.000,-93.000,0.000,0.000,236.969,230.220,-0.577,-0.817,236.969,230.220,-0.577,-0.817,140.000,279.000,0.000,0.000,1.000,-1.000,0,0
165.391,133.842,0.954,-0.301,1,179.823,129.289,15.133,1,514.166,701.168,0,0,714.802,216.316,112.881,-13.837,254.961,0.917,-0.400,-13.837,254.961,0.917,-0.400,44.000,-93.000,0.000,0.000,233.074,224.181,-0.489,-0.872,233.074,224.181,-0.489,-0.872,140.000,279.000,0.000,0.000,1.000,0.000,0,0
179.780,133.842,0.997,-0.082,1,194.861,132.593,15.133,1,499.785,715.400,0,0,730.149,221.272,97.721,-7.248,252.087,0.917,-0.400,-7.248,252.087,0.917,-0.400,44.000,-93.000,0.000,0.000,229.848,217.762,-0.380,-0.925,229.848,217.762,-0.380,-0.925,140.000,279.000,0.000,0.000,1.000,0.000,0,0
194.168,133.842,1.000,-0.024,1,209.297,133.481,15.133,1,485.404,729.638,0,0,744.566,226.424,84.028,-0.658,249.213,0.917,-0.400,-0.658,249.213,0.917,-0.400,44.000,-93.000,0.000,0.000,227.526,210.965,-0.229,-0.973,227.526,210.965,-0.229,-0.973,140.000,279.000,0.000,0.000,1.000,0.000,0,0
208.557,133.842,1.000,-0.007,1,223.690,133.737,15.133,1,471.024,743.883,0,0,758.855,231.761,72.272,5.931,246.339,0.917,-0.400,5.931,246.339,0.917,-0.400,44.000,-93.000,0.000,0.000,226.407,203.875,-0.039,-0.999,226.407,203.875,-0.039,-0.999,240.960,-13.235,-0.117,0.993,1.000,0.000,0,0
222.946,133.842,1.000,-0.002,1,238.079,133.814,15.133,1,456.644,758.132,0,0,773.121,237.268,62.980,12.520,243.465,0.917,-0.400,12.520,243.465,0.917,-0.400,35.558,-79.693,0.964,0.266,226.742,196.707,0.177,-0.984,226.742,196.707,0.177,-0.984,240.405,-6.071,-0.017,1.000,1.000,0.000,0,0
237.334,133.842,1.000,-0.001,1,252.468,133.834,15.133,1,442.265,772.387,0,0,787.384,242.935,56.619,19.109,240.591,0.917,-0.400,19.109,240.591,0.917,-0.400,42.488,-77.781,0.964,0.266,228.644,189.790,0.392,-0.920,228.644,189.790,0.392,-0.920,240.587,1.112,0.089,0.996,1.000,0.000,0,0
251.723,133.842,1.000,0.000,1,266.856,133.839,15.133,1,427.886,786.647,0,0,801.649,248.751,53.384,25.698,237.717,0.917,-0.400,25.698,237.717,0.917,-0.400,49.417,-75.868,0.964,0.266,232.011,183.453,0.575,-0.818,232.011,183.453,0.575,-0.818,241.539,8.234,0.198,0.980,1.000,0.000,0,0
266.112,133.842,1.000,0.000,1,281.245,133.841,15.133,1,413.508,800.911,0,0,815.918,254.706,53.051,32.287,234.842,0.917,-0.400,32.287,234.842,0.917,-0.400,56.347,-73.955,0.964,0.266,236.564,177.903,0.712,-0.702,236.564,177.903,0.712,-0.702,243.270,15.208,0.305,0.952,1.000,0.000,0,0
280.501,133.842,1.000,0.000,1,295.634,133.842,15.133,1,399.131,815.180,0,0,830.191,260.789,55.061,38.877,231.968,0.917,-0.400,38.877,231.968,0.917,-0.400,63.276,-72.043,0.964,0.266,241.976,173.181,0.806,-0.591,241.976,173.181,0.806,-0.591,245.760,21.948,0.407,0.913,1.000,0.000,0,0
294.889,133.842,1.000,0.000,1,310.022,133.842,15.133,1,384.755,829.453,0,0,844.468,266.993,58.762,45.466,229.094,0.917,-0.400,45.466,229.094,0.917,-0.400,70.206,-70.130,0.964,0.266,247.968,169.216,0.869,-0.495,247.968,169.216,0.869,-0.495,248.962,28.380,0.501,0.865,1.000,0.000,0,0
307.592,129.772,0.955,-0.295,1,322.051,125.306,15.133,1,372.130,841.569,0,0,855.422,273.133,64.339,52.055,226.220,0.917,-0.400,52.055,226.220,0.917,-0.400,77.136,-68.218,0.964,0.266,254.311,165.836,0.858,-0.513,254.311,165.836,0.858,-0.513,252.822,34.441,0.606,0.795,1.000,-1.000,0,0
317.767,119.598,0.797,-0.604,1,329.828,110.458,15.133,1,362.339,850.551,0,0,861.653,279.120,71.338,58.644,223.346,0.917,-0.400,58.644,223.346,0.917,-0.400,84.065,-66.305,0.964,0.266,260.300,161.866,0.804,-0.595,260.300,161.866,0.804,-0.595,257.503,39.888,0.716,0.698,1.000,-1.000,0,0
327.941,109.423,0.734,-0.679,1,339.056,99.154,15.133,1,352.863,859.680,0,0,869.881,285.214,78.401,65.233,220.472,0.917,-0.400,65.233,220.472,0.917,-0.400,90.995,-64.392,0.964,0.266,266.006,157.495,0.781,-0.624,266.006,157.495,0.781,-0.624,262.934,44.588,0.813,0.583,0.000,-1.000,0,0
327.941,95.035,0.249,-0.968,1,331.712,80.379,15.133,1,354.314,858.485,0,0,861.279,278.780,75.139,97.924,-62.480,0.964,0.266,97.924,-62.480,0.964,0.266,71.823,217.598,0.917,-0.400,269.008,48.422,0.891,0.454,269.008,48.422,0.891,0.454,271.207,152.551,0.642,-0.766,0.000,-1.000,0,0
327.941,80.646,0.074,-0.997,1,329.059,65.554,15.133,1,356.341,857.530,0,0,857.904,264.025,60.036,104.854,-60.567,0.964,0.266,104.854,-60.567,0.964,0.266,78.412,214.724,0.917,-0.400,275.634,51.180,0.966,0.260,275.634,51.180,0.966,0.260,275.543,146.822,0.550,-0.835,0.000,-1.000,0,0
327.941,66.257,0.021,-1.000,1,328.258,51.127,15.133,1,358.934,856.816,0,0,856.642,249.654,47.337,111.784,-58.655,0.964,0.266,111.784,-58.655,0.964,0.266,85.001,211.850,0.917,-0.400,282.716,52.275,1.000,-0.025,282.716,52.275,1.000,-0.025,279.284,140.686,0.480,-0.877,1.000,-1.000,0,0
339.801,60.153,0.757,-0.653,1,351.260,50.268,15.133,1,348.643,868.437,0,0,879.614,250.089,50.613,118.713,-56.742,0.964,0.266,118.713,-56.742,0.964,0.266,91.590,208.976,0.917,-0.400,289.885,51.782,1.000,-0.025,289.885,51.782,1.000,-0.025,283.078,134.589,0.629,-0.778,1.000,0.000,0,0
354.190,60.153,0.979,-0.202,1,369.012,57.099,15.133,1,334.648,882.815,0,0,897.532,255.841,57.707,125.643,-54.829,0.964,0.266,125.643,-54.829,0.964,0.266,98.179,206.102,0.917,-0.400,297.068,51.961,0.997,0.071,297.068,51.961,0.997,0.071,287.989,129.352,0.746,-0.666,1.000,0.000,0,0
368.579,60.153,0.998,-0.059,1,383.686,59.262,15.133,1,320.687,897.194,0,0,912.263,261.694,64.795,132.572,-52.917,0.964,0.266,132.572,-52.917,0.964,0.266,104.768,203.228,0.917,-0.400,304.233,52.535,0.996,0.084,304.233,52.535,0.996,0.084,293.552,124.803,0.809,-0.588,1.000,0.000,0,0
382.967,60.153,1.000,-0.015,1,398.099,59.924,15.133,1,306.766,911.573,0,0,926.687,267.640,71.914,139.502,-51.004,0.964,0.266,139.502,-51.004,0.964,0.266,111.358,200.354,0.917,-0.400,311.397,53.129,0.997,0.078,311.397,53.129,0.997,0.078,299.496,120.763,0.851,-0.525,1.000,0.000,0,0
391.601,60.153,1.000,-0.007,0,410.713,60.022,19.113,0,298.435,920.200,0,0,939.297,268.407,73.322,146.432,-49.092,0.964,0.266,146.432,-49.092,0.964,0.266,117.947,197.480,0.917,-0.400,318.566,53.665,0.998,0.069,318.566,53.665,0.998,0.069,305.699,117.132,0.878,-0.478,0.000,0.000,1,0
391.601,60.153,1.000,-0.007,0,434.178,59.862,42.579,0,298.435,920.200,0,0,962.741,259.880,64.699,154.747,-46.796,0.964,0.266,154.747,-46.796,0.964,0.266,125.854,194.031,0.917,-0.400,327.176,54.197,0.998,0.055,327.176,54.197,0.998,0.055,313.419,113.287,0.910,-0.415,0.000,0.000,0,0
391.601,60.153,1.000,-0.007,0,449.434,59.758,57.836,0,298.435,920.200,0,0,977.983,254.200,58.954,160.291,-45.266,0.964,0.266,160.291,-45.266,0.964,0.266,131.125,191.732,0.917,-0.400,332.920,54.483,0.999,0.045,332.920,54.483,0.999,0.045,318.715,111.048,0.931,-0.365,0.000,0.000,0,0
391.601,60.153,1.000,-0.007,0,468.079,59.631,76.482,0,298.435,920.200,0,0,996.609,247.103,51.777,167.220,-43.354,0.964,0.266,167.220,-43.354,0.964,0.266,137.714,188.858,0.917,-0.400,340.102,54.786,0.999,0.038,340.102,54.786,0.999,0.038,325.453,108.544,0.946,-0.324,0.000,0.000,0,0
391.601,60.153,1.000,-0.007,0,486.262,59.507,94.668,0,298.435,920.200,0,0,1014.774,240.013,44.608,174.150,-41.441,0.964,0.266,174.150,-41.441,0.964,0.266,144.303,185.984,0.917,-0.400,347.286,55.041,0.999,0.032,347.286,55.041,0.999,0.032,332.286,106.313,0.957,-0.291,0.000,0.000,0,0
391.601,60.153,1.000,-0.007,0,503.995,59.386,112.405,0,298.435,920.200,0,0,1032.489,232.928,37.450,181.080,-39.528,0.964,0.266,181.080,-39.528,0.964,0.266,150.893,183.110,0.917,-0.400,354.472,55.258,1.000,0.028,354.472,55.258,1.000,0.028,339.189,104.305,0.965,-0.263,0.000,0.000,0,0
391.601,60.153,1.000,-0.007,0,521.289,59.268,129.705,0,298.435,920.200,0,0,1049.765,225.850,30.310,188.009,-37.616,0.964,0.266,188.009,-37.616,0.964,0.266,157.482,180.236,0.917,-0.400,361.658,55.446,1.000,0.024,361.658,55.446,1.000,0.024,346.143,102.484,0.971,-0.240,0.000,0.000,0,0
391.601,60.153,1.000,-0.007,0,538.156,59.153,146.579,0,298.435,920.200,0,0,1066.613,218.779,23.205,194.939,-35.703,0.964,0.266,194.939,-35.703,0.964,0.266,164.071,177.362,0.917,-0.400,368.845,55.609,1.000,0.021,368.845,55.609,1.000,0.021,353.136,100.821,0.976,-0.220,0.000,0.000,0,0
391.601,60.153,1.000,-0.007,0,554.604,59.040,163.038,0,298.435,920.200,0,0,1083.043,211.716,16.179,201.869,-33.791,0.964,0.266,201.869,-33.791,0.964,0.266,170.660,174.487,0.917,-0.400,376.032,55.752,1.000,0.018,376.032,55.752,1.000,0.018,360.161,99.292,0.979,-0.203,0.000,0.000,0,0
391.601,60.153,1.000,-0.007,0,570.646,58.931,179.092,0,298.435,920.200,0,0,1099.067,204.662,9.408,208.798,-31.878,0.964,0.266,208.798,-31.878,0.964,0.266,177.250,171.613,0.917,-0.400,383.220,55.878,1.000,0.016,383.220,55.878,1.000,0.016,367.209,97.878,0.982,-0.188,0.000,0.000,0,0
391.601,60.153,1.000,-0.007,0,586.290,58.824,194.753,0,298.435,920.200,0,0,1114.694,197.617,4.331,215.728,-29.965,0.964,0.266,215.728,-29.965,0.964,0.266,183.839,168.739,0.917,-0.400,390.408,55.989,1.000,0.014,390.408,55.989,1.000,0.014,374.276,96.564,0.985,-0.175,0.000,0.000,0,0
391.601,60.153,1.000,-0.007,0,601.548,58.720,210.029,0,298.435,920.200,0,0,1129.935,190.583,7.243,222.657,-28.053,0.964,0.266,222.657,-28.053,0.964,0.266,190.428,165.865,0.917,-0.400,397.596,56.089,1.000,0.013,397.596,56.089,1.000,0.013,381.360,95.337,0.986,-0.164,0.000,0.000,0,0
391.601,60.153,1.000,-0.007,0,616.427,58.619,224.932,0,298.435,920.200,0,0,1144.799,183.562,13.769,229.587,-26.140,0.964,0.266,229.587,-26.140,0.964,0.266,197.017,162.991,0.917,-0.400,404.784,56.177,1.000,0.012,404.784,56.177,1.000,0.012,388.456,94.187,0.988,-0.154,0.000,0.000,0,0
391.601,60.153,1.000,-0.007,0,630.258,58.524,238.755,0,298.435,920.200,0,0,1158.623,176.553,20.741,236.517,-24.228,0.964,0.266,236.517,-24.228,0.964,0.266,203.606,160.117,0.917,-0.400,411.972,56.257,1.000,0.010,411.972,56.257,1.000,0.010,395.562,93.104,0.989,-0.146,0.000,0.000,0,0
391.601,60.153,1.000,-0.007,0,643.725,58.432,252.218,0,298.435,920.200,0,0,1172.084,169.560,27.824,243.446,-22.315,0.964,0.266,243.446,-22.315,0.964,0.266,210.196,157.243,0.917,-0.400,419.160,56.329,1.000,0.009,419.160,56.329,1.000,0.009,402.677,92.078,0.990,-0.138,0.000,0.000,0,0
39.000,287.000,0.897,0.443,0,656.801,58.343,658.788,0,657.611,622.345,0,0,1185.154,124.004,101.316,-85.000,286.000,0.000,0.000,-85.000,286.000,0.000,0.000,-296.000,285.000,0.000,0.000,140.000,279.000,0.000,0.000,140.000,279.000,0.000,0.000,290.700,275.300,0.000,0.000,0.000,0.000,0,0
39.000,284.123,0.948,0.318,0,669.495,58.256,669.764,0,656.973,621.175,0,0,1197.842,124.014,101.130,-85.000,286.000,0.000,0.000,-85.000,286.000,0.000,0.000,-296.000,285.000,0.000,0.000,140.000,279.000,0.000,0.000,140.000,279.000,0.000,0.000,290.700,275.300,0.000,0.000,0.000,-1.000,0,0
39.000,269.734,0.598,-0.801,0,671.189,58.194,666.672,0,653.921,615.450,0,0,1199.538,125.062,101.424,-85.000,286.000,0.000,0.000,-85.000,286.000,0.000,0.000,-296.000,285.000,0.000,0.000,140.000,279.000,0.000,0.000,140.000,279.000,0.000,0.000,290.700,275.300,0.000,0.000,0.000,-1.000,0,0
39.000,255.346,0.099,-0.995,0,670.189,58.135,661.305,0,651.172,610.010,0,0,1198.541,127.733,103.733,-85.000,286.000,0.000,0.000,-85.000,286.000,0.000,0.000,-296.000,285.000,0.000,0.000,140.000,279.000,0.000,0.000,140.000,279.000,0.000,0.000,290.700,275.300,0.000,0.000,0.000,-1.000,0,0
39.000,240.957,0.029,-1.000,0,669.807,58.081,656.802,0,648.732,604.864,0,0,1198.160,131.928,107.927,-85.000,286.000,0.000,0.000,-85.000,286.000,0.000,0.000,44.000,-93.000,0.000,0.000,140.000,279.000,0.000,0.000,140.000,279.000,0.000,0.000,290.700,275.300,0.000,0.000,0.000,-1.000,0,0
39.000,226.568,0.008,-1.000,0,669.806,58.028,652.953,0,646.602,600.019,0,0,1198.161,137.507,113.799,-85.000,286.000,0.000,0.000,-85.000,286.000,0.000,0.000,44.000,-93.000,0.000,0.000,140.000,279.000,0.000,0.000,140.000,279.000,0.000,0.000,290.700,275.300,0.000,0.000,0.000,-1.000,0,0
39.000,212.180,0.002,-1.000,0,669.806,57.977,649.399,0,644.786,595.482,0,0,1198.161,144.310,121.103,-85.000,286.000,0.000,0.000,-85.000,286.000,0.000,0.000,44.000,-93.000,0.000,0.000,140.000,279.000,0.000,0.000,140.000,279.000,0.000,0.000,290.700,275.300,0.000,0.000,0.000,-1.000,0,0
39.000,197.791,0.001,-1.000,0,669.806,57.927,646.144,0,643.288,591.261,0,0,1198.160,152.174,129.599,-85.000,286.000,0.000,0.000,-85.000,286.000,0.000,0.000,44.000,-93.000,0.000,0.000,140.000,279.000,0.000,0.000,140.000,279.000,0.000,0.000,290.700,275.300,0.000,0.000,0.000,-1.000,0,0
45.105,185.931,0.346,-0.938,0,669.806,57.878,637.710,0,636.206,593.912,0,0,1198.159,164.137,132.917,-85.000,286.000,0.000,0.000,-85.000,286.000,0.000,0.000,44.000,-93.000,0.000,0.000,140.000,279.000,0.000,0.000,140.000,279.000,0.000,0.000,290.700,275.300,0.000,0.000,1.000,-1.000,0,0
55.279,175.757,0.626,-0.780,0,669.806,57.830,625.761,0,625.367,601.203,0,0,1198.156,178.415,133.555,-85.000,286.000,0.000,0.000,-85.000,286.000,0.000,0.000,44.000,-93.000,0.000,0.000,140.000,279.000,0.000,0.000,140.000,279.000,0.000,0.000,290.700,275.300,0.000,0.000,1.000,-1.000,0,0
63.418,164.739,0.604,-0.797,0,59.000,80.600,84.495,0,616.667,606.578,0,0,589.175,191.657,137.551,-85.000,286.000,0.000,0.000,-85.000,286.000,0.000,0.000,44.000,-93.000,0.000,0.000,140.000,279.000,0.000,0.000,140.000,279.000,0.000,0.000,290.700,275.300,0.000,0.000,0.000,-1.000,0,0
63.418,150.351,0.185,-0.983,0,59.000,80.600,70.188,0,616.209,603.566,0,0,589.173,201.069,149.718,-85.000,286.000,0.000,0.000,-85.000,286.000,0.000,0.000,44.000,-93.000,0.000,0.000,140.000,279.000,0.000,0.000,140.000,279.000,0.000,0.000,108.800,-94.600,0.000,0.000,0.000,-1.000,0,0
71.558,139.333,0.514,-0.857,0,59.000,80.600,60.428,0,607.948,609.488,0,0,589.170,214.526,155.535,-85.000,286.000,0.000,0.000,-85.000,286.000,0.000,0.000,44.000,-93.000,0.000,0.000,140.000,279.000,0.000,0.000,140.000,279.000,0.000,0.000,108.800,-94.600,0.000,0.000,1.000,-1.000,0,0
79.697,128.316,0.579,-0.816,0,59.000,80.600,52.433,0,599.886,615.657,0,0,589.171,224.177,162.302,44.000,-93.000,0.000,0.000,44.000,-93.000,0.000,0.000,-85.000,286.000,0.000,0.000,140.000,279.000,0.000,0.000,140.000,279.000,0.000,0.000,108.800,-94.600,0.000,0.000,0.000,-1.000,0,0
79.697,113.928,0.169,-0.986,0,59.000,80.600,39.788,0,600.288,613.545,0,0,589.171,209.984,175.742,44.000,-93.000,0.000,0.000,44.000,-93.000,0.000,0.000,-85.000,286.000,0.000,0.000,140.000,279.000,0.000,0.000,140.000,279.000,0.000,0.000,108.800,-94.600,0.000,0.000,-1.000,-1.000,0,0
69.523,103.753,-0.499,-0.867,1,61.975,90.637,15.133,1,610.935,602.154,0,0,593.201,198.402,188.887,44.000,-93.000,0.000,0.000,44.000,-93.000,0.000,0.000,-85.000,286.000,0.000,0.000,140.000,279.000,0.000,0.000,140.000,279.000,0.000,0.000,108.800,-94.600,0.000,0.000,-1.000,-1.000,0,0
61.384,92.736,-0.541,-0.841,1,53.191,80.012,15.133,1,619.765,592.828,0,0,583.474,186.548,193.244,44.000,-93.000,0.000,0.000,44.000,-93.000,0.000,0.000,-67.000,-108.000,0.000,0.000,108.800,-94.600,0.000,0.000,108.800,-94.600,0.000,0.000,140.000,279.000,0.000,0.000,0.000,0.000,0,0
72.895,92.736,0.438,-0.899,1,79.529,79.135,15.133,1,608.289,604.273,0,0,609.644,187.970,190.746,44.000,-93.000,0.000,0.000,44.000,-93.000,0.000,0.000,-67.000,-108.000,0.000,0.000,108.800,-94.600,0.000,0.000,108.800,-94.600,0.000,0.000,140.000,279.000,0.000,0.000,1.000,0.000,0,0
86.323,94.771,0.986,0.169,1,101.237,97.336,15.133,1,594.752,617.835,0,0,632.931,192.482,190.700,44.000,-93.000,0.000,0.000,44.000,-93.000,0.000,0.000,-67.000,-108.000,0.000,0.000,108.800,-94.600,0.000,0.000,108.800,-94.600,0.000,0.000,140.000,279.000,0.000,0.000,1.000,1.000,0,0
96.497,104.945,0.827,0.562,1,109.016,113.448,15.133,1,583.946,629.069,0,0,642.535,204.788,179.409,44.000,-93.000,0.000,0.000,44.000,-93.000,0.000,0.000,-85.000,286.000,0.000,0.000,140.000,279.000,0.000,0.000,140.000,279.000,0.000,0.000,108.800,-94.600,0.000,0.000,1.000,1.000,0,0
106.672,115.120,0.741,0.671,1,117.888,125.279,15.133,1,573.298,640.429,0,0,652.937,217.351,167.235,44.000,-93.000,0.000,0.000,44.000,-93.000,0.000,0.000,-85.000,286.000,0.000,0.000,140.000,279.000,0.000,0.000,140.000,279.000,0.000,0.000,108.800,-94.600,0.000,0.000,1.000,1.000,0,0
116.846,125.294,0.717,0.697,1,127.698,135.841,15.133,1,562.816,651.908,0,0,664.229,230.128,155.440,44.000,-93.000,0.000,0.000,44.000,-93.000,0.000,0.000,-85.000,286.000,0.000,0.000,140.000,279.000,0.000,0.000,140.000,279.000,0.000,0.000,108.800,-94.600,0.000,0.000,1.000,1.000,0,0
128.706,131.399,0.862,0.507,1,141.747,139.076,15.133,1,550.857,664.538,0,0,678.610,239.854,148.033,44.000,-93.000,0.000,0.000,44.000,-93.000,0.000,0.000,-85.000,286.000,0.000,0.000,140.000,279.000,0.000,0.000,140.000,279.000,0.000,0.000,290.700,275.300,0.000,0.000,1.000,0.000,0,0
143.095,131.399,0.988,0.154,1,158.048,133.723,15.133,1,536.476,678.761,0,0,693.890,245.305,147.634,44.000,-93.000,0.000,0.000,44.000,-93.000,0.000,0.000,-85.000,286.000,0.000,0.000,140.000,279.000,0.000,0.000,140.000,279.000,0.000,0.000,290.700,275.300,0.000,0.000,1.000,0.000,0,0
157.483,131.399,0.999,0.041,1,172.604,132.020,15.133,1,522.095,692.990,0,0,708.039,251.462,148.633,44.000,-93.000,0.000,0.000,44.000,-93.000,0.000,0.000,-85.000,286.000,0.000,0.000,140.000,279.000,0.000,0.000,140.000,279.000,0.000,0.000,290.700,275.300,0.000,0.000,1.000,0.000,0,0
168.501,123.259,0.900,-0.436,1,182.121,116.663,15.133,1,511.252,702.774,0,0,715.454,249.536,158.327,44.000,-93.000,0.000,0.000,44.000,-93.000,0.000,0.000,-85.000,286.000,0.000,0.000,140.000,279.000,0.000,0.000,140.000,279.000,0.000,0.000,290.700,275.300,0.000,0.000,1.000,-1.000,0,0
178.675,113.085,0.768,-0.641,1,190.292,103.387,15.133,1,501.487,711.612,0,0,722.112,246.187,170.363,44.000,-93.000,0.000,0.000,44.000,-93.000,0.000,0.000,-85.000,286.000,0.000,0.000,140.000,279.000,0.000,0.000,140.000,279.000,0.000,0.000,290.700,275.300,0.000,0.000,1.000,-1.000,0,0
188.849,102.910,0.725,-0.688,1,199.826,92.492,15.133,1,491.949,720.629,0,0,730.597,243.644,182.740,44.000,-93.000,0.000,0.000,44.000,-93.000,0.000,0.000,-85.000,286.000,0.000,0.000,140.000,279.000,0.000,0.000,140.000,279.000,0.000,0.000,290.700,275.300,0.000,0.000,1.000,-1.000,0,0
199.024,92.736,0.712,-0.702,1,209.806,82.117,15.133,1,482.652,729.818,0,0,739.749,241.930,195.392,44.000,-93.000,0.000,0.000,44.000,-93.000,0.000,0.000,-67.000,-108.000,0.000,0.000,140.000,279.000,0.000,0.000,140.000,279.000,0.000,0.000,290.700,275.300,0.000,0.000,1.000,-1.000,0,0
209.198,82.562,0.709,-0.706,1,219.920,71.882,15.133,1,473.610,739.174,0,0,749.208,241.065,196.826,44.000,-93.000,0.000,0.000,44.000,-93.000,0.000,0.000,70.000,-221.000,0.000,0.000,292.000,-96.000,0.000,0.000,292.000,-96.000,0.000,0.000,108.800,-94.600,0.000,0.000,1.000,-1.000,0,0
219.372,72.387,0.708,-0.707,1,230.079,61.693,15.133,1,464.837,748.689,0,0,758.868,241.057,180.508,44.000,-93.000,0.000,0.000,44.000,-93.000,0.000,0.000,70.000,-221.000,0.000,0.000,290.923,-93.334,-0.365,0.931,290.923,-93.334,-0.365,0.931,108.800,-94.600,0.000,0.000,1.000,-1.000,0,0
232.918,70.353,0.959,-0.283,1,247.434,66.074,15.133,1,451.738,762.103,0,0,776.391,249.748,166.476,44.000,-93.000,0.000,0.000,44.000,-93.000,0.000,0.000,70.000,-221.000,0.000,0.000,288.569,-86.546,-0.260,0.966,288.569,-86.546,-0.260,0.966,288.112,265.578,-0.200,-0.980,1.000,0.000,0,0
247.307,70.353,0.997,-0.075,1,262.397,69.211,15.133,1,437.526,776.470,0,0,791.481,260.802,155.052,44.000,-93.000,0.000,0.000,44.000,-93.000,0.000,0.000,70.000,-221.000,0.000,0.000,286.980,-79.538,-0.163,0.987,286.980,-79.538,-0.163,0.987,286.880,258.498,-0.128,-0.992,1.000,0.000,0,0
261.696,70.353,1.000,-0.021,1,276.825,70.027,15.133,1,423.325,790.837,0,0,805.930,272.168,144.829,44.000,-93.000,0.000,0.000,44.000,-93.000,0.000,0.000,70.000,-221.000,0.000,0.000,286.087,-72.408,-0.065,0.998,286.087,-72.408,-0.065,0.998,286.175,251.345,-0.051,-0.999,1.000,0.000,0,0
275.241,72.387,0.984,0.178,1,290.132,75.089,15.133,1,409.638,804.466,0,0,819.475,284.298,138.025,44.000,-93.000,0.000,0.000,44.000,-93.000,0.000,0.000,-36.510,-99.585,0.964,0.266,285.916,-65.224,0.030,1.000,285.916,-65.224,0.030,1.000,286.037,244.160,0.024,-1.000,1.000,1.000,0,0
283.381,83.405,0.697,0.717,1,293.924,94.261,15.133,1,399.962,813.230,0,0,824.513,297.358,141.479,44.000,-93.000,0.000,0.000,44.000,-93.000,0.000,0.000,-29.580,-97.672,0.964,0.266,286.270,-58.045,0.050,0.999,286.270,-58.045,0.050,0.999,286.359,236.979,0.053,-0.999,-1.000,1.000,0,0
270.678,87.474,-0.480,0.877,1,263.410,100.748,15.133,1,412.023,800.834,0,0,794.642,289.748,139.201,44.000,-93.000,0.000,0.000,44.000,-93.000,0.000,0.000,-22.651,-95.759,0.964,0.266,286.122,-50.868,-0.148,0.989,286.122,-50.868,-0.148,0.989,286.166,229.806,-0.174,-0.985,-1.000,0.000,0,0
256.289,87.474,-0.972,0.234,1,241.577,91.021,15.133,1,426.297,786.485,0,0,772.083,278.635,134.342,44.000,-93.000,0.000,0.000,44.000,-93.000,0.000,0.000,-15.721,-93.847,0.964,0.266,284.547,-43.862,-0.304,0.953,284.547,-43.862,-0.304,0.953,284.453,222.831,-0.309,-0.951,-1.000,0.000,0,0
241.901,87.474,-0.998,0.069,1,226.803,88.512,15.133,1,440.578,772.137,0,0,757.162,267.835,130.907,44.000,-93.000,0.000,0.000,44.000,-93.000,0.000,0.000,-8.791,-91.934,0.964,0.266,282.072,-37.117,-0.403,0.915,282.072,-37.117,-0.403,0.915,281.974,216.087,-0.397,-0.918,-1.000,0.000,0,0
227.512,87.474,-1.000,0.019,1,212.381,87.768,15.133,1,454.866,757.791,0,0,742.729,257.386,128.834,44.000,-93.000,0.000,0.000,44.000,-93.000,0.000,0.000,-1.862,-90.021,0.964,0.266,278.920,-30.659,-0.490,0.872,278.920,-30.659,-0.490,0.872,278.881,209.600,-0.479,-0.878,-1.000,0.000,0,0
215.652,93.579,-0.921,0.391,1,201.721,99.490,15.133,1,466.028,746.455,0,0,733.106,253.527,124.954,44.000,-93.000,0.000,0.000,44.000,-93.000,0.000,0.000,5.068,-88.109,0.964,0.266,275.178,203.443,-0.577,-0.817,275.178,203.443,-0.577,-0.817,275.259,-24.473,-0.510,0.860,-1.000,1.000,0,0
205.477,103.753,-0.774,0.633,1,193.763,113.334,15.133,1,475.312,737.255,0,0,726.625,254.533,114.466,44.000,-93.000,0.000,0.000,44.000,-93.000,0.000,0.000,-9.883,253.236,0.917,-0.400,270.748,197.787,-0.674,-0.739,270.748,197.787,-0.674,-0.739,271.610,-18.279,-0.509,0.861,-1.000,1.000,0,0
195.303,113.928,-0.729,0.685,0,181.571,124.458,17.305,0,484.846,728.223,0,0,715.885,243.771,105.633,-5.930,251.512,0.000,0.000,-5.930,251.512,0.000,0.000,44.000,-93.000,0.000,0.000,265.629,192.747,-0.776,-0.631,265.629,192.747,-0.776,-0.631,267.904,-12.120,-0.534,0.845,-1.000,1.000,0,1
185.129,124.102,-0.713,0.701,0,165.424,135.400,22.714,0,494.615,719.366,0,0,701.428,229.645,98.647,-5.930,251.512,0.000,0.000,-5.930,251.512,0.000,0.000,44.000,-93.000,0.000,0.000,259.759,188.613,-0.871,-0.491,259.759,188.613,-0.871,-0.491,263.952,-6.116,-0.571,0.821,-1.000,1.000,0,0
176.146,130.207,-0.856,0.517,0,149.676,146.071,30.862,0,503.459,711.289,0,0,687.566,218.785,94.906,-5.930,251.512,0.000,0.000,-5.930,251.512,0.000,0.000,32.786,-80.458,0.964,0.266,253.297,185.477,-0.935,-0.355,253.297,185.477,-0.935,-0.355,140.000,279.000,0.000,0.000,0.000,0.000,0,0
176.146,127.329,-0.959,0.284,0,134.318,156.477,50.986,0,503.511,710.893,0,0,674.288,220.393,89.858,-5.930,251.512,0.000,0.000,-5.930,251.512,0.000,0.000,39.716,-78.546,0.964,0.266,246.456,183.284,-0.973,-0.233,246.456,183.284,-0.973,-0.233,255.362,5.410,-0.625,0.780,0.000,-1.000,0,0
176.146,112.940,-0.609,-0.793,0,119.340,166.627,78.167,0,504.018,709.084,0,0,661.581,228.810,93.597,-5.930,251.512,0.000,0.000,-5.930,251.512,0.000,0.000,46.645,-76.633,0.964,0.266,239.400,181.928,-0.992,-0.126,239.400,181.928,-0.992,-0.126,250.807,10.971,-0.645,0.764,0.000,-1.000,0,0
176.146,98.551,-0.139,-0.990,0,104.733,176.525,105.744,0,504.935,707.564,0,0,649.433,212.243,99.958,53.575,-74.721,0.964,0.266,53.575,-74.721,0.964,0.266,44.000,-93.000,0.000,0.000,232.243,181.285,-0.999,-0.037,232.243,181.285,-0.999,-0.037,246.119,16.421,-0.662,0.750,0.000,-1.000,0,0
176.146,84.163,-0.036,-0.999,0,90.487,186.178,133.223,0,506.260,706.333,0,0,637.831,194.969,90.222,60.505,-72.808,0.964,0.266,60.505,-72.808,0.964,0.266,44.000,-93.000,0.000,0.000,241.319,21.772,-0.676,0.737,241.319,21.772,-0.676,0.737,225.056,181.238,-0.999,0.037,-1.000,-1.000,0,0
165.972,73.988,-0.500,-0.866,0,76.594,195.592,150.939,0,517.531,695.487,0,0,626.762,175.217,84.663,67.434,-70.895,0.964,0.266,67.434,-70.895,0.964,0.266,44.000,-93.000,0.000,0.000,236.423,27.036,-0.688,0.726,236.423,27.036,-0.688,0.726,217.882,181.684,-0.995,0.098,-1.000,-1.000,0,0
155.798,63.814,-0.657,-0.754,0,63.045,204.773,168.770,0,528.953,684.770,0,0,616.215,155.777,81.980,74.364,-68.983,0.964,0.266,74.364,-68.983,0.964,0.266,44.000,-93.000,0.000,0.000,231.446,32.223,-0.698,0.716,231.446,32.223,-0.698,0.716,210.746,182.540,-0.989,0.149,-1.000,-1.000,0,0
142.252,61.779,-0.957,-0.289,0,49.832,213.727,177.894,0,542.644,671.148,0,0,606.177,142.542,87.623,81.293,-67.070,0.964,0.266,81.293,-67.070,0.964,0.266,44.000,-93.000,0.000,0.000,226.399,37.342,-0.707,0.707,226.399,37.342,-0.707,0.707,203.658,183.737,-0.982,0.191,-1.000,0.000,0,0
127.863,61.779,-0.997,-0.083,0,36.945,222.459,184.686,0,556.888,656.779,0,0,596.636,132.982,95.415,88.223,-65.157,0.964,0.266,88.223,-65.157,0.964,0.266,44.000,-93.000,0.000,0.000,221.290,42.399,-0.715,0.699,221.290,42.399,-0.715,0.699,196.624,185.219,-0.974,0.227,-1.000,0.000,0,0
114.318,63.814,-0.988,0.156,0,24.377,230.976,189.913,0,570.037,643.353,0,0,587.578,128.496,103.124,95.152,-63.245,0.964,0.266,95.152,-63.245,0.964,0.266,44.000,-93.000,0.000,0.000,216.126,47.401,-0.722,0.692,216.126,47.401,-0.722,0.692,189.645,186.941,-0.966,0.257,-1.000,1.000,0,0
108.213,75.674,-0.655,0.756,0,7.941,245.462,197.186,1,574.683,637.981,0,0,577.510,137.144,105.322,102.082,-61.332,0.964,0.266,102.082,-61.332,0.964,0.266,44.000,-93.000,0.000,0.000,210.923,52.360,-0.725,0.689,210.923,52.360,-0.725,0.689,182.764,189.015,-0.952,0.307,0.000,1.000,0,0
108.213,90.063,-0.194,0.981,0,7.941,245.462,184.941,1,573.303,639.152,0,0,577.510,149.485,102.854,109.012,-59.420,0.964,0.266,109.012,-59.420,0.964,0.266,44.000,-93.000,0.000,0.000,205.714,57.315,-0.725,0.689,205.714,57.315,-0.725,0.689,175.923,191.224,-0.952,0.307,0.000,1.000,0,0
108.213,104.452,-0.055,0.998,0,7.941,245.462,173.027,1,572.283,640.644,0,0,577.510,162.143,101.476,115.941,-57.507,0.964,0.266,115.941,-57.507,0.964,0.266,-5.930,251.512,0.000,0.000,200.506,62.270,-0.725,0.689,200.506,62.270,-0.725,0.689,169.082,193.432,-0.952,0.307,-1.000,1.000,0,0
98.039,114.626,-0.548,0.837,0,7.941,245.462,158.857,1,581.940,631.809,0,0,577.510,171.893,103.370,-5.930,251.512,0.000,0.000,-5.930,251.512,0.000,0.000,122.871,-55.594,0.964,0.266,162.241,195.641,-0.952,0.307,162.241,195.641,-0.952,0.307,195.298,67.225,-0.725,0.689,-1.000,1.000,0,0
87.864,124.800,-0.667,0.745,0,7.941,245.462,144.730,1,591.790,623.180,0,0,577.510,157.649,99.485,-5.930,251.512,0.000,0.000,-5.930,251.512,0.000,0.000,129.800,-53.682,0.964,0.266,155.400,197.850,-0.952,0.307,155.400,197.850,-0.952,0.307,190.089,72.180,-0.725,0.689,-1.000,1.000,0,0
85.829,138.346,-0.260,0.966,0,7.941,245.462,132.440,1,593.680,623.361,0,0,577.510,145.692,87.997,-5.930,251.512,0.000,0.000,-5.930,251.512,0.000,0.000,136.730,-51.769,0.964,0.266,148.559,200.059,-0.952,0.307,148.559,200.059,-0.952,0.307,184.881,77.134,-0.725,0.689,0.000,1.000,0,0
74.812,149.363,-0.651,0.759,0,7.941,245.462,117.075,1,604.802,614.544,0,0,577.510,130.206,84.504,-5.930,251.512,0.000,0.000,-5.930,251.512,0.000,0.000,145.046,-49.474,0.964,0.266,140.350,202.709,-0.952,0.307,140.350,202.709,-0.952,0.307,178.631,83.080,-0.725,0.689,-1.000,0.000,0,0
63.301,149.363,-0.961,0.275,0,7.941,245.462,110.904,1,616.307,603.257,0,0,577.510,123.399,90.336,-5.930,251.512,0.000,0.000,-5.930,251.512,0.000,0.000,150.589,-47.944,0.964,0.266,134.877,204.476,-0.952,0.307,134.877,204.476,-0.952,0.307,174.464,87.044,-0.725,0.689,-1.000,0.000,0,0
50.598,145.294,-0.976,-0.219,0,9.259,244.887,107.832,1,628.942,590.008,0,0,578.520,119.201,98.821,-4.612,250.937,0.917,-0.400,-4.612,250.937,0.917,-0.400,157.519,-46.031,0.964,0.266,128.036,206.685,-0.952,0.306,128.036,206.685,-0.952,0.306,169.256,91.999,-0.723,0.691,-1.000,-1.000,0,0
46.528,132.591,-0.522,-0.853,0,15.848,242.013,113.642,1,632.990,583.671,0,0,583.599,123.769,106.735,1.977,248.063,0.917,-0.400,1.977,248.063,0.917,-0.400,164.449,-44.119,0.964,0.266,121.187,208.869,-0.954,0.300,121.187,208.869,-0.954,0.300,164.082,96.989,-0.715,0.699,0.000,-1.000,0,0
46.528,118.202,-0.160,-0.987,0,22.438,239.139,123.313,1,633.274,581.337,0,0,588.721,132.540,113.595,8.566,245.189,0.917,-0.400,8.566,245.189,0.917,-0.400,171.378,-42.206,0.964,0.266,158.969,102.043,-0.706,0.709,158.969,102.043,-0.706,0.709,114.324,211.007,-0.956,0.293,0.000,-1.000,0,0
40.424,106.342,-0.474,-0.880,0,29.027,236.265,130.422,1,639.849,573.625,0,0,593.887,138.301,113.504,15.156,242.315,0.917,-0.400,15.156,242.315,0.917,-0.400,44.000,-93.000,0.000,0.000,153.925,107.165,-0.695,0.719,153.925,107.165,-0.695,0.719,107.442,213.086,-0.959,0.283,-1.000,-1.000,0,0
30.250,96.167,-0.644,-0.765,0,35.616,233.391,137.328,1,650.581,562.272,0,0,599.094,143.526,119.810,21.745,239.441,0.917,-0.400,21.745,239.441,0.917,-0.400,44.000,-93.000,0.000,0.000,148.960,112.363,-0.684,0.730,148.960,112.363,-0.684,0.730,100.539,215.091,-0.962,0.271,-1.000,-1.000,0,0
20.075,85.993,-0.689,-0.724,0,42.205,230.517,146.208,1,661.453,551.062,0,0,604.341,150.800,127.984,28.334,236.567,0.917,-0.400,28.334,236.567,0.917,-0.400,44.000,-93.000,0.000,0.000,144.083,117.645,-0.670,0.742,144.083,117.645,-0.670,0.742,93.607,216.996,-0.967,0.254,-1.000,0.000,0,0
5.686,85.993,-0.962,-0.274,0,48.794,227.643,148.064,1,675.794,536.754,0,0,609.629,150.566,138.659,34.923,233.693,0.917,-0.400,34.923,233.693,0.917,-0.400,44.000,-93.000,0.000,0.000,139.311,123.020,-0.654,0.756,139.311,123.020,-0.654,0.756,86.638,218.757,-0.974,0.229,-1.000,0.000,0,0
-8.702,85.993,-0.997,-0.075,0,66.171,225.719,158.523,2,690.137,522.449,0,0,625.493,153.284,149.745,41.512,230.819,0.917,-0.400,41.512,230.819,0.917,-0.400,44.000,-93.000,0.000,0.000,134.841,128.641,-0.577,0.816,134.841,128.641,-0.577,0.816,80.872,222.128,-0.542,0.840,-1.000,0.000,0,0
-22.248,88.028,-0.997,0.083,0,62.272,231.759,166.740,2,703.495,509.212,0,0,623.710,156.607,159.852,48.101,227.945,0.917,-0.400,48.101,227.945,0.917,-0.400,44.000,-93.000,0.000,0.000,130.696,134.515,-0.575,0.818,130.696,134.515,-0.575,0.818,76.973,228.167,-0.542,0.840,-1.000,1.000,0,0
-32.422,98.202,-0.824,0.567,0,58.373,237.798,166.526,2,713.002,500.375,0,0,622.004,153.897,164.491,54.691,225.071,0.917,-0.400,54.691,225.071,0.917,-0.400,44.000,-93.000,0.000,0.000,126.565,140.398,-0.574,0.819,126.565,140.398,-0.574,0.819,73.074,234.207,-0.542,0.840,-1.000,1.000,0,0
-42.597,108.377,-0.744,0.669,0,54.474,243.838,166.651,2,722.672,491.800,0,0,620.376,154.095,169.342,61.280,222.197,0.917,-0.400,61.280,222.197,0.917,-0.400,44.000,-93.000,0.000,0.000,122.447,146.290,-0.572,0.820,122.447,146.290,-0.572,0.820,69.175,240.246,-0.542,0.840,-1.000,1.000,0,0
-52.771,118.551,-0.718,0.696,0,51.513,254.776,171.559,0,732.496,483.501,0,0,621.452,157.191,173.964,67.869,219.322,0.917,-0.400,67.869,219.322,0.917,-0.400,44.000,-93.000,0.000,0.000,65.349,246.267,-0.543,0.840,65.349,246.267,-0.543,0.840,118.408,152.237,-0.546,0.838,-1.000,1.000,0,0
-62.945,128.725,-0.710,0.704,0,49.176,265.253,176.667,0,742.469,475.493,0,0,623.133,163.019,175.345,74.458,216.448,0.917,-0.400,74.458,216.448,0.917,-0.400,44.000,-93.000,0.000,0.000,61.448,252.306,-0.543,0.840,61.448,252.306,-0.543,0.840,114.554,158.304,-0.522,0.853,-1.000,1.000,0,0
-73.120,138.900,-0.708,0.706,0,46.896,275.471,181.812,0,752.585,467.790,0,0,624.944,171.300,177.034,81.047,213.574,0.917,-0.400,81.047,213.574,0.917,-0.400,44.000,-93.000,0.000,0.000,57.548,258.344,-0.543,0.840,57.548,258.344,-0.543,0.840,110.870,164.477,-0.499,0.866,-1.000,1.000,0,0
-83.294,149.074,-0.707,0.707,0,44.672,285.436,187.004,0,762.838,460.409,0,0,626.871,181.700,179.023,87.637,210.700,0.917,-0.400,87.637,210.700,0.917,-0.400,-296.000,285.000,0.000,0.000,53.648,264.383,-0.543,0.840,53.648,264.383,-0.543,0.840,107.338,170.738,-0.479,0.878,-1.000,1.000,0,0
-87.364,161.777,-0.374,0.928,0,42.504,295.154,186.162,0,767.197,459.932,0,0,628.902,187.337,174.938,94.226,207.826,0.917,-0.400,94.226,207.826,0.917,-0.400,-296.000,285.000,0.000,0.000,49.747,270.422,-0.543,0.840,49.747,270.422,-0.543,0.840,103.944,177.075,-0.462,0.887,0.000,1.000,0,0
-87.364,176.166,-0.106,0.994,0,40.389,304.632,181.182,0,767.780,464.231,0,0,631.026,190.368,166.746,100.815,204.952,0.917,-0.400,100.815,204.952,0.917,-0.400,-296.000,285.000,0.000,0.000,45.847,276.460,-0.543,0.840,45.847,276.460,-0.543,0.840,100.673,183.477,-0.445,0.895,0.000,1.000,0,0
-87.364,190.554,-0.029,1.000,0,38.327,313.875,176.100,0,768.631,468.933,0,0,633.232,195.108,158.666,107.404,202.078,0.917,-0.400,107.404,202.078,0.917,-0.400,-296.000,285.000,0.000,0.000,41.947,282.499,-0.543,0.840,41.947,282.499,-0.543,0.840,97.513,189.934,-0.431,0.902,0.000,1.000,0,0
-87.364,204.943,-0.009,1.000,0,36.315,322.889,170.928,0,769.751,474.024,0,0,635.510,201.439,150.718,113.993,199.204,0.917,-0.400,113.993,199.204,0.917,-0.400,-296.000,285.000,0.000,0.000,38.047,288.538,-0.543,0.840,38.047,288.538,-0.543,0.840,94.454,196.439,-0.418,0.909,0.000,1.000,0,0
-87.364,219.332,-0.002,1.000,0,34.354,331.680,165.683,0,771.137,479.494,0,0,637.853,209.214,142.921,120.582,196.330,0.917,-0.400,120.582,196.330,0.917,-0.400,-296.000,285.000,0.000,0.000,34.146,294.576,-0.543,0.840,34.146,294.576,-0.543,0.840,91.486,202.986,-0.406,0.914,0.000,1.000,0,0
-87.364,233.720,-0.001,1.000,0,32.441,340.254,160.383,0,772.789,485.329,0,0,640.250,214.846,135.303,-296.000,285.000,0.000,0.000,-296.000,285.000,0.000,0.000,127.172,193.456,0.917,-0.400,30.246,300.615,-0.543,0.840,30.246,300.615,-0.543,0.840,88.601,209.571,-0.395,0.919,0.000,1.000,0,0
-87.364,248.109,0.000,1.000,0,30.575,348.615,155.049,0,774.705,491.516,0,0,642.694,211.873,127.896,-296.000,285.000,0.000,0.000,-296.000,285.000,0.000,0.000,133.761,190.582,0.917,-0.400,26.346,306.654,-0.543,0.840,26.346,306.654,-0.543,0.840,85.792,216.188,-0.385,0.923,0.000,1.000,0,0
-87.364,262.498,0.000,1.000,0,28.755,356.769,149.705,0,776.882,498.042,0,0,645.178,209.846,120.737,-296.000,285.000,0.000,0.000,-296.000,285.000,0.000,0.000,140.350,187.708,0.917,-0.400,22.445,312.692,-0.543,0.840,22.445,312.692,-0.543,0.840,83.052,222.834,-0.376,0.927,0.000,1.000,0,0
-87.364,276.886,0.000,1.000,0,27.081,364.254,144.134,0,779.319,504.894,0,0,647.551,208.794,113.875,-296.000,285.000,0.000,0.000,-296.000,285.000,0.000,0.000,146.939,184.834,0.917,-0.400,18.545,318.731,-0.543,0.840,18.545,318.731,-0.543,0.840,80.375,229.505,-0.368,0.930,0.000,1.000,0,0
-87.364,291.275,0.000,1.000,0,25.490,371.351,138.535,0,782.014,512.058,0,0,649.877,208.731,107.367,-296.000,285.000,0.000,0.000,-296.000,285.000,0.000,0.000,153.528,181.960,0.917,-0.400,14.645,324.770,-0.543,0.840,14.645,324.770,-0.543,0.840,77.752,236.198,-0.361,0.933,0.000,1.000,0,0
-87.364,305.664,0.000,1.000,0,23.950,378.217,133.036,0,784.962,519.522,0,0,652.197,209.657,101.279,-296.000,285.000,0.000,0.000,-296.000,285.000,0.000,0.000,160.118,179.086,0.917,-0.400,10.744,330.808,-0.543,0.840,10.744,330.808,-0.543,0.840,75.179,242.911,-0.354,0.935,0.000,1.000,0,0
-87.364,320.053,0.000,1.000,0,22.462,384.856,127.691,0,788.163,527.274,0,0,654.504,211.560,95.693,-296.000,285.000,0.000,0.000,-296.000,285.000,0.000,0.000,166.707,176.212,0.917,-0.400,6.844,336.847,-0.543,0.840,6.844,336.847,-0.543,0.840,72.651,249.640,-0.348,0.938,0.000,1.000,0,0
-87.364,334.441,0.000,1.000,0,21.023,391.274,122.562,0,791.612,535.299,0,0,656.794,214.414,90.701,-296.000,285.000,0.000,0.000,-296.000,285.000,0.000,0.000,173.296,173.338,0.917,-0.400,2.944,342.886,-0.543,0.840,2.944,342.886,-0.543,0.840,70.166,256.386,-0.342,0.940,0.000,1.000,0,0
-87.364,348.830,0.000,1.000,0,19.632,397.477,117.722,0,795.307,543.588,0,0,659.062,218.182,86.407,-296.000,285.000,0.000,0.000,-296.000,285.000,0.000,0.000,179.885,170.464,0.917,-0.400,-0.957,348.924,-0.543,0.840,-0.957,348.924,-0.543,0.840,67.721,263.146,-0.337,0.941,0.000,1.000,0,0
-85.329,362.376,0.176,0.984,0,18.288,403.470,111.665,0,797.054,553.247,0,0,661.303,224.431,80.813,-296.000,285.000,0.000,0.000,-296.000,285.000,0.000,0.000,186.474,167.590,0.917,-0.400,-4.857,354.963,-0.543,0.840,-4.857,354.963,-0.543,0.840,65.312,269.919,-0.332,0.943,1.000,1.000,0,0
-75.155,372.550,0.570,0.821,0,16.990,409.258,99.409,0,790.260,567.487,0,0,663.515,237.566,67.394,-296.000,285.000,0.000,0.000,-296.000,285.000,0.000,0.000,193.064,164.716,0.917,-0.400,-8.757,361.002,-0.543,0.840,-8.757,361.002,-0.543,0.840,62.938,276.704,-0.328,0.945,1.000,1.000,0,0
-71.085,385.253,0.302,0.953,0,15.737,414.846,91.966,0,790.259,578.434,0,0,665.693,246.247,61.200,-296.000,285.000,0.000,0.000,-296.000,285.000,0.000,0.000,199.653,161.842,0.917,-0.400,-12.658,367.040,-0.543,0.840,-12.658,367.040,-0.543,0.840,60.596,283.501,-0.323,0.946,0.000,1.000,0,0
-71.085,399.642,0.088,0.996,0,14.528,420.239,88.305,0,794.880,587.359,0,0,667.836,252.447,60.653,-296.000,285.000,0.000,0.000,-296.000,285.000,0.000,0.000,206.242,158.968,0.917,-0.400,-16.558,373.079,-0.543,0.840,-16.558,373.079,-0.543,0.840,58.285,290.308,-0.319,0.948,0.000,1.000,0,0
-64.980,411.502,0.443,0.896,0,13.362,425.442,79.848,0,793.133,599.578,0,0,669.939,263.387,55.054,-296.000,285.000,0.000,0.000,-296.000,285.000,0.000,0.000,212.831,156.094,0.917,-0.400,-20.458,379.118,-0.543,0.840,-20.458,379.118,-0.543,0.840,56.001,297.124,-0.315,0.949,1.000,1.000,0,0
-54.806,421.677,0.636,0.771,0,12.236,430.459,67.940,0,787.203,613.895,0,0,672.002,277.227,47.548,-296.000,285.000,0.000,0.000,-296.000,285.000,0.000,0.000,219.420,153.220,0.917,-0.400,-24.359,385.156,-0.543,0.840,-24.359,385.156,-0.543,0.840,53.745,303.950,-0.312,0.950,1.000,1.000,0,0
-44.632,431.851,0.689,0.725,0,11.152,435.296,56.282,0,781.494,628.215,0,0,674.021,291.121,43.829,-296.000,285.000,0.000,0.000,-296.000,285.000,0.000,0.000,226.010,150.346,0.917,-0.400,-28.259,391.195,-0.543,0.840,-28.259,391.195,-0.543,0.840,51.514,310.783,-0.308,0.951,1.000,1.000,0,0
-34.457,442.026,0.702,0.712,0,10.107,439.957,45.103,0,776.009,642.539,0,0,675.995,305.060,44.851,-296.000,285.000,0.000,0.000,-296.000,285.000,0.000,0.000,232.599,147.472,0.917,-0.400,-32.159,397.233,-0.543,0.840,-32.159,397.233,-0.543,0.840,49.306,317.625,-0.305,0.952,1.000,1.000,0,0
-21.755,446.095,0.923,0.385,1,-7.788,451.921,15.133,1,765.970,654.919,0,0,669.423,318.060,45.149,-296.000,285.000,0.000,0.000,-296.000,285.000,0.000,0.000,239.188,144.597,0.917,-0.400,-36.059,403.272,-0.543,0.840,-36.059,403.272,-0.543,0.840,47.122,324.473,-0.396,0.918,1.000,0.000,0,0
-7.366,446.095,0.995,0.102,1,7.689,447.639,15.133,1,752.823,666.104,0,0,678.882,330.547,55.445,-296.000,285.000,0.000,0.000,-296.000,285.000,0.000,0.000,245.777,141.723,0.917,-0.400,-36.237,398.760,0.105,-0.994,-36.237,398.760,0.105,-0.994,44.538,331.178,-0.302,0.953,1.000,0.000,0,0
7.023,446.095,1.000,0.029,1,22.150,446.533,15.133,1,739.722,677.410,0,0,689.684,343.183,69.104,-296.000,285.000,0.000,0.000,-296.000,285.000,0.000,0.000,252.366,138.849,0.917,-0.400,-35.484,391.611,0.105,-0.994,-35.484,391.611,0.105,-0.994,42.689,338.121,-0.186,0.983,1.000,0.000,0,0
21.412,446.095,1.000,0.008,1,36.544,446.217,15.133,1,726.670,688.831,0,0,701.032,355.952,83.371,-296.000,285.000,0.000,0.000,-296.000,285.000,0.000,0.000,258.956,135.975,0.917,-0.400,-34.731,384.462,0.105,-0.994,-34.731,384.462,0.105,-0.994,41.729,345.240,-0.051,0.999,1.000,0.000,0,0
35.800,446.095,1.000,0.002,1,50.933,446.129,15.133,1,713.669,700.361,0,0,712.620,368.840,93.863,-296.000,285.000,0.000,0.000,-296.000,285.000,0.000,0.000,265.545,133.101,0.917,-0.400,41.782,352.423,0.097,0.995,41.782,352.423,0.097,0.995,-33.978,377.313,0.105,-0.994,1.000,0.000,0,0
47.660,439.991,0.925,-0.380,1,61.660,434.244,15.133,1,700.339,706.391,0,0,714.586,376.994,80.615,-296.000,285.000,0.000,0.000,-296.000,285.000,0.000,0.000,272.134,130.227,0.917,-0.400,42.911,359.516,0.243,0.970,42.911,359.516,0.243,0.970,-33.225,370.164,0.105,-0.994,1.000,-1.000,0,0
57.835,429.816,0.786,-0.618,1,69.726,420.457,15.133,1,686.791,708.932,0,0,713.638,374.534,64.730,278.723,127.353,0.917,-0.400,278.723,127.353,0.917,-0.400,-296.000,285.000,0.000,0.000,45.117,366.348,0.414,0.910,45.117,366.348,0.414,0.910,-32.472,363.014,0.105,-0.994,1.000,-1.000,0,0
69.695,423.712,0.872,-0.489,1,82.898,416.316,15.133,1,673.465,715.394,0,0,722.489,368.824,55.293,285.312,124.479,0.917,-0.400,285.312,124.479,0.917,-0.400,-296.000,285.000,0.000,0.000,48.704,372.558,0.616,0.788,48.704,372.558,0.616,0.788,-31.719,355.865,0.105,-0.994,1.000,0.000,0,0
84.084,423.712,0.991,-0.136,1,99.076,421.649,15.133,1,660.469,727.458,0,0,739.024,366.684,55.070,291.902,121.605,0.917,-0.400,291.902,121.605,0.917,-0.400,-296.000,285.000,0.000,0.000,53.456,377.944,0.722,0.692,53.456,377.944,0.722,0.692,-30.966,348.716,0.105,-0.994,1.000,0.000,0,0
98.472,423.712,0.999,-0.037,1,113.595,423.159,15.133,1,647.532,739.606,0,0,752.170,364.720,57.039,298.491,118.731,0.917,-0.400,298.491,118.731,0.917,-0.400,-296.000,285.000,0.000,0.000,58.894,382.639,0.804,0.595,58.894,382.639,0.804,0.595,140.000,279.000,0.000,0.000,1.000,0.000,0,0
112.861,423.712,1.000,-0.011,1,127.993,423.550,15.133,1,634.657,751.832,0,0,764.689,362.936,60.648,305.080,115.857,0.917,-0.400,305.080,115.857,0.917,-0.400,-296.000,285.000,0.000,0.000,64.855,386.650,0.863,0.505,64.855,386.650,0.863,0.505,140.000,279.000,0.000,0.000,1.000,-1.000,0,0
123.035,413.538,0.857,-0.515,1,136.006,405.742,15.133,1,621.011,755.319,0,0,762.665,354.846,56.931,311.669,112.983,0.917,-0.400,311.669,112.983,0.917,-0.400,-296.000,285.000,0.000,0.000,71.421,389.513,0.970,0.244,71.421,389.513,0.970,0.244,140.000,279.000,0.000,0.000,1.000,-1.000,0,0
133.210,403.363,0.756,-0.654,1,144.658,393.466,15.133,1,607.399,759.062,0,0,764.311,346.758,56.161,318.258,110.109,0.917,-0.400,318.258,110.109,0.917,-0.400,-296.000,285.000,0.000,0.000,78.506,390.654,0.999,0.042,78.506,390.654,0.999,0.042,140.000,279.000,0.000,0.000,1.000,-1.000,0,0
143.384,393.189,0.720,-0.694,1,154.285,382.692,15.133,1,593.823,763.058,0,0,767.800,338.672,57.762,324.848,107.235,0.917,-0.400,324.848,107.235,0.917,-0.400,-296.000,285.000,0.000,0.000,85.686,390.487,0.994,-0.113,85.686,390.487,0.994,-0.113,140.000,279.000,0.000,0.000,1.000,-1.000,0,0
153.559,383.015,0.711,-0.703,1,164.319,372.374,15.133,1,580.287,767.304,0,0,772.112,330.588,61.110,331.437,104.361,0.917,-0.400,331.437,104.361,0.917,-0.400,-296.000,285.000,0.000,0.000,92.774,389.319,0.973,-0.230,92.774,389.319,0.973,-0.230,140.000,279.000,0.000,0.000,1.000,-1.000,0,0
163.733,372.841,0.708,-0.706,1,174.451,362.157,15.133,1,566.793,771.794,0,0,776.799,322.507,65.668,338.026,101.487,0.917,-0.400,338.026,101.487,0.917,-0.400,484.478,52.968,-0.971,0.240,99.697,387.391,0.947,-0.320,99.697,387.391,0.947,-0.320,140.000,279.000,0.000,0.000,1.000,-1.000,0,0
173.907,362.666,0.707,-0.707,1,184.613,351.970,15.133,1,553.344,776.525,0,0,781.762,314.429,71.038,344.615,98.613,0.917,-0.400,344.615,98.613,0.917,-0.400,477.499,54.691,-0.971,0.240,106.433,384.885,0.922,-0.388,106.433,384.885,0.922,-0.388,140.000,279.000,0.000,0.000,1.000,-1.000,0,0
177.977,349.963,0.405,-0.914,1,184.107,336.127,15.133,1,544.558,774.889,0,0,774.924,307.633,72.431,351.204,95.739,0.917,-0.400,351.204,95.739,0.917,-0.400,470.520,56.413,-0.971,0.240,112.914,381.791,0.842,-0.540,112.914,381.791,0.842,-0.540,140.000,279.000,0.000,0.000,0.000,-1.000,0,0
177.977,335.575,0.114,-0.993,1,179.708,320.541,15.133,1,539.118,769.076,0,0,764.847,302.063,68.139,357.794,92.865,0.917,-0.400,357.794,92.865,0.917,-0.400,463.541,58.136,-0.971,0.240,140.000,279.000,0.000,0.000,140.000,279.000,0.000,0.000,118.639,377.461,0.732,-0.682,0.000,-1.000,0,0
177.977,321.186,0.032,-0.999,1,178.460,306.060,15.133,1,534.010,763.490,0,0,758.318,296.982,56.762,364.383,89.991,0.917,-0.400,364.383,89.991,0.917,-0.400,456.561,59.859,-0.971,0.240,140.000,279.000,0.000,0.000,140.000,279.000,0.000,0.000,123.623,372.287,0.638,-0.770,0.000,-1.000,0,0
177.977,306.797,0.010,-1.000,1,178.123,291.665,15.133,1,529.244,758.136,0,0,752.898,292.415,47.063,370.972,87.117,0.917,-0.400,370.972,87.117,0.917,-0.400,449.582,61.581,-0.971,0.240,140.000,279.000,0.000,0.000,140.000,279.000,0.000,0.000,127.967,366.563,0.556,-0.831,0.000,-1.000,0,0
184.082,294.937,0.349,-0.937,1,189.356,280.753,15.133,1,519.759,759.621,0,0,759.785,286.053,46.874,377.561,84.243,0.917,-0.400,377.561,84.243,0.917,-0.400,442.603,63.304,-0.971,0.240,140.000,279.000,0.000,0.000,140.000,279.000,0.000,0.000,131.901,360.548,0.584,-0.812,1.000,-1.000,0,0
194.256,284.763,0.623,-0.782,1,203.689,272.929,15.133,1,507.035,765.734,0,0,770.840,278.261,54.561,384.150,81.369,0.917,-0.400,384.150,81.369,0.917,-0.400,435.624,65.026,-0.971,0.240,140.000,279.000,0.000,0.000,140.000,279.000,0.000,0.000,136.284,354.851,0.635,-0.772,1.000,-1.000,0,0
204.431,274.588,0.684,-0.730,1,214.781,263.548,15.133,1,494.401,772.066,0,0,778.522,270.488,64.581,390.740,78.495,0.917,-0.400,390.740,78.495,0.917,-0.400,428.645,66.749,-0.971,0.240,140.000,279.000,0.000,0.000,140.000,279.000,0.000,0.000,140.907,349.347,0.652,-0.758,1.000,-1.000,0,0
214.605,264.414,0.701,-0.714,1,225.207,253.615,15.133,1,481.866,778.613,0,0,785.602,262.737,76.017,397.329,75.621,0.917,-0.400,397.329,75.621,0.917,-0.400,421.665,68.471,-0.971,0.240,140.000,279.000,0.000,0.000,140.000,279.000,0.000,0.000,145.625,343.923,0.661,-0.750,1.000,-1.000,0,0
224.779,254.240,0.705,-0.709,1,235.452,243.511,15.133,1,469.438,785.369,0,0,792.660,255.011,88.321,403.918,72.747,0.917,-0.400,403.918,72.747,0.917,-0.400,414.686,70.194,-0.971,0.240,140.000,279.000,0.000,0.000,140.000,279.000,0.000,0.000,150.395,338.545,0.667,-0.745,1.000,-1.000,0,0
234.954,244.065,0.707,-0.708,1,245.647,233.357,15.133,1,457.124,792.329,0,0,799.853,243.883,101.176,407.707,71.917,-0.971,0.240,407.707,71.917,-0.971,0.240,410.507,69.873,0.917,-0.400,140.000,279.000,0.000,0.000,140.000,279.000,0.000,0.000,155.203,333.200,0.671,-0.741,1.000,-1.000,0,0
245.128,233.891,0.707,-0.707,1,255.827,223.188,15.133,1,444.935,799.488,0,0,807.222,223.365,114.397,400.728,73.639,-0.971,0.240,400.728,73.639,-0.971,0.240,417.096,66.999,0.917,-0.400,140.000,279.000,0.000,0.000,140.000,279.000,0.000,0.000,160.040,327.883,0.675,-0.738,1.000,-1.000,0,0
255.303,223.717,0.707,-0.707,0,268.812,209.762,19.423,0,432.881,806.839,0,0,816.791,202.920,127.871,393.748,75.362,-0.971,0.240,393.748,75.362,-0.971,0.240,422.959,63.389,0.411,-0.912,140.000,279.000,0.000,0.000,140.000,279.000,0.000,0.000,164.900,322.586,0.677,-0.736,1.000,-1.000,0,1
265.477,213.542,0.707,-0.707,0,282.195,195.840,24.349,0,420.974,814.378,0,0,826.960,182.572,141.156,386.769,77.084,-0.971,0.240,386.769,77.084,-0.971,0.240,425.916,56.836,0.411,-0.912,169.776,317.303,0.679,-0.734,169.776,317.303,0.679,-0.734,140.000,279.000,0.000,0.000,1.000,-1.000,0,0
275.651,203.368,0.707,-0.707,0,295.246,182.263,28.802,0,409.226,822.100,0,0,837.186,162.359,148.346,379.790,78.807,-0.971,0.240,379.790,78.807,-0.971,0.240,428.872,50.284,0.411,-0.912,174.663,312.031,0.681,-0.733,174.663,312.031,0.681,-0.733,140.000,279.000,0.000,0.000,1.000,-1.000,0,0
289.197,201.333,0.962,-0.274,0,307.975,169.022,37.378,0,395.540,834.929,0,0,847.441,146.918,152.108,372.811,80.529,-0.971,0.240,372.811,80.529,-0.971,0.240,431.829,43.731,0.411,-0.912,179.560,306.769,0.682,-0.731,179.560,306.769,0.682,-0.731,427.000,279.000,0.000,0.000,1.000,0.000,0,0
303.586,201.333,0.997,-0.079,0,320.388,156.109,48.258,0,381.356,849.017,0,0,857.702,134.368,145.819,365.832,82.252,-0.971,0.240,365.832,82.252,-0.971,0.240,434.785,37.178,0.411,-0.912,427.000,279.000,0.000,0.000,427.000,279.000,0.000,0.000,184.465,301.513,0.683,-0.731,1.000,0.000,0,0
317.975,201.333,1.000,-0.023,0,332.494,143.515,59.636,0,367.189,863.116,0,0,867.947,124.274,133.861,358.852,83.974,-0.971,0.240,358.852,83.974,-0.971,0.240,437.742,30.626,0.411,-0.912,427.000,279.000,0.000,0.000,427.000,279.000,0.000,0.000,189.376,296.264,0.684,-0.730,1.000,0.000,0,0
332.363,201.333,1.000,-0.006,0,344.300,131.233,71.144,0,353.039,877.223,0,0,878.156,117.270,122.426,351.873,85.697,-0.971,0.240,351.873,85.697,-0.971,0.240,440.698,24.073,0.411,-0.912,427.000,279.000,0.000,0.000,427.000,279.000,0.000,0.000,194.294,291.020,0.684,-0.729,1.000,0.000,0,0
346.752,201.333,1.000,-0.002,0,355.815,119.255,82.627,0,338.910,891.340,0,0,888.313,113.929,111.678,344.894,87.420,-0.971,0.240,344.894,87.420,-0.971,0.240,443.655,17.521,0.411,-0.912,427.000,279.000,0.000,0.000,427.000,279.000,0.000,0.000,199.216,285.781,0.685,-0.728,1.000,0.000,0,0
361.141,201.333,1.000,-0.001,0,326.152,105.034,102.459,0,324.803,905.465,0,0,857.505,114.557,101.831,337.940,89.151,-0.971,0.240,337.940,89.151,-0.971,0.240,446.611,10.968,0.411,-0.912,427.000,279.000,0.000,0.000,427.000,279.000,0.000,0.000,203.427,279.973,0.574,-0.819,1.000,0.000,0,0
375.530,201.333,1.000,0.000,0,323.192,121.872,95.149,0,310.722,919.598,0,0,856.178,119.113,93.174,330.960,90.873,-0.971,0.240,330.960,90.873,-0.971,0.240,449.568,4.415,0.411,-0.912,427.000,279.000,0.000,0.000,427.000,279.000,0.000,0.000,207.640,274.148,0.604,-0.797,1.000,0.000,0,0
389.918,201.333,1.000,0.000,0,320.305,138.294,93.917,0,296.671,933.739,0,0,855.209,127.168,86.065,323.981,92.595,-0.971,0.240,323.981,92.595,-0.971,0.240,452.525,-2.137,0.411,-0.912,427.000,279.000,0.000,0.000,427.000,279.000,0.000,0.000,212.082,268.497,0.639,-0.769,1.000,-1.000,0,0
400.093,191.159,0.859,-0.512,0,317.489,154.310,90.456,0,284.677,941.959,0,0,854.575,127.602,91.870,317.002,94.318,-0.971,0.240,317.002,94.318,-0.971,0.240,455.481,-8.690,0.411,-0.912,427.000,279.000,0.000,0.000,427.000,279.000,0.000,0.000,216.789,263.065,0.679,-0.734,1.000,-1.000,0,0
400.093,180.142,0.321,-0.947,0,314.743,169.929,85.971,0,282.823,940.147,0,0,854.254,123.231,102.455,310.022,96.040,-0.971,0.240,310.022,96.040,-0.971,0.240,458.438,-15.242,0.411,-0.912,427.000,279.000,0.000,0.000,427.000,279.000,0.000,0.000,221.804,257.916,0.726,-0.687,-1.000,-1.000,0,0
386.547,178.107,-0.797,-0.604,0,312.065,185.161,74.842,0,295.920,926.452,0,0,854.222,115.880,108.701,303.043,97.762,-0.971,0.240,303.043,97.762,-0.971,0.240,461.394,-21.795,0.411,-0.912,427.000,279.000,0.000,0.000,427.000,279.000,0.000,0.000,227.176,253.142,0.781,-0.625,-1.000,0.000,0,0
372.158,178.107,-0.985,-0.173,0,309.453,200.017,66.474,0,310.162,912.251,0,0,854.460,109.416,114.835,296.063,99.485,-0.971,0.240,296.063,99.485,-0.971,0.240,464.351,-28.348,0.411,-0.912,427.000,279.000,0.000,0.000,427.000,279.000,0.000,0.000,232.962,248.881,0.843,-0.538,-1.000,1.000,0,0
361.984,188.281,-0.871,0.491,0,306.906,214.505,61.091,0,321.676,903.929,0,0,854.947,113.562,111.611,289.084,101.207,-0.971,0.240,289.084,101.207,-0.971,0.240,467.307,-34.900,0.411,-0.912,427.000,279.000,0.000,0.000,427.000,279.000,0.000,0.000,239.212,245.341,0.910,-0.415,-1.000,1.000,0,0
351.809,198.455,-0.755,0.655,0,304.422,228.634,56.329,0,333.414,895.761,0,0,855.664,118.254,110.187,282.105,102.929,-0.971,0.240,282.105,102.929,-0.971,0.240,470.264,-41.453,0.411,-0.912,427.000,279.000,0.000,0.000,427.000,279.000,0.000,0.000,245.941,242.837,0.972,-0.236,-1.000,1.000,0,0
341.635,208.630,-0.721,0.692,0,301.999,242.414,52.314,0,345.352,887.750,0,0,856.594,123.430,94.607,275.125,104.651,-0.971,0.240,275.125,104.651,-0.971,0.240,473.220,-48.006,0.411,-0.912,253.039,241.814,1.000,0.012,253.039,241.814,1.000,0.012,427.000,279.000,0.000,0.000,-1.000,1.000,0,0
331.461,218.804,-0.711,0.703,0,299.637,255.852,49.191,0,357.471,879.902,0,0,857.720,129.032,75.236,268.146,106.374,-0.971,0.240,268.146,106.374,-0.971,0.240,476.176,-54.558,0.411,-0.912,260.139,242.755,0.949,0.315,260.139,242.755,0.949,0.315,427.000,279.000,0.000,0.000,-1.000,1.000,0,0
321.286,228.978,-0.708,0.706,0,297.331,268.813,46.954,0,369.753,872.221,0,0,858.986,135.007,57.255,261.167,108.096,-0.971,0.240,261.167,108.096,-0.971,0.240,479.133,-61.111,0.411,-0.912,266.581,245.875,0.802,0.598,266.581,245.875,0.802,0.598,427.000,279.000,0.000,0.000,-1.000,1.000,0,0
311.112,239.153,-0.707,0.707,0,295.036,280.924,45.247,0,382.181,864.711,0,0,860.222,141.307,40.994,254.187,109.818,-0.971,0.240,254.187,109.818,-0.971,0.240,482.089,-67.663,0.411,-0.912,271.802,250.784,0.611,0.792,271.802,250.784,0.611,0.792,427.000,279.000,0.000,0.000,0.000,1.000,0,0
311.112,253.541,-0.265,0.964,0,292.802,292.682,43.718,0,386.243,868.289,0,0,861.585,155.718,35.607,247.208,111.541,-0.971,0.240,247.208,111.541,-0.971,0.240,485.046,-74.216,0.411,-0.912,275.658,256.835,0.431,0.902,275.658,256.835,0.431,0.902,427.000,279.000,0.000,0.000,0.000,1.000,0,0
311.112,267.930,-0.074,0.997,0,290.634,304.092,42.083,0,390.792,872.089,0,0,863.063,170.136,33.080,240.228,113.263,-0.971,0.240,240.228,113.263,-0.971,0.240,488.002,-80.769,0.411,-0.912,278.330,263.501,0.290,0.957,278.330,263.501,0.290,0.957,427.000,279.000,0.000,0.000,0.000,1.000,0,0
311.112,282.319,-0.021,1.000,0,288.530,315.162,40.406,0,395.812,876.109,0,0,864.644,184.562,33.204,233.249,114.985,-0.971,0.240,233.249,114.985,-0.971,0.240,490.959,-87.321,0.411,-0.912,280.095,270.466,0.185,0.983,280.095,270.466,0.185,0.983,427.000,279.000,0.000,0.000,0.000,1.000,0,0
307.042,295.022,-0.247,0.969,0,286.490,325.902,37.682,0,404.365,875.958,0,0,866.316,195.755,31.188,226.270,116.708,-0.971,0.240,226.270,116.708,-0.971,0.240,493.915,-93.874,0.411,-0.912,281.195,277.568,0.109,0.994,281.195,277.568,0.109,0.994,427.000,279.000,0.000,0.000,-1.000,1.000,0,0
296.868,305.196,-0.590,0.807,1,287.935,317.412,15.133,1,417.721,869.421,0,0,864.920,202.237,25.411,219.290,118.430,-0.971,0.240,219.290,118.430,-0.971,0.240,496.872,-100.426,0.411,-0.912,281.806,284.730,0.184,0.983,281.806,284.730,0.184,0.983,427.000,279.000,0.000,0.000,-1.000,1.000,0,0
286.693,315.371,-0.677,0.736,1,276.453,326.513,15.133,1,431.143,863.074,0,0,857.192,208.909,23.948,212.311,120.152,-0.971,0.240,212.311,120.152,-0.971,0.240,499.828,-106.979,0.411,-0.912,282.053,291.877,-0.160,0.987,282.053,291.877,-0.160,0.987,427.000,279.000,0.000,0.000,0.000,1.000,0,0
294.833,326.388,0.222,0.975,1,298.186,341.145,15.133,1,428.475,874.422,0,0,882.657,223.240,30.169,205.332,121.874,-0.971,0.240,205.332,121.874,-0.971,0.240,502.785,-113.532,0.411,-0.912,282.242,298.972,0.354,0.935,282.242,298.972,0.354,0.935,427.000,279.000,0.000,0.000,1.000,1.000,0,0
306.693,332.493,0.801,0.599,1,318.815,341.552,15.133,1,420.655,887.647,0,0,902.135,235.319,34.426,198.352,123.597,-0.971,0.240,198.352,123.597,-0.971,0.240,505.741,-120.084,0.411,-0.912,285.582,305.300,0.676,0.737,285.582,305.300,0.676,0.737,427.000,279.000,0.000,0.000,1.000,0.000,0,0
321.082,332.493,0.983,0.185,1,335.952,335.299,15.133,1,407.964,901.191,0,0,916.144,244.429,37.566,191.373,125.319,-0.971,0.240,191.373,125.319,-0.971,0.240,508.698,-126.637,0.411,-0.912,291.124,309.826,0.869,0.494,291.124,309.826,0.869,0.494,427.000,279.000,0.000,0.000,1.000,0.000,0,0
334.627,330.458,0.991,-0.136,1,349.620,328.401,15.133,1,395.127,913.296,0,0,926.808,252.880,40.967,184.394,127.041,-0.971,0.240,184.394,127.041,-0.971,0.240,507.962,-129.165,-0.873,0.488,297.594,312.943,0.959,0.285,297.594,312.943,0.959,0.285,427.000,279.000,0.000,0.000,1.000,-1.000,0,0
344.802,320.283,0.817,-0.576,1,357.169,311.562,15.133,1,381.314,919.659,0,0,928.732,254.359,40.623,177.414,128.764,-0.971,0.240,177.414,128.764,-0.971,0.240,501.687,-125.656,-0.873,0.488,304.677,313.942,0.999,-0.045,304.677,313.942,0.999,-0.045,427.000,279.000,0.000,0.000,1.000,-1.000,0,0
348.872,307.580,0.467,-0.884,1,355.941,294.200,15.133,1,371.783,919.621,0,0,922.457,251.400,37.495,170.435,130.486,-0.971,0.240,170.435,130.486,-0.971,0.240,495.413,-122.148,-0.873,0.488,311.743,312.809,0.922,-0.388,311.743,312.809,0.922,-0.388,427.000,279.000,0.000,0.000,0.000,-1.000,0,0
348.872,293.192,0.124,-0.992,1,350.743,278.175,15.133,1,365.440,915.395,0,0,913.007,245.550,34.862,163.455,132.208,-0.971,0.240,163.455,132.208,-0.971,0.240,489.139,-118.639,-0.873,0.488,317.824,309.047,0.729,-0.684,317.824,309.047,0.729,-0.684,427.000,279.000,0.000,0.000,0.000,-1.000,0,0
348.872,278.803,0.036,-0.999,1,349.417,263.679,15.133,1,359.561,911.377,0,0,907.907,240.840,36.197,156.476,133.930,-0.971,0.240,156.476,133.930,-0.971,0.240,482.864,-115.131,-0.873,0.488,322.554,303.654,0.558,-0.830,322.554,303.654,0.558,-0.830,427.000,279.000,0.000,0.000,0.000,-1.000,0,0
348.872,264.414,0.010,-1.000,1,349.030,249.282,15.133,1,354.170,907.568,0,0,903.947,237.339,40.084,149.497,135.653,-0.971,0.240,149.497,135.653,-0.971,0.240,476.590,-111.622,-0.873,0.488,326.168,297.448,0.429,-0.903,326.168,297.448,0.429,-0.903,427.000,279.000,0.000,0.000,0.000,-1.000,0,0
348.872,250.025,0.003,-1.000,1,348.913,234.892,15.133,1,349.289,903.973,0,0,900.465,235.101,45.401,142.517,137.375,-0.971,0.240,142.517,137.375,-0.971,0.240,470.315,-108.114,-0.873,0.488,328.966,290.830,0.336,-0.942,328.966,290.830,0.336,-0.942,427.000,279.000,0.000,0.000,0.000,-1.000,0,0
348.872,235.637,0.001,-1.000,1,348.884,220.504,15.133,1,344.940,900.594,0,0,897.286,234.161,51.490,135.538,139.097,-0.971,0.240,135.538,139.097,-0.971,0.240,464.041,-104.605,-0.873,0.488,331.175,283.991,0.269,-0.963,331.175,283.991,0.269,-0.963,427.000,279.000,0.000,0.000,0.000,-1.000,0,0
348.872,221.248,0.000,-1.000,1,348.875,206.115,15.133,1,341.142,897.432,0,0,894.348,234.535,58.005,128.559,140.819,-0.971,0.240,128.559,140.819,-0.971,0.240,457.767,-101.097,-0.873,0.488,332.955,277.027,0.219,-0.976,332.955,277.027,0.219,-0.976,427.000,279.000,0.000,0.000,0.000,-1.000,0,0
348.872,206.859,0.000,-1.000,1,348.872,191.726,15.133,1,337.915,894.491,0,0,891.638,236.217,64.763,121.579,142.542,-0.971,0.240,121.579,142.542,-0.971,0.240,451.492,-97.588,-0.873,0.488,334.417,269.988,0.182,-0.983,334.417,269.988,0.182,-0.983,427.000,279.000,0.000,0.000,0.000,-1.000,0,0
348.872,192.471,0.000,-1.000,1,348.872,177.338,15.133,1,335.274,891.772,0,0,889.155,239.180,71.666,114.600,144.264,-0.971,0.240,114.600,144.264,-0.971,0.240,445.218,-94.080,-0.873,0.488,335.636,262.904,0.153,-0.988,335.636,262.904,0.153,-0.988,427.000,279.000,0.000,0.000,0.000,-1.000,0,0
348.872,178.082,0.000,-1.000,1,348.872,162.949,15.133,1,333.235,889.277,0,0,886.898,243.377,78.660,107.621,145.986,-0.971,0.240,107.621,145.986,-0.971,0.240,438.944,-90.571,-0.873,0.488,336.667,255.790,0.130,-0.991,336.667,255.790,0.130,-0.991,246.224,231.820,0.830,-0.557,0.000,-1.000,0,0
348.872,163.694,0.000,-1.000,1,348.872,148.560,15.133,1,331.807,887.009,0,0,884.870,248.744,85.713,100.641,147.708,-0.971,0.240,100.641,147.708,-0.971,0.240,432.669,-87.062,-0.873,0.488,337.550,248.656,0.112,-0.994,337.550,248.656,0.112,-0.994,252.035,227.593,0.775,-0.632,1.000,-1.000,0,0
359.046,153.519,0.508,-0.861,1,366.740,140.488,15.133,1,321.021,895.619,0,0,901.563,246.454,90.361,426.395,-83.554,-0.873,0.488,426.395,-83.554,-0.873,0.488,93.662,149.431,-0.971,0.240,338.845,241.593,0.266,-0.964,338.845,241.593,0.266,-0.964,257.677,223.139,0.797,-0.604,1.000,-1.000,0,0
369.220,143.345,0.659,-0.752,1,379.192,131.961,15.133,1,310.527,904.376,0,0,912.940,229.116,95.651,420.120,-80.045,-0.873,0.488,420.120,-80.045,-0.873,0.488,86.683,151.153,-0.971,0.240,341.019,234.744,0.348,-0.937,341.019,234.744,0.348,-0.937,263.422,218.818,0.800,-0.600,1.000,-1.000,0,0
379.395,133.171,0.693,-0.720,1,389.889,122.267,15.133,1,300.355,913.276,0,0,922.560,212.518,101.394,413.846,-76.537,-0.873,0.488,413.846,-76.537,-0.873,0.488,79.703,152.875,-0.971,0.240,343.680,228.067,0.400,-0.916,343.680,228.067,0.400,-0.916,269.159,214.486,0.795,-0.607,1.000,-1.000,0,0
389.569,122.996,0.703,-0.711,1,400.212,112.237,15.133,1,290.541,922.314,0,0,931.902,196.849,107.468,407.572,-73.028,-0.873,0.488,407.572,-73.028,-0.873,0.488,72.724,154.598,-0.971,0.240,346.677,221.533,0.440,-0.898,346.677,221.533,0.440,-0.898,274.853,210.098,0.788,-0.615,1.000,-1.000,0,0
401.429,116.892,0.882,-0.472,1,414.772,109.751,15.133,1,279.108,933.532,0,0,946.194,186.411,110.913,401.297,-69.520,-0.873,0.488,401.297,-69.520,-0.873,0.488,65.745,156.320,-0.971,0.240,349.977,215.148,0.524,-0.852,349.977,215.148,0.524,-0.852,280.527,205.684,0.814,-0.581,1.000,0.000,0,0
415.818,116.892,0.991,-0.133,1,430.817,114.877,15.133,1,264.787,947.858,0,0,962.616,184.081,111.095,395.023,-66.011,-0.873,0.488,395.023,-66.011,-0.873,0.488,58.765,158.042,-0.971,0.240,354.081,209.253,0.631,-0.776,354.081,209.253,0.631,-0.776,286.518,201.714,0.857,-0.516,1.000,0.000,0,0
430.207,116.892,0.999,-0.039,1,445.328,116.299,15.133,1,250.473,962.186,0,0,977.195,184.122,112.509,388.749,-62.503,-0.873,0.488,388.749,-62.503,-0.873,0.488,55.307,162.993,-0.154,0.988,358.834,203.864,0.703,-0.711,358.834,203.864,0.703,-0.711,292.752,198.137,0.881,-0.473,1.000,0.000,0,0
444.596,116.892,1.000,-0.011,0,464.004,115.935,19.432,0,236.168,976.516,0,0,995.766,186.534,114.964,382.474,-58.994,-0.873,0.488,382.474,-58.994,-0.873,0.488,54.197,170.095,-0.154,0.988,364.079,198.952,0.769,-0.639,364.079,198.952,0.769,-0.639,427.000,279.000,0.000,0.000,0.000,0.000,1,0
444.596,116.892,1.000,-0.011,0,483.306,115.338,38.742,0,236.168,976.516,0,0,1014.944,185.450,107.849,376.200,-55.485,-0.873,0.488,376.200,-55.485,-0.873,0.488,53.087,177.197,-0.154,0.988,369.764,194.556,0.820,-0.572,369.764,194.556,0.820,-0.572,305.682,191.860,0.918,-0.396,0.000,0.000,0,0
444.596,116.892,1.000,-0.011,0,502.130,114.756,57.575,0,236.168,976.516,0,0,1033.651,184.641,100.853,369.925,-51.977,-0.873,0.488,369.925,-51.977,-0.873,0.488,54.468,179.439,0.712,-0.702,375.774,190.613,0.857,-0.515,375.774,190.613,0.857,-0.515,312.322,189.107,0.931,-0.365,0.000,0.000,0,0
444.596,116.892,1.000,-0.011,0,520.488,114.188,75.944,0,236.168,976.516,0,0,1051.898,184.109,94.016,363.651,-48.468,-0.873,0.488,363.651,-48.468,-0.873,0.488,59.585,174.390,0.712,-0.702,382.021,187.058,0.885,-0.466,382.021,187.058,0.885,-0.466,319.046,186.564,0.941,-0.338,0.000,0.000,0,0
444.596,116.892,1.000,-0.011,0,538.391,113.634,93.859,0,236.168,976.516,0,0,1069.696,183.856,87.374,357.377,-44.960,-0.873,0.488,357.377,-44.960,-0.873,0.488,64.702,169.341,0.712,-0.702,388.445,183.834,0.906,-0.424,388.445,183.834,0.906,-0.424,325.835,184.201,0.949,-0.315,0.000,0.000,0,0
444.596,116.892,1.000,-0.011,0,555.852,113.094,111.333,0,236.168,976.516,0,0,1087.055,183.884,80.965,351.102,-41.451,-0.873,0.488,351.102,-41.451,-0.873,0.488,69.819,164.292,0.712,-0.702,395.004,180.892,0.921,-0.388,395.004,180.892,0.921,-0.388,332.677,181.996,0.955,-0.295,0.000,0.000,0,0
444.596,116.892,1.000,-0.011,0,572.880,112.568,128.376,0,236.168,976.516,0,0,1103.988,184.194,74.837,344.828,-37.943,-0.873,0.488,344.828,-37.943,-0.873,0.488,74.936,159.243,0.712,-0.702,401.665,178.190,0.934,-0.358,401.665,178.190,0.934,-0.358,339.561,179.927,0.961,-0.277,0.000,0.000,0,0
444.596,116.892,1.000,-0.011,0,589.487,112.054,145.000,0,236.168,976.516,0,0,1120.504,184.782,69.047,338.553,-34.434,-0.873,0.488,338.553,-34.434,-0.873,0.488,80.054,154.194,0.712,-0.702,408.407,175.695,0.943,-0.332,408.407,175.695,0.943,-0.332,346.481,177.979,0.965,-0.262,0.000,0.000,0,0
444.596,116.892,1.000,-0.011,0,605.683,111.553,161.216,0,236.168,976.516,0,0,1136.613,185.647,63.673,332.279,-30.926,-0.873,0.488,332.279,-30.926,-0.873,0.488,85.171,149.145,0.712,-0.702,415.212,173.379,0.951,-0.309,415.212,173.379,0.951,-0.309,353.429,176.137,0.969,-0.248,0.000,0.000,0,0
444.596,116.892,1.000,-0.011,0,621.478,111.064,177.033,0,236.168,976.516,0,0,1152.325,186.785,58.813,326.005,-27.417,-0.873,0.488,326.005,-27.417,-0.873,0.488,90.288,144.096,0.712,-0.702,422.068,171.219,0.957,-0.289,422.068,171.219,0.957,-0.289,360.403,174.390,0.972,-0.236,0.000,0.000,0,0
444.596,116.892,1.000,-0.011,0,636.882,110.588,192.463,0,236.168,976.516,0,0,1167.651,188.191,54.588,319.730,-23.909,-0.873,0.488,319.730,-23.909,-0.873,0.488,95.405,139.047,0.712,-0.702,428.966,169.194,0.962,-0.271,428.966,169.194,0.962,-0.271,367.396,172.728,0.974,-0.225,0.000,0.000,0,0
39.000,287.000,0.897,0.443,0,651.904,110.123,637.940,0,657.602,622.335,0,0,1182.599,124.004,101.316,-85.000,286.000,0.000,0.000,-85.000,286.000,0.000,0.000,-296.000,285.000,0.000,0.000,140.000,279.000,0.000,0.000,140.000,279.000,0.000,0.000,290.700,275.300,0.000,0.000,0.000,0.000,0,0
39.000,287.000,0.897,0.443,0,666.137,109.683,651.756,0,657.619,622.354,0,0,1196.768,124.004,101.316,-85.000,286.000,0.000,0.000,-85.000,286.000,0.000,0.000,-296.000,285.000,0.000,0.000,140.000,279.000,0.000,0.000,140.000,279.000,0.000,0.000,290.700,275.300,0.000,0.000,0.000,0.000,0,0
39.000,287.000,0.897,0.443,0,671.033,109.336,656.560,0,657.619,622.354,0,0,1201.632,124.004,101.316,-85.000,286.000,0.000,0.000,-85.000,286.000,0.000,0.000,-296.000,285.000,0.000,0.000,140.000,279.000,0.000,0.000,140.000,279.000,0.000,0.000,290.700,275.300,0.000,0.000,0.000,0.000,0,0
39.000,287.000,0.897,0.443,0,670.033,109.042,655.673,0,657.619,622.354,0,0,1200.619,124.004,101.316,-85.000,286.000,0.000,0.000,-85.000,286.000,0.000,0.000,-296.000,285.000,0.000,0.000,140.000,279.000,0.000,0.000,140.000,279.000,0.000,0.000,290.700,275.300,0.000,0.000,0.000,0.000,0,0
39.000,287.000,0.897,0.443,0,669.806,108.764,655.528,0,657.619,622.354,0,0,1200.377,124.004,101.316,-85.000,286.000,0.000,0.000,-85.000,286.000,0.000,0.000,-296.000,285.000,0.000,0.000,140.000,279.000,0.000,0.000,140.000,279.000,0.000,0.000,290.700,275.300,0.000,0.000,0.000,0.000,0,0
39.000,287.000,0.897,0.443,0,669.806,108.500,655.599,0,657.619,622.354,0,0,1200.361,124.004,101.316,-85.000,286.000,0.000,0.000,-85.000,286.000,0.000,0.000,-296.000,285.000,0.000,0.000,140.000,279.000,0.000,0.000,140.000,279.000,0.000,0.000,290.700,275.300,0.000,0.000,0.000,0.000,0,0
39.000,287.000,0.897,0.443,0,669.806,108.242,655.668,0,657.619,622.354,0,0,1200.344,124.004,101.316,-85.000,286.000,0.000,0.000,-85.000,286.000,0.000,0.000,-296.000,285.000,0.000,0.000,140.000,279.000,0.000,0.000,140.000,279.000,0.000,0.000,290.700,275.300,0.000,0.000,0.000,0.000,0,0
39.000,275.489,0.897,-0.442,0,669.806,107.991,652.689,0,655.105,617.706,0,0,1200.328,124.445,101.061,-85.000,286.000,0.000,0.000,-85.000,286.000,0.000,0.000,-296.000,285.000,0.000,0.000,140.000,279.000,0.000,0.000,140.000,279.000,0.000,0.000,290.700,275.300,0.000,0.000,0.000,-1.000,0,0
39.000,261.100,0.161,-0.987,0,669.806,107.746,649.205,0,652.235,612.151,0,0,1200.311,126.475,102.574,-85.000,286.000,0.000,0.000,-85.000,286.000,0.000,0.000,-296.000,285.000,0.000,0.000,140.000,279.000,0.000,0.000,140.000,279.000,0.000,0.000,290.700,275.300,0.000,0.000,0.000,-1.000,0,0
39.000,246.712,0.047,-0.999,0,669.806,107.507,646.011,0,649.671,606.887,0,0,1200.293,130.075,106.036,-85.000,286.000,0.000,0.000,-85.000,286.000,0.000,0.000,-296.000,285.000,0.000,0.000,140.000,279.000,0.000,0.000,140.000,279.000,0.000,0.000,290.700,275.300,0.000,0.000,0.000,-1.000,0,0
39.000,232.323,0.014,-1.000,0,59.000,80.600,153.167,0,647.416,601.920,0,0,589.175,135.119,111.264,-85.000,286.000,0.000,0.000,-85.000,286.000,0.000,0.000,44.000,-93.000,0.000,0.000,140.000,279.000,0.000,0.000,140.000,279.000,0.000,0.000,290.700,275.300,0.000,0.000,0.000,-1.000,0,0
36.965,218.777,-0.092,-0.996,0,59.000,80.600,140.070,0,647.598,595.593,0,0,589.174,139.264,119.344,-85.000,286.000,0.000,0.000,-85.000,286.000,0.000,0.000,44.000,-93.000,0.000,0.000,140.000,279.000,0.000,0.000,140.000,279.000,0.000,0.000,290.700,275.300,0.000,0.000,-1.000,-1.000,0,0
26.791,208.603,-0.548,-0.836,0,59.000,80.600,132.156,0,656.517,582.768,0,0,589.172,135.969,133.312,-85.000,286.000,0.000,0.000,-85.000,286.000,0.000,0.000,44.000,-93.000,0.000,0.000,140.000,279.000,0.000,0.000,140.000,279.000,0.000,0.000,290.700,275.300,0.000,0.000,-1.000,-1.000,0,0
16.616,198.429,-0.665,-0.747,0,59.000,80.600,125.395,0,665.628,570.018,0,0,589.171,134.144,147.361,-85.000,286.000,0.000,0.000,-85.000,286.000,0.000,0.000,44.000,-93.000,0.000,0.000,140.000,279.000,0.000,0.000,140.000,279.000,0.000,0.000,290.700,275.300,0.000,0.000,-1.000,-1.000,0,0
12.547,185.726,-0.406,-0.914,0,59.000,80.600,115.123,0,668.652,562.503,0,0,589.171,139.894,157.938,-85.000,286.000,0.000,0.000,-85.000,286.000,0.000,0.000,44.000,-93.000,0.000,0.000,140.000,279.000,0.000,0.000,140.000,279.000,0.000,0.000,290.700,275.300,0.000,0.000,0.000,-1.000,0,0
12.547,171.337,-0.110,-0.994,0,59.000,80.600,102.152,0,667.777,558.714,0,0,589.171,150.542,166.840,-85.000,286.000,0.000,0.000,-85.000,286.000,0.000,0.000,44.000,-93.000,0.000,0.000,140.000,279.000,0.000,0.000,140.000,279.000,0.000,0.000,108.800,-94.600,0.000,0.000,0.000,-1.000,0,0
12.547,156.948,-0.033,-0.999,0,59.000,80.600,89.616,0,667.211,555.272,0,0,589.171,161.771,176.468,-85.000,286.000,0.000,0.000,-85.000,286.000,0.000,0.000,44.000,-93.000,0.000,0.000,140.000,279.000,0.000,0.000,140.000,279.000,0.000,0.000,108.800,-94.600,0.000,0.000,0.000,-1.000,0,0
12.547,142.560,-0.009,-1.000,0,59.000,80.600,77.723,0,666.955,552.183,0,0,589.171,173.466,186.709,-85.000,286.000,0.000,0.000,-85.000,286.000,0.000,0.000,44.000,-93.000,0.000,0.000,140.000,279.000,0.000,0.000,140.000,279.000,0.000,0.000,108.800,-94.600,0.000,0.000,0.000,-1.000,0,0
12.547,128.171,-0.003,-1.000,0,59.000,80.600,66.820,0,667.010,549.455,0,0,589.171,185.541,197.468,-85.000,286.000,0.000,0.000,-85.000,286.000,0.000,0.000,44.000,-93.000,0.000,0.000,140.000,279.000,0.000,0.000,140.000,279.000,0.000,0.000,108.800,-94.600,0.000,0.000,0.000,-1.000,0,0
12.547,113.782,-0.001,-1.000,0,59.000,80.600,57.471,0,667.375,547.091,0,0,589.171,197.925,208.665,-85.000,286.000,0.000,0.000,-85.000,286.000,0.000,0.000,44.000,-93.000,0.000,0.000,140.000,279.000,0.000,0.000,140.000,279.000,0.000,0.000,108.800,-94.600,0.000,0.000,0.000,-1.000,0,0
14.582,100.236,0.169,-0.986,0,59.000,80.600,49.016,0,665.971,547.220,0,0,589.171,195.463,216.422,44.000,-93.000,0.000,0.000,44.000,-93.000,0.000,0.000,-85.000,286.000,0.000,0.000,108.800,-94.600,0.000,0.000,108.800,-94.600,0.000,0.000,140.000,279.000,0.000,0.000,1.000,-1.000,0,0
24.756,90.062,0.581,-0.814,0,59.000,80.600,36.141,0,656.479,556.136,0,0,589.171,184.071,202.888,44.000,-93.000,0.000,0.000,44.000,-93.000,0.000,0.000,-67.000,-108.000,0.000,0.000,108.800,-94.600,0.000,0.000,108.800,-94.600,0.000,0.000,140.000,279.000,0.000,0.000,1.000,-1.000,0,0
35.773,81.923,0.735,-0.678,1,46.900,71.666,15.133,1,646.149,566.296,0,0,576.559,175.116,191.032,44.000,-93.000,0.000,0.000,44.000,-93.000,0.000,0.000,-67.000,-108.000,0.000,0.000,108.800,-94.600,0.000,0.000,108.800,-94.600,0.000,0.000,140.000,279.000,0.000,0.000,1.000,0.000,0,0
50.162,81.923,0.979,-0.203,1,64.981,78.855,15.133,1,631.820,580.622,0,0,595.125,175.031,186.007,44.000,-93.000,0.000,0.000,44.000,-93.000,0.000,0.000,-67.000,-108.000,0.000,0.000,108.800,-94.600,0.000,0.000,108.800,-94.600,0.000,0.000,140.000,279.000,0.000,0.000,1.000,0.000,0,0
64.551,81.923,0.998,-0.062,1,79.655,80.991,15.133,1,617.494,594.952,0,0,609.919,176.126,181.984,44.000,-93.000,0.000,0.000,44.000,-93.000,0.000,0.000,-67.000,-108.000,0.000,0.000,108.800,-94.600,0.000,0.000,108.800,-94.600,0.000,0.000,140.000,279.000,0.000,0.000,1.000,0.000,0,0
78.939,81.923,1.000,-0.018,1,94.070,81.651,15.133,1,603.170,609.284,0,0,624.335,178.378,179.030,44.000,-93.000,0.000,0.000,44.000,-93.000,0.000,0.000,-67.000,-108.000,0.000,0.000,108.800,-94.600,0.000,0.000,108.800,-94.600,0.000,0.000,140.000,279.000,0.000,0.000,1.000,0.000,0,0
93.328,81.923,1.000,-0.005,1,108.461,81.848,15.133,1,588.850,623.618,0,0,638.691,181.745,177.199,44.000,-93.000,0.000,0.000,44.000,-93.000,0.000,0.000,-67.000,-108.000,0.000,0.000,108.800,-94.600,0.000,0.000,108.800,-94.600,0.000,0.000,140.000,279.000,0.000,0.000,1.000,0.000,0,0
107.717,81.923,1.000,-0.001,1,122.850,81.901,15.133,1,574.534,637.955,0,0,653.035,186.166,176.526,44.000,-93.000,0.000,0.000,44.000,-93.000,0.000,0.000,-67.000,-108.000,0.000,0.000,108.800,-94.600,0.000,0.000,108.800,-94.600,0.000,0.000,140.000,279.000,0.000,0.000,1.000,1.000,0,0
115.856,92.940,0.809,0.588,1,128.096,101.839,15.133,1,565.454,647.030,0,0,660.108,199.341,187.620,44.000,-93.000,0.000,0.000,44.000,-93.000,0.000,0.000,-67.000,-108.000,0.000,0.000,140.000,279.000,0.000,0.000,140.000,279.000,0.000,0.000,108.800,-94.600,0.000,0.000,-1.000,1.000,0,0
105.682,103.114,-0.310,0.951,1,100.995,117.503,15.133,1,574.888,637.978,0,0,635.124,205.586,179.203,44.000,-93.000,0.000,0.000,44.000,-93.000,0.000,0.000,-85.000,286.000,0.000,0.000,140.000,279.000,0.000,0.000,140.000,279.000,0.000,0.000,108.800,-94.600,0.000,0.000,-1.000,1.000,0,0
95.507,113.289,-0.603,0.798,1,86.389,125.366,15.133,1,584.523,629.124,0,0,621.809,212.622,171.581,44.000,-93.000,0.000,0.000,44.000,-93.000,0.000,0.000,-85.000,286.000,0.000,0.000,140.000,279.000,0.000,0.000,140.000,279.000,0.000,0.000,108.800,-94.600,0.000,0.000,-1.000,1.000,0,0
85.333,123.463,-0.678,0.735,1,75.073,134.587,15.133,1,594.351,620.478,0,0,612.124,220.374,164.865,44.000,-93.000,0.000,0.000,44.000,-93.000,0.000,0.000,-87.422,279.232,-0.337,-0.942,140.000,279.000,0.000,0.000,140.000,279.000,0.000,0.000,108.800,-94.600,0.000,0.000,-1.000,1.000,0,0
75.159,133.637,-0.700,0.715,1,64.571,144.450,15.133,1,604.361,612.048,0,0,603.558,215.636,159.169,-89.845,272.464,-0.337,-0.942,-89.845,272.464,-0.337,-0.942,44.000,-93.000,0.000,0.000,140.000,279.000,0.000,0.000,140.000,279.000,0.000,0.000,108.800,-94.600,0.000,0.000,-1.000,1.000,0,0
64.984,143.812,-0.705,0.709,0,52.167,155.407,17.284,0,614.546,603.844,0,0,593.585,199.868,154.607,-91.298,268.403,0.000,0.000,-91.298,268.403,0.000,0.000,44.000,-93.000,0.000,0.000,140.000,279.000,0.000,0.000,140.000,279.000,0.000,0.000,272.387,263.958,-0.897,-0.442,-1.000,1.000,0,1
53.967,151.951,-0.777,0.630,0,36.844,167.476,23.114,0,625.689,594.632,0,0,581.331,186.180,153.438,-91.298,268.403,0.000,0.000,-91.298,268.403,0.000,0.000,44.000,-93.000,0.000,0.000,140.000,279.000,0.000,0.000,140.000,279.000,0.000,0.000,265.853,260.966,-0.926,-0.378,-1.000,0.000,0,0
39.579,151.951,-0.981,0.193,0,21.900,179.246,32.521,0,640.070,580.557,0,0,569.767,175.185,161.944,-91.298,268.403,0.000,0.000,-91.298,268.403,0.000,0.000,44.000,-93.000,0.000,0.000,140.000,279.000,0.000,0.000,140.000,279.000,0.000,0.000,259.129,258.427,-0.949,-0.317,-1.000,0.000,0,0
25.190,151.951,-0.998,0.056,0,7.326,190.725,42.695,0,654.450,566.498,0,0,558.880,164.713,171.239,-91.298,268.403,0.000,0.000,-91.298,268.403,0.000,0.000,44.000,-93.000,0.000,0.000,140.000,279.000,0.000,0.000,140.000,279.000,0.000,0.000,252.257,256.320,-0.966,-0.259,-1.000,0.000,0,0
10.801,151.951,-1.000,0.015,0,-6.888,201.920,53.016,0,668.832,552.456,0,0,548.657,154.872,181.201,-91.298,268.403,0.000,0.000,-91.298,268.403,0.000,0.000,44.000,-93.000,0.000,0.000,140.000,279.000,0.000,0.000,140.000,279.000,0.000,0.000,245.274,254.618,-0.979,-0.205,-1.000,0.000,0,0
-1.059,145.846,-0.938,-0.346,0,-20.749,212.837,69.839,0,680.588,539.562,0,0,539.082,152.195,193.978,-91.298,268.403,0.000,0.000,-91.298,268.403,0.000,0.000,44.000,-93.000,0.000,0.000,140.000,279.000,0.000,0.000,140.000,279.000,0.000,0.000,238.209,253.294,-0.988,-0.154,-1.000,-1.000,0,0
-11.233,135.672,-0.790,-0.613,0,-34.268,223.485,90.805,0,690.716,527.516,0,0,530.142,155.009,208.361,-91.298,268.403,0.000,0.000,-91.298,268.403,0.000,0.000,44.000,-93.000,0.000,0.000,140.000,279.000,0.000,0.000,140.000,279.000,0.000,0.000,108.800,-94.600,0.000,0.000,-1.000,-1.000,0,0
-21.408,125.498,-0.732,-0.682,0,-47.452,233.869,111.487,0,700.994,515.589,0,0,521.820,159.080,222.745,-91.298,268.403,0.000,0.000,-91.298,268.403,0.000,0.000,44.000,-93.000,0.000,0.000,140.000,279.000,0.000,0.000,140.000,279.000,0.000,0.000,108.800,-94.600,0.000,0.000,-1.000,-1.000,0,0
-31.582,115.323,-0.714,-0.700,0,-60.310,243.996,131.881,0,711.415,503.792,0,0,514.100,164.315,237.130,-91.298,268.403,0.000,0.000,-91.298,268.403,0.000,0.000,44.000,-93.000,0.000,0.000,140.000,279.000,0.000,0.000,140.000,279.000,0.000,0.000,108.800,-94.600,0.000,0.000,-1.000,-1.000,0,0
-43.442,109.219,-0.875,-0.484,0,-91.894,253.281,151.992,1,723.482,491.099,0,0,489.785,166.222,249.953,-91.298,268.403,0.000,0.000,-91.298,268.403,0.000,0.000,44.000,-93.000,0.000,0.000,140.000,279.000,0.000,0.000,140.000,279.000,0.000,0.000,108.800,-94.600,0.000,0.000,-1.000,0.000,0,0
-57.831,109.219,-0.990,-0.138,0,-95.284,253.804,149.357,1,737.857,476.908,0,0,487.008,162.664,260.697,-91.298,268.403,0.000,0.000,-91.298,268.403,0.000,0.000,44.000,-93.000,0.000,0.000,140.000,279.000,0.000,0.000,140.000,279.000,0.000,0.000,108.800,-94.600,0.000,0.000,-1.000,0.000,0,0
-72.219,109.219,-0.999,-0.040,0,-96.118,254.058,146.797,1,752.231,462.728,0,0,486.384,160.323,271.777,-91.298,268.403,0.000,0.000,-91.298,268.403,0.000,0.000,44.000,-93.000,0.000,0.000,140.000,279.000,0.000,0.000,140.000,279.000,0.000,0.000,108.800,-94.600,0.000,0.000,-1.000,0.000,0,0
-86.608,109.219,-1.000,-0.012,0,-96.327,254.129,145.236,1,766.607,448.563,0,0,486.231,159.253,282.359,-91.298,268.403,0.000,0.000,-91.298,268.403,0.000,0.000,44.000,-93.000,0.000,0.000,108.800,-94.600,0.000,0.000,108.800,-94.600,0.000,0.000,140.000,279.000,0.000,0.000,-1.000,0.000,0,0
-100.997,109.219,-1.000,-0.003,0,-96.380,254.148,145.003,1,780.982,434.412,0,0,486.193,159.479,292.501,-91.298,268.403,0.000,0.000,-91.298,268.403,0.000,0.000,44.000,-93.000,0.000,0.000,108.800,-94.600,0.000,0.000,108.800,-94.600,0.000,0.000,140.000,279.000,0.000,0.000,-1.000,0.000,0,0
-115.386,109.219,-1.000,-0.001,0,-99.061,246.675,138.422,0,795.359,420.277,0,0,480.411,160.996,302.987,-91.298,268.403,0.000,0.000,-91.298,268.403,0.000,0.000,-296.000,285.000,0.000,0.000,108.800,-94.600,0.000,0.000,108.800,-94.600,0.000,0.000,140.000,279.000,0.000,0.000,-1.000,0.000,1,0
-128.089,105.149,-0.968,-0.253,0,-105.624,228.306,125.189,0,808.206,407.050,0,0,466.492,167.348,309.864,-91.298,268.403,0.000,0.000,-91.298,268.403,0.000,0.000,-296.000,285.000,0.000,0.000,108.800,-94.600,0.000,0.000,108.800,-94.600,0.000,0.000,140.000,279.000,0.000,0.000,-1.000,-1.000,0,0
-139.949,99.044,-0.928,-0.373,0,-112.024,210.393,114.797,0,820.321,394.304,0,0,453.312,176.208,315.236,-91.298,268.403,0.000,0.000,-91.298,268.403,0.000,0.000,-296.000,285.000,0.000,0.000,108.800,-94.600,0.000,0.000,108.800,-94.600,0.000,0.000,140.000,279.000,0.000,0.000,-1.000,0.000,0,0
-142.826,99.044,-0.827,-0.562,0,-118.266,192.922,97.039,0,823.195,391.472,0,0,440.866,177.024,317.512,-91.298,268.403,0.000,0.000,-91.298,268.403,0.000,0.000,-296.000,285.000,0.000,0.000,108.800,-94.600,0.000,0.000,108.800,-94.600,0.000,0.000,162.093,236.611,-0.365,-0.931,1.000,0.000,0,0
-131.315,99.044,0.199,-0.980,0,-124.353,175.884,77.161,0,811.699,402.803,0,0,429.150,174.022,308.470,-91.298,268.403,0.000,0.000,-91.298,268.403,0.000,0.000,-296.000,285.000,0.000,0.000,108.800,-94.600,0.000,0.000,108.800,-94.600,0.000,0.000,159.466,229.920,-0.365,-0.931,0.000,0.000,0,0
-142.826,99.044,-0.171,-0.985,0,-130.290,159.268,61.531,0,823.195,391.472,0,0,418.159,177.024,317.512,-91.298,268.403,0.000,0.000,-91.298,268.403,0.000,0.000,-296.000,285.000,0.000,0.000,108.800,-94.600,0.000,0.000,108.800,-94.600,0.000,0.000,156.839,223.228,-0.365,-0.931,-1.000,0.000,0,0
-148.582,99.044,-0.641,-0.768,0,-136.080,143.063,45.802,0,828.943,385.811,0,0,407.887,177.346,322.092,-91.782,267.049,-0.336,-0.942,-91.782,267.049,-0.336,-0.942,-296.000,285.000,0.000,0.000,108.800,-94.600,0.000,0.000,108.800,-94.600,0.000,0.000,154.212,216.537,-0.365,-0.931,1.000,0.000,0,0
-142.826,99.044,-0.038,-0.999,1,-143.401,83.922,15.133,1,823.195,391.472,0,0,388.556,168.408,314.571,-94.201,260.279,-0.337,-0.941,-94.201,260.279,-0.337,-0.941,-296.000,285.000,0.000,0.000,151.585,209.845,-0.365,-0.931,151.585,209.845,-0.365,-0.931,156.533,0.619,-0.929,0.371,-1.000,0.000,0,0
-157.215,99.044,-0.738,-0.675,1,-168.376,88.825,15.133,1,837.565,377.324,0,0,364.599,166.174,321.657,-95.768,253.440,-0.404,-0.915,-95.768,253.440,-0.404,-0.915,-296.000,285.000,0.000,0.000,149.858,3.288,-0.929,0.371,149.858,3.288,-0.929,0.371,148.958,203.154,-0.365,-0.931,-1.000,0.000,0,0
-168.232,107.184,-0.954,0.301,1,-182.664,111.739,15.133,1,848.235,368.103,0,0,355.021,156.042,326.987,-99.050,247.051,-0.526,-0.851,-99.050,247.051,-0.526,-0.851,-296.000,285.000,0.000,0.000,146.331,196.463,-0.365,-0.931,146.331,196.463,-0.365,-0.931,143.183,5.957,-0.929,0.371,-1.000,1.000,0,0
-176.344,121.065,-0.651,0.759,0,-187.561,131.944,15.626,0,855.954,363.372,0,0,355.467,140.630,326.547,-103.080,241.103,-0.601,-0.799,-103.080,241.103,-0.601,-0.799,-296.000,285.000,0.000,0.000,143.178,188.433,-0.365,-0.931,143.178,188.433,-0.365,-0.931,135.173,9.160,-0.929,0.371,0.000,1.000,0,1
-176.344,132.575,-0.230,0.973,0,-184.773,147.121,16.812,0,855.805,366.398,0,0,362.709,125.214,321.413,-106.694,236.630,-0.657,-0.754,-106.694,236.630,-0.657,-0.754,-296.000,285.000,0.000,0.000,141.076,183.080,-0.365,-0.931,141.076,183.080,-0.365,-0.931,129.834,11.295,-0.929,0.371,0.000,1.000,0,1
-176.344,138.330,-0.123,0.992,0,-181.319,165.610,27.730,0,855.789,368.037,0,0,372.256,113.360,317.086,-111.611,231.389,-0.727,-0.686,-111.611,231.389,-0.727,-0.686,-296.000,285.000,0.000,0.000,138.449,176.388,-0.365,-0.931,138.449,176.388,-0.365,-0.931,123.159,13.964,-0.929,0.371,0.000,0.000,0,0
-176.344,129.697,-0.735,0.679,0,-177.951,183.641,53.970,0,855.828,365.610,0,0,382.226,113.703,313.898,-117.083,226.736,-0.816,-0.578,-117.083,226.736,-0.816,-0.578,-296.000,285.000,0.000,0.000,116.484,16.632,-0.929,0.371,116.484,16.632,-0.929,0.371,135.822,169.697,-0.365,-0.931,0.000,-1.000,0,0
-172.274,116.994,-0.871,-0.492,0,-174.666,201.226,84.270,0,851.976,366.334,0,0,392.527,116.848,298.521,-123.246,223.059,-0.920,-0.391,-123.246,223.059,-0.920,-0.391,-296.000,285.000,0.000,0.000,109.809,19.301,-0.929,0.371,109.809,19.301,-0.929,0.371,133.195,163.005,-0.365,-0.931,1.000,0.000,0,0
-157.886,116.994,0.207,-0.978,0,-171.463,218.376,102.295,0,837.595,380.322,0,0,403.082,107.732,277.778,-130.129,221.089,-0.998,-0.066,-130.129,221.089,-0.998,-0.066,-296.000,285.000,0.000,0.000,103.134,21.970,-0.929,0.371,103.134,21.970,-0.929,0.371,130.568,156.314,-0.365,-0.931,1.000,0.000,0,0
-143.497,116.994,0.990,-0.144,0,-152.333,222.487,105.862,1,823.213,394.338,0,0,421.995,105.093,257.115,-137.211,221.899,0.422,-0.906,-137.211,221.899,0.422,-0.906,-296.000,285.000,0.000,0.000,96.459,24.639,-0.929,0.371,96.459,24.639,-0.929,0.371,127.941,149.623,-0.365,-0.931,1.000,0.000,0,0
-134.515,125.977,0.874,0.486,0,-143.543,203.497,78.045,1,814.054,405.115,0,0,421.717,89.407,245.041,-134.175,215.383,0.422,-0.906,-134.175,215.383,0.422,-0.906,-296.000,285.000,0.000,0.000,89.784,27.308,-0.929,0.371,89.784,27.308,-0.929,0.371,125.314,142.931,-0.365,-0.931,0.000,1.000,0,0
-140.619,137.837,-0.062,0.998,0,-127.045,194.298,58.070,1,820.070,402.178,0,0,433.257,71.660,248.371,-131.140,208.866,0.422,-0.906,-131.140,208.866,0.422,-0.906,-296.000,285.000,0.000,0.000,83.109,29.977,-0.929,0.371,83.109,29.977,-0.929,0.371,122.687,136.240,-0.365,-0.931,-1.000,1.000,0,0
-150.793,148.011,-0.551,0.835,0,-122.175,188.427,49.522,1,830.304,395.282,0,0,435.610,58.886,254.836,-128.104,202.350,0.422,-0.906,-128.104,202.350,0.422,-0.906,-296.000,285.000,0.000,0.000,76.434,32.646,-0.929,0.371,76.434,32.646,-0.929,0.371,120.059,129.548,-0.365,-0.931,0.000,1.000,0,0
-144.689,159.871,0.160,0.987,0,-118.795,182.062,34.102,1,824.432,404.733,0,0,436.516,40.966,247.997,-125.069,195.834,0.422,-0.906,-125.069,195.834,0.422,-0.906,-296.000,285.000,0.000,0.000,69.759,35.315,-0.929,0.371,69.759,35.315,-0.929,0.371,117.432,122.857,-0.365,-0.931,1.000,1.000,0,0
-133.672,168.011,0.646,0.763,0,-115.673,175.585,19.528,1,813.681,417.782,0,0,437.259,24.278,235.839,-122.034,189.317,0.422,-0.906,-122.034,189.317,0.422,-0.906,-296.000,285.000,0.000,0.000,63.084,37.984,-0.929,0.371,63.084,37.984,-0.929,0.371,114.805,116.165,-0.365,-0.931,1.000,0.000,0,0
-119.283,168.011,0.972,0.236,0,-112.616,169.079,6.752,1,799.305,431.389,0,0,438.048,14.793,216.997,-118.998,182.801,0.422,-0.906,-118.998,182.801,0.422,-0.906,-296.000,285.000,0.000,0.000,56.409,40.652,-0.929,0.371,56.409,40.652,-0.929,0.371,112.178,109.474,-0.365,-0.931,1.000,0.000,0,0
-104.894,168.011,0.998,0.062,0,-109.575,162.565,7.180,1,784.930,445.046,0,0,438.935,13.819,198.639,-115.963,176.284,0.422,-0.906,-115.963,176.284,0.422,-0.906,-296.000,285.000,0.000,0.000,49.735,43.321,-0.929,0.371,49.735,43.321,-0.929,0.371,109.551,102.782,-0.365,-0.931,1.000,0.000,0,0
-90.505,168.011,1.000,0.019,0,-106.538,156.050,20.002,1,770.555,458.747,0,0,439.933,22.491,180.910,-112.927,169.768,0.422,-0.906,-112.927,169.768,0.422,-0.906,-296.000,285.000,0.000,0.000,43.060,45.990,-0.929,0.371,43.060,45.990,-0.929,0.371,106.924,96.091,-0.365,-0.931,1.000,0.000,0,0
-76.117,168.011,1.000,0.005,0,-103.502,149.533,33.036,1,756.181,472.489,0,0,441.045,34.109,164.016,-109.892,163.251,0.422,-0.906,-109.892,163.251,0.422,-0.906,-296.000,285.000,0.000,0.000,36.385,48.659,-0.929,0.371,36.385,48.659,-0.929,0.371,104.297,89.400,-0.365,-0.931,1.000,0.000,0,0
-61.728,168.011,1.000,0.001,0,-100.466,143.017,46.101,1,741.807,486.268,0,0,442.270,46.516,148.242,-106.856,156.735,0.422,-0.906,-106.856,156.735,0.422,-0.906,-296.000,285.000,0.000,0.000,29.710,51.328,-0.929,0.371,29.710,51.328,-0.929,0.371,101.669,82.708,-0.365,-0.931,1.000,0.000,0,0
-47.339,168.011,1.000,0.000,0,-97.431,136.501,59.178,1,727.433,500.082,0,0,443.609,59.218,133.984,-103.821,150.219,0.422,-0.906,-103.821,150.219,0.422,-0.906,-296.000,285.000,0.000,0.000,23.035,53.997,-0.929,0.371,23.035,53.997,-0.929,0.371,99.042,76.017,-0.365,-0.931,1.000,0.000,0,0
-32.951,168.011,1.000,0.000,0,-94.395,129.984,72.260,1,713.061,513.927,0,0,445.060,72.059,121.775,-100.786,143.702,0.422,-0.906,-100.786,143.702,0.422,-0.906,44.000,-93.000,0.000,0.000,16.360,56.666,-0.929,0.371,16.360,56.666,-0.929,0.371,96.415,69.325,-0.365,-0.931,1.000,0.000,0,0
-18.562,168.011,1.000,0.000,0,-91.360,123.468,85.344,1,698.689,527.801,0,0,446.622,84.976,112.287,-97.750,137.186,0.422,-0.906,-97.750,137.186,0.422,-0.906,44.000,-93.000,0.000,0.000,9.685,59.335,-0.929,0.371,9.685,59.335,-0.929,0.371,93.788,62.634,-0.365,-0.931,1.000,0.000,0,0
-5.016,165.976,0.994,-0.106,0,-88.325,116.951,96.663,1,685.073,540.375,0,0,448.294,96.397,104.281,-94.715,130.669,0.422,-0.906,-94.715,130.669,0.422,-0.906,44.000,-93.000,0.000,0.000,3.010,62.004,-0.929,0.371,3.010,62.004,-0.929,0.371,91.161,55.942,-0.365,-0.931,1.000,-1.000,0,0
5.158,155.801,0.819,-0.574,0,-85.289,110.435,101.187,1,674.563,547.819,0,0,450.074,101.878,91.555,-91.679,124.153,0.422,-0.906,-91.679,124.153,0.422,-0.906,44.000,-93.000,0.000,0.000,-3.665,64.672,-0.929,0.371,-3.665,64.672,-0.929,0.371,88.534,49.251,-0.365,-0.931,1.000,-1.000,0,0
15.333,145.627,0.744,-0.669,0,-82.254,103.919,106.126,1,664.199,555.536,0,0,451.962,107.678,82.387,-88.644,117.637,0.422,-0.906,-88.644,117.637,0.422,-0.906,44.000,-93.000,0.000,0.000,-10.340,67.341,-0.929,0.371,-10.340,67.341,-0.929,0.371,85.907,42.559,-0.365,-0.931,0.000,-1.000,0,0
15.333,131.238,0.227,-0.974,0,-79.218,97.402,100.423,1,664.188,552.744,0,0,453.955,102.926,69.247,-85.608,111.120,0.422,-0.906,-85.608,111.120,0.422,-0.906,44.000,-93.000,0.000,0.000,-17.014,70.010,-0.929,0.371,-17.014,70.010,-0.929,0.371,83.279,35.868,-0.365,-0.931,0.000,-1.000,0,0
15.333,116.850,0.059,-0.998,0,-76.183,90.886,95.127,1,664.488,550.314,0,0,456.054,98.668,58.938,-82.573,104.604,0.422,-0.906,-82.573,104.604,0.422,-0.906,44.000,-93.000,0.000,0.000,-23.689,72.679,-0.929,0.371,-23.689,72.679,-0.929,0.371,80.652,29.177,-0.365,-0.931,0.000,-1.000,0,0
15.333,102.461,0.017,-1.000,0,-73.147,84.369,90.311,1,665.099,548.251,0,0,458.255,94.971,53.619,-79.537,98.087,0.422,-0.906,-79.537,98.087,0.422,-0.906,44.000,-93.000,0.000,0.000,-30.570,74.749,-0.975,0.220,-30.570,74.749,-0.975,0.220,78.025,22.485,-0.365,-0.931,0.000,-1.000,0,0
15.333,88.072,0.004,-1.000,0,-70.112,77.853,86.053,1,666.021,546.559,0,0,460.558,91.901,54.367,-76.502,91.571,0.422,-0.906,-76.502,91.571,0.422,-0.906,44.000,-93.000,0.000,0.000,-37.657,75.911,-0.998,0.060,-37.657,75.911,-0.998,0.060,75.398,15.794,-0.365,-0.931,0.000,-1.000,0,0
13.298,71.649,-0.097,-0.995,0,-60.725,80.993,74.610,2,669.475,543.057,0,0,470.217,87.003,59.510,-72.860,83.751,0.422,-0.906,-72.860,83.751,0.422,-0.906,44.000,-93.000,0.000,0.000,-45.850,78.207,-0.925,0.380,-45.850,78.207,-0.925,0.380,72.246,7.764,-0.365,-0.931,-1.000,-1.000,0,0
5.158,63.509,-0.534,-0.845,0,-66.045,83.178,73.869,2,678.417,534.386,0,0,465.171,77.069,58.804,-70.431,78.538,0.422,-0.906,-70.431,78.538,0.422,-0.906,44.000,-93.000,0.000,0.000,-51.170,80.391,-0.925,0.380,-51.170,80.391,-0.925,0.380,70.144,2.411,-0.365,-0.931,-1.000,-1.000,0,0
-5.016,53.335,-0.662,-0.750,0,-73.398,81.007,73.770,0,689.701,523.702,0,0,457.609,65.139,60.525,-67.424,71.997,0.423,-0.906,-67.424,71.997,0.423,-0.906,44.000,-93.000,0.000,0.000,-57.712,83.107,-0.925,0.380,-57.712,83.107,-0.925,0.380,67.517,-4.281,-0.365,-0.931,-1.000,-1.000,0,0
-17.719,49.265,-0.932,-0.362,0,-80.693,77.290,68.939,0,702.808,510.854,0,0,449.940,49.403,59.272,-64.385,65.482,0.423,-0.906,-64.385,65.482,0.423,-0.906,44.000,-93.000,0.000,0.000,-64.363,85.837,-0.925,0.380,-64.363,85.837,-0.925,0.380,64.890,-10.972,-0.365,-0.931,-1.000,0.000,0,0
-32.108,49.265,-0.995,-0.095,0,-87.808,73.665,60.845,0,717.081,496.482,0,0,442.476,32.571,55.301,-61.123,64.063,0.500,0.866,-61.123,64.063,0.500,0.866,44.000,-93.000,0.000,0.000,-71.013,88.566,-0.925,0.380,-71.013,88.566,-0.925,0.380,62.262,-17.664,-0.365,-0.931,-1.000,0.000,0,0
-46.497,49.265,-1.000,-0.028,0,-94.747,70.129,52.650,0,731.358,482.111,0,0,435.214,23.740,52.326,-57.527,70.288,0.500,0.866,-57.527,70.288,0.500,0.866,44.000,-93.000,0.000,0.000,-77.664,91.296,-0.925,0.380,-77.664,91.296,-0.925,0.380,59.635,-24.355,-0.365,-0.931,-1.000,0.000,0,0
-63.763,49.265,-1.000,-0.006,0,-102.847,66.002,42.714,0,748.496,464.867,0,0,426.758,30.383,50.313,-53.211,77.757,0.500,0.866,-53.211,77.757,0.500,0.866,44.000,-93.000,0.000,0.000,-85.644,94.571,-0.925,0.380,-85.644,94.571,-0.925,0.380,56.483,-32.385,-0.365,-0.931,-1.000,0.000,0,0
-75.274,49.265,-1.000,-0.002,0,-108.114,63.319,36.059,0,759.925,453.372,0,0,421.275,41.741,50.015,-50.334,82.737,0.500,0.866,-50.334,82.737,0.500,0.866,44.000,-93.000,0.000,0.000,-90.964,96.755,-0.925,0.380,-90.964,96.755,-0.925,0.380,54.381,-37.738,-0.365,-0.931,-1.000,0.000,0,0
-89.663,49.265,-1.000,-0.001,1,-104.796,49.256,15.133,1,774.214,439.004,0,0,423.895,58.466,50.845,-46.738,88.961,0.500,0.866,-46.738,88.961,0.500,0.866,44.000,-93.000,0.000,0.000,-97.615,99.484,-0.925,0.380,-97.615,99.484,-0.925,0.380,51.754,-44.429,-0.365,-0.931,-1.000,0.000,0,0
-104.051,49.265,-1.000,0.000,1,-119.185,49.263,15.133,1,788.507,424.638,0,0,409.530,76.280,52.949,-43.142,95.186,0.500,0.866,-43.142,95.186,0.500,0.866,44.000,-93.000,0.000,0.000,-104.265,102.214,-0.925,0.380,-104.265,102.214,-0.925,0.380,49.127,-51.121,-0.365,-0.931,-1.000,0.000,0,0
-117.597,47.230,-0.980,-0.199,1,-132.428,44.222,15.133,1,802.193,411.029,0,0,396.109,95.013,58.099,-39.545,101.410,0.500,0.866,-39.545,101.410,0.500,0.866,44.000,-93.000,0.000,0.000,-110.915,104.943,-0.925,0.380,-110.915,104.943,-0.925,0.380,46.500,-57.812,-0.365,-0.931,0.000,-1.000,0,0
-111.493,35.370,-0.158,-0.987,1,-113.886,20.427,15.133,1,797.567,416.829,0,0,414.545,104.542,72.557,-35.949,107.635,0.500,0.866,-35.949,107.635,0.500,0.866,44.000,-93.000,0.000,0.000,-117.566,107.673,-0.925,0.380,-117.566,107.673,-0.925,0.380,43.873,-64.504,-0.365,-0.931,1.000,-1.000,0,0
-101.318,25.196,0.525,-0.851,1,-93.370,12.318,15.133,1,788.869,427.010,0,0,435.312,112.327,88.230,-32.353,113.859,0.500,0.866,-32.353,113.859,0.500,0.866,44.000,-93.000,0.000,0.000,-124.216,110.402,-0.925,0.380,-124.216,110.402,-0.925,0.380,41.245,-71.195,-0.365,-0.931,1.000,0.000,0,0
-86.929,25.196,0.956,-0.294,1,-72.466,20.743,15.133,1,774.634,441.388,0,0,455.919,111.300,98.301,-28.756,120.084,0.500,0.866,-28.756,120.084,0.500,0.866,44.000,-93.000,0.000,0.000,-130.866,113.132,-0.925,0.380,-130.866,113.132,-0.925,0.380,38.618,-77.887,-0.365,-0.931,1.000,0.000,0,0
-75.912,33.335,0.934,0.356,1,-61.771,38.724,15.133,1,762.579,452.368,0,0,466.560,105.923,102.984,-25.160,126.308,0.500,0.866,-25.160,126.308,0.500,0.866,44.000,-93.000,0.000,0.000,-137.517,115.861,-0.925,0.380,-137.517,115.861,-0.925,0.380,37.251,-79.034,0.073,0.997,1.000,1.000,0,0
-65.738,43.510,0.782,0.623,1,-53.903,52.941,15.133,1,751.158,462.702,0,0,474.870,99.380,108.574,-21.564,132.532,0.500,0.866,-21.564,132.532,0.500,0.866,44.000,-93.000,0.000,0.000,-144.167,118.591,-0.925,0.380,-144.167,118.591,-0.925,0.380,37.773,-71.864,0.073,0.997,1.000,1.000,0,0
-55.564,53.684,0.729,0.685,1,-44.535,64.047,15.133,1,739.841,473.247,0,0,484.856,93.010,116.825,-17.968,138.757,0.500,0.866,-17.968,138.757,0.500,0.866,44.000,-93.000,0.000,0.000,-150.818,121.320,-0.925,0.380,-150.818,121.320,-0.925,0.380,38.295,-64.694,0.073,0.997,1.000,1.000,0,0
-45.389,63.858,0.713,0.701,0,-34.596,74.466,15.133,0,728.632,483.991,0,0,495.573,86.851,127.219,-14.371,144.981,0.500,0.866,-14.371,144.981,0.500,0.866,44.000,-93.000,0.000,0.000,-157.468,124.050,-0.925,0.380,-157.468,124.050,-0.925,0.380,38.817,-57.525,0.073,0.997,1.000,1.000,0,1
-35.215,74.033,0.709,0.705,0,-29.165,93.405,20.295,0,717.536,494.920,0,0,502.981,73.947,139.278,-14.371,144.981,0.000,0.000,-14.371,144.981,0.000,0.000,44.000,-93.000,0.000,0.000,-164.118,126.779,-0.925,0.380,-164.118,126.779,-0.925,0.380,39.339,-50.355,0.073,0.997,1.000,1.000,0,1
-25.041,84.207,0.708,0.707,0,-23.867,111.874,27.693,0,706.560,506.021,0,0,510.831,61.704,142.972,-14.371,144.981,0.000,0.000,-14.371,144.981,0.000,0.000,44.000,-93.000,0.000,0.000,39.861,-43.185,0.073,0.997,39.861,-43.185,0.073,0.997,-170.769,129.509,-0.925,0.380,1.000,1.000,0,0
-11.495,86.242,0.954,0.299,0,-18.701,129.887,44.238,0,692.903,519.700,0,0,519.055,58.810,132.809,-14.371,144.981,0.000,0.000,-14.371,144.981,0.000,0.000,44.000,-93.000,0.000,0.000,40.383,-36.015,0.073,0.997,40.383,-36.015,0.073,0.997,-177.419,132.238,-0.925,0.380,1.000,0.000,0,0
2.894,86.242,0.996,0.087,0,-18.784,129.599,48.480,0,678.559,534.003,0,0,518.911,61.279,121.203,-14.355,145.043,0.000,0.000,-14.355,145.043,0.000,0.000,44.000,-93.000,0.000,0.000,40.905,-28.846,0.073,0.997,40.905,-28.846,0.073,0.997,-184.069,134.968,-0.925,0.380,1.000,0.000,0,0
17.283,86.242,1.000,0.025,0,-18.784,129.597,56.406,0,664.216,548.310,0,0,518.900,69.136,110.586,-12.197,148.778,0.500,0.866,-12.197,148.778,0.500,0.866,168.011,22.946,-0.868,0.496,41.428,-21.676,0.073,0.997,41.428,-21.676,0.073,0.997,108.800,-94.600,0.000,0.000,1.000,0.000,0,0
31.671,86.242,1.000,0.007,0,-18.785,129.595,66.540,0,649.876,562.621,0,0,518.887,79.686,101.271,-8.601,155.002,0.500,0.866,-8.601,155.002,0.500,0.866,161.768,26.511,-0.868,0.496,41.950,-14.506,0.073,0.997,41.950,-14.506,0.073,0.997,108.800,-94.600,0.000,0.000,1.000,0.000,0,0
46.060,86.242,1.000,0.002,0,-18.785,129.593,78.028,0,635.539,576.936,0,0,518.873,90.720,93.647,-5.004,161.226,0.500,0.866,-5.004,161.226,0.500,0.866,155.525,30.075,-0.868,0.496,42.472,-7.337,0.073,0.997,42.472,-7.337,0.073,0.997,108.800,-94.600,0.000,0.000,1.000,0.000,0,0
54.693,80.486,0.894,-0.449,0,-18.786,129.592,88.415,0,627.438,585.011,0,0,518.856,103.489,81.497,-1.407,167.451,0.500,0.866,-1.407,167.451,0.500,0.866,149.282,33.639,-0.868,0.496,42.994,-0.167,0.073,0.997,42.994,-0.167,0.073,0.997,108.800,-94.600,0.000,0.000,0.000,0.000,0,0
46.060,80.486,0.496,-0.868,0,-18.786,129.590,81.407,0,636.032,576.413,0,0,518.838,102.999,73.528,2.189,173.675,0.500,0.866,2.189,173.675,0.500,0.866,143.039,37.203,-0.868,0.496,43.516,7.003,0.073,0.997,43.516,7.003,0.073,0.997,108.800,-94.600,0.000,0.000,-1.000,0.000,0,0
31.671,80.486,-0.679,-0.734,0,-18.787,129.588,70.523,0,650.359,562.084,0,0,518.820,102.727,67.457,5.786,179.899,0.500,0.866,5.786,179.899,0.500,0.866,136.796,40.767,-0.868,0.496,44.038,14.173,0.073,0.997,44.038,14.173,0.073,0.997,108.800,-94.600,0.000,0.000,-1.000,0.000,0,0
17.283,80.486,-0.993,-0.121,0,-18.787,129.586,61.122,0,664.689,547.759,0,0,518.801,105.932,65.131,9.383,186.123,0.500,0.866,9.383,186.123,0.500,0.866,130.553,44.331,-0.868,0.496,44.560,21.342,0.073,0.997,44.560,21.342,0.073,0.997,108.800,-94.600,0.000,0.000,-1.000,0.000,0,0
2.894,80.486,-0.999,-0.034,0,-18.788,129.585,53.987,0,679.021,533.437,0,0,518.782,112.315,66.942,12.979,192.347,0.500,0.866,12.979,192.347,0.500,0.866,124.310,47.895,-0.868,0.496,45.082,28.512,0.073,0.997,45.082,28.512,0.073,0.997,108.800,-94.600,0.000,0.000,-1.000,0.000,0,0
-11.495,80.486,-1.000,-0.009,0,-18.788,129.583,50.101,0,693.355,519.119,0,0,518.763,121.376,72.579,16.576,198.572,0.500,0.866,16.576,198.572,0.500,0.866,118.067,51.459,-0.868,0.496,45.604,35.682,0.073,0.997,45.604,35.682,0.073,0.997,108.800,-94.600,0.000,0.000,-1.000,1.000,0,0
-21.669,90.661,-0.844,0.536,0,-18.804,129.527,39.532,0,702.735,510.088,0,0,518.739,121.563,82.958,20.173,204.796,0.500,0.866,20.173,204.796,0.500,0.866,111.824,55.022,-0.869,0.495,46.126,42.851,0.073,0.997,46.126,42.851,0.073,0.997,108.800,-94.600,0.000,0.000,-1.000,1.000,0,0
-31.843,100.835,-0.748,0.664,1,-43.157,110.887,15.133,1,712.283,501.308,0,0,491.649,123.424,93.504,23.770,211.020,0.500,0.866,23.770,211.020,0.500,0.866,105.468,58.337,-0.943,0.333,46.648,50.021,0.073,0.997,46.648,50.021,0.073,0.997,-257.223,164.992,-0.925,0.380,-1.000,1.000,0,0
-31.843,111.852,-0.204,0.979,1,-34.927,126.668,15.133,1,711.795,502.964,0,0,502.534,120.885,96.078,27.366,217.244,0.500,0.866,27.366,217.244,0.500,0.866,98.770,60.939,-0.897,0.441,47.170,57.191,0.073,0.997,47.170,57.191,0.073,0.997,-263.873,167.722,-0.925,0.380,1.000,1.000,0,0
-19.983,117.957,0.709,0.705,1,-9.253,128.628,15.133,1,699.745,515.662,0,0,528.107,117.168,86.328,30.963,223.469,0.500,0.866,30.963,223.469,0.500,0.866,92.504,64.454,-0.846,0.533,47.692,64.361,0.073,0.997,47.692,64.361,0.073,0.997,140.000,279.000,0.000,0.000,1.000,0.000,0,0
-5.595,117.957,0.975,0.224,1,9.155,121.343,15.133,1,685.366,529.843,0,0,544.943,104.575,71.070,86.474,68.367,-0.825,0.565,86.474,68.367,-0.825,0.565,34.560,229.693,0.500,0.866,48.215,71.530,0.073,0.997,48.215,71.530,0.073,0.997,140.000,279.000,0.000,0.000,1.000,0.000,0,0
8.794,117.957,0.998,0.058,1,23.902,118.834,15.133,1,670.987,544.036,0,0,559.085,84.987,56.005,80.663,72.596,-0.775,0.632,80.663,72.596,-0.775,0.632,38.156,235.917,0.500,0.866,48.737,78.700,0.073,0.997,48.737,78.700,0.073,0.997,140.000,279.000,0.000,0.000,1.000,0.000,0,0
23.183,117.957,1.000,0.017,1,38.314,118.210,15.133,1,656.609,558.238,0,0,573.221,66.060,41.347,75.347,77.426,-0.672,0.740,75.347,77.426,-0.672,0.740,41.753,242.141,0.500,0.866,49.259,85.870,0.073,0.997,49.259,85.870,0.073,0.997,140.000,279.000,0.000,0.000,1.000,0.000,0,0
37.571,117.957,1.000,0.005,0,22.894,91.599,30.169,0,642.231,572.449,0,0,554.451,49.014,27.748,69.254,80.560,-0.973,0.232,69.254,80.560,-0.973,0.232,45.350,248.366,0.500,0.866,49.781,93.039,0.073,0.997,49.781,93.039,0.073,0.997,140.000,279.000,0.000,0.000,1.000,0.000,0,0
51.960,117.957,1.000,0.001,0,4.200,96.812,52.232,0,627.854,586.669,0,0,536.493,37.154,17.825,62.270,82.262,-0.970,0.243,62.270,82.262,-0.970,0.243,48.946,254.590,0.500,0.866,50.303,100.209,0.073,0.997,50.303,100.209,0.073,0.997,140.000,279.000,0.000,0.000,1.000,0.000,0,0
66.349,117.957,1.000,0.000,0,-14.032,101.897,81.971,0,613.478,600.897,0,0,519.076,35.680,18.785,55.302,84.030,-0.968,0.250,55.302,84.030,-0.968,0.250,52.543,260.814,0.500,0.866,50.825,107.379,0.073,0.997,50.825,107.379,0.073,0.997,140.000,279.000,0.000,0.000,1.000,0.000,0,0
80.737,117.957,1.000,0.000,0,-31.813,106.855,113.098,0,599.102,615.133,0,0,502.194,45.618,29.587,48.344,85.836,-0.967,0.254,48.344,85.836,-0.967,0.254,56.140,267.038,0.500,0.866,51.347,114.549,0.073,0.997,51.347,114.549,0.073,0.997,140.000,279.000,0.000,0.000,1.000,0.000,0,0
74.982,117.957,0.773,-0.635,0,-49.153,111.691,124.298,0,604.852,609.438,0,0,485.837,45.229,23.417,41.393,87.668,-0.967,0.256,41.393,87.668,-0.967,0.256,59.736,273.262,0.500,0.866,51.869,121.718,0.073,0.997,51.869,121.718,0.073,0.997,140.000,279.000,0.000,0.000,-1.000,0.000,0,0
60.593,117.957,-0.418,-0.908,0,-66.065,116.407,126.677,0,619.228,595.205,0,0,469.998,38.632,13.666,34.446,89.518,-0.966,0.258,34.446,89.518,-0.966,0.258,63.333,279.487,0.500,0.866,52.391,128.888,0.073,0.997,52.391,128.888,0.073,0.997,140.000,279.000,0.000,0.000,-1.000,0.000,0,0
46.205,117.957,-0.993,-0.121,0,-82.557,121.007,128.815,0,633.605,580.980,0,0,454.670,32.497,19.304,27.503,91.380,-0.966,0.260,27.503,91.380,-0.966,0.260,66.930,285.711,0.500,0.866,52.913,136.058,0.073,0.997,52.913,136.058,0.073,0.997,140.000,279.000,0.000,0.000,-1.000,0.000,0,0
31.816,117.957,-0.999,-0.035,0,-98.642,125.492,130.704,0,647.982,566.763,0,0,439.847,27.147,33.257,20.562,93.252,-0.965,0.261,20.562,93.252,-0.965,0.261,70.526,291.935,0.500,0.866,53.435,143.228,0.073,0.997,53.435,143.228,0.073,0.997,140.000,279.000,0.000,0.000,-1.000,0.000,0,0
17.427,117.957,-1.000,-0.009,0,-114.328,129.867,132.338,0,662.360,552.556,0,0,425.523,23.140,46.626,13.624,95.132,-0.965,0.262,13.624,95.132,-0.965,0.262,74.123,298.159,0.500,0.866,52.430,148.760,-0.990,-0.141,52.430,148.760,-0.990,-0.141,140.000,279.000,0.000,0.000,-1.000,0.000,0,0
3.039,117.957,-1.000,-0.003,0,-129.627,134.133,133.715,0,676.739,538.357,0,0,411.692,21.255,51.714,6.687,97.017,-0.965,0.263,6.687,97.017,-0.965,0.263,77.719,304.383,0.500,0.866,45.313,147.743,-0.990,-0.141,45.313,147.743,-0.990,-0.141,140.000,279.000,0.000,0.000,-1.000,0.000,0,0
-11.350,117.957,-1.000,-0.001,0,-144.546,138.294,134.837,0,691.117,524.170,0,0,398.350,22.048,57.294,-0.249,98.908,-0.965,0.263,-0.249,98.908,-0.965,0.263,81.316,310.608,0.500,0.866,38.197,146.727,-0.990,-0.141,38.197,146.727,-0.990,-0.141,140.000,279.000,0.000,0.000,-1.000,0.000,0,0
-25.739,117.957,-1.000,0.000,0,-159.096,142.351,135.707,0,705.497,509.993,0,0,385.493,25.270,63.235,-7.184,100.802,-0.965,0.264,-7.184,100.802,-0.965,0.264,44.000,-93.000,0.000,0.000,31.080,145.710,-0.990,-0.141,31.080,145.710,-0.990,-0.141,140.000,279.000,0.000,0.000,-1.000,0.000,0,0
-40.128,117.957,-1.000,0.000,0,-173.009,146.231,136.018,0,719.876,495.829,0,0,373.367,30.155,69.445,-14.117,102.700,-0.964,0.264,-14.117,102.700,-0.964,0.264,44.000,-93.000,0.000,0.000,23.964,144.693,-0.990,-0.141,23.964,144.693,-0.990,-0.141,-255.454,145.028,0.799,-0.601,-1.000,0.000,0,0
-54.516,117.957,-1.000,0.000,0,-186.210,149.913,135.678,0,734.256,481.678,0,0,362.032,36.033,75.857,-21.050,104.600,-0.964,0.265,-21.050,104.600,-0.964,0.265,44.000,-93.000,0.000,0.000,16.848,143.677,-0.990,-0.141,16.848,143.677,-0.990,-0.141,-249.709,140.707,0.799,-0.601,-1.000,0.000,0,0
-67.219,122.027,-0.939,0.343,0,-199.031,153.488,135.677,0,746.854,469.969,0,0,351.186,42.196,79.669,-27.982,106.503,-0.964,0.265,-27.982,106.503,-0.964,0.265,44.000,-93.000,0.000,0.000,9.731,142.660,-0.990,-0.141,9.731,142.660,-0.990,-0.141,-243.964,136.386,0.799,-0.601,-1.000,1.000,0,0
-77.394,132.201,-0.792,0.611,0,-211.479,156.960,136.513,0,756.879,462.121,0,0,340.822,48.689,80.564,-34.914,108.408,-0.964,0.265,-34.914,108.408,-0.964,0.265,44.000,-93.000,0.000,0.000,2.615,141.643,-0.990,-0.141,2.615,141.643,-0.990,-0.141,-238.219,132.065,0.799,-0.601,-1.000,1.000,0,0
-87.568,142.375,-0.731,0.682,0,-247.349,130.531,160.219,2,767.043,454.593,0,0,298.227,56.129,83.085,-41.975,109.638,-0.995,0.101,-41.975,109.638,-0.995,0.101,-296.000,285.000,0.000,0.000,-4.502,140.626,-0.990,-0.141,-4.502,140.626,-0.990,-0.141,-232.474,127.744,0.799,-0.601,-1.000,1.000,0,0
-97.742,152.550,-0.714,0.700,0,-241.603,126.210,146.253,2,777.340,447.402,0,0,302.250,64.398,87.091,-49.131,110.312,-0.997,0.082,-49.131,110.312,-0.997,0.082,-296.000,285.000,0.000,0.000,-11.618,139.610,-0.990,-0.141,-11.618,139.610,-0.990,-0.141,-226.729,123.423,0.799,-0.601,-1.000,1.000,0,0
-107.917,162.724,-0.709,0.705,0,-235.858,121.889,134.301,2,787.765,440.563,0,0,306.388,73.183,92.389,-56.300,110.845,-0.998,0.061,-56.300,110.845,-0.998,0.061,-296.000,285.000,0.000,0.000,-18.735,138.593,-0.990,-0.141,-18.735,138.593,-0.990,-0.141,-220.984,119.102,0.799,-0.601,-1.000,1.000,0,0
-118.091,172.898,-0.708,0.707,0,-230.113,117.568,124.942,2,798.314,434.093,0,0,310.638,82.381,98.772,-63.479,111.220,-0.999,0.038,-63.479,111.220,-0.999,0.038,-296.000,285.000,0.000,0.000,-25.851,137.576,-0.990,-0.141,-25.851,137.576,-0.990,-0.141,-215.239,114.781,0.799,-0.601,-1.000,1.000,0,0
-131.637,174.933,-0.962,0.274,0,-224.368,113.247,111.375,2,811.934,422.016,0,0,314.994,88.042,101.086,-70.665,111.421,-1.000,0.012,-70.665,111.421,-1.000,0.012,-296.000,285.000,0.000,0.000,-209.494,110.460,0.799,-0.601,-209.494,110.460,0.799,-0.601,-32.967,136.560,-0.990,-0.141,-1.000,0.000,0,0
-146.025,174.933,-0.997,0.080,0,-218.623,108.926,98.120,2,826.306,408.532,0,0,319.453,93.172,89.803,-77.853,111.423,-1.000,-0.018,-77.853,111.423,-1.000,-0.018,-296.000,285.000,0.000,0.000,-203.749,106.139,0.799,-0.601,-203.749,106.139,0.799,-0.601,-40.084,135.543,-0.990,-0.141,-1.000,0.000,0,0
-160.414,174.933,-1.000,0.023,0,-212.878,104.604,87.742,2,840.678,395.111,0,0,324.009,98.708,82.212,-85.038,111.201,-0.999,-0.052,-85.038,111.201,-0.999,-0.052,-296.000,285.000,0.000,0.000,-198.003,101.818,0.799,-0.601,-198.003,101.818,0.799,-0.601,-47.200,134.526,-0.990,-0.141,-1.000,0.000,0,0
-174.803,174.933,-1.000,0.006,0,-207.133,100.283,81.350,2,855.050,381.761,0,0,328.660,104.616,79.379,-92.210,110.722,-0.996,-0.090,-92.210,110.722,-0.996,-0.090,-296.000,285.000,0.000,0.000,-192.258,97.497,0.799,-0.601,-192.258,97.497,0.799,-0.601,-54.317,133.510,-0.990,-0.141,-1.000,0.000,0,0
-185.820,166.794,-0.876,-0.483,0,-200.649,100.866,67.575,0,865.745,368.514,0,0,335.112,103.436,73.621,-99.364,110.011,-0.996,-0.090,-99.364,110.011,-0.996,-0.090,-296.000,285.000,0.000,0.000,-186.471,93.175,0.799,-0.601,-186.471,93.175,0.799,-0.601,-57.163,133.103,0.000,0.000,-1.000,-1.000,0,0
-195.994,156.619,-0.760,-0.650,0,-193.471,104.540,52.141,0,875.636,355.361,0,0,342.889,101.134,69.464,-106.531,109.456,-0.998,-0.056,-106.531,109.456,-0.998,-0.056,-296.000,285.000,0.000,0.000,-180.726,88.854,0.799,-0.601,-180.726,88.854,0.799,-0.601,-57.163,133.103,0.000,0.000,-1.000,-1.000,0,0
-206.169,146.445,-0.723,-0.691,0,-186.470,108.124,43.091,0,885.650,342.307,0,0,350.482,99.688,69.324,-113.713,109.166,-1.000,-0.014,-113.713,109.166,-1.000,-0.014,-296.000,285.000,0.000,0.000,-174.981,84.533,0.799,-0.601,-174.981,84.533,0.799,-0.601,-57.163,133.103,0.000,0.000,0.000,-1.000,0,0
-206.169,132.056,-0.219,-0.976,0,-179.643,111.618,33.498,0,885.628,337.722,0,0,357.895,88.275,63.654,-120.901,109.212,-0.999,0.041,-120.901,109.212,-0.999,0.041,-296.000,285.000,0.000,0.000,-169.236,80.212,0.799,-0.601,-169.236,80.212,0.799,-0.601,-57.163,133.103,0.000,0.000,0.000,-1.000,0,0
-206.169,117.668,-0.063,-0.998,0,-172.985,115.026,33.316,0,885.840,333.694,0,0,365.131,78.502,59.722,-128.071,109.711,-0.993,0.118,-128.071,109.711,-0.993,0.118,-296.000,285.000,0.000,0.000,-163.491,75.890,0.799,-0.601,-163.491,75.890,0.799,-0.601,-57.163,133.103,0.000,0.000,0.000,-1.000,0,0
-206.169,103.279,-0.018,-1.000,0,-166.491,118.350,42.485,0,886.285,330.246,0,0,372.194,71.408,57.881,-135.164,110.857,-0.973,0.233,-135.164,110.857,-0.973,0.233,-296.000,285.000,0.000,0.000,-157.746,71.569,0.799,-0.601,-157.746,71.569,0.799,-0.601,-57.163,133.103,0.000,0.000,0.000,-1.000,0,0
-206.169,88.890,-0.005,-1.000,0,-145.192,123.993,70.359,1,886.964,327.393,0,0,394.279,76.140,58.331,-134.161,113.632,0.878,0.478,-134.161,113.632,0.878,0.478,-296.000,285.000,0.000,0.000,-152.001,67.248,0.799,-0.601,-152.001,67.248,0.799,-0.601,-57.163,133.103,0.000,0.000,0.000,-1.000,0,0
-197.535,86.013,0.704,-0.710,0,-125.950,132.084,85.130,1,878.510,335.399,0,0,414.886,76.295,56.236,-127.848,117.070,0.878,0.478,-127.848,117.070,0.878,0.478,-296.000,285.000,0.000,0.000,-146.256,62.927,0.799,-0.601,-146.256,62.927,0.799,-0.601,-57.163,133.103,0.000,0.000,1.000,0.000,0,0
-183.147,86.013,0.980,-0.200,0,-108.777,128.648,85.724,1,864.150,349.584,0,0,430.756,70.612,50.684,-121.535,120.508,0.878,0.478,-121.535,120.508,0.878,0.478,-296.000,285.000,0.000,0.000,-140.511,58.605,0.799,-0.601,-140.511,58.605,0.799,-0.601,-57.163,133.103,0.000,0.000,1.000,0.000,0,0
-172.129,94.152,0.899,0.437,0,-102.060,131.416,79.362,1,852.698,361.791,0,0,437.923,64.236,54.639,-115.221,123.946,0.878,0.478,-115.221,123.946,0.878,0.478,-296.000,285.000,0.000,0.000,-134.766,54.284,0.799,-0.601,-134.766,54.284,0.799,-0.601,-57.163,133.103,0.000,0.000,1.000,1.000,0,0
-168.060,106.855,0.463,0.886,0,-95.650,134.681,77.572,1,848.074,368.204,0,0,444.910,62.613,68.998,-108.908,127.384,0.878,0.478,-108.908,127.384,0.878,0.478,-296.000,285.000,0.000,0.000,-129.022,49.963,0.799,-0.601,-129.022,49.963,0.799,-0.601,-57.163,133.103,0.000,0.000,0.000,1.000,0,0
-168.060,121.244,0.126,0.992,0,-72.293,132.773,96.458,2,847.670,371.439,0,0,467.220,66.162,87.870,-102.595,130.822,0.878,0.478,-102.595,130.822,0.878,0.478,-296.000,285.000,0.000,0.000,-123.277,45.642,0.799,-0.601,-123.277,45.642,0.799,-0.601,-57.163,133.103,0.000,0.000,0.000,1.000,0,0
-168.060,135.632,0.036,0.999,0,-82.993,141.502,85.268,1,847.509,375.198,0,0,458.815,71.791,106.995,-96.282,134.261,0.878,0.478,-96.282,134.261,0.878,0.478,-296.000,285.000,0.000,0.000,-117.532,41.320,0.799,-0.601,-117.532,41.320,0.799,-0.601,-57.163,133.103,0.000,0.000,0.000,1.000,0,0
-168.060,150.021,0.010,1.000,0,-76.679,144.937,91.522,1,847.593,379.466,0,0,465.772,79.057,112.179,-89.968,137.699,0.878,0.478,-89.968,137.699,0.878,0.478,-296.000,285.000,0.000,0.000,-57.163,133.103,0.000,0.000,-57.163,133.103,0.000,0.000,-111.787,36.999,0.799,-0.601,0.000,1.000,0,0
-159.920,161.038,0.465,0.885,0,-70.365,148.374,90.446,1,839.687,390.726,0,0,472.735,78.819,106.486,-83.655,141.137,0.878,0.478,-83.655,141.137,0.878,0.478,-296.000,285.000,0.000,0.000,-57.163,133.103,0.000,0.000,-57.163,133.103,0.000,0.000,-106.042,32.678,0.799,-0.601,1.000,1.000,0,0
-147.217,165.108,0.889,0.457,0,-64.052,151.812,84.222,1,827.115,404.049,0,0,479.704,72.830,95.572,-77.342,144.575,0.878,0.478,-77.342,144.575,0.878,0.478,-296.000,285.000,0.000,0.000,-57.163,133.103,0.000,0.000,-57.163,133.103,0.000,0.000,-100.297,28.356,0.799,-0.601,1.000,0.000,0,0
-132.829,165.108,0.991,0.137,0,-57.738,155.250,75.734,1,812.737,417.636,0,0,486.679,64.121,82.156,-71.029,148.013,0.878,0.478,-71.029,148.013,0.878,0.478,-296.000,285.000,0.000,0.000,-57.163,133.103,0.000,0.000,-57.163,133.103,0.000,0.000,-94.552,24.035,0.799,-0.601,1.000,0.000,0,0
-118.440,165.108,0.999,0.039,0,-51.425,158.688,67.322,1,798.359,431.276,0,0,493.661,55.433,69.131,-64.715,151.451,0.878,0.478,-64.715,151.451,0.878,0.478,-296.000,285.000,0.000,0.000,-57.163,133.103,0.000,0.000,-57.163,133.103,0.000,0.000,-88.807,19.714,0.799,-0.601,1.000,0.000,0,0
-104.051,165.108,1.000,0.011,0,-45.112,162.126,59.015,1,783.982,444.963,0,0,500.649,46.779,56.770,-58.402,154.889,0.878,0.478,-58.402,154.889,0.878,0.478,105.862,137.127,0.047,-0.999,-57.163,133.103,0.000,0.000,-57.163,133.103,0.000,0.000,-83.062,15.392,0.799,-0.601,1.000,0.000,0,0
-89.662,165.108,1.000,0.003,0,-38.799,165.564,50.866,1,769.605,458.693,0,0,507.642,38.181,45.613,-52.089,158.327,0.878,0.478,-52.089,158.327,0.878,0.478,106.201,129.946,0.047,-0.999,-57.163,133.103,0.000,0.000,-57.163,133.103,0.000,0.000,-77.318,11.071,0.799,-0.601,1.000,0.000,0,0
-75.274,165.108,1.000,0.001,0,-34.900,173.617,41.279,0,755.228,472.462,0,0,513.543,29.611,35.826,-45.856,161.731,0.878,0.478,-45.856,161.731,0.878,0.478,106.541,122.765,0.047,-0.999,-60.010,132.696,-0.990,-0.141,-60.010,132.696,-0.990,-0.141,-71.573,6.750,0.799,-0.601,1.000,0.000,0,0
-60.885,165.108,1.000,0.000,0,-32.143,182.335,33.613,0,740.852,486.267,0,0,518.632,21.343,34.006,-39.542,165.169,0.878,0.478,-39.542,165.169,0.878,0.478,106.880,115.585,0.047,-0.999,-67.126,131.680,-0.990,-0.141,-67.126,131.680,-0.990,-0.141,-65.828,2.429,0.799,-0.601,1.000,0.000,0,0
-46.496,165.108,1.000,0.000,0,-29.454,190.838,31.135,0,726.477,500.105,0,0,523.701,13.721,44.230,-33.229,168.607,0.878,0.478,-33.229,168.607,0.878,0.478,105.907,110.560,-0.860,0.510,-74.243,130.663,-0.990,-0.141,-74.243,130.663,-0.990,-0.141,-60.083,-1.893,0.799,-0.601,1.000,0.000,0,0
-32.108,165.108,1.000,0.000,0,-26.832,199.131,34.891,0,712.102,513.974,0,0,528.746,8.664,60.690,-26.916,172.044,0.878,0.478,-26.916,172.044,0.878,0.478,99.806,114.361,-0.831,0.556,-81.359,129.646,-0.990,-0.141,-81.359,129.646,-0.990,-0.141,-54.338,-6.214,0.799,-0.601,1.000,0.000,0,0
-20.248,171.213,0.907,0.422,0,-24.229,206.873,36.508,0,700.517,527.018,0,0,533.697,4.285,80.426,-20.602,175.482,0.878,0.478,-20.602,175.482,0.878,0.478,93.921,118.487,-0.801,0.599,-88.476,128.629,-0.990,-0.141,-88.476,128.629,-0.990,-0.141,-48.593,-10.535,0.799,-0.601,1.000,1.000,0,0
-14.143,183.073,0.554,0.833,0,-21.295,213.512,31.964,0,695.091,536.147,0,0,538.683,4.155,98.538,-14.289,178.920,0.878,0.478,-14.289,178.920,0.878,0.478,88.250,122.904,-0.771,0.637,-95.592,127.613,-0.990,-0.141,-95.592,127.613,-0.990,-0.141,140.000,279.000,0.000,0.000,0.000,1.000,0,0
-14.143,197.461,0.163,0.987,1,-11.675,212.392,15.133,1,696.174,540.407,0,0,547.521,16.314,113.427,-7.976,182.358,0.878,0.478,-7.976,182.358,0.878,0.478,82.730,127.507,-0.744,0.669,-102.709,126.596,-0.990,-0.141,-102.709,126.596,-0.990,-0.141,140.000,279.000,0.000,0.000,0.000,1.000,0,0
-14.143,211.850,0.047,0.999,1,-13.438,226.967,15.133,1,697.553,545.014,0,0,550.876,28.889,128.832,-1.662,185.796,0.878,0.478,-1.662,185.796,0.878,0.478,77.525,132.464,-0.693,0.720,-109.825,125.579,-0.990,-0.141,-109.825,125.579,-0.990,-0.141,140.000,279.000,0.000,0.000,0.000,1.000,0,0
-14.143,226.239,0.012,1.000,1,-13.963,241.371,15.133,1,699.224,549.958,0,0,555.679,41.504,144.587,4.651,189.234,0.878,0.478,4.651,189.234,0.878,0.478,72.689,137.781,-0.642,0.767,-116.941,124.563,-0.990,-0.141,-116.941,124.563,-0.990,-0.141,140.000,279.000,0.000,0.000,0.000,1.000,0,0
-3.475,231.151,0.743,0.669,1,7.768,241.280,15.133,1,689.293,561.672,0,0,575.809,41.099,151.243,10.964,192.672,0.878,0.478,10.964,192.672,0.878,0.478,68.371,143.520,-0.527,0.850,140.000,279.000,0.000,0.000,140.000,279.000,0.000,0.000,-124.058,123.546,-0.990,-0.141,1.000,0.000,0,0
10.914,231.151,0.980,0.201,1,25.737,234.197,15.133,1,675.044,575.132,0,0,590.087,35.615,137.669,17.278,196.110,0.878,0.478,17.278,196.110,0.878,0.478,64.880,149.799,-0.421,0.907,140.000,279.000,0.000,0.000,140.000,279.000,0.000,0.000,-131.174,122.529,-0.990,-0.141,1.000,0.000,0,0
25.303,231.151,0.998,0.059,1,40.410,232.040,15.133,1,660.800,588.636,0,0,603.154,31.650,124.278,23.591,199.548,0.878,0.478,23.591,199.548,0.878,0.478,62.239,156.479,-0.278,0.961,140.000,279.000,0.000,0.000,140.000,279.000,0.000,0.000,-138.291,121.513,-0.990,-0.141,1.000,0.000,0,0
39.691,231.151,1.000,0.016,1,54.823,231.389,15.133,1,646.562,602.181,0,0,616.544,29.818,111.137,29.904,202.985,0.878,0.478,29.904,202.985,0.878,0.478,60.765,163.504,-0.087,0.996,140.000,279.000,0.000,0.000,140.000,279.000,0.000,0.000,-145.407,120.496,-0.990,-0.141,1.000,0.000,0,0
54.080,231.151,1.000,0.005,1,69.213,231.221,15.133,1,632.332,615.764,0,0,630.111,30.504,98.345,36.218,206.423,0.878,0.478,36.218,206.423,0.878,0.478,60.773,170.678,0.138,0.990,140.000,279.000,0.000,0.000,140.000,279.000,0.000,0.000,-152.524,119.479,-0.990,-0.141,1.000,-1.000,0,0
64.254,220.977,0.846,-0.534,1,77.050,212.897,15.133,1,620.831,622.208,0,0,632.025,24.402,95.416,42.531,209.861,0.878,0.478,42.531,209.861,0.878,0.478,62.414,177.661,0.384,0.923,140.000,279.000,0.000,0.000,140.000,279.000,0.000,0.000,-159.640,118.463,-0.990,-0.141,1.000,-1.000,0,0
74.429,210.802,0.748,-0.664,1,85.741,200.750,15.133,1,609.452,628.914,0,0,637.005,25.706,94.607,48.844,213.299,0.878,0.478,48.844,213.299,0.878,0.478,66.189,183.713,0.754,0.657,140.000,279.000,0.000,0.000,140.000,279.000,0.000,0.000,-166.757,117.446,-0.990,-0.141,1.000,-1.000,0,0
84.603,200.628,0.718,-0.696,1,95.473,190.099,15.133,1,598.203,635.876,0,0,643.669,18.255,95.974,72.478,186.982,0.991,0.134,72.478,186.982,0.991,0.134,55.158,216.737,0.878,0.478,140.000,279.000,0.000,0.000,140.000,279.000,0.000,0.000,20.346,-62.391,0.799,-0.601,1.000,-1.000,0,0
94.777,190.454,0.710,-0.704,1,105.529,179.804,15.133,1,587.092,643.084,0,0,650.983,15.629,99.426,79.610,186.680,0.967,-0.256,79.610,186.680,0.967,-0.256,61.471,220.175,0.878,0.478,140.000,279.000,0.000,0.000,140.000,279.000,0.000,0.000,26.090,-66.712,0.799,-0.601,1.000,-1.000,0,0
104.952,180.279,0.708,-0.706,1,115.667,169.594,15.133,1,576.125,650.530,0,0,658.628,19.015,104.758,86.347,184.210,0.895,-0.446,86.347,184.210,0.895,-0.446,66.873,216.870,0.718,-0.696,140.000,279.000,0.000,0.000,140.000,279.000,0.000,0.000,31.835,-71.034,0.799,-0.601,1.000,-1.000,0,0
115.126,170.105,0.707,-0.707,1,125.831,159.408,15.133,1,565.312,658.207,0,0,666.526,24.879,111.700,92.616,180.699,0.842,-0.540,92.616,180.699,0.842,-0.540,72.029,211.861,0.716,-0.698,140.000,279.000,0.000,0.000,140.000,279.000,0.000,0.000,37.580,-75.355,0.799,-0.601,1.000,-1.000,0,0
125.300,159.931,0.707,-0.707,1,136.002,149.231,15.133,1,554.661,666.107,0,0,674.647,31.542,119.973,98.558,176.657,0.807,-0.591,98.558,176.657,0.807,-0.591,77.172,206.838,0.715,-0.700,140.000,279.000,0.000,0.000,140.000,279.000,0.000,0.000,43.325,-79.676,0.799,-0.601,1.000,-1.000,0,0
138.003,155.861,0.905,-0.425,1,151.704,149.435,15.133,1,541.824,677.808,0,0,690.142,37.473,123.155,104.460,172.567,0.898,-0.440,104.460,172.567,0.898,-0.440,82.426,201.937,0.797,-0.604,140.000,279.000,0.000,0.000,140.000,279.000,0.000,0.000,108.800,-94.600,0.000,0.000,1.000,0.000,0,0
152.392,155.861,0.992,-0.128,1,167.402,153.932,15.133,1,527.449,691.951,0,0,706.377,43.587,123.761,111.152,169.971,0.962,-0.274,111.152,169.971,0.962,-0.274,88.414,197.972,0.873,-0.487,140.000,279.000,0.000,0.000,140.000,279.000,0.000,0.000,108.800,-94.600,0.000,0.000,1.000,0.000,0,0
166.781,155.861,0.999,-0.036,1,181.904,155.310,15.133,1,513.076,706.104,0,0,720.894,50.204,126.017,118.129,168.248,0.980,-0.199,118.129,168.248,0.980,-0.199,94.814,194.703,0.911,-0.412,140.000,279.000,0.000,0.000,140.000,279.000,0.000,0.000,108.800,-94.600,0.000,0.000,1.000,0.000,0,0
180.326,157.896,0.984,0.181,1,195.210,160.630,15.133,1,499.622,719.793,0,0,734.923,55.866,127.642,125.199,166.954,0.996,-0.090,125.199,166.954,0.996,-0.090,101.436,191.909,0.949,-0.316,140.000,279.000,0.000,0.000,140.000,279.000,0.000,0.000,108.800,-94.600,0.000,0.000,1.000,1.000,0,0
190.501,168.070,0.809,0.588,1,202.746,176.962,15.133,1,489.983,731.647,0,0,745.367,58.138,121.884,132.371,167.060,0.990,0.139,132.371,167.060,0.990,0.139,108.406,190.191,0.990,-0.139,140.000,279.000,0.000,0.000,140.000,279.000,0.000,0.000,427.000,279.000,0.000,0.000,1.000,1.000,0,0
202.361,174.175,0.923,0.385,1,216.330,179.996,15.133,1,478.576,744.448,0,0,759.279,63.190,121.972,139.439,168.354,0.989,0.150,139.439,168.354,0.989,0.150,115.560,189.503,0.996,-0.094,140.000,279.000,0.000,0.000,140.000,279.000,0.000,0.000,427.000,279.000,0.000,0.000,1.000,0.000,0,0
216.749,174.175,0.993,0.118,1,231.777,175.955,15.133,1,464.238,758.569,0,0,773.661,70.348,129.918,146.578,169.184,0.997,0.079,146.578,169.184,0.997,0.079,122.707,188.738,0.993,-0.116,140.000,279.000,0.000,0.000,140.000,279.000,0.000,0.000,427.000,279.000,0.000,0.000,1.000,0.000,0,0
227.767,166.035,0.888,-0.460,1,241.202,159.071,15.133,1,452.683,767.914,0,0,779.966,74.083,143.052,153.752,169.224,0.993,-0.115,153.752,169.224,0.993,-0.115,129.790,187.553,0.969,-0.248,140.000,279.000,0.000,0.000,140.000,279.000,0.000,0.000,427.000,279.000,0.000,0.000,0.000,-1.000,0,0
219.627,155.018,-0.117,-0.993,1,217.854,139.989,15.133,1,460.261,758.023,0,0,753.954,60.238,147.350,160.693,167.480,0.901,-0.433,160.693,167.480,0.901,-0.433,136.520,185.082,0.875,-0.485,140.000,279.000,0.000,0.000,140.000,279.000,0.000,0.000,427.000,279.000,0.000,0.000,-1.000,-1.000,0,0
209.453,144.844,-0.575,-0.818,1,200.751,132.463,15.133,1,470.162,746.370,0,0,735.962,46.661,151.068,166.752,163.657,0.737,-0.676,166.752,163.657,0.737,-0.676,142.512,181.129,0.767,-0.641,140.000,279.000,0.000,0.000,140.000,279.000,0.000,0.000,427.000,279.000,0.000,0.000,-1.000,-1.000,0,0
203.348,134.669,-0.461,-0.887,1,196.367,121.243,15.133,1,476.223,738.841,0,0,730.149,39.719,157.621,171.305,158.140,0.562,-0.827,171.305,158.140,0.562,-0.827,147.628,176.096,0.664,-0.748,140.000,279.000,0.000,0.000,140.000,279.000,0.000,0.000,108.800,-94.600,0.000,0.000,1.000,-1.000,0,0
213.523,124.495,0.418,-0.909,1,219.844,110.745,15.133,1,466.236,747.572,0,0,752.259,46.975,171.106,175.921,152.651,0.724,-0.690,175.921,152.651,0.724,-0.690,152.671,170.980,0.745,-0.668,140.000,279.000,0.000,0.000,140.000,279.000,0.000,0.000,108.800,-94.600,0.000,0.000,1.000,-1.000,0,0
223.697,114.321,0.630,-0.777,1,233.230,102.567,15.133,1,456.484,756.476,0,0,764.758,54.079,184.728,181.242,147.819,0.754,-0.657,181.242,147.819,0.754,-0.657,158.095,166.262,0.763,-0.647,140.000,279.000,0.000,0.000,140.000,279.000,0.000,0.000,108.800,-94.600,0.000,0.000,1.000,-1.000,0,0
233.871,104.147,0.688,-0.725,1,244.287,93.168,15.133,1,446.983,765.546,0,0,774.953,61.203,198.458,186.678,143.115,0.756,-0.655,186.678,143.115,0.756,-0.655,163.584,161.621,0.763,-0.647,140.000,279.000,0.000,0.000,140.000,279.000,0.000,0.000,108.800,-94.600,0.000,0.000,1.000,0.000,0,0
248.260,104.147,0.974,-0.225,1,263.005,100.741,15.133,1,432.646,779.867,0,0,794.238,65.712,205.655,192.538,138.977,0.879,-0.477,192.538,138.977,0.879,-0.477,169.381,157.383,0.856,-0.518,140.000,279.000,0.000,0.000,140.000,279.000,0.000,0.000,108.800,-94.600,0.000,0.000,1.000,0.000,0,0
262.649,104.147,0.998,-0.064,1,277.751,103.177,15.133,1,418.313,794.190,0,0,809.139,73.312,213.580,195.780,134.201,-0.208,-0.978,195.780,134.201,-0.208,-0.978,174.372,157.807,0.438,0.899,140.000,279.000,0.000,0.000,140.000,279.000,0.000,0.000,427.000,279.000,0.000,0.000,1.000,0.000,0,0
277.038,104.147,1.000,-0.018,1,292.168,103.878,15.133,1,403.983,808.516,0,0,823.559,85.895,222.155,194.285,127.169,-0.208,-0.978,194.285,127.169,-0.208,-0.978,177.520,164.270,0.438,0.899,140.000,279.000,0.000,0.000,140.000,279.000,0.000,0.000,427.000,279.000,0.000,0.000,1.000,0.000,0,0
291.426,104.147,1.000,-0.005,1,306.559,104.066,15.133,1,389.658,822.844,0,0,837.908,99.923,221.256,192.791,120.137,-0.208,-0.978,192.791,120.137,-0.208,-0.978,180.668,170.732,0.438,0.899,427.000,279.000,0.000,0.000,427.000,279.000,0.000,0.000,140.000,279.000,0.000,0.000,1.000,0.000,0,0
305.815,104.147,1.000,-0.001,0,322.050,104.111,16.235,0,375.338,837.174,0,0,853.342,114.868,212.743,191.297,113.106,-0.208,-0.978,191.297,113.106,-0.208,-0.978,183.815,177.195,0.438,0.899,427.000,279.000,0.000,0.000,427.000,279.000,0.000,0.000,140.000,279.000,0.000,0.000,1.000,0.000,1,0
311.570,104.147,1.000,-0.001,0,341.654,104.075,30.084,0,369.611,842.907,0,0,872.868,121.783,209.518,189.802,106.074,-0.208,-0.978,189.802,106.074,-0.208,-0.978,186.963,183.658,0.438,0.899,427.000,279.000,0.000,0.000,427.000,279.000,0.000,0.000,424.800,-106.500,0.000,0.000,0.000,0.000,0,0
311.570,104.147,1.000,-0.001,0,360.772,104.040,49.202,0,369.611,842.907,0,0,891.911,123.368,209.518,188.308,99.042,-0.208,-0.978,188.308,99.042,-0.208,-0.978,190.111,190.121,0.438,0.899,427.000,279.000,0.000,0.000,427.000,279.000,0.000,0.000,424.800,-106.500,0.000,0.000,0.000,0.000,0,0
311.570,104.147,1.000,-0.001,0,379.417,104.006,67.849,0,369.611,842.907,0,0,910.484,125.346,209.518,186.814,92.011,-0.208,-0.978,186.814,92.011,-0.208,-0.978,193.258,196.584,0.438,0.899,427.000,279.000,0.000,0.000,427.000,279.000,0.000,0.000,424.800,-106.500,0.000,0.000,0.000,0.000,0,0
311.570,104.147,1.000,-0.001,0,397.601,103.972,86.035,0,369.611,842.907,0,0,928.600,127.698,209.518,185.319,84.979,-0.208,-0.978,185.319,84.979,-0.208,-0.978,196.406,203.047,0.438,0.899,427.000,279.000,0.000,0.000,427.000,279.000,0.000,0.000,424.800,-106.500,0.000,0.000,0.000,0.000,0,0
311.570,104.147,1.000,-0.001,0,415.334,103.939,103.772,0,369.611,842.907,0,0,946.268,130.405,209.518,183.825,77.947,-0.208,-0.978,183.825,77.947,-0.208,-0.978,199.554,209.510,0.438,0.899,427.000,279.000,0.000,0.000,427.000,279.000,0.000,0.000,424.800,-106.500,0.000,0.000,0.000,0.000,0,0
311.570,104.147,1.000,-0.001,0,432.629,103.908,121.072,0,369.611,842.907,0,0,963.499,133.444,209.518,182.330,70.916,-0.208,-0.978,182.330,70.916,-0.208,-0.978,202.701,215.973,0.438,0.899,427.000,279.000,0.000,0.000,427.000,279.000,0.000,0.000,424.800,-106.500,0.000,0.000,0.000,0.000,0,0
311.570,104.147,1.000,-0.001,0,449.495,103.876,137.947,0,369.611,842.907,0,0,980.306,136.794,209.518,180.836,63.884,-0.208,-0.978,180.836,63.884,-0.208,-0.978,205.849,222.436,0.438,0.899,427.000,279.000,0.000,0.000,427.000,279.000,0.000,0.000,424.800,-106.500,0.000,0.000,0.000,0.000,0,0
311.570,104.147,1.000,-0.001,0,465.944,103.846,154.406,0,369.611,842.907,0,0,996.697,140.432,209.518,179.342,56.853,-0.208,-0.978,179.342,56.853,-0.208,-0.978,208.997,228.899,0.438,0.899,427.000,279.000,0.000,0.000,427.000,279.000,0.000,0.000,424.800,-106.500,0.000,0.000,0.000,0.000,0,0
311.570,104.147,1.000,-0.001,0,481.986,103.817,170.461,0,369.611,842.907,0,0,1012.684,144.337,209.518,177.847,49.821,-0.208,-0.978,177.847,49.821,-0.208,-0.978,212.144,235.362,0.438,0.899,427.000,279.000,0.000,0.000,427.000,279.000,0.000,0.000,424.800,-106.500,0.000,0.000,0.000,0.000,0,0
311.570,104.147,1.000,-0.001,0,497.631,103.788,186.122,0,369.611,842.907,0,0,1028.276,148.487,209.518,176.353,42.789,-0.208,-0.978,176.353,42.789,-0.208,-0.978,215.292,241.825,0.438,0.899,427.000,279.000,0.000,0.000,427.000,279.000,0.000,0.000,424.800,-106.500,0.000,0.000,0.000,0.000,0,0
311.570,104.147,1.000,-0.001,0,512.889,103.760,201.399,0,369.611,842.907,0,0,1043.484,152.863,209.518,174.859,35.758,-0.208,-0.978,174.859,35.758,-0.208,-0.978,218.440,248.288,0.438,0.899,427.000,279.000,0.000,0.000,427.000,279.000,0.000,0.000,424.800,-106.500,0.000,0.000,0.000,0.000,0,0
311.570,104.147,1.000,-0.001,0,527.768,103.732,216.302,0,369.611,842.907,0,0,1058.316,157.446,209.518,173.364,28.726,-0.208,-0.978,173.364,28.726,-0.208,-0.978,221.588,254.751,0.438,0.899,427.000,279.000,0.000,0.000,427.000,279.000,0.000,0.000,424.800,-106.500,0.000,0.000,0.000,0.000,0,0
311.570,104.147,1.000,-0.001,0,541.599,103.707,230.125,0,369.611,842.907,0,0,1072.113,162.218,209.518,171.870,21.694,-0.208,-0.978,171.870,21.694,-0.208,-0.978,224.735,261.213,0.438,0.899,427.000,279.000,0.000,0.000,427.000,279.000,0.000,0.000,424.800,-106.500,0.000,0.000,0.000,0.000,0,0
311.570,104.147,1.000,-0.001,0,555.067,103.682,243.587,0,369.611,842.907,0,0,1085.548,167.163,209.518,170.375,14.663,-0.208,-0.978,170.375,14.663,-0.208,-0.978,227.883,267.676,0.438,0.899,427.000,279.000,0.000,0.000,427.000,279.000,0.000,0.000,424.800,-106.500,0.000,0.000,0.000,0.000,0,0
311.570,104.147,1.000,-0.001,0,568.143,103.658,256.659,0,369.611,842.907,0,0,1098.593,172.266,209.518,168.881,7.631,-0.208,-0.978,168.881,7.631,-0.208,-0.978,231.031,274.139,0.438,0.899,427.000,279.000,0.000,0.000,427.000,279.000,0.000,0.000,424.800,-106.500,0.000,0.000,0.000,0.000,0,0
311.570,104.147,1.000,-0.001,0,583.332,103.630,271.843,0,369.611,842.907,0,0,1113.746,178.579,209.518,167.088,-0.807,-0.208,-0.978,167.088,-0.807,-0.208,-0.978,234.808,281.895,0.438,0.899,427.000,279.000,0.000,0.000,427.000,279.000,0.000,0.000,424.800,-106.500,0.000,0.000,0.000,0.000,0,0
311.570,101.269,0.984,-0.177,0,584.617,109.837,273.181,2,369.885,842.661,0,0,1115.525,182.247,211.925,165.593,-7.839,-0.208,-0.978,165.593,-7.839,-0.208,-0.978,241.852,280.458,0.980,-0.200,427.000,279.000,0.000,0.000,427.000,279.000,0.000,0.000,424.800,-106.500,0.000,0.000,0.000,-1.000,0,0
311.570,89.875,0.370,-0.929,0,585.189,104.175,273.992,2,371.186,841.786,0,0,1115.709,179.786,221.568,164.410,-13.406,-0.208,-0.978,164.410,-13.406,-0.208,-0.978,247.428,279.320,0.980,-0.200,427.000,279.000,0.000,0.000,427.000,279.000,0.000,0.000,424.800,-106.500,0.000,0.000,0.000,-1.000,0,0
315.640,74.295,0.275,-0.961,0,586.055,95.592,271.252,2,369.516,844.902,0,0,1116.042,180.717,211.193,162.617,-21.844,-0.208,-0.978,162.617,-21.844,-0.208,-0.978,255.880,277.596,0.980,-0.200,424.800,-106.500,0.000,0.000,424.800,-106.500,0.000,0.000,427.000,279.000,0.000,0.000,1.000,-1.000,0,0
323.780,66.155,0.577,-0.816,0,586.632,89.870,263.920,2,363.029,852.654,0,0,1116.302,187.419,200.037,161.421,-27.469,-0.208,-0.978,161.421,-27.469,-0.208,-0.978,261.515,276.447,0.980,-0.200,424.800,-106.500,0.000,0.000,424.800,-106.500,0.000,0.000,427.000,279.000,0.000,0.000,1.000,-1.000,0,0
331.919,55.138,0.592,-0.806,0,587.354,82.718,256.919,2,357.450,860.405,0,0,1116.668,193.950,186.423,159.927,-34.500,-0.208,-0.978,159.927,-34.500,-0.208,-0.978,268.559,275.010,0.980,-0.200,424.800,-106.500,0.000,0.000,424.800,-106.500,0.000,0.000,427.000,279.000,0.000,0.000,-1.000,-1.000,0,0
318.373,53.103,-0.597,-0.802,0,588.075,75.566,270.636,2,371.088,846.811,0,0,1117.080,185.841,191.833,158.432,-41.532,-0.208,-0.978,158.432,-41.532,-0.208,-0.978,275.602,273.573,0.980,-0.200,424.800,-106.500,0.000,0.000,424.800,-106.500,0.000,0.000,427.000,279.000,0.000,0.000,-1.000,0.000,0,0
321.251,53.103,-0.280,-0.960,0,588.797,68.413,267.984,2,368.290,849.687,0,0,1117.538,193.222,190.251,156.938,-48.564,-0.208,-0.978,156.938,-48.564,-0.208,-0.978,282.646,272.137,0.980,-0.200,424.800,-106.500,0.000,0.000,424.800,-106.500,0.000,0.000,427.000,279.000,0.000,0.000,1.000,0.000,0,0
333.111,59.208,0.832,-0.555,0,589.519,61.261,256.416,2,355.369,861.720,0,0,1118.042,211.531,189.383,155.444,-55.595,-0.208,-0.978,155.444,-55.595,-0.208,-0.978,289.690,270.700,0.980,-0.200,424.800,-106.500,0.000,0.000,424.800,-106.500,0.000,0.000,427.000,279.000,0.000,0.000,1.000,1.000,0,0
343.286,69.382,0.843,0.537,0,578.246,61.134,235.105,0,343.290,872.277,0,0,1106.771,205.230,193.853,296.733,269.263,0.980,-0.200,296.733,269.263,0.980,-0.200,153.949,-62.627,-0.208,-0.978,424.800,-106.500,0.000,0.000,424.800,-106.500,0.000,0.000,427.000,279.000,0.000,0.000,1.000,1.000,1,0
353.460,79.556,0.746,0.665,0,559.360,65.602,206.372,0,331.396,882.942,0,0,1088.025,194.715,199.264,303.777,267.826,0.980,-0.200,303.777,267.826,0.980,-0.200,152.455,-69.659,-0.208,-0.978,424.800,-106.500,0.000,0.000,424.800,-106.500,0.000,0.000,427.000,279.000,0.000,0.000,1.000,1.000,0,0
363.635,89.731,0.719,0.695,0,540.940,69.958,178.405,0,319.708,893.712,0,0,1069.764,184.384,199.595,310.820,266.389,0.980,-0.200,310.820,266.389,0.980,-0.200,150.960,-76.690,-0.208,-0.978,427.000,279.000,0.000,0.000,427.000,279.000,0.000,0.000,424.800,-106.500,0.000,0.000,1.000,1.000,0,0
377.180,91.765,0.963,0.270,0,522.977,74.207,146.851,0,306.027,907.361,0,0,1051.977,183.063,193.749,317.864,264.952,0.980,-0.200,317.864,264.952,0.980,-0.200,149.466,-83.722,-0.208,-0.978,427.000,279.000,0.000,0.000,427.000,279.000,0.000,0.000,424.800,-106.500,0.000,0.000,1.000,0.000,0,0
385.814,91.765,0.994,0.111,0,505.458,78.351,120.399,0,297.507,915.974,0,0,1034.651,182.230,191.711,324.908,263.516,0.980,-0.200,324.908,263.516,0.980,-0.200,147.972,-90.754,-0.208,-0.978,427.000,279.000,0.000,0.000,427.000,279.000,0.000,0.000,424.800,-106.500,0.000,0.000,0.000,0.000,0,0
377.674,80.748,0.567,-0.823,0,485.007,83.188,107.373,0,307.396,907.182,0,0,1014.454,186.388,193.087,333.360,261.791,0.980,-0.200,333.360,261.791,0.980,-0.200,146.178,-99.192,-0.208,-0.978,424.800,-106.500,0.000,0.000,424.800,-106.500,0.000,0.000,427.000,279.000,0.000,0.000,0.000,-1.000,0,0
383.430,74.993,0.416,-0.909,0,471.710,86.333,89.031,0,302.894,912.631,0,0,1001.339,190.893,186.148,338.995,260.642,0.980,-0.200,338.995,260.642,0.980,-0.200,144.983,-104.817,-0.208,-0.978,424.800,-106.500,0.000,0.000,424.800,-106.500,0.000,0.000,427.000,279.000,0.000,0.000,1.000,0.000,0,0
397.818,74.993,0.954,-0.299,0,455.461,90.177,59.671,0,288.855,927.001,0,0,985.331,191.351,183.487,346.038,259.205,0.980,-0.200,346.038,259.205,0.980,-0.200,143.488,-111.849,-0.208,-0.978,424.800,-106.500,0.000,0.000,424.800,-106.500,0.000,0.000,427.000,279.000,0.000,0.000,1.000,1.000,0,0
399.853,88.539,0.571,0.821,0,439.613,93.925,40.271,0,284.209,929.775,0,0,969.741,175.574,192.386,353.082,257.768,0.980,-0.200,353.082,257.768,0.980,-0.200,141.994,-118.880,-0.208,-0.978,427.000,279.000,0.000,0.000,427.000,279.000,0.000,0.000,424.800,-106.500,0.000,0.000,0.000,1.000,0,0
391.714,99.556,-0.349,0.937,1,386.435,113.739,15.133,1,290.558,922.407,0,0,918.315,159.926,182.881,360.126,256.331,0.980,-0.200,360.126,256.331,0.980,-0.200,140.500,-125.912,-0.208,-0.978,427.000,279.000,0.000,0.000,427.000,279.000,0.000,0.000,424.800,-106.500,0.000,0.000,-1.000,1.000,0,0
397.818,109.730,0.262,0.965,1,401.784,124.335,15.133,1,283.326,929.302,0,0,934.599,148.365,171.767,367.169,254.894,0.980,-0.200,367.169,254.894,0.980,-0.200,139.005,-132.943,-0.208,-0.978,427.000,279.000,0.000,0.000,427.000,279.000,0.000,0.000,424.800,-106.500,0.000,0.000,1.000,1.000,0,0
411.364,111.765,0.919,0.393,1,425.279,117.715,15.133,1,269.667,942.970,0,0,957.353,146.482,167.964,374.213,253.458,0.980,-0.200,374.213,253.458,0.980,-0.200,137.511,-139.975,-0.208,-0.978,427.000,279.000,0.000,0.000,427.000,279.000,0.000,0.000,424.800,-106.500,0.000,0.000,1.000,0.000,0,0
425.753,111.765,0.993,0.114,1,440.787,113.496,15.133,1,255.376,957.304,0,0,972.429,147.145,167.240,381.257,252.021,0.980,-0.200,381.257,252.021,0.980,-0.200,136.016,-147.007,-0.208,-0.978,427.000,279.000,0.000,0.000,427.000,279.000,0.000,0.000,612.760,7.776,0.075,0.997,1.000,0.000,0,0
440.142,111.765,0.999,0.034,0,457.421,113.095,17.331,0,241.097,971.640,0,0,988.968,148.183,167.751,388.300,250.584,0.980,-0.200,388.300,250.584,0.980,-0.200,134.522,-154.038,-0.208,-0.978,427.000,279.000,0.000,0.000,427.000,279.000,0.000,0.000,613.302,14.944,0.075,0.997,1.000,0.000,1,0
445.897,111.765,1.000,0.021,0,476.894,114.220,31.094,0,235.389,977.375,0,0,1008.464,146.388,168.299,395.344,249.147,0.980,-0.200,395.344,249.147,0.980,-0.200,133.028,-161.070,-0.208,-0.978,427.000,279.000,0.000,0.000,427.000,279.000,0.000,0.000,613.845,22.112,0.075,0.997,0.000,0.000,0,0
445.897,111.765,1.000,0.021,0,495.885,115.316,50.115,0,235.389,977.375,0,0,1027.475,142.738,168.299,402.387,247.710,0.980,-0.200,402.387,247.710,0.980,-0.200,136.917,-166.417,0.728,-0.685,427.000,279.000,0.000,0.000,427.000,279.000,0.000,0.000,614.387,29.280,0.075,0.997,0.000,0.000,0,0
445.897,111.765,1.000,0.021,0,514.406,116.386,68.667,0,235.389,977.375,0,0,1046.015,139.364,168.299,409.431,246.273,0.980,-0.200,409.431,246.273,0.980,-0.200,142.152,-171.344,0.728,-0.685,427.000,279.000,0.000,0.000,427.000,279.000,0.000,0.000,614.929,36.449,0.075,0.997,0.000,0.000,0,0
445.897,111.765,1.000,0.021,0,532.469,117.429,86.762,0,235.389,977.375,0,0,1064.096,136.286,168.299,416.475,244.837,0.980,-0.200,416.475,244.837,0.980,-0.200,147.387,-176.270,0.728,-0.685,427.000,279.000,0.000,0.000,427.000,279.000,0.000,0.000,615.472,43.617,0.075,0.997,0.000,0.000,0,0
445.897,111.765,1.000,0.021,0,550.084,118.446,104.411,0,235.389,977.375,0,0,1081.728,133.524,168.299,423.518,243.400,0.980,-0.200,423.518,243.400,0.980,-0.200,152.623,-181.197,0.728,-0.685,427.000,279.000,0.000,0.000,427.000,279.000,0.000,0.000,616.014,50.785,0.075,0.997,0.000,0.000,0,0
445.897,111.765,1.000,0.021,0,567.264,119.438,121.625,0,235.389,977.375,0,0,1098.923,131.098,168.299,430.562,241.963,0.980,-0.200,430.562,241.963,0.980,-0.200,157.858,-186.123,0.728,-0.685,427.000,279.000,0.000,0.000,427.000,279.000,0.000,0.000,616.556,57.953,0.075,0.997,0.000,0.000,0,0
445.897,111.765,1.000,0.021,0,584.018,120.405,138.415,0,235.389,977.375,0,0,1115.692,129.028,168.299,437.605,240.526,0.980,-0.200,437.605,240.526,0.980,-0.200,163.093,-191.050,0.728,-0.685,427.000,279.000,0.000,0.000,427.000,279.000,0.000,0.000,617.098,65.122,0.075,0.997,0.000,0.000,0,0
445.897,111.765,1.000,0.021,0,600.358,121.349,154.793,0,235.389,977.375,0,0,1132.045,127.330,168.299,444.649,239.089,0.980,-0.200,444.649,239.089,0.980,-0.200,168.328,-195.976,0.728,-0.685,427.000,279.000,0.000,0.000,427.000,279.000,0.000,0.000,617.641,72.290,0.075,0.997,0.000,0.000,0,0
445.897,111.765,1.000,0.021,0,616.293,122.269,170.768,0,235.389,977.375,0,0,1147.994,126.021,168.299,451.693,237.652,0.980,-0.200,451.693,237.652,0.980,-0.200,173.563,-200.903,0.728,-0.685,427.000,279.000,0.000,0.000,427.000,279.000,0.000,0.000,618.183,79.458,0.075,0.997,0.000,0.000,0,0
445.897,111.765,1.000,0.021,0,631.834,123.166,186.351,0,235.389,977.375,0,0,1163.548,125.111,168.299,458.736,236.216,0.980,-0.200,458.736,236.216,0.980,-0.200,178.799,-205.829,0.728,-0.685,427.000,279.000,0.000,0.000,427.000,279.000,0.000,0.000,618.725,86.626,0.075,0.997,0.000,0.000,0,0
445.897,111.765,1.000,0.021,0,646.990,124.041,201.553,0,235.389,977.375,0,0,1178.717,121.902,168.299,462.872,232.479,-0.031,-1.000,462.872,232.479,-0.031,-1.000,184.034,-210.756,0.728,-0.685,427.000,279.000,0.000,0.000,427.000,279.000,0.000,0.000,619.268,93.794,0.075,0.997,0.000,0.000,0,0
39.000,287.000,0.897,0.443,0,661.615,124.886,643.409,0,657.618,622.353,0,0,1193.357,124.004,101.316,-85.000,286.000,0.000,0.000,-85.000,286.000,0.000,0.000,-296.000,285.000,0.000,0.000,140.000,279.000,0.000,0.000,140.000,279.000,0.000,0.000,290.700,275.300,0.000,0.000,0.000,0.000,0,0
39.000,287.000,0.897,0.443,0,669.811,125.599,651.164,0,657.619,622.354,0,0,1201.584,124.004,101.316,-85.000,286.000,0.000,0.000,-85.000,286.000,0.000,0.000,-296.000,285.000,0.000,0.000,140.000,279.000,0.000,0.000,140.000,279.000,0.000,0.000,290.700,275.300,0.000,0.000,0.000,0.000,0,0
39.000,287.000,0.897,0.443,0,669.806,126.173,651.013,0,657.619,622.354,0,0,1201.628,124.004,101.316,-85.000,286.000,0.000,0.000,-85.000,286.000,0.000,0.000,-296.000,285.000,0.000,0.000,140.000,279.000,0.000,0.000,140.000,279.000,0.000,0.000,290.700,275.300,0.000,0.000,0.000,0.000,0,0
39.000,287.000,0.897,0.443,0,669.806,126.733,650.873,0,657.619,622.354,0,0,1201.675,124.004,101.316,-85.000,286.000,0.000,0.000,-85.000,286.000,0.000,0.000,-296.000,285.000,0.000,0.000,140.000,279.000,0.000,0.000,140.000,279.000,0.000,0.000,290.700,275.300,0.000,0.000,0.000,0.000,0,0
39.000,284.122,0.995,0.103,0,669.806,127.279,650.037,0,656.973,621.175,0,0,1201.720,124.014,101.130,-85.000,286.000,0.000,0.000,-85.000,286.000,0.000,0.000,-296.000,285.000,0.000,0.000,140.000,279.000,0.000,0.000,140.000,279.000,0.000,0.000,290.700,275.300,0.000,0.000,0.000,-1.000,0,0
39.000,269.734,0.455,-0.891,0,669.806,127.812,646.598,0,653.921,615.450,0,0,1201.764,125.062,101.424,-85.000,286.000,0.000,0.000,-85.000,286.000,0.000,0.000,-296.000,285.000,0.000,0.000,140.000,279.000,0.000,0.000,140.000,279.000,0.000,0.000,290.700,275.300,0.000,0.000,0.000,-1.000,0,0
39.000,255.345,0.097,-0.995,0,669.806,128.331,643.490,0,651.172,610.010,0,0,1201.805,127.733,103.733,-85.000,286.000,0.000,0.000,-85.000,286.000,0.000,0.000,-296.000,285.000,0.000,0.000,140.000,279.000,0.000,0.000,140.000,279.000,0.000,0.000,290.700,275.300,0.000,0.000,0.000,-1.000,0,0
36.965,241.799,-0.210,-0.978,0,669.806,128.837,642.869,0,650.874,603.251,0,0,1201.845,129.728,109.545,-85.000,286.000,0.000,0.000,-85.000,286.000,0.000,0.000,44.000,-93.000,0.000,0.000,140.000,279.000,0.000,0.000,140.000,279.000,0.000,0.000,290.700,275.300,0.000,0.000,-1.000,-1.000,0,0
26.791,231.625,-0.576,-0.817,0,669.806,129.331,651.128,0,659.394,590.196,0,0,1201.884,124.314,122.722,-85.000,286.000,0.000,0.000,-85.000,286.000,0.000,0.000,44.000,-93.000,0.000,0.000,140.000,279.000,0.000,0.000,140.000,279.000,0.000,0.000,290.700,275.300,0.000,0.000,-1.000,-1.000,0,0
16.616,221.450,-0.674,-0.739,0,669.806,129.813,659.616,0,668.115,577.204,0,0,1201.921,120.385,136.145,-85.000,286.000,0.000,0.000,-85.000,286.000,0.000,0.000,44.000,-93.000,0.000,0.000,140.000,279.000,0.000,0.000,140.000,279.000,0.000,0.000,290.700,275.300,0.000,0.000,-1.000,-1.000,0,0
8.477,210.433,-0.617,-0.787,0,59.000,80.600,139.464,0,674.917,565.940,0,0,589.174,120.201,148.323,-85.000,286.000,0.000,0.000,-85.000,286.000,0.000,0.000,44.000,-93.000,0.000,0.000,140.000,279.000,0.000,0.000,140.000,279.000,0.000,0.000,290.700,275.300,0.000,0.000,1.000,-1.000,0,0
18.651,200.259,0.350,-0.937,0,59.000,80.600,126.447,0,663.772,572.502,0,0,589.172,134.518,144.657,-85.000,286.000,0.000,0.000,-85.000,286.000,0.000,0.000,44.000,-93.000,0.000,0.000,140.000,279.000,0.000,0.000,140.000,279.000,0.000,0.000,290.700,275.300,0.000,0.000,1.000,-1.000,0,0
28.826,190.085,0.613,-0.790,0,59.000,80.600,113.760,0,652.754,579.347,0,0,589.171,148.849,142.358,-85.000,286.000,0.000,0.000,-85.000,286.000,0.000,0.000,44.000,-93.000,0.000,0.000,140.000,279.000,0.000,0.000,140.000,279.000,0.000,0.000,290.700,275.300,0.000,0.000,1.000,-1.000,0,0
26.791,178.224,-0.085,-0.996,0,59.000,80.600,103.014,0,653.944,574.234,0,0,589.171,155.283,151.565,-85.000,286.000,0.000,0.000,-85.000,286.000,0.000,0.000,44.000,-93.000,0.000,0.000,140.000,279.000,0.000,0.000,140.000,279.000,0.000,0.000,290.700,275.300,0.000,0.000,-1.000,-1.000,0,0
16.616,168.050,-0.544,-0.839,0,59.000,80.600,97.406,0,663.556,561.841,0,0,589.171,155.686,165.932,-85.000,286.000,0.000,0.000,-85.000,286.000,0.000,0.000,44.000,-93.000,0.000,0.000,140.000,279.000,0.000,0.000,140.000,279.000,0.000,0.000,108.800,-94.600,0.000,0.000,-1.000,-1.000,0,0
20.686,157.033,0.109,-0.994,0,59.000,80.600,85.755,0,659.080,563.217,0,0,589.171,166.740,170.622,-85.000,286.000,0.000,0.000,-85.000,286.000,0.000,0.000,44.000,-93.000,0.000,0.000,140.000,279.000,0.000,0.000,140.000,279.000,0.000,0.000,108.800,-94.600,0.000,0.000,1.000,-1.000,0,0
26.791,145.173,0.341,-0.940,0,59.000,80.600,72.464,0,652.740,566.656,0,0,589.171,179.804,175.288,-85.000,286.000,0.000,0.000,-85.000,286.000,0.000,0.000,44.000,-93.000,0.000,0.000,140.000,279.000,0.000,0.000,140.000,279.000,0.000,0.000,108.800,-94.600,0.000,0.000,0.000,-1.000,0,0
20.686,133.313,-0.334,-0.943,0,59.000,80.600,65.503,0,658.818,558.384,0,0,589.171,185.696,188.310,-85.000,286.000,0.000,0.000,-85.000,286.000,0.000,0.000,44.000,-93.000,0.000,0.000,140.000,279.000,0.000,0.000,140.000,279.000,0.000,0.000,108.800,-94.600,0.000,0.000,-1.000,-1.000,0,0
12.547,122.296,-0.463,-0.886,0,59.000,80.600,62.773,0,667.122,548.445,0,0,589.171,190.564,201.992,-85.000,286.000,0.000,0.000,-85.000,286.000,0.000,0.000,44.000,-93.000,0.000,0.000,140.000,279.000,0.000,0.000,140.000,279.000,0.000,0.000,108.800,-94.600,0.000,0.000,0.000,-1.000,0,0
20.686,111.278,0.323,-0.946,0,59.000,80.600,49.529,0,659.340,554.766,0,0,589.171,204.199,205.831,-85.000,286.000,0.000,0.000,-85.000,286.000,0.000,0.000,44.000,-93.000,0.000,0.000,140.000,279.000,0.000,0.000,140.000,279.000,0.000,0.000,108.800,-94.600,0.000,0.000,1.000,-1.000,0,0
30.861,101.104,0.616,-0.788,0,59.000,80.600,35.444,0,649.673,563.473,0,0,589.171,194.548,208.707,44.000,-93.000,0.000,0.000,44.000,-93.000,0.000,0.000,-85.000,286.000,0.000,0.000,140.000,279.000,0.000,0.000,140.000,279.000,0.000,0.000,108.800,-94.600,0.000,0.000,1.000,-1.000,0,0
41.878,92.965,0.806,-0.592,1,54.072,84.003,15.133,1,639.198,573.464,0,0,584.702,185.977,199.146,44.000,-93.000,0.000,0.000,44.000,-93.000,0.000,0.000,-67.000,-108.000,0.000,0.000,108.800,-94.600,0.000,0.000,108.800,-94.600,0.000,0.000,140.000,279.000,0.000,0.000,1.000,0.000,0,0
56.266,92.965,0.983,-0.185,1,71.139,90.169,15.133,1,624.850,587.765,0,0,602.270,186.369,194.783,44.000,-93.000,0.000,0.000,44.000,-93.000,0.000,0.000,-67.000,-108.000,0.000,0.000,108.800,-94.600,0.000,0.000,108.800,-94.600,0.000,0.000,140.000,279.000,0.000,0.000,1.000,0.000,0,0
69.812,94.999,0.992,0.129,1,84.819,96.956,15.133,1,611.199,601.445,0,0,616.569,189.763,193.567,44.000,-93.000,0.000,0.000,44.000,-93.000,0.000,0.000,-67.000,-108.000,0.000,0.000,108.800,-94.600,0.000,0.000,108.800,-94.600,0.000,0.000,140.000,279.000,0.000,0.000,1.000,1.000,0,0
79.987,105.174,0.820,0.572,1,92.400,113.830,15.133,1,600.413,612.709,0,0,626.116,201.415,183.894,44.000,-93.000,0.000,0.000,44.000,-93.000,0.000,0.000,-85.000,286.000,0.000,0.000,140.000,279.000,0.000,0.000,140.000,279.000,0.000,0.000,108.800,-94.600,0.000,0.000,1.000,1.000,0,0
90.161,115.348,0.743,0.670,1,101.399,125.483,15.133,1,589.781,624.101,0,0,636.661,213.401,171.073,44.000,-93.000,0.000,0.000,44.000,-93.000,0.000,0.000,-85.000,286.000,0.000,0.000,140.000,279.000,0.000,0.000,140.000,279.000,0.000,0.000,108.800,-94.600,0.000,0.000,1.000,1.000,0,0
100.335,125.522,0.717,0.698,1,111.179,136.078,15.133,1,579.311,635.615,0,0,647.966,225.667,158.520,44.000,-93.000,0.000,0.000,44.000,-93.000,0.000,0.000,-85.000,286.000,0.000,0.000,140.000,279.000,0.000,0.000,140.000,279.000,0.000,0.000,108.800,-94.600,0.000,0.000,1.000,1.000,0,0
113.881,127.557,0.954,0.300,1,128.315,132.105,15.133,1,565.733,649.309,0,0,664.259,231.363,153.679,44.000,-93.000,0.000,0.000,44.000,-93.000,0.000,0.000,-85.000,286.000,0.000,0.000,140.000,279.000,0.000,0.000,140.000,279.000,0.000,0.000,108.800,-94.600,0.000,0.000,1.000,0.000,0,0
128.270,127.557,0.996,0.090,1,143.342,128.917,15.133,1,551.352,663.536,0,0,678.642,236.108,151.896,44.000,-93.000,0.000,0.000,44.000,-93.000,0.000,0.000,-85.000,286.000,0.000,0.000,140.000,279.000,0.000,0.000,140.000,279.000,0.000,0.000,290.700,275.300,0.000,0.000,1.000,0.000,0,0
142.658,127.557,1.000,0.024,1,157.787,127.923,15.133,1,536.972,677.771,0,0,692.795,241.618,151.466,44.000,-93.000,0.000,0.000,44.000,-93.000,0.000,0.000,-85.000,286.000,0.000,0.000,140.000,279.000,0.000,0.000,140.000,279.000,0.000,0.000,290.700,275.300,0.000,0.000,1.000,0.000,0,0
154.519,121.453,0.925,-0.380,1,168.518,115.707,15.133,1,525.275,688.679,0,0,701.839,241.256,158.215,44.000,-93.000,0.000,0.000,44.000,-93.000,0.000,0.000,-81.984,281.103,0.524,-0.851,140.000,279.000,0.000,0.000,140.000,279.000,0.000,0.000,284.950,275.425,-1.000,0.022,1.000,-1.000,0,0
164.693,111.278,0.778,-0.629,1,176.461,101.764,15.133,1,515.536,697.518,0,0,708.192,237.269,169.530,44.000,-93.000,0.000,0.000,44.000,-93.000,0.000,0.000,-78.214,274.983,0.524,-0.851,140.000,279.000,0.000,0.000,140.000,279.000,0.000,0.000,277.763,275.582,-1.000,0.022,1.000,-1.000,0,0
175.710,103.139,0.790,-0.614,1,187.659,93.852,15.133,1,505.034,707.583,0,0,718.595,236.258,179.450,44.000,-93.000,0.000,0.000,44.000,-93.000,0.000,0.000,-74.443,268.862,0.524,-0.851,140.000,279.000,0.000,0.000,140.000,279.000,0.000,0.000,270.576,275.738,-1.000,0.022,1.000,0.000,0,0
190.099,103.139,0.982,-0.190,1,204.955,100.258,15.133,1,490.687,721.895,0,0,736.398,244.572,182.858,44.000,-93.000,0.000,0.000,44.000,-93.000,0.000,0.000,-70.673,262.741,0.524,-0.851,140.000,279.000,0.000,0.000,140.000,279.000,0.000,0.000,263.389,275.894,-1.000,0.022,1.000,0.000,0,0
204.487,103.139,0.998,-0.055,1,219.598,102.307,15.133,1,476.344,736.209,0,0,751.165,253.430,180.480,44.000,-93.000,0.000,0.000,44.000,-93.000,0.000,0.000,-66.903,256.620,0.524,-0.851,256.202,276.051,-1.000,0.022,256.202,276.051,-1.000,0.022,269.189,-70.110,-0.661,0.750,1.000,0.000,0,0
217.190,107.209,0.959,0.283,1,231.704,111.495,15.133,1,463.395,749.253,0,0,764.129,264.723,171.969,44.000,-93.000,0.000,0.000,44.000,-93.000,0.000,0.000,-63.133,250.500,0.524,-0.851,249.015,276.207,-1.000,0.022,249.015,276.207,-1.000,0.022,264.436,-64.717,-0.661,0.750,1.000,1.000,0,0
228.208,115.348,0.858,0.514,1,241.187,123.130,15.133,1,451.930,761.071,0,0,774.857,278.103,161.591,44.000,-93.000,0.000,0.000,44.000,-93.000,0.000,0.000,-59.363,244.379,0.524,-0.851,241.828,276.364,-1.000,0.022,241.828,276.364,-1.000,0.022,259.684,-59.323,-0.661,0.750,1.000,0.000,0,0
242.596,115.348,0.990,0.138,1,257.584,117.441,15.133,1,437.569,775.370,0,0,790.493,287.836,161.368,44.000,-93.000,0.000,0.000,44.000,-93.000,0.000,0.000,-53.270,241.016,0.929,-0.369,234.641,276.520,-1.000,0.022,234.641,276.520,-1.000,0.022,254.932,-53.929,-0.661,0.750,1.000,0.000,0,0
256.142,113.313,0.990,-0.138,1,271.131,111.226,15.133,1,424.164,788.618,0,0,803.312,295.921,161.959,44.000,-93.000,0.000,0.000,44.000,-93.000,0.000,0.000,-46.579,238.389,0.514,-0.858,250.179,-48.535,-0.661,0.750,250.179,-48.535,-0.661,0.750,227.454,276.676,-1.000,0.022,1.000,-1.000,0,0
262.247,101.453,0.663,-0.749,1,272.275,90.119,15.133,1,418.939,793.546,0,0,802.617,292.307,145.570,44.000,-93.000,0.000,0.000,44.000,-93.000,0.000,0.000,-42.885,232.222,0.514,-0.858,245.427,-43.142,-0.661,0.750,245.427,-43.142,-0.661,0.750,220.267,276.833,-1.000,0.022,0.000,-1.000,0,0
260.212,87.907,0.111,-0.994,1,261.898,72.868,15.133,1,422.353,790.427,0,0,791.169,281.913,127.165,44.000,-93.000,0.000,0.000,44.000,-93.000,0.000,0.000,9.368,-121.983,0.984,-0.180,240.675,-37.748,-0.661,0.750,240.675,-37.748,-0.661,0.750,213.080,276.989,-1.000,0.022,-1.000,-1.000,0,0
250.038,77.733,-0.525,-0.851,1,242.093,64.853,15.133,1,433.744,779.605,0,0,771.002,267.584,110.988,44.000,-93.000,0.000,0.000,44.000,-93.000,0.000,0.000,16.440,-123.278,0.984,-0.180,235.922,-32.354,-0.661,0.750,235.922,-32.354,-0.661,0.750,205.893,277.146,-1.000,0.022,-1.000,-1.000,0,0
236.492,75.698,-0.919,-0.394,1,222.585,69.729,15.133,1,447.433,765.965,0,0,751.754,255.953,102.796,44.000,-93.000,0.000,0.000,44.000,-93.000,0.000,0.000,23.511,-124.572,0.984,-0.180,231.170,-26.961,-0.661,0.750,231.170,-26.961,-0.661,0.750,198.707,277.302,-1.000,0.022,0.000,0.000,0,0
248.003,75.698,-0.153,-0.988,1,245.694,60.742,15.133,1,436.044,777.454,0,0,774.429,264.719,99.645,44.000,-93.000,0.000,0.000,44.000,-93.000,0.000,0.000,30.582,-125.867,0.984,-0.180,226.405,-21.578,-0.670,0.742,226.405,-21.578,-0.670,0.742,191.520,277.458,-1.000,0.022,1.000,0.000,0,0
262.391,75.698,0.909,-0.416,1,276.155,69.406,15.133,1,421.817,791.816,0,0,805.230,275.960,100.589,44.000,-93.000,0.000,0.000,44.000,-93.000,0.000,0.000,37.653,-127.162,0.984,-0.180,221.587,-16.243,-0.670,0.742,221.587,-16.243,-0.670,0.742,184.333,277.615,-1.000,0.022,1.000,0.000,0,0
275.937,77.733,1.000,0.017,1,291.068,77.997,15.133,1,408.129,805.454,0,0,820.572,288.001,106.573,44.000,-93.000,0.000,0.000,44.000,-93.000,0.000,0.000,44.724,-128.456,0.984,-0.180,216.770,-10.907,-0.670,0.742,216.770,-10.907,-0.670,0.742,177.146,277.771,-1.000,0.022,1.000,1.000,0,0
286.112,87.907,0.831,0.557,1,298.683,96.331,15.133,1,396.666,816.257,0,0,829.418,302.234,119.323,44.000,-93.000,0.000,0.000,44.000,-93.000,0.000,0.000,-17.031,189.051,0.514,-0.858,211.952,-5.571,-0.670,0.742,211.952,-5.571,-0.670,0.742,169.959,277.927,-1.000,0.022,0.000,1.000,0,0
277.972,98.925,-0.092,0.996,1,276.573,113.993,15.133,1,403.523,808.991,0,0,809.006,302.619,121.864,44.000,-93.000,0.000,0.000,44.000,-93.000,0.000,0.000,-13.338,182.884,0.514,-0.858,207.135,-0.236,-0.670,0.742,207.135,-0.236,-0.670,0.742,162.772,278.083,-1.000,0.022,-1.000,1.000,0,0
266.112,105.029,-0.790,0.613,1,254.157,114.307,15.133,1,414.792,797.720,0,0,786.749,284.922,118.557,-9.644,176.716,0.514,-0.858,-9.644,176.716,0.514,-0.858,44.000,-93.000,0.000,0.000,202.317,5.100,-0.670,0.742,202.317,5.100,-0.670,0.742,155.585,278.240,-1.000,0.022,-1.000,0.000,0,0
251.723,105.029,-0.982,0.189,1,236.863,107.890,15.133,1,429.127,783.397,0,0,768.889,265.873,109.033,-5.951,170.549,0.514,-0.858,-5.951,170.549,0.514,-0.858,44.000,-93.000,0.000,0.000,197.499,10.435,-0.670,0.742,197.499,10.435,-0.670,0.742,148.398,278.396,-1.000,0.022,-1.000,0.000,0,0
248.003,97.239,-0.819,-0.574,1,235.610,88.553,15.133,1,433.496,778.992,0,0,765.945,259.110,98.475,-2.257,164.382,0.514,-0.858,-2.257,164.382,0.514,-0.858,44.000,-93.000,0.000,0.000,192.682,15.771,-0.670,0.742,192.682,15.771,-0.670,0.742,141.211,278.552,-1.000,0.022,1.000,-1.000,0,0
261.549,95.204,0.277,-0.961,1,265.737,80.662,15.133,1,420.223,792.319,0,0,795.451,267.635,104.498,1.436,158.214,0.514,-0.858,1.436,158.214,0.514,-0.858,44.000,-93.000,0.000,0.000,187.864,21.107,-0.670,0.742,187.864,21.107,-0.670,0.742,140.000,279.000,0.000,0.000,1.000,0.000,0,0
275.937,95.204,0.978,-0.209,1,290.738,92.047,15.133,1,405.922,806.658,0,0,821.169,276.709,115.572,5.130,152.047,0.514,-0.858,5.130,152.047,0.514,-0.858,94.222,-137.519,0.984,-0.180,183.047,26.442,-0.670,0.742,183.047,26.442,-0.670,0.742,140.000,279.000,0.000,0.000,1.000,0.000,0,0
288.640,99.274,0.969,0.247,1,303.303,103.016,15.133,1,392.880,819.649,0,0,834.574,283.672,129.408,8.823,145.880,0.514,-0.858,8.823,145.880,0.514,-0.858,101.293,-138.814,0.984,-0.180,178.229,31.778,-0.670,0.742,178.229,31.778,-0.670,0.742,427.000,279.000,0.000,0.000,1.000,1.000,0,0
298.815,109.448,0.800,0.600,1,310.922,118.527,15.133,1,381.872,830.687,0,0,843.633,287.893,144.770,12.517,139.712,0.514,-0.858,12.517,139.712,0.514,-0.858,108.365,-140.109,0.984,-0.180,173.412,37.113,-0.670,0.742,173.412,37.113,-0.670,0.742,427.000,279.000,0.000,0.000,1.000,1.000,0,0
312.361,111.483,0.971,0.238,1,327.060,115.079,15.133,1,368.226,844.362,0,0,859.338,296.971,159.482,16.210,133.545,0.514,-0.858,16.210,133.545,0.514,-0.858,115.436,-141.404,0.984,-0.180,168.594,42.449,-0.670,0.742,168.594,42.449,-0.670,0.742,427.000,279.000,0.000,0.000,1.000,0.000,0,0
326.749,111.483,0.998,0.070,1,341.845,112.546,15.133,1,353.890,858.684,0,0,873.810,307.257,174.979,19.904,127.378,0.514,-0.858,19.904,127.378,0.514,-0.858,122.507,-142.698,0.984,-0.180,163.776,47.785,-0.670,0.742,163.776,47.785,-0.670,0.742,427.000,279.000,0.000,0.000,1.000,0.000,0,0
339.452,107.413,0.959,-0.285,1,353.959,103.105,15.133,1,341.576,870.962,0,0,885.050,316.156,188.482,23.597,121.211,0.514,-0.858,23.597,121.211,0.514,-0.858,129.578,-143.993,0.984,-0.180,158.959,53.120,-0.670,0.742,158.959,53.120,-0.670,0.742,427.000,279.000,0.000,0.000,1.000,-1.000,0,0
349.627,97.239,0.799,-0.601,1,361.721,88.142,15.133,1,332.544,880.271,0,0,891.699,322.767,197.544,136.649,-145.288,0.984,-0.180,136.649,-145.288,0.984,-0.180,27.290,115.043,0.514,-0.858,427.000,279.000,0.000,0.000,427.000,279.000,0.000,0.000,154.141,58.456,-0.670,0.742,1.000,-1.000,0,0
361.487,91.134,0.903,-0.429,1,375.158,84.645,15.133,1,321.621,891.663,0,0,904.893,322.384,198.961,143.720,-146.582,0.984,-0.180,143.720,-146.582,0.984,-0.180,30.984,108.876,0.514,-0.858,427.000,279.000,0.000,0.000,427.000,279.000,0.000,0.000,424.800,-106.500,0.000,0.000,1.000,0.000,0,0
375.876,91.134,0.992,-0.129,1,390.883,89.184,15.133,1,307.411,906.017,0,0,920.864,328.313,194.698,150.791,-147.877,0.984,-0.180,150.791,-147.877,0.984,-0.180,34.677,102.709,0.514,-0.858,427.000,279.000,0.000,0.000,427.000,279.000,0.000,0.000,424.800,-106.500,0.000,0.000,1.000,0.000,0,0
381.631,91.134,0.998,-0.067,1,396.730,90.124,15.133,1,301.731,911.759,0,0,926.759,328.358,193.266,157.863,-149.172,0.984,-0.180,157.863,-149.172,0.984,-0.180,38.371,96.541,0.514,-0.858,427.000,279.000,0.000,0.000,427.000,279.000,0.000,0.000,424.800,-106.500,0.000,0.000,0.000,0.000,0,0
381.631,91.134,0.998,-0.067,0,408.584,89.331,27.014,0,301.731,911.759,0,0,938.537,324.544,193.266,164.934,-150.466,0.984,-0.180,164.934,-150.466,0.984,-0.180,42.064,90.374,0.514,-0.858,427.000,279.000,0.000,0.000,427.000,279.000,0.000,0.000,424.800,-106.500,0.000,0.000,0.000,0.000,1,0
381.631,91.134,0.998,-0.067,0,427.949,88.035,46.422,0,301.731,911.759,0,0,957.782,320.845,193.266,172.005,-151.761,0.984,-0.180,172.005,-151.761,0.984,-0.180,45.758,84.207,0.514,-0.858,427.000,279.000,0.000,0.000,427.000,279.000,0.000,0.000,424.800,-106.500,0.000,0.000,0.000,0.000,0,0
381.631,91.134,0.998,-0.067,0,446.834,86.771,65.350,0,301.731,911.759,0,0,976.556,317.265,193.266,179.076,-153.056,0.984,-0.180,179.076,-153.056,0.984,-0.180,49.451,78.039,0.514,-0.858,427.000,279.000,0.000,0.000,427.000,279.000,0.000,0.000,424.800,-106.500,0.000,0.000,0.000,0.000,0,0
381.631,91.134,0.998,-0.067,0,465.252,85.539,83.811,0,301.731,911.759,0,0,994.868,313.810,193.266,186.147,-154.351,0.984,-0.180,186.147,-154.351,0.984,-0.180,53.145,71.872,0.514,-0.858,427.000,279.000,0.000,0.000,427.000,279.000,0.000,0.000,424.800,-106.500,0.000,0.000,0.000,0.000,0,0
381.631,91.134,0.998,-0.067,0,483.214,84.337,101.816,0,301.731,911.759,0,0,1012.732,310.483,193.266,193.218,-155.645,0.984,-0.180,193.218,-155.645,0.984,-0.180,56.838,65.705,0.514,-0.858,427.000,279.000,0.000,0.000,427.000,279.000,0.000,0.000,424.800,-106.500,0.000,0.000,0.000,0.000,0,0
381.631,91.134,0.998,-0.067,0,500.732,83.164,119.377,0,301.731,911.759,0,0,1030.157,307.287,193.266,200.289,-156.940,0.984,-0.180,200.289,-156.940,0.984,-0.180,60.531,59.538,0.514,-0.858,427.000,279.000,0.000,0.000,427.000,279.000,0.000,0.000,424.800,-106.500,0.000,0.000,0.000,0.000,0,0
381.631,91.134,0.998,-0.067,0,517.816,82.021,136.505,0,301.731,911.759,0,0,1047.153,304.229,193.266,207.361,-158.235,0.984,-0.180,207.361,-158.235,0.984,-0.180,64.225,53.370,0.514,-0.858,427.000,279.000,0.000,0.000,427.000,279.000,0.000,0.000,424.800,-106.500,0.000,0.000,0.000,0.000,0,0
381.631,91.134,0.998,-0.067,0,534.477,80.906,153.212,0,301.731,911.759,0,0,1063.732,301.310,193.266,214.432,-159.529,0.984,-0.180,214.432,-159.529,0.984,-0.180,67.918,47.203,0.514,-0.858,427.000,279.000,0.000,0.000,427.000,279.000,0.000,0.000,424.800,-106.500,0.000,0.000,0.000,0.000,0,0
381.631,91.134,0.998,-0.067,0,550.725,79.819,169.508,0,301.731,911.759,0,0,1079.904,298.536,193.266,221.503,-160.824,0.984,-0.180,221.503,-160.824,0.984,-0.180,71.612,41.036,0.514,-0.858,427.000,279.000,0.000,0.000,427.000,279.000,0.000,0.000,424.800,-106.500,0.000,0.000,0.000,0.000,0,0
381.631,91.134,0.998,-0.067,0,566.572,78.759,185.403,0,301.731,911.759,0,0,1095.678,295.911,193.266,228.574,-162.119,0.984,-0.180,228.574,-162.119,0.984,-0.180,75.305,34.868,0.514,-0.858,427.000,279.000,0.000,0.000,427.000,279.000,0.000,0.000,424.800,-106.500,0.000,0.000,0.000,0.000,0,0
381.631,91.134,0.998,-0.067,0,582.026,77.725,200.909,0,301.731,911.759,0,0,1111.064,293.439,193.266,235.645,-163.414,0.984,-0.180,235.645,-163.414,0.984,-0.180,78.999,28.701,0.514,-0.858,427.000,279.000,0.000,0.000,427.000,279.000,0.000,0.000,424.800,-106.500,0.000,0.000,0.000,0.000,0,0
381.631,91.134,0.998,-0.067,0,597.098,76.716,216.034,0,301.731,911.759,0,0,1126.072,291.123,193.266,242.716,-164.708,0.984,-0.180,242.716,-164.708,0.984,-0.180,82.692,22.534,0.514,-0.858,427.000,279.000,0.000,0.000,427.000,279.000,0.000,0.000,424.800,-106.500,0.000,0.000,0.000,0.000,0,0
381.631,91.134,0.998,-0.067,0,611.509,75.752,230.487,0,301.731,911.759,0,0,1140.427,288.967,193.266,249.788,-166.003,0.984,-0.180,249.788,-166.003,0.984,-0.180,86.386,16.366,0.514,-0.858,427.000,279.000,0.000,0.000,427.000,279.000,0.000,0.000,424.800,-106.500,0.000,0.000,0.000,0.000,0,0
381.631,91.134,0.998,-0.067,0,625.184,74.837,244.188,0,301.731,911.759,0,0,1154.056,286.976,193.266,256.859,-167.298,0.984,-0.180,256.859,-167.298,0.984,-0.180,90.079,10.199,0.514,-0.858,427.000,279.000,0.000,0.000,427.000,279.000,0.000,0.000,424.800,-106.500,0.000,0.000,0.000,0.000,0,0
381.631,91.134,0.998,-0.067,0,638.464,73.948,257.493,0,301.731,911.759,0,0,1167.293,285.152,193.266,263.930,-168.592,0.984,-0.180,263.930,-168.592,0.984,-0.180,93.773,4.032,0.514,-0.858,427.000,279.000,0.000,0.000,427.000,279.000,0.000,0.000,424.800,-106.500,0.000,0.000,0.000,0.000,0,0
39.000,287.000,0.897,0.443,0,651.358,73.085,648.672,0,657.602,622.335,0,0,1180.147,124.004,101.316,-85.000,286.000,0.000,0.000,-85.000,286.000,0.000,0.000,-296.000,285.000,0.000,0.000,140.000,279.000,0.000,0.000,140.000,279.000,0.000,0.000,290.700,275.300,0.000,0.000,0.000,0.000,0,0
39.000,287.000,0.897,0.443,0,663.874,72.248,660.780,0,657.619,622.354,0,0,1192.626,124.004,101.316,-85.000,286.000,0.000,0.000,-85.000,286.000,0.000,0.000,-296.000,285.000,0.000,0.000,140.000,279.000,0.000,0.000,140.000,279.000,0.000,0.000,290.700,275.300,0.000,0.000,0.000,0.000,0,0
39.000,287.000,0.897,0.443,0,670.807,71.518,667.573,0,657.619,622.354,0,0,1199.532,124.004,101.316,-85.000,286.000,0.000,0.000,-85.000,286.000,0.000,0.000,-296.000,285.000,0.000,0.000,140.000,279.000,0.000,0.000,140.000,279.000,0.000,0.000,290.700,275.300,0.000,0.000,0.000,0.000,0,0
39.000,287.000,0.897,0.443,0,669.846,70.928,666.849,0,657.619,622.354,0,0,1198.556,124.004,101.316,-85.000,286.000,0.000,0.000,-85.000,286.000,0.000,0.000,-296.000,285.000,0.000,0.000,140.000,279.000,0.000,0.000,140.000,279.000,0.000,0.000,290.700,275.300,0.000,0.000,0.000,0.000,0,0
39.000,287.000,0.897,0.443,0,669.806,70.354,666.994,0,657.619,622.354,0,0,1198.501,124.004,101.316,-85.000,286.000,0.000,0.000,-85.000,286.000,0.000,0.000,-296.000,285.000,0.000,0.000,140.000,279.000,0.000,0.000,140.000,279.000,0.000,0.000,290.700,275.300,0.000,0.000,0.000,0.000,0,0
39.000,287.000,0.897,0.443,0,669.806,69.796,667.173,0,657.619,622.354,0,0,1198.485,124.004,101.316,-85.000,286.000,0.000,0.000,-85.000,286.000,0.000,0.000,-296.000,285.000,0.000,0.000,140.000,279.000,0.000,0.000,140.000,279.000,0.000,0.000,290.700,275.300,0.000,0.000,0.000,0.000,0,0
39.000,287.000,0.897,0.443,0,669.806,69.251,667.348,0,657.619,622.354,0,0,1198.470,124.004,101.316,-85.000,286.000,0.000,0.000,-85.000,286.000,0.000,0.000,-296.000,285.000,0.000,0.000,140.000,279.000,0.000,0.000,140.000,279.000,0.000,0.000,290.700,275.300,0.000,0.000,0.000,0.000,0,0
39.000,287.000,0.897,0.443,0,669.806,68.720,667.521,0,657.619,622.354,0,0,1198.454,124.004,101.316,-85.000,286.000,0.000,0.000,-85.000,286.000,0.000,0.000,-296.000,285.000,0.000,0.000,140.000,279.000,0.000,0.000,140.000,279.000,0.000,0.000,290.700,275.300,0.000,0.000,0.000,0.000,0,0
39.000,287.000,0.897,0.443,0,669.806,68.202,667.690,0,657.619,622.354,0,0,1198.438,124.004,101.316,-85.000,286.000,0.000,0.000,-85.000,286.000,0.000,0.000,-296.000,285.000,0.000,0.000,140.000,279.000,0.000,0.000,140.000,279.000,0.000,0.000,290.700,275.300,0.000,0.000,0.000,0.000,0,0
39.000,287.000,0.897,0.443,0,669.806,67.697,667.857,0,657.619,622.354,0,0,1198.422,124.004,101.316,-85.000,286.000,0.000,0.000,-85.000,286.000,0.000,0.000,-296.000,285.000,0.000,0.000,140.000,279.000,0.000,0.000,140.000,279.000,0.000,0.000,290.700,275.300,0.000,0.000,0.000,0.000,0,0
39.000,287.000,0.897,0.443,0,59.000,80.600,207.464,0,657.619,622.354,0,0,589.175,124.004,101.316,-85.000,286.000,0.000,0.000,-85.000,286.000,0.000,0.000,-296.000,285.000,0.000,0.000,140.000,279.000,0.000,0.000,140.000,279.000,0.000,0.000,290.700,275.300,0.000,0.000,0.000,0.000,0,0
39.000,287.000,0.897,0.443,0,59.000,80.600,207.466,0,657.619,622.354,0,0,589.174,124.004,101.316,-85.000,286.000,0.000,0.000,-85.000,286.000,0.000,0.000,-296.000,285.000,0.000,0.000,140.000,279.000,0.000,0.000,140.000,279.000,0.000,0.000,290.700,275.300,0.000,0.000,0.000,0.000,0,0
39.000,287.000,0.897,0.443,0,59.000,80.600,207.471,0,657.619,622.354,0,0,589.172,124.004,101.316,-85.000,286.000,0.000,0.000,-85.000,286.000,0.000,0.000,-296.000,285.000,0.000,0.000,140.000,279.000,0.000,0.000,140.000,279.000,0.000,0.000,290.700,275.300,0.000,0.000,0.000,0.000,0,0
39.000,287.000,0.897,0.443,0,59.000,80.600,207.473,0,657.619,622.354,0,0,589.171,124.004,101.316,-85.000,286.000,0.000,0.000,-85.000,286.000,0.000,0.000,-296.000,285.000,0.000,0.000,140.000,279.000,0.000,0.000,140.000,279.000,0.000,0.000,290.700,275.300,0.000,0.000,0.000,0.000,0,0
39.000,287.000,0.897,0.443,0,59.000,80.600,207.473,0,657.619,622.354,0,0,589.171,124.004,101.316,-85.000,286.000,0.000,0.000,-85.000,286.000,0.000,0.000,-296.000,285.000,0.000,0.000,140.000,279.000,0.000,0.000,140.000,279.000,0.000,0.000,290.700,275.300,0.000,0.000,0.000,0.000,0,0
39.000,287.000,0.897,0.443,0,59.000,80.600,207.473,0,657.619,622.354,0,0,589.171,124.004,101.316,-85.000,286.000,0.000,0.000,-85.000,286.000,0.000,0.000,-296.000,285.000,0.000,0.000,140.000,279.000,0.000,0.000,140.000,279.000,0.000,0.000,290.700,275.300,0.000,0.000,0.000,0.000,0,0
39.000,287.000,0.897,0.443,0,59.000,80.600,207.473,0,657.619,622.354,0,0,589.171,124.004,101.316,-85.000,286.000,0.000,0.000,-85.000,286.000,0.000,0.000,-296.000,285.000,0.000,0.000,140.000,279.000,0.000,0.000,140.000,279.000,0.000,0.000,290.700,275.300,0.000,0.000,0.000,0.000,0,0
39.000,287.000,0.897,0.443,0,59.000,80.600,207.473,0,657.619,622.354,0,0,589.171,124.004,101.316,-85.000,286.000,0.000,0.000,-85.000,286.000,0.000,0.000,-296.000,285.000,0.000,0.000,140.000,279.000,0.000,0.000,140.000,279.000,0.000,0.000,290.700,275.300,0.000,0.000,0.000,0.000,0,0
39.000,287.000,0.897,0.443,0,59.000,80.600,207.473,0,657.619,622.354,0,0,589.171,124.004,101.316,-85.000,286.000,0.000,0.000,-85.000,286.000,0.000,0.000,-296.000,285.000,0.000,0.000,140.000,279.000,0.000,0.000,140.000,279.000,0.000,0.000,290.700,275.300,0.000,0.000,0.000,0.000,0,0
39.000,287.000,0.897,0.443,0,59.000,80.600,207.473,0,657.619,622.354,0,0,589.171,124.004,101.316,-85.000,286.000,0.000,0.000,-85.000,286.000,0.000,0.000,-296.000,285.000,0.000,0.000,140.000,279.000,0.000,0.000,140.000,279.000,0.000,0.000,290.700,275.300,0.000,0.000,0.000,0.000,0,0
39.000,287.000,0.897,0.443,0,59.000,80.600,207.473,0,657.619,622.354,0,0,589.171,124.004,101.316,-85.000,286.000,0.000,0.000,-85.000,286.000,0.000,0.000,-296.000,285.000,0.000,0.000,140.000,279.000,0.000,0.000,140.000,279.000,0.000,0.000,290.700,275.300,0.000,0.000,0.000,0.000,0,0
39.000,287.000,0.897,0.443,0,59.000,80.600,207.473,0,657.619,622.354,0,0,589.171,124.004,101.316,-85.000,286.000,0.000,0.000,-85.000,286.000,0.000,0.000,-296.000,285.000,0.000,0.000,140.000,279.000,0.000,0.000,140.000,279.000,0.000,0.000,290.700,275.300,0.000,0.000,0.000,0.000,0,0
39.000,287.000,0.897,0.443,0,59.000,80.600,207.473,0,657.619,622.354,0,0,589.171,124.004,101.316,-85.000,286.000,0.000,0.000,-85.000,286.000,0.000,0.000,-296.000,285.000,0.000,0.000,140.000,279.000,0.000,0.000,140.000,279.000,0.000,0.000,290.700,275.300,0.000,0.000,0.000,0.000,0,0
39.000,287.000,0.897,0.443,0,59.000,80.600,207.473,0,657.619,622.354,0,0,589.171,124.004,101.316,-85.000,286.000,0.000,0.000,-85.000,286.000,0.000,0.000,-296.000,285.000,0.000,0.000,140.000,279.000,0.000,0.000,140.000,279.000,0.000,0.000,290.700,275.300,0.000,0.000,0.000,0.000,0,0
39.000,287.000,0.897,0.443,0,59.000,80.600,207.473,0,657.619,622.354,0,0,589.171,124.004,101.316,-85.000,286.000,0.000,0.000,-85.000,286.000,0.000,0.000,-296.000,285.000,0.000,0.000,140.000,279.000,0.000,0.000,140.000,279.000,0.000,0.000,290.700,275.300,0.000,0.000,0.000,0.000,0,0
39.000,287.000,0.897,0.443,0,59.000,80.600,207.473,0,657.619,622.354,0,0,589.171,124.004,101.316,-85.000,286.000,0.000,0.000,-85.000,286.000,0.000,0.000,-296.000,285.000,0.000,0.000,140.000,279.000,0.000,0.000,140.000,279.000,0.000,0.000,290.700,275.300,0.000,0.000,0.000,0.000,0,0
39.000,287.000,0.897,0.443,0,59.000,80.600,207.473,0,657.619,622.354,0,0,589.171,124.004,101.316,-85.000,286.000,0.000,0.000,-85.000,286.000,0.000,0.000,-296.000,285.000,0.000,0.000,140.000,279.000,0.000,0.000,140.000,279.000,0.000,0.000,290.700,275.300,0.000,0.000,0.000,0.000,0,0
39.000,287.000,0.897,0.443,0,59.000,80.600,207.473,0,657.619,622.354,0,0,589.171,124.004,101.316,-85.000,286.000,0.000,0.000,-85.000,286.000,0.000,0.000,-296.000,285.000,0.000,0.000,140.000,279.000,0.000,0.000,140.000,279.000,0.000,0.000,290.700,275.300,0.000,0.000,0.000,0.000,0,0
