TotalTime,MyPosX,MyPosZ,MyFacingX,MyFacingZ,MyHasBall,BallPosX,BallPosZ,DistToBall,HasBallTeam,DistToRivalGoal,DistToOwnGoal,ScoreTeam1,ScoreTeam2,DistBallToOwnGoal,DistClosestAlly,DistClosestEnemy,Ally1PosX,Ally1PosZ,Ally1DirX,Ally1DirZ,Ally2PosX,Ally2PosZ,Ally2DirX,Ally2DirZ,Ally3PosX,Ally3PosZ,Ally3DirX,Ally3DirZ,Enemy1PosX,Enemy1PosZ,Enemy1DirX,Enemy1DirZ,Enemy2PosX,Enemy2PosZ,Enemy2DirX,Enemy2DirZ,Enemy3PosX,Enemy3PosZ,Enemy3DirX,Enemy3DirZ,InputX,InputZ,ActionShoot,ActionPass
0.175,39.000,287.000,0.897,0.443,0,59.000,80.600,207.495,0,657.602,622.335,0,0,589.151,0.000,101.316,39.000,287.000,0.000,0.000,-85.000,286.000,0.000,0.000,-85.000,286.000,0.000,0.000,140.000,279.000,0.000,0.000,140.000,279.000,0.000,0.000,290.700,275.300,0.000,0.000,0.000,0.000,0,0
0.229,39.000,287.000,0.897,0.443,0,59.000,80.600,207.495,0,657.616,622.350,0,0,589.159,0.000,101.316,39.000,287.000,0.000,0.000,-84.639,282.123,0.093,-0.996,-84.639,282.123,0.093,-0.996,140.000,279.000,0.000,0.000,140.000,279.000,0.000,0.000,287.352,273.313,-0.860,-0.510,0.000,0.000,0,0
0.306,39.000,287.000,0.897,0.443,0,59.000,80.600,207.474,0,657.619,622.354,0,0,589.170,0.000,101.316,39.000,287.000,0.000,0.000,-84.114,276.483,0.093,-0.996,-84.114,276.483,0.093,-0.996,140.000,279.000,0.000,0.000,140.000,279.000,0.000,0.000,282.480,270.421,-0.860,-0.510,0.000,0.000,0,0
0.403,39.000,287.000,0.897,0.443,0,59.000,80.600,207.473,0,657.619,622.354,0,0,589.171,0.000,101.316,39.000,287.000,0.000,0.000,-83.448,269.325,0.093,-0.996,-83.448,269.325,0.093,-0.996,140.000,279.000,0.000,0.000,140.000,279.000,0.000,0.000,276.299,266.752,-0.860,-0.510,0.000,0.000,0,0
0.503,39.000,287.000,0.897,0.443,0,59.000,80.600,207.473,0,657.619,622.354,0,0,589.171,0.000,101.316,39.000,287.000,0.000,0.000,-82.782,262.167,0.093,-0.996,-82.782,262.167,0.093,-0.996,140.000,279.000,0.000,0.000,140.000,279.000,0.000,0.000,270.117,263.084,-0.860,-0.510,0.000,0.000,0,0
0.603,39.000,278.367,0.497,0.868,0,59.000,80.600,198.886,0,655.716,618.851,0,0,589.171,0.000,101.002,39.000,278.367,0.000,-1.000,-82.116,255.010,0.093,-0.996,-82.116,255.010,0.093,-0.996,140.000,279.000,0.000,0.000,140.000,279.000,0.000,0.000,263.935,259.415,-0.860,-0.510,0.000,-1.000,0,0
0.700,39.000,263.978,-0.649,0.761,0,59.000,80.600,184.585,0,652.785,613.239,0,0,589.171,0.000,102.111,39.000,263.978,0.000,-1.000,-81.449,247.852,0.093,-0.996,-81.449,247.852,0.093,-0.996,140.000,279.000,0.000,0.000,140.000,279.000,0.000,0.000,257.753,255.746,-0.860,-0.510,0.000,-1.000,0,0
0.803,39.000,249.589,-0.914,-0.406,0,59.000,80.600,170.298,0,650.159,607.916,0,0,589.171,0.000,105.195,39.000,249.589,0.000,-1.000,-80.783,240.694,0.093,-0.996,-80.783,240.694,0.093,-0.996,140.000,279.000,0.000,0.000,140.000,279.000,0.000,0.000,251.571,252.076,-0.860,-0.510,0.000,-1.000,0,0
0.904,39.000,235.201,-0.041,-0.999,0,59.000,80.600,156.030,0,647.842,602.889,0,0,589.171,0.000,110.088,39.000,235.201,0.000,-1.000,-80.117,233.536,0.093,-0.996,-80.117,233.536,0.093,-0.996,140.000,279.000,0.000,0.000,140.000,279.000,0.000,0.000,245.390,248.407,-0.860,-0.510,0.000,-1.000,0,0
1.002,39.000,220.812,-0.012,-1.000,0,59.000,80.600,141.787,0,645.838,598.167,0,0,589.171,0.000,116.563,39.000,220.812,0.000,-1.000,-79.451,226.379,0.093,-0.996,-79.451,226.379,0.093,-0.996,140.000,279.000,0.000,0.000,140.000,279.000,0.000,0.000,239.208,244.738,-0.860,-0.510,0.000,-1.000,0,0
1.104,39.000,206.423,-0.003,-1.000,0,59.000,80.600,127.576,0,644.149,593.755,0,0,589.171,0.000,124.372,39.000,206.423,0.000,-1.000,-78.784,219.221,0.093,-0.996,-78.784,219.221,0.093,-0.996,140.000,279.000,0.000,0.000,140.000,279.000,0.000,0.000,233.026,241.069,-0.860,-0.510,0.000,-1.000,0,0
1.206,39.000,192.035,-0.001,-1.000,0,59.000,80.600,113.409,0,642.777,589.662,0,0,589.171,0.000,133.282,39.000,192.035,0.000,-1.000,-78.118,212.063,0.093,-0.996,-78.118,212.063,0.093,-0.996,140.000,279.000,0.000,0.000,140.000,279.000,0.000,0.000,226.844,237.400,-0.860,-0.510,0.000,-1.000,0,0
1.304,39.000,177.646,0.000,-1.000,0,59.000,80.600,99.307,0,641.726,585.894,0,0,589.171,0.000,143.086,39.000,177.646,0.000,-1.000,-77.452,204.905,0.093,-0.996,-77.452,204.905,0.093,-0.996,140.000,279.000,0.000,0.000,140.000,279.000,0.000,0.000,220.662,233.731,-0.860,-0.510,0.000,-1.000,0,0
1.403,39.000,163.257,0.000,-1.000,0,59.000,80.600,85.301,0,640.995,582.456,0,0,589.171,0.000,153.614,39.000,163.257,0.000,-1.000,-76.786,197.748,0.093,-0.996,-76.786,197.748,0.093,-0.996,140.000,279.000,0.000,0.000,140.000,279.000,0.000,0.000,214.481,230.062,-0.860,-0.510,0.000,-1.000,0,0
1.504,39.000,148.869,0.000,-1.000,0,59.000,80.600,71.447,0,640.587,579.356,0,0,589.171,0.000,164.728,39.000,148.869,0.000,-1.000,-76.120,190.590,0.093,-0.996,-76.120,190.590,0.093,-0.996,140.000,279.000,0.000,0.000,140.000,279.000,0.000,0.000,208.299,226.393,-0.860,-0.510,0.000,-1.000,0,0
1.605,41.035,135.323,0.209,-0.978,0,59.000,80.600,57.977,0,638.465,578.751,0,0,589.171,0.000,174.463,41.035,135.323,0.707,-0.707,-75.453,183.432,0.093,-0.996,-75.453,183.432,0.093,-0.996,140.000,279.000,0.000,0.000,140.000,279.000,0.000,0.000,202.117,222.724,-0.860,-0.510,1.000,-1.000,0,0
1.703,51.209,125.149,0.578,-0.816,0,59.000,80.600,45.709,0,628.417,587.038,0,0,589.171,0.000,172.523,51.209,125.149,0.707,-0.707,-74.787,176.274,0.093,-0.996,-74.787,176.274,0.093,-0.996,195.935,219.055,-0.860,-0.510,195.935,219.055,-0.860,-0.510,140.000,279.000,0.000,0.000,1.000,-1.000,0,0
1.801,55.279,112.446,0.313,-0.950,0,59.000,80.600,32.741,0,624.738,589.162,0,0,589.171,0.000,169.352,55.279,112.446,0.000,-1.000,-74.121,169.117,0.093,-0.996,-74.121,169.117,0.093,-0.996,189.754,215.386,-0.860,-0.510,189.754,215.386,-0.860,-0.510,140.000,279.000,0.000,0.000,0.000,-1.000,0,0
1.902,55.279,98.057,0.091,-0.996,1,56.653,82.986,15.133,1,625.490,587.343,0,0,587.180,0.000,171.399,55.279,98.057,0.000,-1.000,-73.455,161.959,0.093,-0.996,-73.455,161.959,0.093,-0.996,183.572,211.717,-0.860,-0.510,183.572,211.717,-0.860,-0.510,226.588,10.022,-0.525,0.851,0.000,-1.000,0,0
2.000,61.384,86.197,0.373,-0.928,1,67.023,72.154,15.133,1,620.276,592.181,0,0,596.659,0.000,168.242,61.384,86.197,0.707,-0.707,-72.789,154.801,0.093,-0.996,-72.789,154.801,0.093,-0.996,177.390,208.048,-0.860,-0.510,177.390,208.048,-0.860,-0.510,222.813,16.140,-0.525,0.851,1.000,-1.000,0,0
2.102,71.558,76.023,0.622,-0.783,1,80.966,64.169,15.133,1,611.087,601.460,0,0,610.078,0.000,156.975,71.558,76.023,0.707,-0.707,-72.122,147.643,0.093,-0.996,-72.122,147.643,0.093,-0.996,219.039,22.258,-0.525,0.851,219.039,22.258,-0.525,0.851,171.208,204.379,-0.860,-0.510,1.000,-1.000,0,0
2.205,85.947,76.023,0.955,-0.296,1,100.404,71.549,15.133,1,596.779,615.804,0,0,629.914,0.000,137.816,85.947,76.023,1.000,0.000,-71.456,140.486,0.093,-0.996,-71.456,140.486,0.093,-0.996,215.264,28.376,-0.525,0.851,215.264,28.376,-0.525,0.851,165.027,200.710,-0.860,-0.510,1.000,0.000,0,0
2.304,99.492,78.057,0.999,0.035,1,114.617,78.580,15.133,1,583.100,629.459,0,0,644.575,0.000,120.171,99.492,78.057,0.707,0.707,-70.790,133.328,0.093,-0.996,-70.790,133.328,0.093,-0.996,211.490,34.494,-0.525,0.851,211.490,34.494,-0.525,0.851,158.845,197.041,-0.860,-0.510,1.000,1.000,0,0
2.400,109.667,88.232,0.850,0.528,1,122.523,96.216,15.133,1,572.011,640.432,0,0,653.983,0.000,109.000,109.667,88.232,0.707,0.707,-70.124,126.170,0.093,-0.996,-70.124,126.170,0.093,-0.996,207.715,40.612,-0.525,0.851,207.715,40.612,-0.525,0.851,152.664,193.372,-0.860,-0.510,1.000,1.000,0,0
2.503,119.841,98.406,0.751,0.660,1,131.208,108.396,15.133,1,561.072,651.539,0,0,663.935,0.000,95.105,119.841,98.406,0.707,0.707,-69.458,119.012,0.093,-0.996,-69.458,119.012,0.093,-0.996,146.482,189.703,-0.860,-0.510,146.482,189.703,-0.860,-0.510,203.940,46.730,-0.525,0.851,1.000,1.000,0,0
2.604,134.230,98.406,0.976,0.218,1,148.998,101.711,15.133,1,546.726,665.848,0,0,680.873,0.000,80.144,134.230,98.406,1.000,0.000,-68.791,111.855,0.093,-0.996,-68.791,111.855,0.093,-0.996,200.166,52.848,-0.525,0.851,200.166,52.848,-0.525,0.851,140.301,186.035,-0.860,-0.510,1.000,0.000,0,0
2.704,148.618,98.406,0.998,0.063,1,163.721,99.364,15.133,1,532.382,680.160,0,0,695.279,0.000,61.950,148.618,98.406,1.000,0.000,-68.125,104.697,0.093,-0.996,-68.125,104.697,0.093,-0.996,196.391,58.966,-0.525,0.851,196.391,58.966,-0.525,0.851,134.119,182.366,-0.860,-0.510,1.000,0.000,0,0
2.803,163.007,98.406,1.000,0.019,1,178.138,98.688,15.133,1,518.041,694.475,0,0,709.559,0.000,44.577,163.007,98.406,1.000,0.000,44.000,-93.000,0.000,0.000,44.000,-93.000,0.000,0.000,192.617,65.084,-0.525,0.851,192.617,65.084,-0.525,0.851,127.938,178.697,-0.860,-0.510,1.000,0.000,0,0
2.901,177.396,98.406,1.000,0.006,0,173.763,72.486,26.173,2,503.702,708.793,0,0,703.171,0.000,29.514,177.396,98.406,1.000,0.000,44.000,-93.000,0.000,0.000,44.000,-93.000,0.000,0.000,188.842,71.202,-0.525,0.851,188.842,71.202,-0.525,0.851,122.858,182.242,-0.668,0.744,1.000,0.000,0,0
3.002,191.784,98.406,1.000,0.002,0,169.989,78.604,29.448,2,489.366,723.114,0,0,699.794,0.000,22.130,191.784,98.406,1.000,0.000,33.436,-78.436,0.661,0.750,33.436,-78.436,0.661,0.750,185.067,77.320,-0.525,0.851,185.067,77.320,-0.525,0.851,118.054,187.589,-0.668,0.744,1.000,0.000,0,0
3.103,204.487,102.476,0.952,0.307,0,166.214,84.722,42.191,2,476.393,736.144,0,0,696.475,0.000,30.007,204.487,102.476,0.707,0.707,38.081,-72.950,0.636,0.772,38.081,-72.950,0.636,0.772,181.293,83.438,-0.525,0.851,181.293,83.438,-0.525,0.851,113.251,192.937,-0.668,0.744,1.000,1.000,0,0
3.205,216.347,108.580,0.913,0.409,0,162.439,90.840,56.752,2,464.147,748.555,0,0,693.215,0.000,43.240,216.347,108.580,1.000,0.000,42.539,-67.311,0.610,0.793,42.539,-67.311,0.610,0.793,177.518,89.556,-0.525,0.851,177.518,89.556,-0.525,0.851,108.447,198.285,-0.668,0.744,1.000,0.000,0,0
3.305,230.736,108.580,0.993,0.121,0,158.665,96.958,73.003,2,449.797,762.865,0,0,690.014,0.000,58.436,230.736,108.580,1.000,0.000,46.803,-61.524,0.582,0.813,46.803,-61.524,0.582,0.813,173.743,95.674,-0.525,0.851,173.743,95.674,-0.525,0.851,103.643,203.633,-0.668,0.744,1.000,0.000,0,0
3.403,245.125,108.580,0.999,0.036,0,154.890,103.076,90.402,2,435.449,777.177,0,0,686.874,0.000,75.462,245.125,108.580,1.000,0.000,50.867,-55.595,0.554,0.833,50.867,-55.595,0.554,0.833,169.969,101.792,-0.525,0.851,169.969,101.792,-0.525,0.851,98.839,208.981,-0.668,0.744,1.000,0.000,0,0
3.505,259.513,108.580,1.000,0.010,0,151.115,109.194,108.400,2,421.104,791.492,0,0,683.795,0.000,93.322,259.513,108.580,1.000,0.000,54.725,-49.529,0.525,0.851,54.725,-49.529,0.525,0.851,166.194,107.910,-0.525,0.851,166.194,107.910,-0.525,0.851,94.035,214.328,-0.668,0.744,1.000,0.000,0,0
3.601,273.902,108.580,1.000,0.003,0,147.341,115.312,126.740,2,406.762,805.810,0,0,680.778,0.000,111.616,273.902,108.580,1.000,0.000,58.371,-43.334,0.495,0.869,58.371,-43.334,0.495,0.869,162.419,114.027,-0.525,0.851,162.419,114.027,-0.525,0.851,89.231,219.676,-0.668,0.744,1.000,0.000,0,0
3.703,273.902,108.580,0.974,-0.227,0,143.566,121.430,130.968,2,406.762,805.810,0,0,677.823,0.000,115.836,273.902,108.580,-1.000,0.000,61.800,-37.016,0.465,0.885,61.800,-37.016,0.465,0.885,158.645,120.145,-0.525,0.851,158.645,120.145,-0.525,0.851,140.000,279.000,0.000,0.000,-1.000,0.000,0,0
3.804,259.513,108.580,0.068,-0.998,0,139.791,127.548,121.215,2,421.104,791.492,0,0,674.933,0.000,106.127,259.513,108.580,-1.000,0.000,65.007,-30.583,0.434,0.901,65.007,-30.583,0.434,0.901,154.870,126.263,-0.525,0.851,154.870,126.263,-0.525,0.851,140.000,279.000,0.000,0.000,-1.000,0.000,0,0
3.901,245.125,108.580,-0.916,-0.400,0,136.017,133.666,111.955,2,435.449,777.177,0,0,672.106,0.000,96.995,245.125,108.580,-1.000,0.000,67.990,-24.043,0.402,0.915,67.990,-24.043,0.402,0.915,151.095,132.381,-0.525,0.851,151.095,132.381,-0.525,0.851,140.000,279.000,0.000,0.000,-1.000,0.000,0,0
4.005,230.736,108.580,-0.998,-0.058,0,132.242,139.784,103.318,2,449.797,762.865,0,0,669.345,0.000,88.619,230.736,108.580,-1.000,0.000,70.746,-17.404,0.371,0.929,70.746,-17.404,0.371,0.929,147.321,138.499,-0.525,0.851,147.321,138.499,-0.525,0.851,140.000,279.000,0.000,0.000,-1.000,0.000,0,0
4.103,216.347,108.580,-1.000,-0.017,0,128.468,145.902,95.476,2,464.147,748.555,0,0,666.651,0.000,81.232,216.347,108.580,-1.000,0.000,73.274,-10.675,0.339,0.941,73.274,-10.675,0.339,0.941,143.546,144.617,-0.525,0.851,143.546,144.617,-0.525,0.851,140.000,279.000,0.000,0.000,-1.000,0.000,0,0
4.203,201.959,108.580,-1.000,-0.005,0,124.693,152.020,88.640,2,478.500,734.249,0,0,664.022,0.000,75.128,201.959,108.580,-1.000,0.000,75.572,-3.863,0.307,0.952,75.572,-3.863,0.307,0.952,139.772,150.735,-0.525,0.851,139.772,150.735,-0.525,0.851,140.000,279.000,0.000,0.000,-1.000,0.000,0,0
4.305,187.570,108.580,-1.000,-0.001,0,120.918,158.138,83.057,2,492.855,719.946,0,0,661.462,0.000,70.640,187.570,108.580,-1.000,0.000,77.641,3.021,0.275,0.961,77.641,3.021,0.275,0.961,135.997,156.853,-0.525,0.851,135.997,156.853,-0.525,0.851,140.000,279.000,0.000,0.000,-1.000,0.000,0,0
4.403,173.181,108.580,-1.000,0.000,0,117.144,164.255,78.993,2,507.212,705.647,0,0,658.970,0.000,68.088,173.181,108.580,-1.000,0.000,79.482,9.969,0.243,0.970,79.482,9.969,0.243,0.970,132.222,162.971,-0.525,0.851,132.222,162.971,-0.525,0.851,140.000,279.000,0.000,0.000,-1.000,0.000,0,0
4.501,161.321,114.685,-0.936,0.351,0,113.369,170.373,73.489,2,518.738,694.573,0,0,656.548,0.000,63.565,161.321,114.685,-0.707,0.707,81.096,16.974,0.212,0.977,81.096,16.974,0.212,0.977,128.448,169.089,-0.525,0.851,128.448,169.089,-0.525,0.851,140.000,279.000,0.000,0.000,-1.000,1.000,0,0
4.602,151.147,124.859,-0.788,0.616,0,109.594,176.491,66.276,2,528.549,685.797,0,0,654.195,0.000,56.884,151.147,124.859,-0.707,0.707,82.488,24.027,0.181,0.983,82.488,24.027,0.181,0.983,124.673,175.207,-0.525,0.851,124.673,175.207,-0.525,0.851,140.000,279.000,0.000,0.000,-1.000,1.000,0,0
4.702,140.973,135.034,-0.732,0.682,0,105.820,182.609,59.154,2,538.565,677.212,0,0,651.913,0.000,50.456,140.973,135.034,-0.707,0.707,83.658,31.119,0.151,0.989,83.658,31.119,0.151,0.989,120.898,181.325,-0.525,0.851,120.898,181.325,-0.525,0.851,140.000,279.000,0.000,0.000,-1.000,1.000,0,0
4.802,130.798,145.208,-0.714,0.700,0,102.045,188.727,52.160,2,548.776,668.827,0,0,649.703,0.000,44.393,130.798,145.208,-0.707,0.707,84.613,38.244,0.121,0.993,84.613,38.244,0.121,0.993,117.124,187.443,-0.525,0.851,117.124,187.443,-0.525,0.851,140.000,279.000,0.000,0.000,-1.000,1.000,0,0
4.903,120.624,155.382,-0.709,0.705,0,98.270,194.845,45.354,2,559.171,660.649,0,0,647.565,0.000,38.865,120.624,155.382,-0.707,0.707,85.357,45.394,0.092,0.996,85.357,45.394,0.092,0.996,113.349,193.561,-0.525,0.851,113.349,193.561,-0.525,0.851,140.000,279.000,0.000,0.000,-1.000,1.000,0,0
5.000,110.450,165.557,-0.708,0.706,0,94.496,200.963,38.835,2,569.740,652.685,0,0,645.500,0.000,34.133,110.450,165.557,-0.707,0.707,85.894,52.562,0.063,0.998,85.894,52.562,0.063,0.998,109.574,199.679,-0.525,0.851,109.574,199.679,-0.525,0.851,140.000,279.000,0.000,0.000,-1.000,1.000,0,0
5.102,100.275,175.731,-0.707,0.707,1,89.572,186.429,15.133,1,580.473,644.945,0,0,637.050,0.000,30.569,100.275,175.731,-0.707,0.707,86.267,59.741,0.043,0.999,86.267,59.741,0.043,0.999,105.800,205.796,-0.525,0.851,105.800,205.796,-0.525,0.851,140.000,279.000,0.000,0.000,-1.000,1.000,0,0
5.204,90.101,185.905,-0.707,0.707,1,79.400,196.605,15.133,1,591.361,637.435,0,0,629.794,0.000,28.612,90.101,185.905,-0.707,0.707,86.224,66.928,-0.037,0.999,86.224,66.928,-0.037,0.999,102.025,211.914,-0.525,0.851,102.025,211.914,-0.525,0.851,140.000,279.000,0.000,0.000,-1.000,1.000,0,0
5.302,79.927,196.080,-0.707,0.707,1,69.226,206.780,15.133,1,602.396,630.164,0,0,622.784,0.000,28.595,79.927,196.080,-0.707,0.707,85.639,74.091,-0.109,0.994,85.639,74.091,-0.109,0.994,98.250,218.032,-0.525,0.851,98.250,218.032,-0.525,0.851,140.000,279.000,0.000,0.000,-1.000,1.000,0,0
5.404,66.381,198.115,-0.963,0.271,1,51.813,202.210,15.133,1,616.071,617.655,0,0,604.796,0.000,38.304,66.381,198.115,-1.000,0.000,15.127,96.931,0.351,0.936,15.127,96.931,0.351,0.936,94.476,224.150,-0.525,0.851,94.476,224.150,-0.525,0.851,21.457,287.409,0.415,-0.910,-1.000,0.000,0,0
5.503,54.521,192.010,-0.959,-0.283,1,40.008,187.721,15.133,1,627.316,604.595,0,0,589.469,0.000,52.657,54.521,192.010,-0.707,-0.707,17.220,103.806,0.266,0.964,17.220,103.806,0.266,0.964,90.701,230.268,-0.525,0.851,90.701,230.268,-0.525,0.851,24.444,280.870,0.415,-0.910,-1.000,-1.000,0,0
5.602,48.416,180.150,-0.617,-0.787,1,39.075,168.244,15.133,1,632.493,595.633,0,0,583.682,0.000,68.158,48.416,180.150,0.000,-1.000,19.059,110.755,0.276,0.961,19.059,110.755,0.276,0.961,86.927,236.386,-0.525,0.851,86.927,236.386,-0.525,0.851,27.430,274.331,0.415,-0.910,0.000,-1.000,0,0
5.701,56.556,169.133,0.242,-0.970,1,60.213,154.448,15.133,1,623.726,600.884,0,0,601.254,0.000,78.043,56.556,169.133,0.707,-0.707,22.515,116.979,0.655,0.756,22.515,116.979,0.655,0.756,83.152,242.504,-0.525,0.851,83.152,242.504,-0.525,0.851,30.417,267.792,0.415,-0.910,1.000,0.000,0,0
5.804,70.944,169.133,0.933,-0.359,1,85.068,163.697,15.133,1,609.360,614.891,0,0,627.483,0.000,79.935,70.944,169.133,1.000,0.000,75.474,108.045,0.111,0.994,75.474,108.045,0.111,0.994,79.377,248.622,-0.525,0.851,79.377,248.622,-0.525,0.851,33.404,261.253,0.415,-0.910,1.000,0.000,0,0
5.901,85.333,169.133,0.994,-0.111,1,100.373,167.453,15.133,1,594.996,628.915,0,0,643.232,0.000,86.158,85.333,169.133,1.000,0.000,77.396,114.953,0.359,0.933,77.396,114.953,0.359,0.933,75.603,254.740,-0.525,0.851,75.603,254.740,-0.525,0.851,36.390,254.715,0.415,-0.910,1.000,0.000,0,0
6.003,99.722,169.133,1.000,-0.031,1,114.848,168.661,15.133,1,580.633,642.955,0,0,657.631,0.000,95.872,99.722,169.133,1.000,0.000,80.826,121.256,0.550,0.835,80.826,121.256,0.550,0.835,71.828,260.858,-0.525,0.851,71.828,260.858,-0.525,0.851,39.377,248.176,0.415,-0.910,1.000,0.000,0,0
6.101,114.111,169.133,1.000,-0.009,1,129.243,168.992,15.133,1,566.271,657.010,0,0,671.778,0.000,102.002,114.111,169.133,1.000,0.000,85.438,126.758,0.696,0.718,85.438,126.758,0.696,0.718,42.364,241.637,0.415,-0.910,42.364,241.637,0.415,-0.910,68.054,266.975,-0.525,0.851,1.000,0.000,0,0
6.200,128.499,169.133,1.000,-0.003,1,143.632,169.092,15.133,1,551.910,671.079,0,0,685.883,0.000,106.137,128.499,169.133,1.000,0.000,90.905,131.416,0.798,0.603,90.905,131.416,0.798,0.603,45.351,235.098,0.415,-0.910,45.351,235.098,0.415,-0.910,140.000,279.000,0.000,0.000,1.000,0.000,0,0
6.302,142.888,169.133,1.000,-0.001,1,158.021,169.121,15.133,1,537.551,685.162,0,0,699.984,0.000,109.905,142.888,169.133,1.000,0.000,96.945,135.307,0.865,0.502,96.945,135.307,0.865,0.502,140.000,279.000,0.000,0.000,140.000,279.000,0.000,0.000,48.337,228.559,0.415,-0.910,1.000,0.000,0,0
6.402,157.277,169.133,1.000,0.000,1,172.410,169.129,15.133,1,523.194,699.257,0,0,714.093,0.000,111.218,157.277,169.133,1.000,0.000,103.358,138.550,0.908,0.419,103.358,138.550,0.908,0.419,140.000,279.000,0.000,0.000,140.000,279.000,0.000,0.000,51.324,222.020,0.415,-0.910,1.000,0.000,0,0
6.503,171.665,169.133,1.000,0.000,1,186.798,169.132,15.133,1,508.838,713.364,0,0,728.212,0.000,114.340,171.665,169.133,1.000,0.000,110.011,141.269,0.936,0.353,110.011,141.269,0.936,0.353,140.000,279.000,0.000,0.000,140.000,279.000,0.000,0.000,54.311,215.482,0.415,-0.910,1.000,0.000,0,0
6.604,186.054,169.133,1.000,0.000,1,201.187,169.132,15.133,1,494.485,727.481,0,0,742.341,0.000,119.129,186.054,169.133,1.000,0.000,116.821,143.568,0.954,0.299,116.821,143.568,0.954,0.299,140.000,279.000,0.000,0.000,140.000,279.000,0.000,0.000,57.297,208.943,0.415,-0.910,1.000,0.000,0,0
6.705,200.443,169.133,1.000,0.000,1,215.576,169.133,15.133,1,480.133,741.609,0,0,756.479,0.000,125.396,200.443,169.133,1.000,0.000,123.736,145.529,0.967,0.256,123.736,145.529,0.967,0.256,140.000,279.000,0.000,0.000,140.000,279.000,0.000,0.000,60.284,202.404,0.415,-0.910,1.000,0.000,0,0
6.800,214.831,169.133,1.000,0.000,1,229.964,169.133,15.133,1,465.784,755.748,0,0,770.627,0.000,132.931,214.831,169.133,1.000,0.000,130.723,147.219,0.975,0.222,130.723,147.219,0.975,0.222,140.000,279.000,0.000,0.000,140.000,279.000,0.000,0.000,63.271,195.865,0.415,-0.910,1.000,0.000,0,0
6.902,229.220,169.133,1.000,0.000,1,244.353,169.133,15.133,1,451.437,769.895,0,0,784.784,0.000,141.531,229.220,169.133,1.000,0.000,137.760,148.688,0.981,0.193,137.760,148.688,0.981,0.193,140.000,279.000,0.000,0.000,140.000,279.000,0.000,0.000,66.258,189.326,0.415,-0.910,1.000,0.000,0,0
7.002,243.609,169.133,1.000,0.000,1,258.742,169.133,15.133,1,437.093,784.051,0,0,798.948,0.000,151.015,243.609,169.133,1.000,0.000,144.832,149.975,0.985,0.170,144.832,149.975,0.985,0.170,140.000,279.000,0.000,0.000,140.000,279.000,0.000,0.000,69.244,182.787,0.415,-0.910,1.000,0.000,0,0
7.103,257.154,167.098,0.988,-0.157,1,272.099,164.718,15.133,1,423.447,797.035,0,0,811.366,0.000,162.010,257.154,167.098,0.707,-0.707,151.931,151.111,0.989,0.151,151.931,151.111,0.989,0.151,140.000,279.000,0.000,0.000,140.000,279.000,0.000,0.000,72.231,176.248,0.415,-0.910,1.000,-1.000,0,0
7.203,267.329,156.923,0.822,-0.570,1,279.765,148.301,15.133,1,412.711,805.405,0,0,816.404,0.000,176.395,267.329,156.923,0.707,-0.707,144.788,151.920,-0.994,0.112,144.788,151.920,-0.994,0.112,140.000,279.000,0.000,0.000,140.000,279.000,0.000,0.000,75.218,169.710,0.415,-0.910,1.000,-1.000,0,0
7.303,280.875,154.889,0.963,-0.268,1,295.455,150.835,15.133,1,399.098,818.474,0,0,832.292,0.000,187.748,280.875,154.889,1.000,0.000,137.644,152.728,-0.994,0.112,137.644,152.728,-0.994,0.112,140.000,279.000,0.000,0.000,140.000,279.000,0.000,0.000,427.000,279.000,0.000,0.000,1.000,0.000,0,0
7.403,295.263,154.889,0.997,-0.078,1,310.350,153.702,15.133,1,384.735,832.697,0,0,847.443,0.000,180.992,295.263,154.889,1.000,0.000,130.501,153.537,-0.994,0.112,130.501,153.537,-0.994,0.112,427.000,279.000,0.000,0.000,427.000,279.000,0.000,0.000,140.000,279.000,0.000,0.000,1.000,0.000,0,0
7.501,309.652,154.889,1.000,-0.023,1,324.781,154.544,15.133,1,370.373,846.925,0,0,861.842,0.000,170.805,309.652,154.889,1.000,0.000,123.358,154.346,-0.994,0.112,123.358,154.346,-0.994,0.112,427.000,279.000,0.000,0.000,427.000,279.000,0.000,0.000,140.000,279.000,0.000,0.000,1.000,0.000,0,0
7.604,323.198,152.854,0.986,-0.164,1,338.127,150.375,15.133,1,356.764,860.034,0,0,874.470,0.000,163.364,323.198,152.854,0.707,-0.707,116.215,155.154,-0.994,0.112,116.215,155.154,-0.994,0.112,427.000,279.000,0.000,0.000,427.000,279.000,0.000,0.000,140.000,279.000,0.000,0.000,1.000,-1.000,0,0
7.701,333.372,142.679,0.824,-0.566,1,345.847,134.113,15.133,1,346.319,868.737,0,0,880.062,0.000,165.377,333.372,142.679,0.707,-0.707,109.072,155.963,-0.994,0.112,109.072,155.963,-0.994,0.112,427.000,279.000,0.000,0.000,427.000,279.000,0.000,0.000,140.000,279.000,0.000,0.000,1.000,-1.000,0,0
7.804,346.918,140.645,0.967,-0.256,1,361.549,136.777,15.133,1,332.766,881.915,0,0,895.966,0.000,159.860,346.918,140.645,1.000,0.000,101.929,156.772,-0.994,0.112,101.929,156.772,-0.994,0.112,427.000,279.000,0.000,0.000,427.000,279.000,0.000,0.000,140.000,279.000,0.000,0.000,1.000,0.000,0,0
7.901,357.093,130.470,0.819,-0.573,1,369.490,121.792,15.133,1,322.677,890.815,0,0,902.218,0.000,164.159,357.093,130.470,0.707,-0.707,94.786,157.580,-0.994,0.112,94.786,157.580,-0.994,0.112,427.000,279.000,0.000,0.000,427.000,279.000,0.000,0.000,424.800,-106.500,0.000,0.000,1.000,-1.000,0,0
8.002,371.481,130.470,0.982,-0.187,1,386.346,127.634,15.133,1,308.311,905.113,0,0,919.584,0.000,158.567,371.481,130.470,1.000,0.000,91.168,89.481,-0.388,-0.922,91.168,89.481,-0.388,-0.922,427.000,279.000,0.000,0.000,427.000,279.000,0.000,0.000,424.800,-106.500,0.000,0.000,1.000,0.000,0,0
8.103,381.656,120.296,0.838,-0.546,1,394.333,112.031,15.133,1,298.580,914.173,0,0,926.028,0.000,165.055,381.656,120.296,0.707,-0.707,88.380,82.855,-0.388,-0.922,88.380,82.855,-0.388,-0.922,427.000,279.000,0.000,0.000,427.000,279.000,0.000,0.000,424.800,-106.500,0.000,0.000,1.000,-1.000,0,0
8.202,391.830,110.122,0.748,-0.663,1,403.154,100.082,15.133,1,289.238,923.370,0,0,933.853,0.000,172.502,391.830,110.122,0.707,-0.707,85.592,76.229,-0.388,-0.922,85.592,76.229,-0.388,-0.922,427.000,279.000,0.000,0.000,427.000,279.000,0.000,0.000,424.800,-106.500,0.000,0.000,1.000,-1.000,0,0
8.306,402.005,99.947,0.719,-0.695,1,412.881,89.425,15.133,1,280.323,932.697,0,0,942.831,0.000,180.789,402.005,99.947,0.707,-0.707,82.805,69.603,-0.388,-0.922,82.805,69.603,-0.388,-0.922,427.000,279.000,0.000,0.000,427.000,279.000,0.000,0.000,424.800,-106.500,0.000,0.000,1.000,-1.000,0,0
8.402,415.550,97.912,0.956,-0.292,1,430.024,93.494,15.133,1,267.228,946.058,0,0,960.196,0.000,181.449,415.550,97.912,1.000,0.000,80.017,62.977,-0.388,-0.922,80.017,62.977,-0.388,-0.922,427.000,279.000,0.000,0.000,427.000,279.000,0.000,0.000,424.800,-106.500,0.000,0.000,1.000,0.000,0,0
8.504,429.939,97.912,0.997,-0.083,1,445.021,96.663,15.133,1,253.037,960.409,0,0,975.368,0.000,181.112,429.939,97.912,1.000,0.000,77.229,56.351,-0.388,-0.922,77.229,56.351,-0.388,-0.922,427.000,279.000,0.000,0.000,427.000,279.000,0.000,0.000,615.190,33.272,-0.103,-0.995,1.000,0.000,0,0
8.602,444.328,97.912,1.000,-0.025,0,460.554,97.317,16.237,0,238.870,974.762,0,0,990.908,0.000,181.862,444.328,97.912,1.000,0.000,74.441,49.725,-0.388,-0.922,74.441,49.725,-0.388,-0.922,614.860,34.725,-0.008,1.000,427.000,279.000,0.000,0.000,427.000,279.000,0.000,0.000,1.000,0.000,0,0
8.704,452.961,97.912,1.000,-0.011,0,480.148,96.706,27.214,0,230.383,983.373,0,0,1010.415,0.000,171.253,452.961,97.912,0.000,0.000,71.653,43.099,-0.388,-0.922,71.653,43.099,-0.388,-0.922,614.800,41.913,-0.008,1.000,427.000,279.000,0.000,0.000,427.000,279.000,0.000,0.000,0.000,0.000,0,0
8.804,452.961,97.912,1.000,-0.011,0,499.257,96.111,46.332,0,230.383,983.373,0,0,1029.441,0.000,168.982,452.961,97.912,0.000,0.000,68.865,36.473,-0.388,-0.922,68.865,36.473,-0.388,-0.922,614.741,49.102,-0.008,1.000,427.000,279.000,0.000,0.000,427.000,279.000,0.000,0.000,0.000,0.000,0,0
8.903,452.961,97.912,1.000,-0.011,0,517.893,95.530,64.978,0,230.383,983.373,0,0,1047.999,0.000,166.990,452.961,97.912,0.000,0.000,66.077,29.847,-0.388,-0.922,66.077,29.847,-0.388,-0.922,614.681,56.290,-0.008,1.000,427.000,279.000,0.000,0.000,427.000,279.000,0.000,0.000,0.000,0.000,0,0
9.000,452.961,97.912,1.000,-0.011,0,536.068,94.963,83.164,0,230.383,983.373,0,0,1066.098,0.000,165.287,452.961,97.912,0.000,0.000,63.289,23.221,-0.388,-0.922,63.289,23.221,-0.388,-0.922,614.622,63.479,-0.008,1.000,427.000,279.000,0.000,0.000,427.000,279.000,0.000,0.000,0.000,0.000,0,0
9.105,452.961,97.912,1.000,-0.011,0,553.793,94.411,100.901,0,230.383,983.373,0,0,1083.751,0.000,163.882,452.961,97.912,0.000,0.000,57.775,163.487,0.999,-0.043,57.775,163.487,0.999,-0.043,614.562,70.667,-0.008,1.000,427.000,279.000,0.000,0.000,427.000,279.000,0.000,0.000,0.000,0.000,0,0
9.203,452.961,97.912,1.000,-0.011,0,571.079,93.872,118.201,0,230.383,983.373,0,0,1100.969,0.000,162.782,452.961,97.912,0.000,0.000,64.957,163.179,0.999,-0.043,64.957,163.179,0.999,-0.043,614.502,77.856,-0.008,1.000,427.000,279.000,0.000,0.000,427.000,279.000,0.000,0.000,0.000,0.000,0,0
9.300,452.961,97.912,1.000,-0.011,0,587.937,93.347,135.076,0,230.383,983.373,0,0,1117.762,0.000,161.994,452.961,97.912,0.000,0.000,72.139,162.871,0.999,-0.043,72.139,162.871,0.999,-0.043,614.443,85.044,-0.008,1.000,427.000,279.000,0.000,0.000,427.000,279.000,0.000,0.000,0.000,0.000,0,0
9.401,452.961,97.912,1.000,-0.011,0,599.657,95.716,146.712,2,230.383,983.373,0,0,1129.627,0.000,161.522,452.961,97.912,0.000,0.000,79.321,162.562,0.999,-0.043,79.321,162.562,0.999,-0.043,614.383,92.233,-0.008,1.000,427.000,279.000,0.000,0.000,427.000,279.000,0.000,0.000,0.000,0.000,0,0
9.505,452.961,97.912,1.000,-0.011,0,599.597,102.904,146.721,2,230.383,983.373,0,0,1130.004,0.000,161.370,452.961,97.912,0.000,0.000,86.503,162.254,0.999,-0.043,86.503,162.254,0.999,-0.043,614.324,99.421,-0.008,1.000,427.000,279.000,0.000,0.000,427.000,279.000,0.000,0.000,0.000,0.000,0,0
9.603,452.961,97.912,1.000,-0.011,0,599.538,110.093,147.082,2,230.383,983.373,0,0,1130.425,0.000,161.538,452.961,97.912,0.000,0.000,93.685,161.946,0.999,-0.043,93.685,161.946,0.999,-0.043,614.265,106.610,-0.008,1.000,427.000,279.000,0.000,0.000,427.000,279.000,0.000,0.000,0.000,0.000,0,0
9.701,452.961,97.912,1.000,-0.011,0,599.479,117.281,147.792,2,230.383,983.373,0,0,1130.892,0.000,162.025,452.961,97.912,0.000,0.000,100.867,161.638,0.999,-0.043,100.867,161.638,0.999,-0.043,614.205,113.798,-0.008,1.000,427.000,279.000,0.000,0.000,427.000,279.000,0.000,0.000,0.000,0.000,0,0
9.803,444.328,97.912,0.744,-0.668,0,599.419,124.470,157.349,2,238.870,974.762,0,0,1131.405,0.000,171.379,444.328,97.912,-1.000,0.000,108.049,161.330,0.999,-0.043,108.049,161.330,0.999,-0.043,614.146,120.987,-0.008,1.000,427.000,279.000,0.000,0.000,427.000,279.000,0.000,0.000,-1.000,0.000,0,0
9.901,429.939,97.912,-0.389,-0.921,0,599.360,131.658,172.749,2,253.037,960.409,0,0,1131.963,0.000,181.112,429.939,97.912,-1.000,0.000,115.232,161.021,0.999,-0.043,115.232,161.021,0.999,-0.043,427.000,279.000,0.000,0.000,427.000,279.000,0.000,0.000,614.087,128.175,-0.008,1.000,-1.000,0.000,0,0
10.000,421.306,97.912,-0.910,-0.416,0,599.300,138.847,182.641,2,261.549,951.798,0,0,1132.566,0.000,181.177,421.306,97.912,0.000,0.000,122.414,160.713,0.999,-0.043,122.414,160.713,0.999,-0.043,427.000,279.000,0.000,0.000,427.000,279.000,0.000,0.000,614.027,135.363,-0.008,1.000,0.000,0.000,0,0
10.105,432.817,97.912,-0.304,-0.953,0,599.241,146.035,173.242,2,250.202,963.280,0,0,1133.215,0.000,181.181,432.817,97.912,1.000,0.000,129.596,160.405,0.999,-0.043,129.596,160.405,0.999,-0.043,427.000,279.000,0.000,0.000,427.000,279.000,0.000,0.000,613.968,142.552,-0.008,1.000,1.000,0.000,0,0
10.202,432.817,97.912,0.175,-0.985,0,599.182,153.224,175.319,2,250.202,963.280,0,0,1133.909,0.000,181.181,432.817,97.912,-1.000,0.000,136.778,160.097,0.999,-0.043,136.778,160.097,0.999,-0.043,427.000,279.000,0.000,0.000,427.000,279.000,0.000,0.000,613.909,149.740,-0.008,1.000,-1.000,0.000,0,0
10.301,418.428,97.912,-0.705,-0.709,0,599.122,160.412,191.198,2,264.388,948.928,0,0,1134.648,0.000,181.291,418.428,97.912,-1.000,0.000,143.960,159.789,0.999,-0.043,143.960,159.789,0.999,-0.043,427.000,279.000,0.000,0.000,427.000,279.000,0.000,0.000,613.849,156.929,-0.008,1.000,0.000,0.000,0,0
10.401,432.817,97.912,0.384,-0.923,0,599.063,167.600,180.262,2,250.202,963.280,0,0,1135.432,0.000,181.181,432.817,97.912,1.000,0.000,151.148,159.844,1.000,0.014,151.148,159.844,1.000,0.014,427.000,279.000,0.000,0.000,427.000,279.000,0.000,0.000,613.790,164.117,-0.008,1.000,1.000,0.000,0,0
10.504,427.061,97.912,0.248,-0.969,0,599.004,174.789,188.346,2,255.873,957.539,0,0,1136.261,0.000,181.088,427.061,97.912,-1.000,0.000,158.335,160.015,1.000,0.030,158.335,160.015,1.000,0.030,427.000,279.000,0.000,0.000,427.000,279.000,0.000,0.000,613.731,171.305,-0.008,1.000,-1.000,0.000,0,0
10.602,412.673,97.912,-0.831,-0.556,0,598.944,181.977,204.363,2,270.069,943.188,0,0,1137.135,0.000,181.654,412.673,97.912,-1.000,0.000,165.518,160.303,0.999,0.047,165.518,160.303,0.999,0.047,427.000,279.000,0.000,0.000,427.000,279.000,0.000,0.000,424.800,-106.500,0.000,0.000,-1.000,0.000,0,0
10.703,412.673,97.912,-0.866,-0.500,0,598.885,189.166,207.370,2,270.069,943.188,0,0,1138.053,0.000,181.654,412.673,97.912,0.000,0.000,172.695,160.710,0.998,0.063,172.695,160.710,0.998,0.063,427.000,279.000,0.000,0.000,427.000,279.000,0.000,0.000,424.800,-106.500,0.000,0.000,0.000,0.000,0,0
10.800,412.673,97.912,-0.866,-0.500,0,598.826,196.354,210.579,2,270.069,943.188,0,0,1139.017,0.000,181.654,412.673,97.912,0.000,0.000,179.864,161.237,0.997,0.080,179.864,161.237,0.997,0.080,427.000,279.000,0.000,0.000,427.000,279.000,0.000,0.000,424.800,-106.500,0.000,0.000,0.000,0.000,0,0
10.903,412.673,97.912,-0.866,-0.500,0,598.750,194.916,209.844,2,270.069,943.188,0,0,1138.734,0.000,181.654,412.673,97.912,0.000,0.000,187.026,161.857,0.997,0.083,187.026,161.857,0.997,0.083,427.000,279.000,0.000,0.000,427.000,279.000,0.000,0.000,424.800,-106.500,0.000,0.000,0.000,0.000,0,0
11.002,412.673,97.912,-0.866,-0.500,0,598.663,187.728,206.541,2,270.069,943.188,0,0,1137.634,0.000,181.654,412.673,97.912,0.000,0.000,194.195,162.383,0.998,0.066,194.195,162.383,0.998,0.066,427.000,279.000,0.000,0.000,427.000,279.000,0.000,0.000,424.800,-106.500,0.000,0.000,0.000,0.000,0,0
11.100,412.673,97.912,-0.866,-0.500,0,598.576,180.540,203.439,2,270.069,943.188,0,0,1136.579,0.000,181.654,412.673,97.912,0.000,0.000,201.373,162.781,0.999,0.048,201.373,162.781,0.999,0.048,427.000,279.000,0.000,0.000,427.000,279.000,0.000,0.000,424.800,-106.500,0.000,0.000,0.000,0.000,0,0
11.203,412.673,97.912,-0.866,-0.500,0,598.489,173.352,200.546,2,270.069,943.188,0,0,1135.569,0.000,181.654,412.673,97.912,0.000,0.000,208.556,163.050,1.000,0.030,208.556,163.050,1.000,0.030,427.000,279.000,0.000,0.000,427.000,279.000,0.000,0.000,424.800,-106.500,0.000,0.000,0.000,0.000,0,0
11.300,412.673,97.912,-0.866,-0.500,0,598.402,166.164,197.873,2,270.069,943.188,0,0,1134.603,0.000,181.654,412.673,97.912,0.000,0.000,215.744,163.186,1.000,0.012,215.744,163.186,1.000,0.012,427.000,279.000,0.000,0.000,427.000,279.000,0.000,0.000,424.800,-106.500,0.000,0.000,0.000,0.000,0,0
11.403,412.673,97.912,-0.866,-0.500,0,598.315,158.976,195.427,2,270.069,943.188,0,0,1133.682,0.000,181.654,412.673,97.912,0.000,0.000,222.932,163.188,1.000,-0.007,222.932,163.188,1.000,-0.007,427.000,279.000,0.000,0.000,427.000,279.000,0.000,0.000,424.800,-106.500,0.000,0.000,0.000,0.000,0,0
11.503,412.673,97.912,-0.866,-0.500,0,598.228,151.787,193.218,2,270.069,943.188,0,0,1132.807,0.000,181.654,412.673,97.912,0.000,0.000,230.120,163.052,1.000,-0.027,230.120,163.052,1.000,-0.027,427.000,279.000,0.000,0.000,427.000,279.000,0.000,0.000,424.800,-106.500,0.000,0.000,0.000,0.000,0,0
11.601,412.673,97.912,-0.866,-0.500,0,598.141,144.599,191.254,2,270.069,943.188,0,0,1131.976,0.000,181.654,412.673,97.912,0.000,0.000,237.303,162.775,0.999,-0.046,237.303,162.775,0.999,-0.046,427.000,279.000,0.000,0.000,427.000,279.000,0.000,0.000,424.800,-106.500,0.000,0.000,0.000,0.000,0,0
11.702,412.673,97.912,-0.866,-0.500,0,598.054,137.411,189.542,2,270.069,943.188,0,0,1131.189,0.000,181.654,412.673,97.912,0.000,0.000,244.479,162.356,0.998,-0.066,244.479,162.356,0.998,-0.066,427.000,279.000,0.000,0.000,427.000,279.000,0.000,0.000,612.781,133.928,-0.012,-1.000,0.000,0.000,0,0
11.801,412.673,97.912,-0.866,-0.500,0,597.967,130.223,188.090,2,270.069,943.188,0,0,1130.449,0.000,181.654,412.673,97.912,0.000,0.000,251.646,161.792,0.996,-0.087,251.646,161.792,0.996,-0.087,427.000,279.000,0.000,0.000,427.000,279.000,0.000,0.000,612.694,126.739,-0.012,-1.000,0.000,0.000,0,0
11.903,412.673,97.912,-0.866,-0.500,0,597.880,123.035,186.903,2,270.069,943.188,0,0,1129.753,0.000,181.654,412.673,97.912,0.000,0.000,258.799,161.080,0.994,-0.107,258.799,161.080,0.994,-0.107,427.000,279.000,0.000,0.000,427.000,279.000,0.000,0.000,612.607,119.551,-0.012,-1.000,0.000,0.000,0,0
12.001,412.673,97.912,-0.866,-0.500,0,597.793,115.846,185.987,2,270.069,943.188,0,0,1129.103,0.000,181.654,412.673,97.912,0.000,0.000,265.936,160.218,0.992,-0.128,265.936,160.218,0.992,-0.128,427.000,279.000,0.000,0.000,427.000,279.000,0.000,0.000,612.519,112.363,-0.012,-1.000,0.000,0.000,0,0
12.103,412.673,97.912,-0.866,-0.500,0,597.705,108.658,185.345,2,270.069,943.188,0,0,1128.498,0.000,181.654,412.673,97.912,0.000,0.000,273.052,159.204,0.989,-0.150,273.052,159.204,0.989,-0.150,427.000,279.000,0.000,0.000,427.000,279.000,0.000,0.000,612.432,105.175,-0.012,-1.000,0.000,0.000,0,0
12.202,412.673,97.912,-0.866,-0.500,0,597.618,101.470,184.980,2,270.069,943.188,0,0,1127.938,0.000,181.654,412.673,97.912,0.000,0.000,280.145,158.036,0.985,-0.171,280.145,158.036,0.985,-0.171,427.000,279.000,0.000,0.000,427.000,279.000,0.000,0.000,612.345,97.987,-0.012,-1.000,0.000,0.000,0,0
12.300,412.673,97.912,-0.866,-0.500,0,597.531,94.282,184.894,2,270.069,943.188,0,0,1127.424,0.000,181.654,412.673,97.912,0.000,0.000,287.211,156.713,0.981,-0.193,287.211,156.713,0.981,-0.193,427.000,279.000,0.000,0.000,427.000,279.000,0.000,0.000,612.258,90.798,-0.012,-1.000,0.000,0.000,0,0
12.404,412.673,97.912,-0.866,-0.500,0,597.444,87.094,185.088,2,270.069,943.188,0,0,1126.956,0.000,181.654,412.673,97.912,0.000,0.000,294.245,155.232,0.977,-0.215,294.245,155.232,0.977,-0.215,427.000,279.000,0.000,0.000,427.000,279.000,0.000,0.000,612.171,83.610,-0.012,-1.000,0.000,0.000,0,0
12.504,412.673,97.912,-0.866,-0.500,0,597.357,79.905,185.560,2,270.069,943.188,0,0,1126.533,0.000,181.654,412.673,97.912,0.000,0.000,301.244,153.592,0.972,-0.237,301.244,153.592,0.972,-0.237,427.000,279.000,0.000,0.000,427.000,279.000,0.000,0.000,612.084,76.422,-0.012,-1.000,0.000,0.000,0,0
12.601,412.673,97.912,-0.866,-0.500,0,597.270,72.717,186.309,2,270.069,943.188,0,0,1126.157,0.000,181.654,412.673,97.912,0.000,0.000,308.204,151.791,0.966,-0.259,308.204,151.791,0.966,-0.259,427.000,279.000,0.000,0.000,427.000,279.000,0.000,0.000,611.997,69.234,-0.012,-1.000,0.000,0.000,0,0
12.703,412.673,97.912,-0.866,-0.500,0,597.252,71.280,186.491,0,270.069,943.188,0,0,1126.086,0.000,181.654,412.673,97.912,0.000,0.000,315.286,150.872,0.999,-0.036,315.286,150.872,0.999,-0.036,427.000,279.000,0.000,0.000,427.000,279.000,0.000,0.000,611.910,62.046,-0.012,-1.000,0.000,0.000,0,0
12.802,412.673,97.912,-0.866,-0.500,0,597.252,71.280,186.491,0,270.069,943.188,0,0,1126.084,0.000,181.654,412.673,97.912,0.000,0.000,322.470,150.614,0.999,-0.036,322.470,150.614,0.999,-0.036,427.000,279.000,0.000,0.000,427.000,279.000,0.000,0.000,611.822,54.858,-0.012,-1.000,0.000,0.000,0,0
12.900,412.673,97.912,-0.866,-0.500,0,597.252,71.280,186.492,0,270.069,943.188,0,0,1126.081,0.000,181.654,412.673,97.912,0.000,0.000,329.654,150.357,0.999,-0.036,329.654,150.357,0.999,-0.036,427.000,279.000,0.000,0.000,427.000,279.000,0.000,0.000,424.800,-106.500,0.000,0.000,0.000,0.000,0,0
13.003,412.673,97.912,-0.866,-0.500,0,597.252,71.280,186.493,0,270.069,943.188,0,0,1126.077,0.000,181.654,412.673,97.912,0.000,0.000,336.838,150.100,0.999,-0.036,336.838,150.100,0.999,-0.036,427.000,279.000,0.000,0.000,427.000,279.000,0.000,0.000,424.800,-106.500,0.000,0.000,0.000,0.000,0,0
13.104,412.673,97.912,-0.866,-0.500,0,597.252,71.280,186.495,0,270.069,943.188,0,0,1126.071,0.000,181.654,412.673,97.912,0.000,0.000,344.023,149.842,0.999,-0.036,344.023,149.842,0.999,-0.036,427.000,279.000,0.000,0.000,427.000,279.000,0.000,0.000,424.800,-106.500,0.000,0.000,0.000,0.000,0,0
13.205,421.306,97.912,-0.318,-0.948,0,597.252,71.280,177.958,0,261.549,951.798,0,0,1126.065,0.000,181.177,421.306,97.912,1.000,0.000,351.207,149.585,0.999,-0.036,351.207,149.585,0.999,-0.036,427.000,279.000,0.000,0.000,427.000,279.000,0.000,0.000,611.474,26.105,-0.012,-1.000,1.000,0.000,0,0
13.303,435.695,97.912,0.789,-0.615,0,597.252,71.280,163.753,0,247.367,966.150,0,0,1126.058,0.000,181.296,435.695,97.912,1.000,0.000,358.391,149.327,0.999,-0.036,358.391,149.327,0.999,-0.036,427.000,279.000,0.000,0.000,427.000,279.000,0.000,0.000,611.387,18.917,-0.012,-1.000,1.000,0.000,0,0
13.403,450.083,97.912,0.994,-0.113,0,597.252,71.280,149.587,0,233.211,980.503,0,0,1126.050,0.000,182.553,450.083,97.912,1.000,0.000,365.575,149.070,0.999,-0.036,365.575,149.070,0.999,-0.036,427.000,279.000,0.000,0.000,427.000,279.000,0.000,0.000,611.300,11.729,-0.012,-1.000,1.000,0.000,0,0
13.503,464.472,97.912,0.999,-0.033,0,597.252,71.280,135.473,0,219.084,994.856,0,0,1126.042,0.000,173.928,464.472,97.912,1.000,0.000,372.759,148.813,0.999,-0.036,372.759,148.813,0.999,-0.036,611.213,4.540,-0.012,-1.000,427.000,279.000,0.000,0.000,427.000,279.000,0.000,0.000,1.000,0.000,0,0
13.603,478.861,97.912,1.000,-0.009,0,597.252,71.280,121.431,0,204.995,1009.211,0,0,1126.034,0.000,166.151,478.861,97.912,1.000,0.000,379.943,148.555,0.999,-0.036,379.943,148.555,0.999,-0.036,611.125,-2.648,-0.012,-1.000,427.000,279.000,0.000,0.000,427.000,279.000,0.000,0.000,1.000,0.000,0,0
13.700,489.878,89.773,0.885,-0.465,0,597.252,71.280,109.085,0,196.073,1019.701,0,0,1126.025,0.000,156.849,489.878,89.773,0.707,-0.707,387.127,148.298,0.999,-0.036,387.127,148.298,0.999,-0.036,611.038,-9.836,-0.012,-1.000,427.000,279.000,0.000,0.000,427.000,279.000,0.000,0.000,1.000,-1.000,0,0
13.803,500.053,79.598,0.764,-0.645,0,597.252,71.280,97.758,0,189.147,1029.326,0,0,1126.016,0.000,147.086,500.053,79.598,0.707,-0.707,394.312,148.040,0.999,-0.036,394.312,148.040,0.999,-0.036,610.951,-17.024,-0.012,-1.000,424.800,-106.500,0.000,0.000,424.800,-106.500,0.000,0.000,1.000,-1.000,0,0
13.900,511.913,73.494,0.897,-0.441,0,597.252,71.280,85.626,0,180.040,1040.904,0,0,1126.013,0.000,139.061,511.913,73.494,1.000,0.000,401.496,147.783,0.999,-0.036,401.496,147.783,0.999,-0.036,610.864,-24.212,-0.012,-1.000,424.800,-106.500,0.000,0.000,424.800,-106.500,0.000,0.000,1.000,0.000,0,0
14.005,526.301,73.494,0.992,-0.125,0,597.252,71.280,71.295,0,166.747,1055.279,0,0,1126.013,0.000,134.681,526.301,73.494,1.000,0.000,408.680,147.525,0.999,-0.036,408.680,147.525,0.999,-0.036,610.777,-31.400,-0.012,-1.000,424.800,-106.500,0.000,0.000,424.800,-106.500,0.000,0.000,1.000,0.000,0,0
14.101,540.690,73.494,0.999,-0.038,0,597.252,71.280,56.993,0,153.651,1069.654,0,0,1126.013,0.000,132.146,540.690,73.494,1.000,0.000,415.864,147.268,0.999,-0.036,415.864,147.268,0.999,-0.036,610.690,-38.589,-0.012,-1.000,424.800,-106.500,0.000,0.000,424.800,-106.500,0.000,0.000,1.000,0.000,0,0
14.203,555.079,73.494,1.000,-0.011,0,597.252,71.280,42.749,0,140.808,1084.030,0,0,1126.013,0.000,131.561,555.079,73.494,1.000,0.000,423.048,147.011,0.999,-0.036,423.048,147.011,0.999,-0.036,610.603,-45.777,-0.012,-1.000,424.800,-106.500,0.000,0.000,424.800,-106.500,0.000,0.000,1.000,0.000,0,0
14.303,569.468,73.494,1.000,-0.003,1,584.601,73.446,15.133,1,128.293,1098.407,0,0,1113.525,0.000,132.954,569.468,73.494,1.000,0.000,430.232,146.753,0.999,-0.036,430.232,146.753,0.999,-0.036,610.515,-52.965,-0.012,-1.000,424.800,-106.500,0.000,0.000,424.800,-106.500,0.000,0.000,1.000,0.000,0,0
14.403,583.856,73.494,1.000,-0.001,1,598.990,73.480,15.133,1,116.213,1112.783,0,0,1127.903,0.000,136.263,583.856,73.494,1.000,0.000,437.416,146.496,0.999,-0.036,437.416,146.496,0.999,-0.036,610.428,-60.153,-0.012,-1.000,424.800,-106.500,0.000,0.000,424.800,-106.500,0.000,0.000,1.000,0.000,0,0
14.505,598.245,73.494,1.000,0.000,0,616.625,73.479,18.380,0,104.718,1127.160,0,0,1145.525,0.000,141.354,598.245,73.494,1.000,0.000,444.601,146.238,0.999,-0.036,444.601,146.238,0.999,-0.036,610.341,-67.341,-0.012,-1.000,424.800,-106.500,0.000,0.000,424.800,-106.500,0.000,0.000,1.000,0.000,0,0
14.602,598.245,73.494,1.000,0.000,0,636.033,73.468,37.789,0,104.718,1127.160,0,0,1164.916,0.000,137.103,598.245,73.494,0.000,0.000,451.785,145.981,0.999,-0.036,451.785,145.981,0.999,-0.036,610.714,-63.041,0.068,0.998,424.800,-106.500,0.000,0.000,424.800,-106.500,0.000,0.000,0.000,0.000,0,0
14.700,39.000,287.000,0.897,0.443,0,654.961,73.457,651.927,0,657.606,622.340,0,0,1183.826,0.000,101.316,39.000,287.000,0.000,0.000,-85.000,286.000,0.000,0.000,-85.000,286.000,0.000,0.000,140.000,279.000,0.000,0.000,140.000,279.000,0.000,0.000,290.700,275.300,0.000,0.000,0.000,0.000,0,0
14.802,39.000,287.000,0.897,0.443,0,673.420,73.447,669.398,0,657.619,622.354,0,0,1202.268,0.000,101.316,39.000,287.000,0.000,0.000,-85.000,286.000,0.000,0.000,-85.000,286.000,0.000,0.000,140.000,279.000,0.000,0.000,140.000,279.000,0.000,0.000,290.700,275.300,0.000,0.000,0.000,0.000,0,0
14.903,39.000,287.000,0.897,0.443,0,672.420,73.440,668.453,0,657.619,622.354,0,0,1201.265,0.000,101.316,39.000,287.000,0.000,0.000,-85.000,286.000,0.000,0.000,-85.000,286.000,0.000,0.000,140.000,279.000,0.000,0.000,140.000,279.000,0.000,0.000,290.700,275.300,0.000,0.000,0.000,0.000,0,0
15.002,39.000,287.000,0.897,0.443,0,671.420,73.434,667.508,0,657.619,622.354,0,0,1200.261,0.000,101.316,39.000,287.000,0.000,0.000,-85.000,286.000,0.000,0.000,-85.000,286.000,0.000,0.000,140.000,279.000,0.000,0.000,140.000,279.000,0.000,0.000,290.700,275.300,0.000,0.000,0.000,0.000,0,0
15.105,39.000,287.000,0.897,0.443,0,670.420,73.427,666.564,0,657.619,622.354,0,0,1199.257,0.000,101.316,39.000,287.000,0.000,0.000,-85.000,286.000,0.000,0.000,-85.000,286.000,0.000,0.000,140.000,279.000,0.000,0.000,140.000,279.000,0.000,0.000,290.700,275.300,0.000,0.000,0.000,0.000,0,0
15.204,39.000,287.000,0.897,0.443,0,669.808,73.420,665.988,0,657.619,622.354,0,0,1198.640,0.000,101.316,39.000,287.000,0.000,0.000,-85.000,286.000,0.000,0.000,-85.000,286.000,0.000,0.000,140.000,279.000,0.000,0.000,140.000,279.000,0.000,0.000,290.700,275.300,0.000,0.000,0.000,0.000,0,0
15.306,39.000,287.000,0.897,0.443,0,669.806,73.414,665.990,0,657.619,622.354,0,0,1198.631,0.000,101.316,39.000,287.000,0.000,0.000,-85.000,286.000,0.000,0.000,-85.000,286.000,0.000,0.000,140.000,279.000,0.000,0.000,140.000,279.000,0.000,0.000,290.700,275.300,0.000,0.000,0.000,0.000,0,0
15.402,39.000,287.000,0.897,0.443,0,669.806,73.408,665.995,0,657.619,622.354,0,0,1198.623,0.000,101.316,39.000,287.000,0.000,0.000,-85.000,286.000,0.000,0.000,-85.000,286.000,0.000,0.000,140.000,279.000,0.000,0.000,140.000,279.000,0.000,0.000,290.700,275.300,0.000,0.000,0.000,0.000,0,0
15.502,39.000,287.000,0.897,0.443,0,669.806,73.402,666.002,0,657.619,622.354,0,0,1198.615,0.000,101.316,39.000,287.000,0.000,0.000,-85.000,286.000,0.000,0.000,-85.000,286.000,0.000,0.000,140.000,279.000,0.000,0.000,140.000,279.000,0.000,0.000,290.700,275.300,0.000,0.000,0.000,0.000,0,0
15.604,39.000,287.000,0.897,0.443,0,669.806,73.396,666.010,0,657.619,622.354,0,0,1198.607,0.000,101.316,39.000,287.000,0.000,0.000,-85.000,286.000,0.000,0.000,-85.000,286.000,0.000,0.000,140.000,279.000,0.000,0.000,140.000,279.000,0.000,0.000,290.700,275.300,0.000,0.000,0.000,0.000,0,0
15.704,39.000,287.000,0.897,0.443,0,59.000,80.600,207.464,0,657.619,622.354,0,0,589.175,0.000,101.316,39.000,287.000,0.000,0.000,-85.000,286.000,0.000,0.000,-85.000,286.000,0.000,0.000,140.000,279.000,0.000,0.000,140.000,279.000,0.000,0.000,290.700,275.300,0.000,0.000,0.000,0.000,0,0
15.802,39.000,287.000,0.897,0.443,0,59.000,80.600,207.467,0,657.619,622.354,0,0,589.174,0.000,101.316,39.000,287.000,0.000,0.000,-85.000,286.000,0.000,0.000,-85.000,286.000,0.000,0.000,140.000,279.000,0.000,0.000,140.000,279.000,0.000,0.000,290.700,275.300,0.000,0.000,0.000,0.000,0,0
15.903,39.000,287.000,0.897,0.443,0,59.000,80.600,207.472,0,657.619,622.354,0,0,589.171,0.000,101.316,39.000,287.000,0.000,0.000,-85.000,286.000,0.000,0.000,-85.000,286.000,0.000,0.000,140.000,279.000,0.000,0.000,140.000,279.000,0.000,0.000,290.700,275.300,0.000,0.000,0.000,0.000,0,0
16.003,39.000,287.000,0.897,0.443,0,59.000,80.600,207.473,0,657.619,622.354,0,0,589.171,0.000,101.316,39.000,287.000,0.000,0.000,-85.000,286.000,0.000,0.000,-85.000,286.000,0.000,0.000,140.000,279.000,0.000,0.000,140.000,279.000,0.000,0.000,290.700,275.300,0.000,0.000,0.000,0.000,0,0
16.104,39.000,287.000,0.897,0.443,0,59.000,80.600,207.473,0,657.619,622.354,0,0,589.171,0.000,101.316,39.000,287.000,0.000,0.000,-85.000,286.000,0.000,0.000,-85.000,286.000,0.000,0.000,140.000,279.000,0.000,0.000,140.000,279.000,0.000,0.000,290.700,275.300,0.000,0.000,0.000,0.000,0,0
16.201,39.000,287.000,0.897,0.443,0,59.000,80.600,207.473,0,657.619,622.354,0,0,589.171,0.000,101.316,39.000,287.000,0.000,0.000,-85.000,286.000,0.000,0.000,-85.000,286.000,0.000,0.000,140.000,279.000,0.000,0.000,140.000,279.000,0.000,0.000,290.700,275.300,0.000,0.000,0.000,0.000,0,0
16.301,39.000,287.000,0.897,0.443,0,59.000,80.600,207.473,0,657.619,622.354,0,0,589.171,0.000,101.316,39.000,287.000,0.000,0.000,-85.000,286.000,0.000,0.000,-85.000,286.000,0.000,0.000,140.000,279.000,0.000,0.000,140.000,279.000,0.000,0.000,290.700,275.300,0.000,0.000,0.000,0.000,0,0
16.403,39.000,287.000,0.897,0.443,0,59.000,80.600,207.473,0,657.619,622.354,0,0,589.171,0.000,101.316,39.000,287.000,0.000,0.000,-85.000,286.000,0.000,0.000,-85.000,286.000,0.000,0.000,140.000,279.000,0.000,0.000,140.000,279.000,0.000,0.000,290.700,275.300,0.000,0.000,0.000,0.000,0,0
16.501,39.000,287.000,0.897,0.443,0,59.000,80.600,207.473,0,657.619,622.354,0,0,589.171,0.000,101.316,39.000,287.000,0.000,0.000,-85.000,286.000,0.000,0.000,-85.000,286.000,0.000,0.000,140.000,279.000,0.000,0.000,140.000,279.000,0.000,0.000,290.700,275.300,0.000,0.000,0.000,0.000,0,0
16.601,39.000,287.000,0.897,0.443,0,59.000,80.600,207.473,0,657.619,622.354,0,0,589.171,0.000,101.316,39.000,287.000,0.000,0.000,-85.000,286.000,0.000,0.000,-85.000,286.000,0.000,0.000,140.000,279.000,0.000,0.000,140.000,279.000,0.000,0.000,290.700,275.300,0.000,0.000,0.000,0.000,0,0
16.702,39.000,287.000,0.897,0.443,0,59.000,80.600,207.473,0,657.619,622.354,0,0,589.171,0.000,101.316,39.000,287.000,0.000,0.000,-85.000,286.000,0.000,0.000,-85.000,286.000,0.000,0.000,140.000,279.000,0.000,0.000,140.000,279.000,0.000,0.000,290.700,275.300,0.000,0.000,0.000,0.000,0,0
16.801,39.000,287.000,0.897,0.443,0,59.000,80.600,207.473,0,657.619,622.354,0,0,589.171,0.000,101.316,39.000,287.000,0.000,0.000,-85.000,286.000,0.000,0.000,-85.000,286.000,0.000,0.000,140.000,279.000,0.000,0.000,140.000,279.000,0.000,0.000,290.700,275.300,0.000,0.000,0.000,0.000,0,0
16.905,39.000,287.000,0.897,0.443,0,59.000,80.600,207.473,0,657.619,622.354,0,0,589.171,0.000,101.316,39.000,287.000,0.000,0.000,-85.000,286.000,0.000,0.000,-85.000,286.000,0.000,0.000,140.000,279.000,0.000,0.000,140.000,279.000,0.000,0.000,290.700,275.300,0.000,0.000,0.000,0.000,0,0
17.005,39.000,287.000,0.897,0.443,0,59.000,80.600,207.473,0,657.619,622.354,0,0,589.171,0.000,101.316,39.000,287.000,0.000,0.000,-85.000,286.000,0.000,0.000,-85.000,286.000,0.000,0.000,140.000,279.000,0.000,0.000,140.000,279.000,0.000,0.000,290.700,275.300,0.000,0.000,0.000,0.000,0,0
17.100,39.000,287.000,0.897,0.443,0,59.000,80.600,207.473,0,657.619,622.354,0,0,589.171,0.000,101.316,39.000,287.000,0.000,0.000,-85.000,286.000,0.000,0.000,-85.000,286.000,0.000,0.000,140.000,279.000,0.000,0.000,140.000,279.000,0.000,0.000,290.700,275.300,0.000,0.000,0.000,0.000,0,0
17.205,39.000,287.000,0.897,0.443,0,59.000,80.600,207.473,0,657.619,622.354,0,0,589.171,0.000,101.316,39.000,287.000,0.000,0.000,-85.000,286.000,0.000,0.000,-85.000,286.000,0.000,0.000,140.000,279.000,0.000,0.000,140.000,279.000,0.000,0.000,290.700,275.300,0.000,0.000,0.000,0.000,0,0
17.304,39.000,287.000,0.897,0.443,0,59.000,80.600,207.473,0,657.619,622.354,0,0,589.171,0.000,101.316,39.000,287.000,0.000,0.000,-85.000,286.000,0.000,0.000,-85.000,286.000,0.000,0.000,140.000,279.000,0.000,0.000,140.000,279.000,0.000,0.000,290.700,275.300,0.000,0.000,0.000,0.000,0,0
17.401,39.000,287.000,0.897,0.443,0,59.000,80.600,207.473,0,657.619,622.354,0,0,589.171,0.000,101.316,39.000,287.000,0.000,0.000,-85.000,286.000,0.000,0.000,-85.000,286.000,0.000,0.000,140.000,279.000,0.000,0.000,140.000,279.000,0.000,0.000,290.700,275.300,0.000,0.000,0.000,0.000,0,0
17.501,39.000,287.000,0.897,0.443,0,59.000,80.600,207.473,0,657.619,622.354,0,0,589.171,0.000,101.316,39.000,287.000,0.000,0.000,-85.000,286.000,0.000,0.000,-85.000,286.000,0.000,0.000,140.000,279.000,0.000,0.000,140.000,279.000,0.000,0.000,290.700,275.300,0.000,0.000,0.000,0.000,0,0
17.602,39.000,287.000,0.897,0.443,0,59.000,80.600,207.473,0,657.619,622.354,0,0,589.171,0.000,101.316,39.000,287.000,0.000,0.000,-85.000,286.000,0.000,0.000,-85.000,286.000,0.000,0.000,140.000,279.000,0.000,0.000,140.000,279.000,0.000,0.000,290.700,275.300,0.000,0.000,0.000,0.000,0,0
17.700,39.000,287.000,0.897,0.443,0,59.000,80.600,207.473,0,657.619,622.354,0,0,589.171,0.000,101.316,39.000,287.000,0.000,0.000,-83.912,285.060,0.757,-0.654,-83.912,285.060,0.757,-0.654,140.000,279.000,0.000,0.000,140.000,279.000,0.000,0.000,289.402,275.917,-0.903,0.429,0.000,0.000,0,0
17.801,39.000,287.000,0.897,0.443,0,59.000,80.600,207.473,0,657.619,622.354,0,0,589.171,0.000,101.316,39.000,287.000,0.000,0.000,-78.472,280.361,0.757,-0.654,-78.472,280.361,0.757,-0.654,140.000,279.000,0.000,0.000,140.000,279.000,0.000,0.000,282.909,279.003,-0.903,0.429,0.000,0.000,0,0
17.904,39.000,287.000,0.897,0.443,0,59.000,80.600,207.473,0,657.619,622.354,0,0,589.171,0.000,101.316,39.000,287.000,0.000,0.000,-73.032,275.662,0.757,-0.654,-73.032,275.662,0.757,-0.654,140.000,279.000,0.000,0.000,140.000,279.000,0.000,0.000,276.416,282.089,-0.903,0.429,0.000,0.000,0,0
18.005,39.000,287.000,0.897,0.443,0,59.000,80.600,207.473,0,657.619,622.354,0,0,589.171,0.000,101.316,39.000,287.000,0.000,0.000,-67.591,270.963,0.757,-0.654,-67.591,270.963,0.757,-0.654,140.000,279.000,0.000,0.000,140.000,279.000,0.000,0.000,269.924,285.176,-0.903,0.429,0.000,0.000,0,0
18.103,39.000,287.000,0.897,0.443,0,59.000,80.600,207.473,0,657.619,622.354,0,0,589.171,0.000,101.316,39.000,287.000,0.000,0.000,-62.151,266.264,0.757,-0.654,-62.151,266.264,0.757,-0.654,140.000,279.000,0.000,0.000,140.000,279.000,0.000,0.000,263.431,288.262,-0.903,0.429,0.000,0.000,0,0
18.203,39.000,287.000,0.897,0.443,0,59.000,80.600,207.473,0,657.619,622.354,0,0,589.171,0.000,101.316,39.000,287.000,0.000,0.000,-56.711,261.565,0.757,-0.654,-56.711,261.565,0.757,-0.654,140.000,279.000,0.000,0.000,140.000,279.000,0.000,0.000,256.939,291.348,-0.903,0.429,0.000,0.000,0,0
18.302,39.000,287.000,0.897,0.443,0,59.000,80.600,207.473,0,657.619,622.354,0,0,589.171,0.000,101.316,39.000,287.000,0.000,0.000,-51.271,256.866,0.757,-0.654,-51.271,256.866,0.757,-0.654,140.000,279.000,0.000,0.000,140.000,279.000,0.000,0.000,250.446,294.434,-0.903,0.429,0.000,0.000,0,0
18.402,39.000,287.000,0.897,0.443,0,59.000,80.600,207.473,0,657.619,622.354,0,0,589.171,0.000,101.316,39.000,287.000,0.000,0.000,-45.830,252.166,0.757,-0.654,-45.830,252.166,0.757,-0.654,140.000,279.000,0.000,0.000,140.000,279.000,0.000,0.000,243.954,297.520,-0.903,0.429,0.000,0.000,0,0
18.506,39.000,287.000,0.897,0.443,0,59.000,80.600,207.473,0,657.619,622.354,0,0,589.171,0.000,101.316,39.000,287.000,0.000,0.000,-40.390,247.467,0.757,-0.654,-40.390,247.467,0.757,-0.654,140.000,279.000,0.000,0.000,140.000,279.000,0.000,0.000,237.461,300.606,-0.903,0.429,0.000,0.000,0,0
18.600,39.000,287.000,0.897,0.443,0,59.000,80.600,207.473,0,657.619,622.354,0,0,589.171,0.000,101.316,39.000,287.000,0.000,0.000,-34.950,242.768,0.757,-0.654,-34.950,242.768,0.757,-0.654,140.000,279.000,0.000,0.000,140.000,279.000,0.000,0.000,230.969,303.692,-0.903,0.429,0.000,0.000,0,0
18.705,39.000,287.000,0.897,0.443,0,59.000,80.600,207.473,0,657.619,622.354,0,0,589.171,0.000,101.316,39.000,287.000,0.000,0.000,-29.510,238.069,0.757,-0.654,-29.510,238.069,0.757,-0.654,140.000,279.000,0.000,0.000,140.000,279.000,0.000,0.000,224.476,306.779,-0.903,0.429,0.000,0.000,0,0
18.804,39.000,287.000,0.897,0.443,0,59.000,80.600,207.473,0,657.619,622.354,0,0,589.171,0.000,101.316,39.000,287.000,0.000,0.000,-24.070,233.370,0.757,-0.654,-24.070,233.370,0.757,-0.654,140.000,279.000,0.000,0.000,140.000,279.000,0.000,0.000,217.984,309.865,-0.903,0.429,0.000,0.000,0,0
18.903,39.000,287.000,0.897,0.443,0,59.000,80.600,207.473,0,657.619,622.354,0,0,589.171,0.000,101.316,39.000,287.000,0.000,0.000,-18.629,228.671,0.757,-0.654,-18.629,228.671,0.757,-0.654,140.000,279.000,0.000,0.000,140.000,279.000,0.000,0.000,211.491,312.951,-0.903,0.429,0.000,0.000,0,0
19.003,39.000,287.000,0.897,0.443,0,59.000,80.600,207.473,0,657.619,622.354,0,0,589.171,0.000,101.316,39.000,287.000,0.000,0.000,-13.189,223.972,0.757,-0.654,-13.189,223.972,0.757,-0.654,140.000,279.000,0.000,0.000,140.000,279.000,0.000,0.000,204.999,316.037,-0.903,0.429,0.000,0.000,0,0
19.102,39.000,287.000,0.897,0.443,0,59.000,80.600,207.473,0,657.619,622.354,0,0,589.171,0.000,101.316,39.000,287.000,0.000,0.000,-7.749,219.273,0.757,-0.654,-7.749,219.273,0.757,-0.654,140.000,279.000,0.000,0.000,140.000,279.000,0.000,0.000,198.506,319.123,-0.903,0.429,0.000,0.000,0,0
19.201,39.000,287.000,0.897,0.443,0,59.000,80.600,207.473,0,657.619,622.354,0,0,589.171,0.000,101.316,39.000,287.000,0.000,0.000,-2.309,214.574,0.757,-0.654,-2.309,214.574,0.757,-0.654,140.000,279.000,0.000,0.000,140.000,279.000,0.000,0.000,192.013,322.209,-0.903,0.429,0.000,0.000,0,0
19.300,39.000,287.000,0.897,0.443,0,59.000,80.600,207.473,0,657.619,622.354,0,0,589.171,0.000,101.316,39.000,287.000,0.000,0.000,3.131,209.875,0.757,-0.654,3.131,209.875,0.757,-0.654,140.000,279.000,0.000,0.000,140.000,279.000,0.000,0.000,185.521,325.295,-0.903,0.429,0.000,0.000,0,0
19.409,39.000,287.000,0.897,0.443,0,59.000,80.600,207.473,0,657.619,622.354,0,0,589.171,0.000,101.316,39.000,287.000,0.000,0.000,8.572,205.176,0.757,-0.654,8.572,205.176,0.757,-0.654,140.000,279.000,0.000,0.000,140.000,279.000,0.000,0.000,179.028,328.381,-0.903,0.429,0.000,0.000,0,0
19.507,39.000,287.000,0.897,0.443,0,59.000,80.600,207.473,0,657.619,622.354,0,0,589.171,0.000,101.316,39.000,287.000,0.000,0.000,14.012,200.476,0.757,-0.654,14.012,200.476,0.757,-0.654,140.000,279.000,0.000,0.000,140.000,279.000,0.000,0.000,172.536,331.468,-0.903,0.429,0.000,0.000,0,0
19.606,39.000,287.000,0.897,0.443,0,59.000,80.600,207.473,0,657.619,622.354,0,0,589.171,0.000,101.316,39.000,287.000,0.000,0.000,19.452,195.777,0.757,-0.654,19.452,195.777,0.757,-0.654,140.000,279.000,0.000,0.000,140.000,279.000,0.000,0.000,166.043,334.554,-0.903,0.429,0.000,0.000,0,0
19.704,39.000,287.000,0.897,0.443,0,59.000,80.600,207.473,0,657.619,622.354,0,0,589.171,0.000,101.316,39.000,287.000,0.000,0.000,24.892,191.078,0.757,-0.654,24.892,191.078,0.757,-0.654,140.000,279.000,0.000,0.000,140.000,279.000,0.000,0.000,159.551,337.640,-0.903,0.429,0.000,0.000,0,0
19.801,39.000,287.000,0.897,0.443,0,59.000,80.600,207.473,0,657.619,622.354,0,0,589.171,0.000,101.316,39.000,287.000,0.000,0.000,30.333,186.379,0.757,-0.654,30.333,186.379,0.757,-0.654,140.000,279.000,0.000,0.000,140.000,279.000,0.000,0.000,153.058,340.726,-0.903,0.429,0.000,0.000,0,0
19.906,39.000,287.000,0.897,0.443,0,59.000,80.600,207.473,0,657.619,622.354,0,0,589.171,0.000,101.316,39.000,287.000,0.000,0.000,35.773,181.680,0.757,-0.654,35.773,181.680,0.757,-0.654,140.000,279.000,0.000,0.000,140.000,279.000,0.000,0.000,146.566,343.812,-0.903,0.429,0.000,0.000,0,0
20.000,39.000,287.000,0.897,0.443,0,59.000,80.600,207.473,0,657.619,622.354,0,0,589.171,0.000,101.316,39.000,287.000,0.000,0.000,41.213,176.981,0.757,-0.654,41.213,176.981,0.757,-0.654,140.000,279.000,0.000,0.000,140.000,279.000,0.000,0.000,140.073,346.898,-0.903,0.429,0.000,0.000,0,0
20.102,39.000,287.000,0.897,0.443,0,59.000,80.600,207.473,0,657.619,622.354,0,0,589.171,0.000,101.316,39.000,287.000,0.000,0.000,46.653,172.282,0.757,-0.654,46.653,172.282,0.757,-0.654,140.000,279.000,0.000,0.000,140.000,279.000,0.000,0.000,133.581,349.984,-0.903,0.429,0.000,0.000,0,0
20.204,39.000,287.000,0.897,0.443,0,59.000,80.600,207.473,0,657.619,622.354,0,0,589.171,0.000,101.316,39.000,287.000,0.000,0.000,52.093,167.583,0.757,-0.654,52.093,167.583,0.757,-0.654,140.000,279.000,0.000,0.000,140.000,279.000,0.000,0.000,127.088,353.071,-0.903,0.429,0.000,0.000,0,0
20.301,39.000,287.000,0.897,0.443,0,59.000,80.600,207.473,0,657.619,622.354,0,0,589.171,0.000,101.316,39.000,287.000,0.000,0.000,57.534,162.884,0.757,-0.654,57.534,162.884,0.757,-0.654,140.000,279.000,0.000,0.000,140.000,279.000,0.000,0.000,120.596,356.157,-0.903,0.429,0.000,0.000,0,0
20.405,39.000,287.000,0.897,0.443,0,59.000,80.600,207.473,0,657.619,622.354,0,0,589.171,0.000,101.316,39.000,287.000,0.000,0.000,62.974,158.185,0.757,-0.654,62.974,158.185,0.757,-0.654,140.000,279.000,0.000,0.000,140.000,279.000,0.000,0.000,114.103,359.243,-0.903,0.429,0.000,0.000,0,0
20.501,39.000,287.000,0.897,0.443,0,59.000,80.600,207.473,0,657.619,622.354,0,0,589.171,0.000,101.316,39.000,287.000,0.000,0.000,68.414,153.485,0.757,-0.654,68.414,153.485,0.757,-0.654,140.000,279.000,0.000,0.000,140.000,279.000,0.000,0.000,107.611,362.329,-0.903,0.429,0.000,0.000,0,0
20.601,39.000,287.000,0.897,0.443,0,59.000,80.600,207.473,0,657.619,622.354,0,0,589.171,0.000,100.038,39.000,287.000,0.000,0.000,73.854,148.786,0.757,-0.654,73.854,148.786,0.757,-0.654,101.118,365.416,-0.903,0.429,101.118,365.416,-0.903,0.429,140.000,279.000,0.000,0.000,0.000,0.000,0,0
20.702,39.000,287.000,0.897,0.443,0,59.000,80.600,207.473,0,657.619,622.354,0,0,589.171,0.000,98.675,39.000,287.000,0.000,0.000,79.294,144.087,0.757,-0.654,79.294,144.087,0.757,-0.654,94.626,368.502,-0.903,0.429,94.626,368.502,-0.903,0.429,140.000,279.000,0.000,0.000,0.000,0.000,0,0
20.801,39.000,287.000,0.897,0.443,0,59.000,80.600,207.473,0,657.619,622.354,0,0,589.171,0.000,97.822,39.000,287.000,0.000,0.000,84.735,139.388,0.757,-0.654,84.735,139.388,0.757,-0.654,88.133,371.588,-0.903,0.429,88.133,371.588,-0.903,0.429,140.000,279.000,0.000,0.000,0.000,0.000,0,0
20.900,39.000,287.000,0.897,0.443,0,59.000,80.600,207.473,0,657.619,622.354,0,0,589.171,0.000,97.494,39.000,287.000,0.000,0.000,90.175,134.689,0.757,-0.654,90.175,134.689,0.757,-0.654,81.641,374.674,-0.903,0.429,81.641,374.674,-0.903,0.429,140.000,279.000,0.000,0.000,0.000,0.000,0,0
21.000,39.000,287.000,0.897,0.443,0,59.000,80.600,207.473,0,657.619,622.354,0,0,589.171,0.000,97.694,39.000,287.000,0.000,0.000,95.615,129.990,0.757,-0.654,95.615,129.990,0.757,-0.654,75.148,377.761,-0.903,0.429,75.148,377.761,-0.903,0.429,140.000,279.000,0.000,0.000,0.000,0.000,0,0
21.104,39.000,287.000,0.897,0.443,0,59.000,80.600,207.473,0,657.619,622.354,0,0,589.171,0.000,98.421,39.000,287.000,0.000,0.000,101.055,125.291,0.757,-0.654,101.055,125.291,0.757,-0.654,68.656,380.847,-0.903,0.429,68.656,380.847,-0.903,0.429,140.000,279.000,0.000,0.000,0.000,0.000,0,0
21.204,39.000,287.000,0.897,0.443,0,59.000,80.600,207.473,0,657.619,622.354,0,0,589.171,0.000,99.662,39.000,287.000,0.000,0.000,106.496,120.592,0.757,-0.654,106.496,120.592,0.757,-0.654,62.163,383.933,-0.903,0.429,62.163,383.933,-0.903,0.429,140.000,279.000,0.000,0.000,0.000,0.000,0,0
21.303,39.000,287.000,0.897,0.443,0,59.000,80.600,207.473,0,657.619,622.354,0,0,589.171,0.000,101.316,39.000,287.000,0.000,0.000,111.936,115.893,0.757,-0.654,111.936,115.893,0.757,-0.654,140.000,279.000,0.000,0.000,140.000,279.000,0.000,0.000,55.671,387.019,-0.903,0.429,0.000,0.000,0,0
21.402,39.000,287.000,0.897,0.443,0,59.000,80.600,207.473,0,657.619,622.354,0,0,589.171,0.000,101.316,39.000,287.000,0.000,0.000,117.376,111.194,0.757,-0.654,117.376,111.194,0.757,-0.654,140.000,279.000,0.000,0.000,140.000,279.000,0.000,0.000,49.178,390.106,-0.903,0.429,0.000,0.000,0,0
21.502,39.000,287.000,0.897,0.443,0,59.000,80.600,207.473,0,657.619,622.354,0,0,589.171,0.000,101.316,39.000,287.000,0.000,0.000,122.816,106.494,0.757,-0.654,122.816,106.494,0.757,-0.654,140.000,279.000,0.000,0.000,140.000,279.000,0.000,0.000,42.686,393.192,-0.903,0.429,0.000,0.000,0,0
21.605,39.000,287.000,0.897,0.443,0,59.000,80.600,207.473,0,657.619,622.354,0,0,589.171,0.000,101.316,39.000,287.000,0.000,0.000,128.256,101.795,0.757,-0.654,128.256,101.795,0.757,-0.654,140.000,279.000,0.000,0.000,140.000,279.000,0.000,0.000,36.193,396.278,-0.903,0.429,0.000,0.000,0,0
21.701,39.000,287.000,0.897,0.443,0,59.000,80.600,207.473,0,657.619,622.354,0,0,589.171,0.000,101.316,39.000,287.000,0.000,0.000,133.697,97.096,0.757,-0.654,133.697,97.096,0.757,-0.654,140.000,279.000,0.000,0.000,140.000,279.000,0.000,0.000,29.701,399.364,-0.903,0.429,0.000,0.000,0,0
21.801,39.000,287.000,0.897,0.443,0,59.000,80.600,207.473,0,657.619,622.354,0,0,589.171,0.000,101.316,39.000,287.000,0.000,0.000,139.137,92.397,0.757,-0.654,139.137,92.397,0.757,-0.654,140.000,279.000,0.000,0.000,140.000,279.000,0.000,0.000,23.208,402.450,-0.903,0.429,0.000,0.000,0,0
21.901,39.000,287.000,0.897,0.443,0,59.000,80.600,207.473,0,657.619,622.354,0,0,589.171,0.000,101.316,39.000,287.000,0.000,0.000,144.577,87.698,0.757,-0.654,144.577,87.698,0.757,-0.654,140.000,279.000,0.000,0.000,140.000,279.000,0.000,0.000,16.716,405.536,-0.903,0.429,0.000,0.000,0,0
22.003,39.000,287.000,0.897,0.443,0,59.000,80.600,207.473,0,657.619,622.354,0,0,589.171,0.000,101.316,39.000,287.000,0.000,0.000,150.017,82.999,0.757,-0.654,150.017,82.999,0.757,-0.654,140.000,279.000,0.000,0.000,140.000,279.000,0.000,0.000,10.223,408.622,-0.903,0.429,0.000,0.000,0,0
22.105,39.000,287.000,0.897,0.443,0,59.000,80.600,207.473,0,657.619,622.354,0,0,589.171,0.000,101.316,39.000,287.000,0.000,0.000,155.458,78.300,0.757,-0.654,155.458,78.300,0.757,-0.654,140.000,279.000,0.000,0.000,140.000,279.000,0.000,0.000,3.730,411.708,-0.903,0.429,0.000,0.000,0,0
22.203,39.000,287.000,0.897,0.443,0,59.000,80.600,207.473,0,657.619,622.354,0,0,589.171,0.000,101.316,39.000,287.000,0.000,0.000,160.898,73.601,0.757,-0.654,160.898,73.601,0.757,-0.654,140.000,279.000,0.000,0.000,140.000,279.000,0.000,0.000,-1.869,412.798,-0.282,-0.959,0.000,0.000,0,0
22.301,39.000,287.000,0.897,0.443,0,59.000,80.600,207.473,0,657.619,622.354,0,0,589.171,0.000,101.316,39.000,287.000,0.000,0.000,166.338,68.902,0.757,-0.654,166.338,68.902,0.757,-0.654,140.000,279.000,0.000,0.000,140.000,279.000,0.000,0.000,-3.896,405.901,-0.282,-0.959,0.000,0.000,0,0
22.404,39.000,287.000,0.897,0.443,0,59.000,80.600,207.473,0,657.619,622.354,0,0,589.171,0.000,101.316,39.000,287.000,0.000,0.000,171.778,64.203,0.757,-0.654,171.778,64.203,0.757,-0.654,140.000,279.000,0.000,0.000,140.000,279.000,0.000,0.000,-3.198,398.877,0.192,-0.981,0.000,0.000,0,0
22.501,39.000,287.000,0.897,0.443,0,59.000,80.600,207.473,0,657.619,622.354,0,0,589.171,0.000,101.316,39.000,287.000,0.000,0.000,177.218,59.503,0.757,-0.654,177.218,59.503,0.757,-0.654,140.000,279.000,0.000,0.000,140.000,279.000,0.000,0.000,-1.820,391.822,0.192,-0.981,0.000,0.000,0,0
22.603,39.000,287.000,0.897,0.443,0,59.000,80.600,207.473,0,657.619,622.354,0,0,589.171,0.000,101.316,39.000,287.000,0.000,0.000,182.659,54.804,0.757,-0.654,182.659,54.804,0.757,-0.654,140.000,279.000,0.000,0.000,140.000,279.000,0.000,0.000,-0.441,384.767,0.192,-0.981,0.000,0.000,0,0
22.700,39.000,287.000,0.897,0.443,0,59.000,80.600,207.473,0,657.619,622.354,0,0,589.171,0.000,98.373,39.000,287.000,0.000,0.000,188.099,50.105,0.757,-0.654,188.099,50.105,0.757,-0.654,0.938,377.712,0.192,-0.981,0.938,377.712,0.192,-0.981,140.000,279.000,0.000,0.000,0.000,0.000,0,0
22.802,39.000,287.000,0.897,0.443,0,59.000,80.600,207.473,0,657.619,622.354,0,0,589.171,0.000,91.346,39.000,287.000,0.000,0.000,193.539,45.406,0.757,-0.654,193.539,45.406,0.757,-0.654,2.317,370.656,0.192,-0.981,2.317,370.656,0.192,-0.981,140.000,279.000,0.000,0.000,0.000,0.000,0,0
22.905,39.000,287.000,0.897,0.443,0,59.000,80.600,207.473,0,657.619,622.354,0,0,589.171,0.000,84.346,39.000,287.000,0.000,0.000,198.979,40.707,0.757,-0.654,198.979,40.707,0.757,-0.654,3.695,363.601,0.192,-0.981,3.695,363.601,0.192,-0.981,140.000,279.000,0.000,0.000,0.000,0.000,0,0
23.002,39.000,287.000,0.897,0.443,0,59.000,80.600,207.473,0,657.619,622.354,0,0,589.171,0.000,77.380,39.000,287.000,0.000,0.000,204.419,36.008,0.757,-0.654,204.419,36.008,0.757,-0.654,5.074,356.546,0.192,-0.981,5.074,356.546,0.192,-0.981,140.000,279.000,0.000,0.000,0.000,0.000,0,0
23.104,39.000,287.000,0.897,0.443,0,59.000,80.600,207.473,0,657.619,622.354,0,0,589.171,0.000,70.459,39.000,287.000,0.000,0.000,209.860,31.309,0.757,-0.654,209.860,31.309,0.757,-0.654,6.453,349.491,0.192,-0.981,6.453,349.491,0.192,-0.981,140.000,279.000,0.000,0.000,0.000,0.000,0,0
23.202,39.000,287.000,0.897,0.443,0,59.000,80.600,207.473,0,657.619,622.354,0,0,589.171,0.000,63.597,39.000,287.000,0.000,0.000,215.300,26.610,0.757,-0.654,215.300,26.610,0.757,-0.654,7.832,342.436,0.192,-0.981,7.832,342.436,0.192,-0.981,140.000,279.000,0.000,0.000,0.000,0.000,0,0
23.304,39.000,287.000,0.897,0.443,0,59.000,80.600,207.473,0,657.619,622.354,0,0,589.171,0.000,56.816,39.000,287.000,0.000,0.000,220.740,21.911,0.757,-0.654,220.740,21.911,0.757,-0.654,9.210,335.380,0.192,-0.981,9.210,335.380,0.192,-0.981,140.000,279.000,0.000,0.000,0.000,0.000,0,0
23.404,39.000,287.000,0.897,0.443,0,59.000,80.600,207.473,0,657.619,622.354,0,0,589.171,0.000,50.149,39.000,287.000,0.000,0.000,226.180,17.212,0.757,-0.654,226.180,17.212,0.757,-0.654,10.589,328.325,0.192,-0.981,10.589,328.325,0.192,-0.981,140.000,279.000,0.000,0.000,0.000,0.000,0,0
23.505,39.000,287.000,0.897,0.443,0,59.000,80.600,207.473,0,657.619,622.354,0,0,589.171,0.000,43.648,39.000,287.000,0.000,0.000,-296.000,285.000,0.000,0.000,-296.000,285.000,0.000,0.000,11.968,321.270,0.192,-0.981,11.968,321.270,0.192,-0.981,140.000,279.000,0.000,0.000,0.000,0.000,0,0
23.601,39.000,287.000,0.897,0.443,0,59.000,80.600,207.473,0,657.619,622.354,0,0,589.171,0.000,37.400,39.000,287.000,0.000,0.000,-296.000,285.000,0.000,0.000,-296.000,285.000,0.000,0.000,13.347,314.215,0.192,-0.981,13.347,314.215,0.192,-0.981,140.000,279.000,0.000,0.000,0.000,0.000,0,0
23.702,39.000,287.000,0.897,0.443,0,59.000,80.600,207.473,0,657.619,622.354,0,0,589.171,0.000,31.554,39.000,287.000,0.000,0.000,-296.000,285.000,0.000,0.000,-296.000,285.000,0.000,0.000,14.725,307.160,0.192,-0.981,14.725,307.160,0.192,-0.981,140.000,279.000,0.000,0.000,0.000,0.000,0,0
23.803,39.000,287.000,0.897,0.443,0,59.000,80.600,207.473,0,657.619,622.354,0,0,589.171,0.000,26.381,39.000,287.000,0.000,0.000,-296.000,285.000,0.000,0.000,-296.000,285.000,0.000,0.000,16.104,300.104,0.192,-0.981,16.104,300.104,0.192,-0.981,140.000,279.000,0.000,0.000,0.000,0.000,0,0
23.902,39.000,287.000,0.897,0.443,0,59.000,80.600,207.473,0,657.619,622.354,0,0,589.171,0.000,22.351,39.000,287.000,0.000,0.000,-296.000,285.000,0.000,0.000,-296.000,285.000,0.000,0.000,17.483,293.049,0.192,-0.981,17.483,293.049,0.192,-0.981,140.000,279.000,0.000,0.000,0.000,0.000,0,0
24.002,39.000,287.000,0.897,0.443,0,59.000,80.600,207.473,0,657.619,622.354,0,0,589.171,0.000,20.164,39.000,287.000,0.000,0.000,-296.000,285.000,0.000,0.000,-296.000,285.000,0.000,0.000,18.862,285.994,0.192,-0.981,18.862,285.994,0.192,-0.981,140.000,279.000,0.000,0.000,0.000,0.000,0,0
24.104,39.000,287.000,0.897,0.443,0,59.000,80.600,207.473,0,657.619,622.354,0,0,589.171,0.000,20.418,39.000,287.000,0.000,0.000,-296.000,285.000,0.000,0.000,-296.000,285.000,0.000,0.000,20.240,278.939,0.192,-0.981,20.240,278.939,0.192,-0.981,140.000,279.000,0.000,0.000,0.000,0.000,0,0
24.204,39.000,287.000,0.897,0.443,0,59.000,80.600,207.473,0,657.619,622.354,0,0,589.171,0.000,23.035,39.000,287.000,0.000,0.000,-296.000,285.000,0.000,0.000,-296.000,285.000,0.000,0.000,21.619,271.884,0.192,-0.981,21.619,271.884,0.192,-0.981,140.000,279.000,0.000,0.000,0.000,0.000,0,0
24.301,39.000,287.000,0.897,0.443,0,59.000,80.600,207.473,0,657.619,622.354,0,0,589.171,0.000,27.343,39.000,287.000,0.000,0.000,-296.000,285.000,0.000,0.000,-296.000,285.000,0.000,0.000,22.998,264.828,0.192,-0.981,22.998,264.828,0.192,-0.981,140.000,279.000,0.000,0.000,0.000,0.000,0,0
24.405,39.000,287.000,0.897,0.443,0,59.000,80.600,207.473,0,657.619,622.354,0,0,589.171,0.000,32.681,39.000,287.000,0.000,0.000,-296.000,285.000,0.000,0.000,-296.000,285.000,0.000,0.000,24.377,257.773,0.192,-0.981,24.377,257.773,0.192,-0.981,140.000,279.000,0.000,0.000,0.000,0.000,0,0
24.501,39.000,287.000,0.897,0.443,0,59.000,80.600,207.473,0,657.619,622.354,0,0,589.171,0.000,38.624,39.000,287.000,0.000,0.000,-296.000,285.000,0.000,0.000,-296.000,285.000,0.000,0.000,25.755,250.718,0.192,-0.981,25.755,250.718,0.192,-0.981,140.000,279.000,0.000,0.000,0.000,0.000,0,0
24.601,39.000,287.000,0.897,0.443,0,59.000,80.600,207.473,0,657.619,622.354,0,0,589.171,0.000,44.932,39.000,287.000,0.000,0.000,-296.000,285.000,0.000,0.000,-296.000,285.000,0.000,0.000,27.134,243.663,0.192,-0.981,27.134,243.663,0.192,-0.981,140.000,279.000,0.000,0.000,0.000,0.000,0,0
24.701,39.000,287.000,0.897,0.443,0,59.000,80.600,207.473,0,657.619,622.354,0,0,589.171,0.000,51.472,39.000,287.000,0.000,0.000,-296.000,285.000,0.000,0.000,-296.000,285.000,0.000,0.000,28.513,236.608,0.192,-0.981,28.513,236.608,0.192,-0.981,140.000,279.000,0.000,0.000,0.000,0.000,0,0
24.801,39.000,287.000,0.897,0.443,0,59.000,80.600,207.473,0,657.619,622.354,0,0,589.171,0.000,58.165,39.000,287.000,0.000,0.000,-296.000,285.000,0.000,0.000,-296.000,285.000,0.000,0.000,29.892,229.552,0.192,-0.981,29.892,229.552,0.192,-0.981,140.000,279.000,0.000,0.000,0.000,0.000,0,0
24.901,39.000,287.000,0.897,0.443,0,59.000,80.600,207.473,0,657.619,622.354,0,0,589.171,0.000,64.964,39.000,287.000,0.000,0.000,-296.000,285.000,0.000,0.000,-296.000,285.000,0.000,0.000,31.270,222.497,0.192,-0.981,31.270,222.497,0.192,-0.981,140.000,279.000,0.000,0.000,0.000,0.000,0,0
25.000,39.000,287.000,0.897,0.443,0,59.000,80.600,207.473,0,657.619,622.354,0,0,589.171,0.000,71.839,39.000,287.000,0.000,0.000,-296.000,285.000,0.000,0.000,-296.000,285.000,0.000,0.000,32.649,215.442,0.192,-0.981,32.649,215.442,0.192,-0.981,140.000,279.000,0.000,0.000,0.000,0.000,0,0
25.103,39.000,287.000,0.897,0.443,0,59.000,80.600,207.473,0,657.619,622.354,0,0,589.171,0.000,78.770,39.000,287.000,0.000,0.000,-296.000,285.000,0.000,0.000,-296.000,285.000,0.000,0.000,34.028,208.387,0.192,-0.981,34.028,208.387,0.192,-0.981,140.000,279.000,0.000,0.000,0.000,0.000,0,0
25.204,39.000,287.000,0.897,0.443,0,59.000,80.600,207.473,0,657.619,622.354,0,0,589.171,0.000,85.744,39.000,287.000,0.000,0.000,-296.000,285.000,0.000,0.000,-296.000,285.000,0.000,0.000,35.407,201.331,0.192,-0.981,35.407,201.331,0.192,-0.981,140.000,279.000,0.000,0.000,0.000,0.000,0,0
25.304,39.000,287.000,0.897,0.443,0,59.000,80.600,207.473,0,657.619,622.354,0,0,589.171,0.000,92.750,39.000,287.000,0.000,0.000,-296.000,285.000,0.000,0.000,-296.000,285.000,0.000,0.000,36.785,194.276,0.192,-0.981,36.785,194.276,0.192,-0.981,140.000,279.000,0.000,0.000,0.000,0.000,0,0
25.404,39.000,287.000,0.897,0.443,0,59.000,80.600,207.473,0,657.619,622.354,0,0,589.171,0.000,99.782,39.000,287.000,0.000,0.000,-296.000,285.000,0.000,0.000,-296.000,285.000,0.000,0.000,38.164,187.221,0.192,-0.981,38.164,187.221,0.192,-0.981,140.000,279.000,0.000,0.000,0.000,0.000,0,0
25.500,39.000,287.000,0.897,0.443,0,59.000,80.600,207.473,0,657.619,622.354,0,0,589.171,0.000,101.316,39.000,287.000,0.000,0.000,-296.000,285.000,0.000,0.000,-296.000,285.000,0.000,0.000,140.000,279.000,0.000,0.000,140.000,279.000,0.000,0.000,39.543,180.166,0.192,-0.981,0.000,0.000,0,0
25.600,39.000,287.000,0.897,0.443,0,59.000,80.600,207.473,0,657.619,622.354,0,0,589.171,0.000,101.316,39.000,287.000,0.000,0.000,-296.000,285.000,0.000,0.000,-296.000,285.000,0.000,0.000,140.000,279.000,0.000,0.000,140.000,279.000,0.000,0.000,40.922,173.111,0.192,-0.981,0.000,0.000,0,0
25.700,39.000,287.000,0.897,0.443,0,59.000,80.600,207.473,0,657.619,622.354,0,0,589.171,0.000,101.316,39.000,287.000,0.000,0.000,-296.000,285.000,0.000,0.000,-296.000,285.000,0.000,0.000,140.000,279.000,0.000,0.000,140.000,279.000,0.000,0.000,42.300,166.055,0.192,-0.981,0.000,0.000,0,0
25.801,39.000,287.000,0.897,0.443,0,59.000,80.600,207.473,0,657.619,622.354,0,0,589.171,0.000,101.316,39.000,287.000,0.000,0.000,-296.000,285.000,0.000,0.000,-296.000,285.000,0.000,0.000,140.000,279.000,0.000,0.000,140.000,279.000,0.000,0.000,43.679,159.000,0.192,-0.981,0.000,0.000,0,0
25.901,39.000,287.000,0.897,0.443,0,59.000,80.600,207.473,0,657.619,622.354,0,0,589.171,0.000,101.316,39.000,287.000,0.000,0.000,-296.000,285.000,0.000,0.000,-296.000,285.000,0.000,0.000,140.000,279.000,0.000,0.000,140.000,279.000,0.000,0.000,45.058,151.945,0.192,-0.981,0.000,0.000,0,0
26.001,39.000,287.000,0.897,0.443,0,59.000,80.600,207.473,0,657.619,622.354,0,0,589.171,0.000,101.316,39.000,287.000,0.000,0.000,-296.000,285.000,0.000,0.000,-296.000,285.000,0.000,0.000,140.000,279.000,0.000,0.000,140.000,279.000,0.000,0.000,46.436,144.890,0.192,-0.981,0.000,0.000,0,0
26.101,39.000,287.000,0.897,0.443,0,59.000,80.600,207.473,0,657.619,622.354,0,0,589.171,0.000,101.316,39.000,287.000,0.000,0.000,-296.000,285.000,0.000,0.000,-296.000,285.000,0.000,0.000,140.000,279.000,0.000,0.000,140.000,279.000,0.000,0.000,47.815,137.835,0.192,-0.981,0.000,0.000,0,0
26.201,39.000,287.000,0.897,0.443,0,59.000,80.600,207.473,0,657.619,622.354,0,0,589.171,0.000,101.316,39.000,287.000,0.000,0.000,-296.000,285.000,0.000,0.000,-296.000,285.000,0.000,0.000,140.000,279.000,0.000,0.000,140.000,279.000,0.000,0.000,49.194,130.779,0.192,-0.981,0.000,0.000,0,0
26.301,39.000,287.000,0.897,0.443,0,59.000,80.600,207.473,0,657.619,622.354,0,0,589.171,0.000,101.316,39.000,287.000,0.000,0.000,-296.000,285.000,0.000,0.000,-296.000,285.000,0.000,0.000,140.000,279.000,0.000,0.000,140.000,279.000,0.000,0.000,50.573,123.724,0.192,-0.981,0.000,0.000,0,0
26.401,39.000,287.000,0.897,0.443,0,59.000,80.600,207.473,0,657.619,622.354,0,0,589.171,0.000,101.316,39.000,287.000,0.000,0.000,-296.000,285.000,0.000,0.000,-296.000,285.000,0.000,0.000,140.000,279.000,0.000,0.000,140.000,279.000,0.000,0.000,51.951,116.669,0.192,-0.981,0.000,0.000,0,0
26.502,39.000,287.000,0.897,0.443,0,52.816,102.444,185.073,2,657.619,622.354,0,0,585.417,0.000,101.316,39.000,287.000,0.000,0.000,-296.000,285.000,0.000,0.000,-296.000,285.000,0.000,0.000,140.000,279.000,0.000,0.000,140.000,279.000,0.000,0.000,49.913,117.296,-0.600,0.800,0.000,0.000,0,0
26.603,39.000,287.000,0.897,0.443,0,48.500,108.193,179.060,2,657.619,622.354,0,0,581.871,0.000,101.316,39.000,287.000,0.000,0.000,-296.000,285.000,0.000,0.000,-296.000,285.000,0.000,0.000,140.000,279.000,0.000,0.000,140.000,279.000,0.000,0.000,45.598,123.045,-0.600,0.800,0.000,0.000,0,0
26.704,39.000,287.000,0.897,0.443,0,44.184,113.942,173.136,2,657.619,622.354,0,0,578.393,0.000,101.316,39.000,287.000,0.000,0.000,-296.000,285.000,0.000,0.000,-296.000,285.000,0.000,0.000,140.000,279.000,0.000,0.000,140.000,279.000,0.000,0.000,41.282,128.794,-0.600,0.800,0.000,0.000,0,0
26.802,39.000,281.245,0.994,0.105,0,39.868,119.691,161.556,2,656.338,620.007,0,0,574.984,0.000,101.025,39.000,281.245,0.000,-1.000,-296.000,285.000,0.000,0.000,-296.000,285.000,0.000,0.000,140.000,279.000,0.000,0.000,140.000,279.000,0.000,0.000,36.966,134.543,-0.600,0.800,0.000,-1.000,0,0
26.903,39.000,266.856,0.399,-0.917,0,35.552,125.440,141.458,2,653.346,614.339,0,0,571.644,0.000,101.728,39.000,266.856,0.000,-1.000,275.443,28.918,-0.178,0.984,275.443,28.918,-0.178,0.984,140.000,279.000,0.000,0.000,140.000,279.000,0.000,0.000,32.650,140.292,-0.600,0.800,0.000,-1.000,0,0
27.003,32.895,254.996,-0.323,-0.946,0,31.236,131.189,123.818,2,657.114,604.211,0,0,568.376,0.000,109.050,32.895,254.996,-0.707,-0.707,274.162,35.992,-0.178,0.984,274.162,35.992,-0.178,0.984,28.334,146.041,-0.600,0.800,28.334,146.041,-0.600,0.800,140.000,279.000,0.000,0.000,-1.000,-1.000,0,0
27.105,22.721,244.821,-0.610,-0.792,0,26.921,136.938,107.966,2,665.414,591.019,0,0,565.180,0.000,93.041,22.721,244.821,-0.707,-0.707,-296.000,285.000,0.000,0.000,-296.000,285.000,0.000,0.000,24.018,151.790,-0.600,0.800,24.018,151.790,-0.600,0.800,140.000,279.000,0.000,0.000,-1.000,-1.000,0,0
27.203,12.547,234.647,-0.680,-0.733,0,22.605,142.687,92.509,2,673.920,577.885,0,0,562.058,0.000,77.439,12.547,234.647,-0.707,-0.707,-296.000,285.000,0.000,0.000,-296.000,285.000,0.000,0.000,19.702,157.539,-0.600,0.800,19.702,157.539,-0.600,0.800,140.000,279.000,0.000,0.000,-1.000,-1.000,0,0
27.302,2.372,224.473,-0.699,-0.715,0,18.289,148.436,77.685,2,682.623,564.812,0,0,559.012,0.000,62.554,2.372,224.473,-0.707,-0.707,-296.000,285.000,0.000,0.000,-296.000,285.000,0.000,0.000,15.386,163.288,-0.600,0.800,15.386,163.288,-0.600,0.800,140.000,279.000,0.000,0.000,-1.000,-1.000,0,0
27.402,-7.802,214.298,-0.705,-0.709,0,13.973,154.185,63.936,2,691.516,551.805,0,0,556.041,0.000,49.039,-7.802,214.298,-0.707,-0.707,-296.000,285.000,0.000,0.000,-296.000,285.000,0.000,0.000,11.071,169.037,-0.600,0.800,11.071,169.037,-0.600,0.800,61.285,85.698,-0.568,0.823,-1.000,-1.000,0,0
27.502,-17.976,204.124,-0.706,-0.708,0,9.657,159.934,52.119,2,700.591,538.868,0,0,553.148,0.000,38.371,-17.976,204.124,-0.707,-0.707,-296.000,285.000,0.000,0.000,-296.000,285.000,0.000,0.000,6.755,174.786,-0.600,0.800,6.755,174.786,-0.600,0.800,57.191,91.607,-0.571,0.821,-1.000,-1.000,0,0
27.601,-20.011,190.578,-0.300,-0.954,0,5.341,165.682,35.532,2,701.469,532.727,0,0,550.334,0.000,24.594,-20.011,190.578,0.000,-1.000,44.000,-93.000,0.000,0.000,44.000,-93.000,0.000,0.000,2.439,180.535,-0.600,0.800,2.439,180.535,-0.600,0.800,53.079,97.503,-0.573,0.819,0.000,-1.000,0,0
27.701,-20.011,176.190,-0.088,-0.996,1,-21.347,161.115,15.133,1,700.536,528.592,0,0,523.356,0.000,20.754,-20.011,176.190,0.000,-1.000,44.000,-93.000,0.000,0.000,44.000,-93.000,0.000,0.000,-1.877,186.284,-0.600,0.800,-1.877,186.284,-0.600,0.800,48.453,102.945,-0.754,0.657,0.000,-1.000,0,0
27.804,-20.011,161.801,-0.025,-1.000,1,-20.384,146.672,15.133,1,699.897,524.820,0,0,520.889,0.000,33.240,-20.011,161.801,0.000,-1.000,44.000,-93.000,0.000,0.000,44.000,-93.000,0.000,0.000,-6.193,192.033,-0.600,0.800,-6.193,192.033,-0.600,0.800,42.710,107.259,-0.831,0.556,0.000,-1.000,0,0
27.901,-9.837,151.627,0.503,-0.864,1,-2.229,138.545,15.133,1,689.453,532.274,0,0,536.908,0.000,46.160,-9.837,151.627,0.707,-0.707,44.000,-93.000,0.000,0.000,44.000,-93.000,0.000,0.000,-10.509,197.782,-0.600,0.800,-10.509,197.782,-0.600,0.800,36.695,111.195,-0.824,0.566,1.000,-1.000,0,0
28.004,0.337,141.452,0.655,-0.756,1,10.244,130.012,15.133,1,679.154,540.009,0,0,547.520,0.000,40.135,0.337,141.452,0.707,-0.707,44.000,-93.000,0.000,0.000,44.000,-93.000,0.000,0.000,30.851,115.381,-0.812,0.583,30.851,115.381,-0.812,0.583,-14.825,203.531,-0.600,0.800,1.000,-1.000,0,0
28.104,10.512,131.278,0.692,-0.722,0,23.131,124.510,14.320,2,669.006,548.013,0,0,559.246,0.000,29.388,10.512,131.278,0.707,-0.707,44.000,-93.000,0.000,0.000,44.000,-93.000,0.000,0.000,35.403,115.654,0.995,-0.097,35.403,115.654,0.995,-0.097,-12.048,196.905,0.423,-0.906,1.000,-1.000,0,0
28.205,24.901,131.278,0.971,-0.241,0,30.286,123.810,9.207,2,654.622,562.159,0,0,566.183,0.000,24.046,24.901,131.278,1.000,0.000,44.000,-93.000,0.000,0.000,44.000,-93.000,0.000,0.000,42.557,114.954,0.995,-0.097,42.557,114.954,0.995,-0.097,-8.710,190.540,0.491,-0.871,1.000,0.000,0,0
28.303,39.289,131.278,0.997,-0.072,0,37.440,123.110,8.374,2,640.239,576.316,0,0,573.126,0.000,19.960,39.289,131.278,1.000,0.000,257.509,127.949,-0.178,0.984,257.509,127.949,-0.178,0.984,49.712,114.255,0.995,-0.097,49.712,114.255,0.995,-0.097,-4.898,184.448,0.556,-0.831,1.000,0.000,0,0
28.400,53.678,131.278,1.000,-0.022,0,44.595,122.411,12.694,2,625.855,590.485,0,0,580.075,0.000,18.007,53.678,131.278,1.000,0.000,256.228,135.023,-0.178,0.984,256.228,135.023,-0.178,0.984,56.866,113.555,0.995,-0.097,56.866,113.555,0.995,-0.097,-0.643,178.656,0.615,-0.788,1.000,-1.000,0,0
28.503,63.852,121.104,0.840,-0.542,0,51.749,121.711,12.118,2,615.878,598.894,0,0,587.030,0.000,8.250,63.852,121.104,0.707,-0.707,254.947,142.096,-0.178,0.984,254.947,142.096,-0.178,0.984,64.021,112.856,0.995,-0.097,64.021,112.856,0.995,-0.097,4.019,173.185,0.670,-0.743,1.000,-1.000,0,0
28.600,67.922,108.401,0.497,-0.868,0,58.904,121.012,15.504,2,612.292,601.147,0,0,593.990,0.000,4.969,67.922,108.401,0.000,-1.000,253.667,149.170,-0.178,0.984,253.667,149.170,-0.178,0.984,71.176,112.156,0.995,-0.097,71.176,112.156,0.995,-0.097,9.047,168.049,0.718,-0.696,0.000,-1.000,0,0
28.703,59.783,97.383,-0.306,-0.952,0,66.059,120.312,23.772,2,621.041,591.740,0,0,600.956,0.000,23.282,59.783,97.383,-0.707,-0.707,44.000,-93.000,0.000,0.000,44.000,-93.000,0.000,0.000,78.330,111.457,0.995,-0.097,78.330,111.457,0.995,-0.097,14.399,163.251,0.761,-0.649,-1.000,-1.000,0,0
28.805,49.608,87.209,-0.607,-0.795,0,73.213,119.613,40.090,2,631.925,580.560,0,0,607.927,0.000,42.914,49.608,87.209,-0.707,-0.707,44.000,-93.000,0.000,0.000,44.000,-93.000,0.000,0.000,85.485,110.757,0.995,-0.097,85.485,110.757,0.995,-0.097,20.034,158.790,0.798,-0.602,-1.000,-1.000,0,0
28.905,36.062,85.174,-0.927,-0.375,0,80.368,118.913,55.689,2,645.587,566.886,0,0,614.903,0.000,61.807,36.062,85.174,-1.000,0.000,44.000,-93.000,0.000,0.000,44.000,-93.000,0.000,0.000,92.639,110.058,0.995,-0.097,92.639,110.058,0.995,-0.097,25.913,154.655,0.830,-0.557,-1.000,0.000,0,0
29.001,33.185,85.174,-0.956,-0.294,0,87.522,118.214,63.594,2,648.454,564.023,0,0,621.884,0.000,65.669,33.185,85.174,0.000,0.000,44.000,-93.000,0.000,0.000,44.000,-93.000,0.000,0.000,32.001,150.833,0.857,-0.515,32.001,150.833,0.857,-0.515,99.794,109.358,0.995,-0.097,0.000,0.000,0,0
29.102,33.185,85.174,-0.956,-0.294,0,94.677,117.514,69.478,2,648.454,564.023,0,0,628.869,0.000,62.340,33.185,85.174,0.000,0.000,44.000,-93.000,0.000,0.000,44.000,-93.000,0.000,0.000,38.265,147.307,0.880,-0.475,38.265,147.307,0.880,-0.475,106.949,108.658,0.995,-0.097,0.000,0.000,0,0
29.202,33.185,85.174,-0.956,-0.294,0,101.832,116.814,75.588,2,648.454,564.023,0,0,635.859,0.000,59.994,33.185,85.174,0.000,0.000,44.000,-93.000,0.000,0.000,44.000,-93.000,0.000,0.000,44.676,144.057,0.899,-0.437,44.676,144.057,0.899,-0.437,114.103,107.959,0.995,-0.097,0.000,0.000,0,0
29.304,44.696,85.174,-0.267,-0.964,0,108.986,116.115,71.348,2,636.986,575.477,0,0,642.854,0.000,56.267,44.696,85.174,1.000,0.000,44.000,-93.000,0.000,0.000,44.000,-93.000,0.000,0.000,51.211,141.063,0.915,-0.403,51.211,141.063,0.915,-0.403,121.258,107.259,0.995,-0.097,1.000,0.000,0,0
29.400,59.084,85.174,0.801,-0.599,0,116.141,115.415,64.575,2,622.652,589.798,0,0,649.852,0.000,53.144,59.084,85.174,1.000,0.000,44.000,-93.000,0.000,0.000,44.000,-93.000,0.000,0.000,57.849,138.304,0.928,-0.371,57.849,138.304,0.928,-0.371,128.412,106.560,0.995,-0.097,1.000,0.000,0,0
29.505,73.473,85.174,0.996,-0.087,0,117.935,116.420,54.343,2,608.321,604.122,0,0,651.762,0.000,51.359,73.473,85.174,1.000,0.000,44.000,-93.000,0.000,0.000,44.000,-93.000,0.000,0.000,64.571,135.756,0.939,-0.345,64.571,135.756,0.939,-0.345,130.207,107.564,-0.869,0.495,1.000,0.000,0,0
29.602,83.647,95.348,0.874,0.486,0,111.691,119.981,37.325,2,597.378,615.235,0,0,646.055,0.000,39.963,83.647,95.348,0.707,0.707,44.000,-93.000,0.000,0.000,44.000,-93.000,0.000,0.000,71.353,133.374,0.947,-0.321,71.353,133.374,0.947,-0.321,123.962,111.125,-0.869,0.495,1.000,1.000,0,0
29.703,93.822,105.523,0.762,0.648,0,89.521,126.366,21.282,2,586.584,626.481,0,0,625.055,0.000,25.592,93.822,105.523,0.707,0.707,239.576,226.980,-0.178,0.984,239.576,226.980,-0.178,0.984,117.717,114.686,-0.869,0.495,117.717,114.686,-0.869,0.495,75.526,132.124,-0.728,0.685,1.000,1.000,0,0
29.803,103.996,115.697,0.723,0.691,0,84.286,131.293,25.134,2,575.948,637.854,0,0,620.662,0.000,7.899,103.996,115.697,0.707,0.707,238.295,234.054,-0.178,0.984,238.295,234.054,-0.178,0.984,111.473,118.247,-0.869,0.495,111.473,118.247,-0.869,0.495,70.291,137.051,-0.728,0.685,1.000,1.000,0,0
29.901,114.170,125.872,0.712,0.702,0,79.051,136.220,36.612,2,565.477,649.346,0,0,616.321,0.000,9.823,114.170,125.872,0.707,0.707,237.014,241.128,-0.178,0.984,237.014,241.128,-0.178,0.984,105.228,121.807,-0.869,0.495,105.228,121.807,-0.869,0.495,65.056,141.978,-0.728,0.685,1.000,1.000,0,0
30.000,124.345,136.046,0.709,0.706,0,73.817,141.147,50.785,2,555.182,660.952,0,0,612.034,0.000,27.518,124.345,136.046,0.707,0.707,235.733,248.201,-0.178,0.984,235.733,248.201,-0.178,0.984,98.983,125.368,-0.869,0.495,98.983,125.368,-0.869,0.495,59.822,146.905,-0.728,0.685,1.000,1.000,0,0
30.100,135.362,144.185,0.744,0.668,0,68.582,146.074,66.807,2,544.202,673.150,0,0,607.802,0.000,45.272,135.362,144.185,1.000,0.000,234.452,255.275,-0.178,0.984,234.452,255.275,-0.178,0.984,92.738,128.929,-0.869,0.495,92.738,128.929,-0.869,0.495,54.587,151.832,-0.728,0.685,1.000,0.000,0,0
30.203,138.240,144.185,0.762,0.647,0,63.347,151.001,75.202,2,541.326,675.986,0,0,603.626,0.000,53.052,138.240,144.185,-1.000,0.000,233.171,262.349,-0.178,0.984,233.171,262.349,-0.178,0.984,86.493,132.490,-0.869,0.495,86.493,132.490,-0.869,0.495,49.352,156.759,-0.728,0.685,-1.000,0.000,0,0
30.303,123.851,144.185,-0.370,0.929,0,58.113,155.928,66.779,2,555.708,661.809,0,0,599.507,0.000,44.355,123.851,144.185,-1.000,0.000,231.890,269.422,-0.178,0.984,231.890,269.422,-0.178,0.984,80.248,136.051,-0.869,0.495,80.248,136.051,-0.869,0.495,44.118,161.686,-0.728,0.685,-1.000,0.000,0,0
30.403,109.462,144.185,-0.985,0.173,0,52.878,160.855,58.989,2,570.090,647.641,0,0,595.446,0.000,35.753,109.462,144.185,-1.000,0.000,230.608,276.496,-0.178,0.984,230.608,276.496,-0.178,0.984,74.003,139.611,-0.869,0.495,74.003,139.611,-0.869,0.495,38.883,166.613,-0.728,0.685,-1.000,0.000,0,0
30.505,97.602,150.290,-0.897,0.443,0,47.643,165.782,52.306,2,582.043,637.087,0,0,591.444,0.000,30.681,97.602,150.290,-0.707,0.707,229.327,283.570,-0.178,0.984,229.327,283.570,-0.178,0.984,67.759,143.172,-0.869,0.495,67.759,143.172,-0.869,0.495,33.649,171.540,-0.728,0.685,-1.000,1.000,0,0
30.605,87.428,160.464,-0.770,0.637,0,42.409,170.709,46.170,2,592.511,629.115,0,0,587.504,0.000,29.327,87.428,160.464,-0.707,0.707,228.046,290.643,-0.178,0.984,228.046,290.643,-0.178,0.984,61.514,146.733,-0.869,0.495,61.514,146.733,-0.869,0.495,28.414,176.468,-0.728,0.685,-1.000,1.000,0,0
30.701,77.253,170.639,-0.727,0.687,0,37.174,175.637,40.390,2,603.142,621.375,0,0,583.625,0.000,29.954,77.253,170.639,-0.707,0.707,226.765,297.717,-0.178,0.984,226.765,297.717,-0.178,0.984,55.269,150.294,-0.869,0.495,55.269,150.294,-0.869,0.495,23.179,181.395,-0.728,0.685,-1.000,1.000,0,0
30.802,67.079,180.813,-0.713,0.701,0,31.940,180.564,35.140,2,613.925,613.874,0,0,579.810,0.000,32.446,67.079,180.813,-0.707,0.707,225.484,304.791,-0.178,0.984,225.484,304.791,-0.178,0.984,49.024,153.855,-0.869,0.495,49.024,153.855,-0.869,0.495,17.945,186.322,-0.728,0.685,-1.000,1.000,0,0
30.903,56.062,188.952,-0.748,0.664,1,44.740,198.993,15.133,1,625.524,605.274,0,0,597.105,0.000,34.220,56.062,188.952,-1.000,0.000,224.203,311.864,-0.178,0.984,224.203,311.864,-0.178,0.984,42.779,157.415,-0.869,0.495,42.779,157.415,-0.869,0.495,12.710,191.249,-0.728,0.685,-1.000,0.000,0,0
31.002,41.673,188.952,-0.978,0.209,0,21.470,190.418,20.256,2,639.861,591.402,0,0,572.373,0.000,28.444,41.673,188.952,-1.000,0.000,222.922,318.938,-0.178,0.984,222.922,318.938,-0.178,0.984,36.534,160.976,-0.869,0.495,36.534,160.976,-0.869,0.495,7.475,196.176,-0.728,0.685,-1.000,0.000,0,0
31.102,33.883,196.743,-0.773,0.634,0,16.236,195.345,17.703,2,648.285,586.058,0,0,568.755,0.000,31.941,33.883,196.743,0.000,1.000,221.641,326.012,-0.178,0.984,221.641,326.012,-0.178,0.984,2.241,201.103,-0.728,0.685,2.241,201.103,-0.728,0.685,30.289,164.537,-0.869,0.495,0.000,1.000,0,0
31.202,42.022,207.760,0.218,0.976,0,11.001,200.272,31.912,2,641.289,597.037,0,0,565.205,0.000,43.546,42.022,207.760,0.707,0.707,220.360,333.085,-0.178,0.984,220.360,333.085,-0.178,0.984,24.045,168.098,-0.869,0.495,24.045,168.098,-0.869,0.495,-2.994,206.030,-0.728,0.685,1.000,1.000,0,0
31.305,52.197,217.934,0.587,0.810,0,5.766,205.199,48.145,2,632.386,609.802,0,0,561.724,0.000,57.659,52.197,217.934,0.707,0.707,219.079,340.159,-0.178,0.984,219.079,340.159,-0.178,0.984,17.800,171.659,-0.869,0.495,17.800,171.659,-0.869,0.495,-8.229,210.957,-0.728,0.685,1.000,1.000,0,0
31.404,52.197,228.951,0.205,0.979,0,0.532,210.126,54.988,2,633.875,613.270,0,0,558.315,0.000,66.948,52.197,228.951,-0.707,0.707,217.798,347.233,-0.178,0.984,217.798,347.233,-0.178,0.984,-13.463,215.884,-0.728,0.685,-13.463,215.884,-0.728,0.685,11.555,175.219,-0.869,0.495,-1.000,1.000,0,0
31.502,42.022,239.126,-0.482,0.876,0,-6.541,211.412,55.915,2,645.459,607.068,0,0,552.043,0.000,66.300,42.022,239.126,-0.707,0.707,216.517,354.306,-0.178,0.984,216.517,354.306,-0.178,0.984,-20.536,217.170,-0.984,0.179,-20.536,217.170,-0.984,0.179,5.310,178.780,-0.869,0.495,-1.000,1.000,0,0
31.603,27.634,239.126,-0.948,0.317,0,-13.614,212.697,48.988,2,659.669,593.578,0,0,545.794,0.000,58.983,27.634,239.126,-1.000,0.000,215.236,361.380,-0.178,0.984,215.236,361.380,-0.178,0.984,-27.609,218.455,-0.984,0.179,-27.609,218.455,-0.984,0.179,-0.935,182.341,-0.869,0.495,-1.000,0.000,0,0
31.702,13.245,239.126,-0.996,0.094,0,-20.687,213.983,42.232,2,673.887,580.131,0,0,539.568,0.000,51.698,13.245,239.126,-1.000,0.000,213.954,368.454,-0.178,0.984,213.954,368.454,-0.178,0.984,-34.682,219.741,-0.984,0.179,-34.682,219.741,-0.984,0.179,-7.180,185.902,-0.869,0.495,-1.000,0.000,0,0
31.804,-1.144,239.126,-1.000,0.026,0,-27.760,215.269,35.743,2,688.112,566.730,0,0,533.367,0.000,44.461,-1.144,239.126,-1.000,0.000,212.673,375.527,-0.178,0.984,212.673,375.527,-0.178,0.984,-41.755,221.027,-0.984,0.179,-41.755,221.027,-0.984,0.179,-13.424,189.462,-0.869,0.495,-1.000,0.000,0,0
31.903,-13.004,233.021,-0.926,-0.379,1,-27.010,227.291,15.133,1,698.985,553.464,0,0,538.338,0.000,37.390,-13.004,233.021,-0.707,-0.707,211.392,382.601,-0.178,0.984,211.392,382.601,-0.178,0.984,-48.827,222.313,-0.984,0.179,-48.827,222.313,-0.984,0.179,-19.669,193.023,-0.869,0.495,-1.000,-1.000,0,0
32.004,-10.969,221.161,-0.211,-0.977,0,-38.186,205.440,31.431,2,695.451,551.152,0,0,520.221,0.000,28.764,-10.969,221.161,0.707,-0.707,207.750,386.941,-0.999,0.033,207.750,386.941,-0.999,0.033,-25.914,196.584,-0.869,0.495,-25.914,196.584,-0.869,0.495,-55.900,223.598,-0.984,0.179,1.000,-1.000,0,0
32.101,0.891,215.057,0.724,-0.690,0,-44.431,209.000,45.725,2,682.964,560.256,0,0,515.565,0.000,36.258,0.891,215.057,1.000,0.000,200.840,386.284,-0.808,-0.589,200.840,386.284,-0.808,-0.589,-32.159,200.145,-0.869,0.495,-32.159,200.145,-0.869,0.495,-62.973,224.884,-0.984,0.179,1.000,0.000,0,0
32.202,15.280,215.057,0.976,-0.216,0,-50.676,212.561,66.003,2,668.673,573.859,0,0,510.967,0.000,54.871,15.280,215.057,1.000,0.000,194.978,382.124,-0.821,-0.572,194.978,382.124,-0.821,-0.572,-38.404,203.706,-0.869,0.495,-38.404,203.706,-0.869,0.495,-70.046,226.170,-0.984,0.179,1.000,0.000,0,0
32.302,29.669,215.057,0.998,-0.063,0,-56.920,216.122,86.595,2,654.387,587.500,0,0,506.430,0.000,74.724,29.669,215.057,1.000,0.000,189.026,378.092,-0.833,-0.554,189.026,378.092,-0.833,-0.554,-44.649,207.266,-0.869,0.495,-44.649,207.266,-0.869,0.495,-77.118,227.455,-0.984,0.179,1.000,0.000,0,0
32.405,26.791,215.057,0.826,-0.563,0,-63.165,219.683,90.075,2,657.244,584.769,0,0,501.954,0.000,77.799,26.791,215.057,-1.000,0.000,182.989,374.191,-0.845,-0.535,182.989,374.191,-0.845,-0.535,-50.894,210.827,-0.869,0.495,-50.894,210.827,-0.869,0.495,-84.191,228.741,-0.984,0.179,-1.000,0.000,0,0
32.501,12.402,215.057,-0.225,-0.974,0,-69.410,223.244,82.221,2,671.531,571.136,0,0,497.543,0.000,69.544,12.402,215.057,-1.000,0.000,176.867,370.423,-0.856,-0.517,176.867,370.423,-0.856,-0.517,-57.138,214.388,-0.869,0.495,-57.138,214.388,-0.869,0.495,-91.264,230.027,-0.984,0.179,-1.000,0.000,0,0
32.603,-1.987,215.056,-0.988,-0.152,0,-75.655,226.804,74.599,2,685.822,557.541,0,0,493.196,0.000,61.465,-1.987,215.056,-1.000,0.000,170.664,366.789,-0.867,-0.498,170.664,366.789,-0.867,-0.498,-63.383,217.949,-0.869,0.495,-63.383,217.949,-0.869,0.495,-98.337,231.313,-0.984,0.179,-1.000,0.000,0,0
32.705,-16.375,215.056,-0.999,-0.044,0,-81.900,230.365,67.289,2,700.118,543.987,0,0,488.917,0.000,53.642,-16.375,215.056,-1.000,0.000,164.383,363.292,-0.878,-0.479,164.383,363.292,-0.878,-0.479,-69.628,221.510,-0.869,0.495,-69.628,221.510,-0.869,0.495,-105.410,232.598,-0.984,0.179,-1.000,0.000,0,0
32.801,-30.764,215.056,-1.000,-0.013,0,-88.145,233.926,60.404,2,714.417,530.476,0,0,484.706,0.000,46.207,-30.764,215.056,-1.000,0.000,158.028,359.934,-0.888,-0.460,158.028,359.934,-0.888,-0.460,-75.873,225.070,-0.869,0.495,-75.873,225.070,-0.869,0.495,-112.482,233.884,-0.984,0.179,-1.000,0.000,0,0
32.904,-45.153,215.056,-1.000,-0.004,0,-94.389,237.487,54.105,2,728.720,517.014,0,0,480.566,0.000,39.379,-45.153,215.056,-1.000,0.000,151.601,356.714,-0.898,-0.440,151.601,356.714,-0.898,-0.440,-82.118,228.631,-0.869,0.495,-82.118,228.631,-0.869,0.495,-119.555,235.170,-0.984,0.179,-1.000,0.000,0,0
33.003,-59.541,215.056,-1.000,-0.001,0,-100.634,241.048,48.623,2,743.026,503.602,0,0,476.499,0.000,33.530,-59.541,215.056,-1.000,0.000,-296.000,285.000,0.000,0.000,-296.000,285.000,0.000,0.000,-88.363,232.192,-0.869,0.495,-88.363,232.192,-0.869,0.495,-126.628,236.455,-0.984,0.179,-1.000,0.000,0,0
33.101,-71.401,221.161,-0.926,0.378,0,-106.879,244.608,42.526,2,755.469,494.903,0,0,472.506,0.000,27.412,-71.401,221.161,-0.707,0.707,-296.000,285.000,0.000,0.000,-296.000,285.000,0.000,0.000,-94.608,235.753,-0.869,0.495,-94.608,235.753,-0.869,0.495,-133.701,237.741,-0.984,0.179,-1.000,1.000,0,0
33.204,-81.576,231.335,-0.781,0.625,0,-113.124,248.169,35.758,2,766.753,489.609,0,0,468.589,0.000,20.862,-81.576,231.335,-0.707,0.707,-296.000,285.000,0.000,0.000,-296.000,285.000,0.000,0.000,-100.852,239.314,-0.869,0.495,-100.852,239.314,-0.869,0.495,-140.774,239.027,-0.984,0.179,-1.000,1.000,0,0
33.300,-91.750,241.510,-0.730,0.683,1,-102.804,251.845,15.133,1,778.140,484.684,0,0,479.433,0.000,15.408,-91.750,241.510,-0.707,0.707,-296.000,285.000,0.000,0.000,-296.000,285.000,0.000,0.000,-107.097,242.874,-0.869,0.495,-107.097,242.874,-0.869,0.495,-147.846,240.312,-0.984,0.179,-1.000,1.000,0,0
33.405,-101.925,251.684,-0.714,0.701,1,-112.723,262.286,15.133,1,789.624,480.139,0,0,475.649,0.000,12.566,-101.925,251.684,-0.707,0.707,-296.000,285.000,0.000,0.000,-296.000,285.000,0.000,0.000,-113.342,246.435,-0.869,0.495,-113.342,246.435,-0.869,0.495,-154.919,241.598,-0.984,0.179,-1.000,1.000,0,0
33.503,-112.099,261.858,-0.709,0.705,1,-122.829,272.530,15.133,1,801.203,475.987,0,0,472.013,0.000,14.028,-112.099,261.858,-0.707,0.707,-296.000,285.000,0.000,0.000,-296.000,285.000,0.000,0.000,-119.587,249.996,-0.869,0.495,-119.587,249.996,-0.869,0.495,-161.992,242.884,-0.984,0.179,0.000,1.000,0,0
33.601,-103.959,272.876,0.243,0.970,1,-100.275,287.554,15.133,1,794.960,488.478,0,0,499.067,0.000,29.183,-103.959,272.876,0.707,0.707,-296.000,285.000,0.000,0.000,-296.000,285.000,0.000,0.000,-125.832,253.557,-0.869,0.495,-125.832,253.557,-0.869,0.495,-169.065,244.170,-0.984,0.179,1.000,1.000,0,0
33.700,-93.785,283.050,0.588,0.809,1,-84.887,295.291,15.133,1,786.751,502.365,0,0,516.236,0.000,46.247,-93.785,283.050,0.707,0.707,97.959,343.031,-0.966,-0.258,97.959,343.031,-0.966,-0.258,-132.077,257.118,-0.869,0.495,-132.077,257.118,-0.869,0.495,-176.137,245.455,-0.984,0.179,1.000,1.000,0,0
33.804,-81.925,289.155,0.870,0.493,1,-68.757,296.613,15.133,1,776.266,515.681,0,0,530.806,0.000,63.178,-81.925,289.155,1.000,0.000,90.990,341.266,-0.968,-0.252,90.990,341.266,-0.968,-0.252,-138.321,260.678,-0.869,0.495,-138.321,260.678,-0.869,0.495,-183.210,246.741,-0.984,0.179,1.000,0.000,0,0
33.906,-68.379,287.120,0.996,0.090,1,-53.307,288.482,15.133,1,762.587,526.448,0,0,540.305,0.000,79.549,-68.379,287.120,0.707,-0.707,84.123,339.146,-0.948,-0.320,84.123,339.146,-0.948,-0.320,-144.566,264.239,-0.869,0.495,-144.566,264.239,-0.869,0.495,-190.283,248.027,-0.984,0.179,1.000,-1.000,0,0
34.001,-58.205,276.945,0.867,-0.498,1,-45.077,269.416,15.133,1,750.663,530.560,0,0,538.843,0.000,93.057,-58.205,276.945,0.707,-0.707,77.557,336.235,-0.890,-0.457,77.557,336.235,-0.890,-0.457,-150.811,267.800,-0.869,0.495,-150.811,267.800,-0.869,0.495,-197.356,249.312,-0.984,0.179,1.000,-1.000,0,0
34.105,-48.030,266.771,0.757,-0.653,1,-36.570,256.888,15.133,1,738.827,535.027,0,0,541.130,0.000,109.122,-48.030,266.771,0.707,-0.707,71.410,332.515,-0.832,-0.555,71.410,332.515,-0.832,-0.555,-157.056,271.361,-0.869,0.495,-157.056,271.361,-0.869,0.495,-204.428,250.598,-0.984,0.179,1.000,-1.000,0,0
34.200,-37.856,256.597,0.723,-0.691,1,-26.919,246.138,15.133,1,727.083,539.841,0,0,545.580,0.000,126.776,-37.856,256.597,0.707,-0.707,65.716,328.133,-0.764,-0.645,65.716,328.133,-0.764,-0.645,-163.301,274.921,-0.869,0.495,-163.301,274.921,-0.869,0.495,-211.501,251.884,-0.984,0.179,1.000,-1.000,0,0
34.300,-27.682,246.422,0.712,-0.703,1,-16.912,235.791,15.133,1,715.436,544.992,0,0,550.853,0.000,145.441,-27.682,246.422,0.707,-0.707,60.569,323.120,-0.682,-0.731,60.569,323.120,-0.682,-0.731,-169.546,278.482,-0.869,0.495,-169.546,278.482,-0.869,0.495,140.000,279.000,0.000,0.000,1.000,-1.000,0,0
34.401,-17.507,236.248,0.708,-0.706,1,-6.787,225.567,15.133,1,703.890,550.471,0,0,556.603,0.000,163.206,-17.507,236.248,0.707,-0.707,56.076,317.514,-0.585,-0.811,56.076,317.514,-0.585,-0.811,140.000,279.000,0.000,0.000,140.000,279.000,0.000,0.000,-175.790,282.043,-0.869,0.495,1.000,-1.000,0,0
34.501,-7.333,226.074,0.707,-0.707,1,3.374,215.379,15.133,1,692.450,556.269,0,0,562.706,0.000,156.551,-7.333,226.074,0.707,-0.707,52.331,311.384,-0.477,-0.879,52.331,311.384,-0.477,-0.879,140.000,279.000,0.000,0.000,140.000,279.000,0.000,0.000,-182.035,285.604,-0.869,0.495,1.000,-1.000,0,0
34.605,2.841,215.899,0.707,-0.707,1,13.544,205.200,15.133,1,681.123,562.375,0,0,569.120,0.000,150.978,2.841,215.899,0.707,-0.707,49.396,304.827,-0.362,-0.932,49.396,304.827,-0.362,-0.932,140.000,279.000,0.000,0.000,140.000,279.000,0.000,0.000,-188.280,289.165,-0.869,0.495,1.000,-1.000,0,0
34.704,13.016,205.725,0.707,-0.707,1,23.717,195.025,15.133,1,669.913,568.779,0,0,575.827,0.000,146.609,13.016,205.725,0.707,-0.707,47.295,297.956,-0.246,-0.969,47.295,297.956,-0.246,-0.969,140.000,279.000,0.000,0.000,140.000,279.000,0.000,0.000,-194.525,292.725,-0.869,0.495,1.000,-1.000,0,0
34.802,23.190,195.551,0.707,-0.707,1,33.891,184.850,15.133,1,658.826,575.472,0,0,582.812,0.000,143.556,23.190,195.551,0.707,-0.707,46.010,290.887,-0.135,-0.991,46.010,290.887,-0.135,-0.991,140.000,279.000,0.000,0.000,140.000,279.000,0.000,0.000,-200.770,296.286,-0.869,0.495,1.000,-1.000,0,0
34.905,33.364,185.376,0.707,-0.707,1,44.065,174.676,15.133,1,647.869,582.444,0,0,590.066,0.000,141.903,33.364,185.376,0.707,-0.707,45.489,283.720,-0.032,-0.999,45.489,283.720,-0.032,-0.999,140.000,279.000,0.000,0.000,140.000,279.000,0.000,0.000,-207.014,299.847,-0.869,0.495,1.000,-1.000,0,0
35.004,43.539,175.202,0.707,-0.707,1,54.239,164.501,15.133,1,637.049,589.684,0,0,597.578,0.000,141.700,43.539,175.202,0.707,-0.707,45.659,276.536,0.059,-0.998,45.659,276.536,0.059,-0.998,140.000,279.000,0.000,0.000,140.000,279.000,0.000,0.000,108.800,-94.600,0.000,0.000,1.000,-1.000,0,0
35.104,54.556,167.063,0.830,-0.558,1,67.112,158.615,15.133,1,625.623,598.464,0,0,608.865,0.000,140.822,54.556,167.063,1.000,0.000,46.439,269.391,0.140,-0.990,46.439,269.391,0.140,-0.990,140.000,279.000,0.000,0.000,140.000,279.000,0.000,0.000,108.800,-94.600,0.000,0.000,1.000,0.000,0,0
35.205,68.945,167.063,0.986,-0.168,1,83.864,164.527,15.133,1,611.255,612.479,0,0,626.483,0.000,132.585,68.945,167.063,1.000,0.000,48.241,262.441,0.314,-0.950,48.241,262.441,0.314,-0.950,140.000,279.000,0.000,0.000,140.000,279.000,0.000,0.000,108.800,-94.600,0.000,0.000,1.000,0.000,0,0
35.305,83.333,167.063,0.999,-0.049,1,98.448,166.318,15.133,1,596.888,626.511,0,0,641.111,0.000,125.464,83.333,167.063,1.000,0.000,51.071,255.839,0.444,-0.896,51.071,255.839,0.444,-0.896,140.000,279.000,0.000,0.000,140.000,279.000,0.000,0.000,108.800,-94.600,0.000,0.000,1.000,0.000,0,0
35.404,97.722,167.063,1.000,-0.014,1,112.854,166.847,15.133,1,582.522,640.559,0,0,655.304,0.000,119.656,97.722,167.063,1.000,0.000,54.751,249.668,0.554,-0.832,54.751,249.668,0.554,-0.832,140.000,279.000,0.000,0.000,140.000,279.000,0.000,0.000,108.800,-94.600,0.000,0.000,1.000,0.000,0,0
35.500,112.111,167.063,1.000,-0.004,1,127.244,166.997,15.133,1,568.157,654.622,0,0,669.414,0.000,115.360,112.111,167.063,1.000,0.000,59.143,243.982,0.646,-0.763,59.143,243.982,0.646,-0.763,140.000,279.000,0.000,0.000,140.000,279.000,0.000,0.000,108.800,-94.600,0.000,0.000,1.000,0.000,0,0
35.600,126.499,167.063,1.000,-0.001,1,141.633,167.044,15.133,1,553.793,668.698,0,0,683.513,0.000,112.749,126.499,167.063,1.000,0.000,64.120,238.799,0.721,-0.693,64.120,238.799,0.721,-0.693,140.000,279.000,0.000,0.000,140.000,279.000,0.000,0.000,108.800,-94.600,0.000,0.000,1.000,0.000,0,0
35.700,140.888,167.063,1.000,0.000,1,156.021,167.057,15.133,1,539.431,682.788,0,0,697.619,0.000,111.941,140.888,167.063,1.000,0.000,69.565,234.110,0.780,-0.626,69.565,234.110,0.780,-0.626,140.000,279.000,0.000,0.000,140.000,279.000,0.000,0.000,108.800,-94.600,0.000,0.000,1.000,0.000,0,0
35.806,155.277,167.063,1.000,0.000,1,170.410,167.061,15.133,1,525.070,696.890,0,0,711.733,0.000,112.975,155.277,167.063,1.000,0.000,75.379,229.884,0.826,-0.563,75.379,229.884,0.826,-0.563,140.000,279.000,0.000,0.000,140.000,279.000,0.000,0.000,108.800,-94.600,0.000,0.000,1.000,0.000,0,0
35.902,169.665,167.063,1.000,0.000,1,184.799,167.062,15.133,1,510.711,711.003,0,0,725.858,0.000,115.802,169.665,167.063,1.000,0.000,81.479,226.082,0.862,-0.507,81.479,226.082,0.862,-0.507,140.000,279.000,0.000,0.000,140.000,279.000,0.000,0.000,108.800,-94.600,0.000,0.000,1.000,0.000,0,0
36.001,184.054,167.063,1.000,0.000,1,199.187,167.062,15.133,1,496.354,725.127,0,0,739.993,0.000,120.294,184.054,167.063,1.000,0.000,87.801,222.662,0.890,-0.456,87.801,222.662,0.890,-0.456,140.000,279.000,0.000,0.000,140.000,279.000,0.000,0.000,427.000,279.000,0.000,0.000,1.000,0.000,0,0
36.104,195.071,158.923,0.896,-0.445,1,208.624,152.191,15.133,1,484.941,734.486,0,0,746.709,0.000,132.103,195.071,158.923,0.707,-0.707,94.183,219.358,0.871,-0.491,94.183,219.358,0.871,-0.491,140.000,279.000,0.000,0.000,140.000,279.000,0.000,0.000,427.000,279.000,0.000,0.000,1.000,-1.000,0,0
36.204,205.246,148.749,0.771,-0.637,1,216.916,139.115,15.133,1,474.440,742.822,0,0,752.900,0.000,145.679,205.246,148.749,0.707,-0.707,100.298,215.580,0.840,-0.542,100.298,215.580,0.840,-0.542,140.000,279.000,0.000,0.000,140.000,279.000,0.000,0.000,427.000,279.000,0.000,0.000,1.000,-1.000,0,0
36.302,215.420,138.574,0.727,-0.687,1,226.415,128.176,15.133,1,464.148,751.342,0,0,760.823,0.000,159.397,215.420,138.574,0.707,-0.707,106.264,211.570,0.824,-0.567,106.264,211.570,0.824,-0.567,140.000,279.000,0.000,0.000,140.000,279.000,0.000,0.000,427.000,279.000,0.000,0.000,1.000,-1.000,0,0
36.404,225.594,128.400,0.713,-0.701,1,236.380,117.784,15.133,1,454.078,760.039,0,0,769.463,0.000,173.225,225.594,128.400,0.707,-0.707,112.138,207.425,0.813,-0.582,112.138,207.425,0.813,-0.582,140.000,279.000,0.000,0.000,140.000,279.000,0.000,0.000,427.000,279.000,0.000,0.000,1.000,-1.000,0,0
36.501,235.769,118.226,0.709,-0.705,1,246.495,107.551,15.133,1,444.247,768.906,0,0,778.438,0.000,187.136,235.769,118.226,0.707,-0.707,117.942,203.184,0.804,-0.595,117.942,203.184,0.804,-0.595,140.000,279.000,0.000,0.000,140.000,279.000,0.000,0.000,108.800,-94.600,0.000,0.000,1.000,-1.000,0,0
36.603,248.472,114.156,0.925,-0.380,1,262.467,108.398,15.133,1,431.769,781.081,0,0,794.413,0.000,197.331,248.472,114.156,1.000,0.000,123.753,198.955,0.826,-0.564,123.753,198.955,0.826,-0.564,140.000,279.000,0.000,0.000,140.000,279.000,0.000,0.000,427.000,279.000,0.000,0.000,1.000,0.000,0,0
36.705,262.860,114.156,0.994,-0.110,1,277.902,112.496,15.133,1,417.413,795.386,0,0,810.175,0.000,205.592,262.860,114.156,1.000,0.000,125.414,198.733,-0.692,0.722,125.414,198.733,-0.692,0.722,140.000,279.000,0.000,0.000,140.000,279.000,0.000,0.000,427.000,279.000,0.000,0.000,1.000,0.000,0,0
36.805,277.249,114.156,0.999,-0.032,1,292.375,113.677,15.133,1,403.059,809.695,0,0,824.691,0.000,214.501,277.249,114.156,1.000,0.000,120.442,203.926,-0.692,0.722,120.442,203.926,-0.692,0.722,140.000,279.000,0.000,0.000,140.000,279.000,0.000,0.000,427.000,279.000,0.000,0.000,1.000,0.000,0,0
36.902,291.638,114.156,1.000,-0.009,1,306.770,114.013,15.133,1,388.708,824.006,0,0,839.045,0.000,213.299,291.638,114.156,1.000,0.000,115.471,209.118,-0.692,0.722,115.471,209.118,-0.692,0.722,427.000,279.000,0.000,0.000,427.000,279.000,0.000,0.000,140.000,279.000,0.000,0.000,1.000,0.000,0,0
37.000,306.027,114.156,1.000,-0.003,1,321.160,114.113,15.133,1,374.359,838.320,0,0,853.372,0.000,204.470,306.027,114.156,1.000,0.000,110.499,214.310,-0.692,0.722,110.499,214.310,-0.692,0.722,427.000,279.000,0.000,0.000,427.000,279.000,0.000,0.000,140.000,279.000,0.000,0.000,1.000,0.000,0,0
37.103,320.415,114.156,1.000,-0.001,1,335.549,114.144,15.133,1,360.014,852.636,0,0,867.694,0.000,196.300,320.415,114.156,1.000,0.000,105.527,219.503,-0.692,0.722,105.527,219.503,-0.692,0.722,427.000,279.000,0.000,0.000,427.000,279.000,0.000,0.000,424.800,-106.500,0.000,0.000,1.000,0.000,0,0
37.204,334.804,114.156,1.000,0.000,1,349.937,114.153,15.133,1,345.672,866.955,0,0,882.016,0.000,188.875,334.804,114.156,1.000,0.000,100.556,224.695,-0.692,0.722,100.556,224.695,-0.692,0.722,427.000,279.000,0.000,0.000,427.000,279.000,0.000,0.000,424.800,-106.500,0.000,0.000,1.000,0.000,0,0
37.305,349.193,114.156,1.000,0.000,1,364.326,114.155,15.133,1,331.334,881.276,0,0,896.340,0.000,182.284,349.193,114.156,1.000,0.000,95.584,229.887,-0.692,0.722,95.584,229.887,-0.692,0.722,427.000,279.000,0.000,0.000,427.000,279.000,0.000,0.000,424.800,-106.500,0.000,0.000,1.000,0.000,0,0
37.405,363.582,114.156,1.000,0.000,1,378.715,114.156,15.133,1,317.001,895.599,0,0,910.665,0.000,176.622,363.582,114.156,1.000,0.000,86.106,30.602,0.438,0.899,86.106,30.602,0.438,0.899,427.000,279.000,0.000,0.000,427.000,279.000,0.000,0.000,424.800,-106.500,0.000,0.000,1.000,0.000,0,0
37.501,377.970,114.156,1.000,0.000,1,393.103,114.156,15.133,1,302.674,909.924,0,0,924.992,0.000,171.981,377.970,114.156,1.000,0.000,89.257,37.064,0.438,0.899,89.257,37.064,0.438,0.899,427.000,279.000,0.000,0.000,427.000,279.000,0.000,0.000,424.800,-106.500,0.000,0.000,1.000,0.000,0,0
37.601,392.359,114.156,1.000,0.000,1,407.492,114.156,15.133,1,288.352,924.251,0,0,939.322,0.000,168.445,392.359,114.156,1.000,0.000,92.407,43.525,0.438,0.899,92.407,43.525,0.438,0.899,427.000,279.000,0.000,0.000,427.000,279.000,0.000,0.000,424.800,-106.500,0.000,0.000,1.000,0.000,0,0
37.701,406.748,114.156,1.000,0.000,1,421.881,114.156,15.133,1,274.037,938.580,0,0,953.653,0.000,166.083,406.748,114.156,1.000,0.000,95.558,49.987,0.438,0.899,95.558,49.987,0.438,0.899,427.000,279.000,0.000,0.000,427.000,279.000,0.000,0.000,424.800,-106.500,0.000,0.000,1.000,0.000,0,0
37.805,421.136,114.156,1.000,0.000,1,436.270,114.156,15.133,1,259.731,952.911,0,0,967.985,0.000,164.948,421.136,114.156,1.000,0.000,98.709,56.448,0.438,0.899,98.709,56.448,0.438,0.899,427.000,279.000,0.000,0.000,427.000,279.000,0.000,0.000,627.066,131.682,-0.078,-0.997,1.000,0.000,0,0
37.905,435.525,114.156,1.000,0.000,1,450.658,114.156,15.133,1,245.434,967.244,0,0,982.320,0.000,165.064,435.525,114.156,1.000,0.000,101.860,62.910,0.438,0.899,101.860,62.910,0.438,0.899,427.000,279.000,0.000,0.000,427.000,279.000,0.000,0.000,626.508,124.515,-0.078,-0.997,1.000,0.000,0,0
38.004,449.914,114.156,1.000,0.000,1,465.047,114.156,15.133,1,231.149,981.578,0,0,996.655,0.000,166.429,449.914,114.156,1.000,0.000,105.011,69.371,0.438,0.899,105.011,69.371,0.438,0.899,427.000,279.000,0.000,0.000,427.000,279.000,0.000,0.000,625.950,117.348,-0.078,-0.997,1.000,0.000,0,0
38.106,464.303,114.156,1.000,0.000,1,479.436,114.156,15.133,1,216.877,995.914,0,0,1010.993,0.000,164.787,464.303,114.156,1.000,0.000,108.161,75.832,0.438,0.899,108.161,75.832,0.438,0.899,629.000,119.585,0.000,0.000,427.000,279.000,0.000,0.000,427.000,279.000,0.000,0.000,0.000,0.000,0,0
38.202,464.303,114.156,1.000,0.000,1,479.436,114.156,15.133,1,216.877,995.914,0,0,1010.993,0.000,165.185,464.303,114.156,0.000,0.000,111.312,82.294,0.438,0.899,111.312,82.294,0.438,0.899,629.000,126.843,0.000,0.000,427.000,279.000,0.000,0.000,427.000,279.000,0.000,0.000,0.000,0.000,0,0
38.305,464.303,114.156,1.000,0.000,0,499.138,114.156,34.835,0,216.877,995.914,0,0,1030.626,0.000,165.955,464.303,114.156,0.000,0.000,114.463,88.755,0.438,0.899,114.463,88.755,0.438,0.899,629.000,134.547,0.000,0.000,427.000,279.000,0.000,0.000,427.000,279.000,0.000,0.000,0.000,0.000,0,0
38.405,464.303,114.156,1.000,0.000,0,518.352,114.156,54.050,0,216.877,995.914,0,0,1049.774,0.000,166.144,464.303,114.156,0.000,0.000,117.614,95.217,0.438,0.899,117.614,95.217,0.438,0.899,629.000,136.030,0.000,0.000,427.000,279.000,0.000,0.000,427.000,279.000,0.000,0.000,0.000,0.000,0,0
38.503,464.303,114.156,1.000,0.000,0,537.091,114.156,72.790,0,216.877,995.914,0,0,1068.449,0.000,165.335,464.303,114.156,0.000,0.000,120.764,101.678,0.438,0.899,120.764,101.678,0.438,0.899,629.000,128.660,0.000,0.000,427.000,279.000,0.000,0.000,427.000,279.000,0.000,0.000,0.000,0.000,0,0
38.603,464.303,114.156,1.000,0.000,0,555.366,114.156,91.067,0,216.877,995.914,0,0,1086.663,0.000,164.849,464.303,114.156,0.000,0.000,123.915,108.140,0.438,0.899,123.915,108.140,0.438,0.899,629.000,121.222,0.000,0.000,427.000,279.000,0.000,0.000,427.000,279.000,0.000,0.000,0.000,0.000,0,0
38.702,464.303,114.156,1.000,0.000,0,573.189,114.156,108.893,0,216.877,995.914,0,0,1104.427,0.000,164.698,464.303,114.156,0.000,0.000,127.066,114.601,0.438,0.899,127.066,114.601,0.438,0.899,629.000,113.801,0.000,0.000,427.000,279.000,0.000,0.000,427.000,279.000,0.000,0.000,0.000,0.000,0,0
38.801,464.303,114.156,1.000,0.000,0,590.570,114.156,126.279,0,216.877,995.914,0,0,1121.752,0.000,164.882,464.303,114.156,0.000,0.000,130.217,121.062,0.438,0.899,130.217,121.062,0.438,0.899,629.000,106.346,0.000,0.000,427.000,279.000,0.000,0.000,427.000,279.000,0.000,0.000,0.000,0.000,0,0
38.900,464.303,114.156,1.000,0.000,0,607.521,114.156,143.238,0,216.877,995.914,0,0,1138.648,0.000,165.402,464.303,114.156,0.000,0.000,133.368,127.524,0.438,0.899,133.368,127.524,0.438,0.899,629.000,98.906,0.000,0.000,427.000,279.000,0.000,0.000,427.000,279.000,0.000,0.000,0.000,0.000,0,0
39.005,464.303,114.156,1.000,0.000,0,624.053,114.156,159.779,0,216.877,995.914,0,0,1155.128,0.000,166.312,464.303,114.156,0.000,0.000,136.518,133.985,0.438,0.899,136.518,133.985,0.438,0.899,629.000,91.035,0.000,0.000,427.000,279.000,0.000,0.000,427.000,279.000,0.000,0.000,0.000,0.000,0,0
39.104,464.303,114.156,1.000,0.000,0,640.176,114.156,175.913,0,216.877,995.914,0,0,1171.200,0.000,167.510,464.303,114.156,0.000,0.000,139.669,140.447,0.438,0.899,139.669,140.447,0.438,0.899,629.000,83.587,0.000,0.000,427.000,279.000,0.000,0.000,427.000,279.000,0.000,0.000,0.000,0.000,0,0
39.203,39.000,287.000,0.897,0.443,0,655.899,114.156,640.668,0,657.606,622.340,0,0,1186.875,0.000,101.316,39.000,287.000,0.000,0.000,-85.000,286.000,0.000,0.000,-85.000,286.000,0.000,0.000,140.000,279.000,0.000,0.000,140.000,279.000,0.000,0.000,290.700,275.300,0.000,0.000,0.000,0.000,0,0
39.304,39.000,287.000,0.897,0.443,0,671.233,114.156,655.458,0,657.619,622.354,0,0,1202.163,0.000,101.316,39.000,287.000,0.000,0.000,-85.000,286.000,0.000,0.000,-85.000,286.000,0.000,0.000,140.000,279.000,0.000,0.000,140.000,279.000,0.000,0.000,290.700,275.300,0.000,0.000,0.000,0.000,0,0
39.402,39.000,287.000,0.897,0.443,0,670.233,114.156,654.500,0,657.619,622.354,0,0,1201.160,0.000,101.316,39.000,287.000,0.000,0.000,-85.000,286.000,0.000,0.000,-85.000,286.000,0.000,0.000,140.000,279.000,0.000,0.000,140.000,279.000,0.000,0.000,290.700,275.300,0.000,0.000,0.000,0.000,0,0
39.502,39.000,287.000,0.897,0.443,0,669.743,114.156,654.031,0,657.619,622.354,0,0,1200.668,0.000,101.316,39.000,287.000,0.000,0.000,-85.000,286.000,0.000,0.000,-85.000,286.000,0.000,0.000,140.000,279.000,0.000,0.000,140.000,279.000,0.000,0.000,290.700,275.300,0.000,0.000,0.000,0.000,0,0
39.602,39.000,287.000,0.897,0.443,0,669.564,114.156,653.858,0,657.619,622.354,0,0,1200.489,0.000,101.316,39.000,287.000,0.000,0.000,-85.000,286.000,0.000,0.000,-85.000,286.000,0.000,0.000,140.000,279.000,0.000,0.000,140.000,279.000,0.000,0.000,290.700,275.300,0.000,0.000,0.000,0.000,0,0
39.701,39.000,287.000,0.897,0.443,0,669.388,114.156,653.688,0,657.619,622.354,0,0,1200.314,0.000,101.316,39.000,287.000,0.000,0.000,-85.000,286.000,0.000,0.000,-85.000,286.000,0.000,0.000,140.000,279.000,0.000,0.000,140.000,279.000,0.000,0.000,290.700,275.300,0.000,0.000,0.000,0.000,0,0
39.802,39.000,287.000,0.897,0.443,0,669.216,114.156,653.522,0,657.619,622.354,0,0,1200.142,0.000,101.316,39.000,287.000,0.000,0.000,-85.000,286.000,0.000,0.000,-85.000,286.000,0.000,0.000,140.000,279.000,0.000,0.000,140.000,279.000,0.000,0.000,290.700,275.300,0.000,0.000,0.000,0.000,0,0
39.905,39.000,287.000,0.897,0.443,0,669.047,114.156,653.360,0,657.619,622.354,0,0,1199.973,0.000,101.316,39.000,287.000,0.000,0.000,-85.000,286.000,0.000,0.000,-85.000,286.000,0.000,0.000,140.000,279.000,0.000,0.000,140.000,279.000,0.000,0.000,290.700,275.300,0.000,0.000,0.000,0.000,0,0
40.005,39.000,287.000,0.897,0.443,0,668.882,114.156,653.200,0,657.619,622.354,0,0,1199.808,0.000,101.316,39.000,287.000,0.000,0.000,-85.000,286.000,0.000,0.000,-85.000,286.000,0.000,0.000,140.000,279.000,0.000,0.000,140.000,279.000,0.000,0.000,290.700,275.300,0.000,0.000,0.000,0.000,0,0
40.104,39.000,287.000,0.897,0.443,0,668.719,114.156,653.043,0,657.619,622.354,0,0,1199.646,0.000,101.316,39.000,287.000,0.000,0.000,-85.000,286.000,0.000,0.000,-85.000,286.000,0.000,0.000,140.000,279.000,0.000,0.000,140.000,279.000,0.000,0.000,290.700,275.300,0.000,0.000,0.000,0.000,0,0
40.202,39.000,287.000,0.897,0.443,0,59.000,80.600,207.464,0,657.619,622.354,0,0,589.175,0.000,101.316,39.000,287.000,0.000,0.000,-85.000,286.000,0.000,0.000,-85.000,286.000,0.000,0.000,140.000,279.000,0.000,0.000,140.000,279.000,0.000,0.000,290.700,275.300,0.000,0.000,0.000,0.000,0,0
40.305,39.000,287.000,0.897,0.443,0,59.000,80.600,207.467,0,657.619,622.354,0,0,589.174,0.000,101.316,39.000,287.000,0.000,0.000,-85.000,286.000,0.000,0.000,-85.000,286.000,0.000,0.000,140.000,279.000,0.000,0.000,140.000,279.000,0.000,0.000,290.700,275.300,0.000,0.000,0.000,0.000,0,0
40.407,39.000,287.000,0.897,0.443,0,59.000,80.600,207.472,0,657.619,622.354,0,0,589.171,0.000,101.316,39.000,287.000,0.000,0.000,-85.000,286.000,0.000,0.000,-85.000,286.000,0.000,0.000,140.000,279.000,0.000,0.000,140.000,279.000,0.000,0.000,290.700,275.300,0.000,0.000,0.000,0.000,0,0
40.505,39.000,287.000,0.897,0.443,0,59.000,80.600,207.473,0,657.619,622.354,0,0,589.171,0.000,101.316,39.000,287.000,0.000,0.000,-85.000,286.000,0.000,0.000,-85.000,286.000,0.000,0.000,140.000,279.000,0.000,0.000,140.000,279.000,0.000,0.000,290.700,275.300,0.000,0.000,0.000,0.000,0,0
40.601,39.000,287.000,0.897,0.443,0,59.000,80.600,207.473,0,657.619,622.354,0,0,589.171,0.000,101.316,39.000,287.000,0.000,0.000,-85.000,286.000,0.000,0.000,-85.000,286.000,0.000,0.000,140.000,279.000,0.000,0.000,140.000,279.000,0.000,0.000,290.700,275.300,0.000,0.000,0.000,0.000,0,0
40.704,39.000,287.000,0.897,0.443,0,59.000,80.600,207.473,0,657.619,622.354,0,0,589.171,0.000,101.316,39.000,287.000,0.000,0.000,-85.000,286.000,0.000,0.000,-85.000,286.000,0.000,0.000,140.000,279.000,0.000,0.000,140.000,279.000,0.000,0.000,290.700,275.300,0.000,0.000,0.000,0.000,0,0
40.800,39.000,287.000,0.897,0.443,0,59.000,80.600,207.473,0,657.619,622.354,0,0,589.171,0.000,101.316,39.000,287.000,0.000,0.000,-85.000,286.000,0.000,0.000,-85.000,286.000,0.000,0.000,140.000,279.000,0.000,0.000,140.000,279.000,0.000,0.000,290.700,275.300,0.000,0.000,0.000,0.000,0,0
40.902,39.000,287.000,0.897,0.443,0,59.000,80.600,207.473,0,657.619,622.354,0,0,589.171,0.000,101.316,39.000,287.000,0.000,0.000,-85.000,286.000,0.000,0.000,-85.000,286.000,0.000,0.000,140.000,279.000,0.000,0.000,140.000,279.000,0.000,0.000,290.700,275.300,0.000,0.000,0.000,0.000,0,0
41.002,39.000,287.000,0.897,0.443,0,59.000,80.600,207.473,0,657.619,622.354,0,0,589.171,0.000,101.316,39.000,287.000,0.000,0.000,-85.000,286.000,0.000,0.000,-85.000,286.000,0.000,0.000,140.000,279.000,0.000,0.000,140.000,279.000,0.000,0.000,290.700,275.300,0.000,0.000,0.000,0.000,0,0
41.105,39.000,287.000,0.897,0.443,0,59.000,80.600,207.473,0,657.619,622.354,0,0,589.171,0.000,101.316,39.000,287.000,0.000,0.000,-85.000,286.000,0.000,0.000,-85.000,286.000,0.000,0.000,140.000,279.000,0.000,0.000,140.000,279.000,0.000,0.000,290.700,275.300,0.000,0.000,0.000,0.000,0,0
41.205,39.000,287.000,0.897,0.443,0,59.000,80.600,207.473,0,657.619,622.354,0,0,589.171,0.000,101.316,39.000,287.000,0.000,0.000,-85.000,286.000,0.000,0.000,-85.000,286.000,0.000,0.000,140.000,279.000,0.000,0.000,140.000,279.000,0.000,0.000,290.700,275.300,0.000,0.000,0.000,0.000,0,0
41.301,39.000,287.000,0.897,0.443,0,59.000,80.600,207.473,0,657.619,622.354,0,0,589.171,0.000,101.316,39.000,287.000,0.000,0.000,-85.000,286.000,0.000,0.000,-85.000,286.000,0.000,0.000,140.000,279.000,0.000,0.000,140.000,279.000,0.000,0.000,290.700,275.300,0.000,0.000,0.000,0.000,0,0
41.404,39.000,287.000,0.897,0.443,0,59.000,80.600,207.473,0,657.619,622.354,0,0,589.171,0.000,101.316,39.000,287.000,0.000,0.000,-85.000,286.000,0.000,0.000,-85.000,286.000,0.000,0.000,140.000,279.000,0.000,0.000,140.000,279.000,0.000,0.000,290.700,275.300,0.000,0.000,0.000,0.000,0,0
41.505,39.000,287.000,0.897,0.443,0,59.000,80.600,207.473,0,657.619,622.354,0,0,589.171,0.000,101.316,39.000,287.000,0.000,0.000,-85.000,286.000,0.000,0.000,-85.000,286.000,0.000,0.000,140.000,279.000,0.000,0.000,140.000,279.000,0.000,0.000,290.700,275.300,0.000,0.000,0.000,0.000,0,0
41.604,39.000,287.000,0.897,0.443,0,59.000,80.600,207.473,0,657.619,622.354,0,0,589.171,0.000,101.316,39.000,287.000,0.000,0.000,-85.000,286.000,0.000,0.000,-85.000,286.000,0.000,0.000,140.000,279.000,0.000,0.000,140.000,279.000,0.000,0.000,290.700,275.300,0.000,0.000,0.000,0.000,0,0
41.703,39.000,287.000,0.897,0.443,0,59.000,80.600,207.473,0,657.619,622.354,0,0,589.171,0.000,101.316,39.000,287.000,0.000,0.000,-85.000,286.000,0.000,0.000,-85.000,286.000,0.000,0.000,140.000,279.000,0.000,0.000,140.000,279.000,0.000,0.000,290.700,275.300,0.000,0.000,0.000,0.000,0,0
41.804,39.000,287.000,0.897,0.443,0,59.000,80.600,207.473,0,657.619,622.354,0,0,589.171,0.000,101.316,39.000,287.000,0.000,0.000,-85.000,286.000,0.000,0.000,-85.000,286.000,0.000,0.000,140.000,279.000,0.000,0.000,140.000,279.000,0.000,0.000,290.700,275.300,0.000,0.000,0.000,0.000,0,0
41.900,39.000,287.000,0.897,0.443,0,59.000,80.600,207.473,0,657.619,622.354,0,0,589.171,0.000,101.316,39.000,287.000,0.000,0.000,-85.000,286.000,0.000,0.000,-85.000,286.000,0.000,0.000,140.000,279.000,0.000,0.000,140.000,279.000,0.000,0.000,290.700,275.300,0.000,0.000,0.000,0.000,0,0
42.005,39.000,287.000,0.897,0.443,0,59.000,80.600,207.473,0,657.619,622.354,0,0,589.171,0.000,101.316,39.000,287.000,0.000,0.000,-85.000,286.000,0.000,0.000,-85.000,286.000,0.000,0.000,140.000,279.000,0.000,0.000,140.000,279.000,0.000,0.000,290.700,275.300,0.000,0.000,0.000,0.000,0,0
42.105,39.000,287.000,0.897,0.443,0,59.000,80.600,207.473,0,657.619,622.354,0,0,589.171,0.000,101.316,39.000,287.000,0.000,0.000,-85.000,286.000,0.000,0.000,-85.000,286.000,0.000,0.000,140.000,279.000,0.000,0.000,140.000,279.000,0.000,0.000,290.700,275.300,0.000,0.000,0.000,0.000,0,0
42.205,39.000,287.000,0.897,0.443,0,59.000,80.600,207.473,0,657.619,622.354,0,0,589.171,0.000,101.316,39.000,287.000,0.000,0.000,-84.723,287.411,0.193,0.981,-84.723,287.411,0.193,0.981,140.000,279.000,0.000,0.000,140.000,279.000,0.000,0.000,289.599,274.375,-0.766,-0.643,0.000,0.000,0,0
42.305,39.000,287.000,0.897,0.443,0,59.000,80.600,207.473,0,657.619,622.354,0,0,589.171,0.000,101.316,39.000,287.000,0.000,0.000,-83.339,294.465,0.193,0.981,-83.339,294.465,0.193,0.981,140.000,279.000,0.000,0.000,140.000,279.000,0.000,0.000,284.096,269.750,-0.766,-0.643,0.000,0.000,0,0
42.401,39.000,287.000,0.897,0.443,0,59.000,80.600,207.473,0,657.619,622.354,0,0,589.171,0.000,101.316,39.000,287.000,0.000,0.000,-81.954,301.519,0.193,0.981,-81.954,301.519,0.193,0.981,140.000,279.000,0.000,0.000,140.000,279.000,0.000,0.000,278.592,265.126,-0.766,-0.643,0.000,0.000,0,0
42.502,39.000,287.000,0.897,0.443,0,59.000,80.600,207.473,0,657.619,622.354,0,0,589.171,0.000,101.316,39.000,287.000,0.000,0.000,-80.569,308.573,0.193,0.981,-80.569,308.573,0.193,0.981,140.000,279.000,0.000,0.000,140.000,279.000,0.000,0.000,273.089,260.501,-0.766,-0.643,0.000,0.000,0,0
42.603,39.000,287.000,0.897,0.443,0,59.000,80.600,207.473,0,657.619,622.354,0,0,589.171,0.000,101.316,39.000,287.000,0.000,0.000,-79.185,315.627,0.193,0.981,-79.185,315.627,0.193,0.981,140.000,279.000,0.000,0.000,140.000,279.000,0.000,0.000,267.585,255.876,-0.766,-0.643,0.000,0.000,0,0
42.704,39.000,287.000,0.897,0.443,0,59.000,80.600,207.473,0,657.619,622.354,0,0,589.171,0.000,101.316,39.000,287.000,0.000,0.000,-77.800,322.682,0.193,0.981,-77.800,322.682,0.193,0.981,140.000,279.000,0.000,0.000,140.000,279.000,0.000,0.000,262.082,251.251,-0.766,-0.643,0.000,0.000,0,0
42.803,39.000,287.000,0.897,0.443,0,59.000,80.600,207.473,0,657.619,622.354,0,0,589.171,0.000,101.316,39.000,287.000,0.000,0.000,-76.415,329.736,0.193,0.981,-76.415,329.736,0.193,0.981,140.000,279.000,0.000,0.000,140.000,279.000,0.000,0.000,256.578,246.627,-0.766,-0.643,0.000,0.000,0,0
42.904,39.000,287.000,0.897,0.443,0,59.000,80.600,207.473,0,657.619,622.354,0,0,589.171,0.000,101.316,39.000,287.000,0.000,0.000,-75.031,336.790,0.193,0.981,-75.031,336.790,0.193,0.981,140.000,279.000,0.000,0.000,140.000,279.000,0.000,0.000,251.075,242.002,-0.766,-0.643,0.000,0.000,0,0
43.003,39.000,287.000,0.897,0.443,0,59.000,80.600,207.473,0,657.619,622.354,0,0,589.171,0.000,101.316,39.000,287.000,0.000,0.000,-73.646,343.844,0.193,0.981,-73.646,343.844,0.193,0.981,140.000,279.000,0.000,0.000,140.000,279.000,0.000,0.000,245.571,237.377,-0.766,-0.643,0.000,0.000,0,0
43.104,39.000,287.000,0.897,0.443,0,59.000,80.600,207.473,0,657.619,622.354,0,0,589.171,0.000,101.316,39.000,287.000,0.000,0.000,-71.321,345.620,0.520,-0.854,-71.321,345.620,0.520,-0.854,140.000,279.000,0.000,0.000,140.000,279.000,0.000,0.000,240.067,232.753,-0.766,-0.643,0.000,0.000,0,0
43.204,39.000,287.000,0.897,0.443,0,59.000,80.600,207.473,0,657.619,622.354,0,0,589.171,0.000,101.316,39.000,287.000,0.000,0.000,-67.586,339.477,0.520,-0.854,-67.586,339.477,0.520,-0.854,140.000,279.000,0.000,0.000,140.000,279.000,0.000,0.000,234.564,228.128,-0.766,-0.643,0.000,0.000,0,0
43.300,39.000,287.000,0.897,0.443,0,59.000,80.600,207.473,0,657.619,622.354,0,0,589.171,0.000,101.316,39.000,287.000,0.000,0.000,-63.851,333.335,0.520,-0.854,-63.851,333.335,0.520,-0.854,140.000,279.000,0.000,0.000,140.000,279.000,0.000,0.000,229.060,223.503,-0.766,-0.643,0.000,0.000,0,0
43.400,39.000,287.000,0.897,0.443,0,59.000,80.600,207.473,0,657.619,622.354,0,0,589.171,0.000,101.316,39.000,287.000,0.000,0.000,-60.116,327.193,0.520,-0.854,-60.116,327.193,0.520,-0.854,140.000,279.000,0.000,0.000,140.000,279.000,0.000,0.000,223.557,218.878,-0.766,-0.643,0.000,0.000,0,0
43.500,39.000,287.000,0.897,0.443,0,59.000,80.600,207.473,0,657.619,622.354,0,0,589.171,0.000,101.316,39.000,287.000,0.000,0.000,-56.381,321.051,0.520,-0.854,-56.381,321.051,0.520,-0.854,140.000,279.000,0.000,0.000,140.000,279.000,0.000,0.000,218.053,214.254,-0.766,-0.643,0.000,0.000,0,0
43.602,39.000,287.000,0.897,0.443,0,59.000,80.600,207.473,0,657.619,622.354,0,0,589.171,0.000,101.316,39.000,287.000,0.000,0.000,-52.646,314.908,0.520,-0.854,-52.646,314.908,0.520,-0.854,140.000,279.000,0.000,0.000,140.000,279.000,0.000,0.000,212.549,209.629,-0.766,-0.643,0.000,0.000,0,0
43.702,39.000,287.000,0.897,0.443,0,59.000,80.600,207.473,0,657.619,622.354,0,0,589.171,0.000,101.316,39.000,287.000,0.000,0.000,-48.911,308.766,0.520,-0.854,-48.911,308.766,0.520,-0.854,140.000,279.000,0.000,0.000,140.000,279.000,0.000,0.000,207.046,205.004,-0.766,-0.643,0.000,0.000,0,0
43.802,39.000,287.000,0.897,0.443,0,59.000,80.600,207.473,0,657.619,622.354,0,0,589.171,0.000,101.316,39.000,287.000,0.000,0.000,-45.176,302.624,0.520,-0.854,-45.176,302.624,0.520,-0.854,140.000,279.000,0.000,0.000,140.000,279.000,0.000,0.000,201.542,200.380,-0.766,-0.643,0.000,0.000,0,0
43.902,39.000,287.000,0.897,0.443,0,59.000,80.600,207.473,0,657.619,622.354,0,0,589.171,0.000,101.316,39.000,287.000,0.000,0.000,-41.441,296.482,0.520,-0.854,-41.441,296.482,0.520,-0.854,140.000,279.000,0.000,0.000,140.000,279.000,0.000,0.000,196.039,195.755,-0.766,-0.643,0.000,0.000,0,0
44.002,39.000,287.000,0.897,0.443,0,59.000,80.600,207.473,0,657.619,622.354,0,0,589.171,0.000,101.316,39.000,287.000,0.000,0.000,-37.706,290.339,0.520,-0.854,-37.706,290.339,0.520,-0.854,140.000,279.000,0.000,0.000,140.000,279.000,0.000,0.000,190.535,191.130,-0.766,-0.643,0.000,0.000,0,0
44.103,39.000,287.000,0.897,0.443,0,59.000,80.600,207.473,0,657.619,622.354,0,0,589.171,0.000,101.316,39.000,287.000,0.000,0.000,-33.971,284.197,0.520,-0.854,-33.971,284.197,0.520,-0.854,140.000,279.000,0.000,0.000,140.000,279.000,0.000,0.000,185.031,186.505,-0.766,-0.643,0.000,0.000,0,0
44.204,39.000,287.000,0.897,0.443,0,59.000,80.600,207.473,0,657.619,622.354,0,0,589.171,0.000,101.316,39.000,287.000,0.000,0.000,-30.236,278.055,0.520,-0.854,-30.236,278.055,0.520,-0.854,140.000,279.000,0.000,0.000,140.000,279.000,0.000,0.000,179.528,181.881,-0.766,-0.643,0.000,0.000,0,0
44.304,39.000,287.000,0.897,0.443,0,59.000,80.600,207.473,0,657.619,622.354,0,0,589.171,0.000,101.316,39.000,287.000,0.000,0.000,-26.501,271.913,0.520,-0.854,-26.501,271.913,0.520,-0.854,140.000,279.000,0.000,0.000,140.000,279.000,0.000,0.000,174.024,177.256,-0.766,-0.643,0.000,0.000,0,0
44.404,39.000,287.000,0.897,0.443,0,59.000,80.600,207.473,0,657.619,622.354,0,0,589.171,0.000,101.316,39.000,287.000,0.000,0.000,-22.766,265.771,0.520,-0.854,-22.766,265.771,0.520,-0.854,140.000,279.000,0.000,0.000,140.000,279.000,0.000,0.000,168.521,172.631,-0.766,-0.643,0.000,0.000,0,0
44.500,39.000,287.000,0.897,0.443,0,59.000,80.600,207.473,0,657.619,622.354,0,0,589.171,0.000,101.316,39.000,287.000,0.000,0.000,-19.031,259.628,0.520,-0.854,-19.031,259.628,0.520,-0.854,140.000,279.000,0.000,0.000,140.000,279.000,0.000,0.000,163.017,168.007,-0.766,-0.643,0.000,0.000,0,0
44.601,39.000,287.000,0.897,0.443,0,59.000,80.600,207.473,0,657.619,622.354,0,0,589.171,0.000,101.316,39.000,287.000,0.000,0.000,-15.295,253.486,0.520,-0.854,-15.295,253.486,0.520,-0.854,140.000,279.000,0.000,0.000,140.000,279.000,0.000,0.000,157.514,163.382,-0.766,-0.643,0.000,0.000,0,0
44.705,39.000,287.000,0.897,0.443,0,59.000,80.600,207.473,0,657.619,622.354,0,0,589.171,0.000,101.316,39.000,287.000,0.000,0.000,-11.560,247.344,0.520,-0.854,-11.560,247.344,0.520,-0.854,140.000,279.000,0.000,0.000,140.000,279.000,0.000,0.000,152.010,158.757,-0.766,-0.643,0.000,0.000,0,0
44.804,39.000,287.000,0.897,0.443,0,59.000,80.600,207.473,0,657.619,622.354,0,0,589.171,0.000,101.316,39.000,287.000,0.000,0.000,-7.825,241.202,0.520,-0.854,-7.825,241.202,0.520,-0.854,140.000,279.000,0.000,0.000,140.000,279.000,0.000,0.000,146.506,154.132,-0.766,-0.643,0.000,0.000,0,0
44.903,39.000,287.000,0.897,0.443,0,59.000,80.600,207.473,0,657.619,622.354,0,0,589.171,0.000,101.316,39.000,287.000,0.000,0.000,-4.090,235.059,0.520,-0.854,-4.090,235.059,0.520,-0.854,140.000,279.000,0.000,0.000,140.000,279.000,0.000,0.000,141.003,149.508,-0.766,-0.643,0.000,0.000,0,0
45.005,39.000,287.000,0.897,0.443,0,54.969,72.411,215.183,1,657.619,622.354,0,0,584.657,0.000,101.316,39.000,287.000,0.000,0.000,-0.355,228.917,0.520,-0.854,-0.355,228.917,0.520,-0.854,140.000,279.000,0.000,0.000,140.000,279.000,0.000,0.000,135.596,144.772,-0.743,-0.669,0.000,0.000,0,0
45.104,39.000,287.000,0.897,0.443,0,65.249,74.035,214.577,0,657.619,622.354,0,0,595.020,0.000,101.316,39.000,287.000,0.000,0.000,3.380,222.775,0.520,-0.854,3.380,222.775,0.520,-0.854,140.000,279.000,0.000,0.000,140.000,279.000,0.000,0.000,130.357,139.850,-0.712,-0.702,0.000,0.000,0,0
45.202,39.000,287.000,0.897,0.443,0,75.080,75.470,214.586,0,657.619,622.354,0,0,604.920,0.000,101.316,39.000,287.000,0.000,0.000,7.115,216.633,0.520,-0.854,7.115,216.633,0.520,-0.854,140.000,279.000,0.000,0.000,140.000,279.000,0.000,0.000,125.450,134.600,-0.661,-0.751,0.000,0.000,0,0
45.302,39.000,287.000,0.897,0.443,0,84.667,76.868,215.038,0,657.619,622.354,0,0,614.573,0.000,101.316,39.000,287.000,0.000,0.000,10.850,210.491,0.520,-0.854,10.850,210.491,0.520,-0.854,140.000,279.000,0.000,0.000,140.000,279.000,0.000,0.000,120.992,128.963,-0.590,-0.808,0.000,0.000,0,0
45.404,39.000,287.000,0.897,0.443,0,94.017,78.233,215.898,0,657.619,622.354,0,0,623.987,0.000,101.316,39.000,287.000,0.000,0.000,14.585,204.348,0.520,-0.854,14.585,204.348,0.520,-0.854,140.000,279.000,0.000,0.000,140.000,279.000,0.000,0.000,117.176,122.876,-0.487,-0.874,0.000,0.000,0,0
45.500,39.000,287.000,0.897,0.443,0,99.348,65.275,229.791,2,657.619,622.354,0,0,628.487,0.000,101.316,39.000,287.000,0.000,0.000,18.320,198.206,0.520,-0.854,18.320,198.206,0.520,-0.854,140.000,279.000,0.000,0.000,140.000,279.000,0.000,0.000,114.414,116.261,-0.259,-0.966,0.000,0.000,0,0
45.600,39.000,287.000,0.897,0.443,0,93.495,69.448,224.274,2,657.619,622.354,0,0,622.888,0.000,101.316,39.000,287.000,0.000,0.000,22.055,192.064,0.520,-0.854,22.055,192.064,0.520,-0.854,140.000,279.000,0.000,0.000,140.000,279.000,0.000,0.000,112.000,109.496,-0.390,-0.921,0.000,0.000,0,0
45.700,39.000,287.000,0.897,0.443,0,101.759,87.333,209.298,0,657.619,622.354,0,0,632.477,0.000,101.316,39.000,287.000,0.000,0.000,25.790,185.922,0.520,-0.854,25.790,185.922,0.520,-0.854,140.000,279.000,0.000,0.000,140.000,279.000,0.000,0.000,112.000,109.496,0.000,0.000,0.000,0.000,0,0
45.804,39.000,287.000,0.897,0.443,0,106.477,97.543,201.115,0,657.619,622.354,0,0,638.155,0.000,101.316,39.000,287.000,0.000,0.000,29.525,179.780,0.520,-0.854,29.525,179.780,0.520,-0.854,140.000,279.000,0.000,0.000,140.000,279.000,0.000,0.000,112.025,109.557,0.000,0.000,0.000,0.000,0,0
45.903,39.000,287.000,0.897,0.443,0,106.063,96.644,201.825,0,657.619,622.354,0,0,637.641,0.000,101.316,39.000,287.000,0.000,0.000,33.260,173.638,0.520,-0.854,33.260,173.638,0.520,-0.854,140.000,279.000,0.000,0.000,140.000,279.000,0.000,0.000,112.026,109.563,0.000,0.000,0.000,0.000,0,0
46.003,39.000,287.000,0.897,0.443,0,105.647,95.740,202.542,0,657.619,622.354,0,0,637.126,0.000,101.316,39.000,287.000,0.000,0.000,36.996,167.495,0.520,-0.854,36.996,167.495,0.520,-0.854,140.000,279.000,0.000,0.000,140.000,279.000,0.000,0.000,112.026,109.568,0.000,0.000,0.000,0.000,0,0
46.104,39.000,287.000,0.897,0.443,0,105.302,94.989,203.141,0,657.619,622.354,0,0,636.696,0.000,101.316,39.000,287.000,0.000,0.000,40.731,161.353,0.520,-0.854,40.731,161.353,0.520,-0.854,140.000,279.000,0.000,0.000,140.000,279.000,0.000,0.000,112.026,109.571,0.000,0.000,0.000,0.000,0,0
46.204,39.000,287.000,0.897,0.443,0,108.112,91.352,207.505,0,657.619,622.354,0,0,639.128,0.000,101.316,39.000,287.000,0.000,0.000,44.466,155.211,0.520,-0.854,44.466,155.211,0.520,-0.854,140.000,279.000,0.000,0.000,140.000,279.000,0.000,0.000,112.026,109.571,0.000,0.000,0.000,0.000,0,0
46.305,39.000,287.000,0.897,0.443,0,112.521,85.669,214.349,0,657.619,622.354,0,0,642.996,0.000,101.316,39.000,287.000,0.000,0.000,48.201,149.069,0.520,-0.854,48.201,149.069,0.520,-0.854,140.000,279.000,0.000,0.000,140.000,279.000,0.000,0.000,112.026,109.571,0.000,0.000,0.000,0.000,0,0
46.404,39.000,287.000,0.897,0.443,0,116.926,79.989,221.213,0,657.619,622.354,0,0,646.917,0.000,101.316,39.000,287.000,0.000,0.000,51.936,142.927,0.520,-0.854,51.936,142.927,0.520,-0.854,140.000,279.000,0.000,0.000,140.000,279.000,0.000,0.000,112.026,109.571,0.000,0.000,0.000,0.000,0,0
46.501,39.000,287.000,0.897,0.443,0,121.331,74.309,228.099,0,657.619,622.354,0,0,650.893,0.000,101.316,39.000,287.000,0.000,0.000,55.671,136.784,0.520,-0.854,55.671,136.784,0.520,-0.854,140.000,279.000,0.000,0.000,140.000,279.000,0.000,0.000,112.026,109.571,0.000,0.000,0.000,0.000,0,0
46.604,39.000,287.000,0.897,0.443,0,125.735,68.628,235.006,0,657.619,622.354,0,0,654.923,0.000,101.316,39.000,287.000,0.000,0.000,59.406,130.642,0.520,-0.854,59.406,130.642,0.520,-0.854,140.000,279.000,0.000,0.000,140.000,279.000,0.000,0.000,42.074,97.819,-0.814,0.580,0.000,0.000,0,0
46.703,39.000,287.000,0.897,0.443,0,130.140,62.948,241.932,0,657.619,622.354,0,0,659.007,0.000,101.316,39.000,287.000,0.000,0.000,63.141,124.500,0.520,-0.854,63.141,124.500,0.520,-0.854,140.000,279.000,0.000,0.000,140.000,279.000,0.000,0.000,36.220,101.992,-0.814,0.580,0.000,0.000,0,0
46.801,39.000,287.000,0.897,0.443,0,134.544,57.267,248.877,0,657.619,622.354,0,0,663.143,0.000,101.316,39.000,287.000,0.000,0.000,66.876,118.358,0.520,-0.854,66.876,118.358,0.520,-0.854,140.000,279.000,0.000,0.000,140.000,279.000,0.000,0.000,30.367,106.165,-0.814,0.580,0.000,0.000,0,0
46.901,39.000,287.000,0.897,0.443,0,138.949,51.587,255.840,0,657.619,622.354,0,0,667.331,0.000,101.316,39.000,287.000,0.000,0.000,70.611,112.216,0.520,-0.854,70.611,112.216,0.520,-0.854,140.000,279.000,0.000,0.000,140.000,279.000,0.000,0.000,24.513,110.337,-0.814,0.580,0.000,0.000,0,0
47.003,39.000,287.000,0.897,0.443,0,143.260,45.837,262.819,0,657.619,622.354,0,0,671.488,0.000,101.316,39.000,287.000,0.000,0.000,74.346,106.073,0.520,-0.854,74.346,106.073,0.520,-0.854,140.000,279.000,0.000,0.000,140.000,279.000,0.000,0.000,18.659,114.510,-0.814,0.580,0.000,0.000,0,0
47.104,39.000,287.000,0.897,0.443,0,147.561,40.078,269.815,0,657.619,622.354,0,0,675.684,0.000,101.316,39.000,287.000,0.000,0.000,78.081,99.931,0.520,-0.854,78.081,99.931,0.520,-0.854,140.000,279.000,0.000,0.000,140.000,279.000,0.000,0.000,12.806,118.683,-0.814,0.580,0.000,0.000,0,0
47.204,41.878,287.000,0.933,0.361,0,151.856,34.314,275.662,0,654.817,624.977,0,0,679.925,0.000,98.448,41.878,287.000,1.000,0.000,81.816,93.789,0.520,-0.854,81.816,93.789,0.520,-0.854,140.000,279.000,0.000,0.000,140.000,279.000,0.000,0.000,6.952,122.856,-0.814,0.580,1.000,0.000,0,0
47.305,56.266,287.000,1.000,0.000,0,156.146,28.546,277.161,0,640.819,638.124,0,0,684.210,0.000,84.115,56.266,287.000,1.000,0.000,85.551,87.647,0.520,-0.854,85.551,87.647,0.520,-0.854,140.000,279.000,0.000,0.000,140.000,279.000,0.000,0.000,1.098,127.028,-0.814,0.580,1.000,0.000,0,0
47.401,68.969,282.930,0.953,-0.303,0,160.431,22.776,275.843,0,627.523,648.182,0,0,688.540,0.000,71.139,68.969,282.930,0.707,-0.707,89.286,81.505,0.520,-0.854,89.286,81.505,0.520,-0.854,140.000,279.000,0.000,0.000,140.000,279.000,0.000,0.000,-4.755,131.201,-0.814,0.580,1.000,-1.000,0,0
47.502,79.144,272.756,0.797,-0.604,0,164.714,17.003,269.770,0,615.322,653.732,0,0,692.913,0.000,61.176,79.144,272.756,0.707,-0.707,93.022,75.362,0.520,-0.854,93.022,75.362,0.520,-0.854,140.000,279.000,0.000,0.000,140.000,279.000,0.000,0.000,-10.609,135.374,-0.814,0.580,1.000,-1.000,0,0
47.602,89.318,262.581,0.734,-0.679,0,168.993,11.228,263.763,0,603.218,659.550,0,0,697.330,0.000,53.275,89.318,262.581,0.707,-0.707,96.757,69.220,0.520,-0.854,96.757,69.220,0.520,-0.854,140.000,279.000,0.000,0.000,140.000,279.000,0.000,0.000,-16.463,139.547,-0.814,0.580,1.000,-1.000,0,0
47.704,99.492,252.407,0.715,-0.699,0,173.270,5.450,257.827,0,591.216,665.627,0,0,701.790,0.000,48.457,99.492,252.407,0.707,-0.707,100.492,63.078,0.520,-0.854,100.492,63.078,0.520,-0.854,140.000,279.000,0.000,0.000,140.000,279.000,0.000,0.000,-22.316,143.719,-0.814,0.580,1.000,-1.000,0,0
47.804,109.667,242.233,0.709,-0.705,0,177.544,-0.329,251.967,0,579.323,671.959,0,0,706.293,0.000,47.665,109.667,242.233,0.707,-0.707,104.227,56.936,0.520,-0.854,104.227,56.936,0.520,-0.854,140.000,279.000,0.000,0.000,140.000,279.000,0.000,0.000,-28.170,147.892,-0.814,0.580,1.000,-1.000,0,0
47.900,119.841,232.058,0.708,-0.706,0,181.816,-6.109,246.188,0,567.546,678.536,0,0,710.838,0.000,51.087,119.841,232.058,0.707,-0.707,107.962,50.794,0.520,-0.854,107.962,50.794,0.520,-0.854,140.000,279.000,0.000,0.000,140.000,279.000,0.000,0.000,-34.024,152.065,-0.814,0.580,1.000,-1.000,0,0
48.001,130.015,221.884,0.707,-0.707,0,186.063,-11.873,240.474,0,555.891,685.352,0,0,715.401,0.000,57.982,130.015,221.884,0.707,-0.707,111.697,44.651,0.520,-0.854,111.697,44.651,0.520,-0.854,140.000,279.000,0.000,0.000,140.000,279.000,0.000,0.000,147.916,47.332,0.541,-0.841,1.000,-1.000,0,0
48.102,140.190,211.710,0.707,-0.707,0,190.180,-17.474,234.666,0,544.367,692.400,0,0,719.865,0.000,67.291,140.190,211.710,0.707,-0.707,115.432,38.509,0.520,-0.854,115.432,38.509,0.520,-0.854,140.000,279.000,0.000,0.000,140.000,279.000,0.000,0.000,151.825,41.298,0.546,-0.838,1.000,-1.000,0,0
48.201,150.364,201.535,0.707,-0.707,0,194.161,-22.890,228.755,0,532.983,699.673,0,0,724.219,0.000,78.155,150.364,201.535,0.707,-0.707,119.167,32.367,0.520,-0.854,119.167,32.367,0.520,-0.854,140.000,279.000,0.000,0.000,140.000,279.000,0.000,0.000,155.766,35.286,0.550,-0.835,1.000,-1.000,0,0
48.301,160.538,191.361,0.707,-0.707,0,198.010,-28.125,222.761,0,521.747,707.164,0,0,728.462,0.000,90.013,160.538,191.361,0.707,-0.707,177.350,27.647,0.103,0.995,177.350,27.647,0.103,0.995,140.000,279.000,0.000,0.000,140.000,279.000,0.000,0.000,159.737,29.294,0.554,-0.833,1.000,-1.000,0,0
48.403,170.713,181.187,0.707,-0.707,0,201.729,-33.184,216.705,0,510.669,714.866,0,0,732.594,0.000,102.522,170.713,181.187,0.707,-0.707,178.093,34.797,0.103,0.995,178.093,34.797,0.103,0.995,140.000,279.000,0.000,0.000,140.000,279.000,0.000,0.000,163.734,23.319,0.557,-0.830,1.000,-1.000,0,0
48.502,180.887,171.012,0.707,-0.707,0,205.321,-38.071,210.611,0,499.760,722.773,0,0,736.614,0.000,115.469,180.887,171.012,0.707,-0.707,178.837,41.947,0.103,0.995,178.837,41.947,0.103,0.995,140.000,279.000,0.000,0.000,140.000,279.000,0.000,0.000,167.754,17.360,0.560,-0.828,1.000,-1.000,0,0
48.602,191.061,160.838,0.707,-0.707,0,208.790,-42.790,204.506,0,489.031,730.877,0,0,740.522,0.000,128.723,191.061,160.838,0.707,-0.707,179.580,49.097,0.103,0.995,179.580,49.097,0.103,0.995,140.000,279.000,0.000,0.000,140.000,279.000,0.000,0.000,171.795,11.414,0.563,-0.826,1.000,-1.000,0,0
48.703,201.236,150.664,0.707,-0.707,0,212.139,-47.346,198.421,0,478.494,739.173,0,0,744.319,0.000,142.197,201.236,150.664,0.707,-0.707,180.324,56.247,0.103,0.995,180.324,56.247,0.103,0.995,140.000,279.000,0.000,0.000,140.000,279.000,0.000,0.000,175.855,5.481,0.566,-0.825,1.000,-1.000,0,0
48.801,211.410,140.489,0.707,-0.707,0,215.371,-51.742,192.387,0,468.162,747.653,0,0,748.006,0.000,144.402,211.410,140.489,0.707,-0.707,181.067,63.397,0.103,0.995,181.067,63.397,0.103,0.995,179.931,-0.440,0.568,-0.823,179.931,-0.440,0.568,-0.823,140.000,279.000,0.000,0.000,1.000,-1.000,0,0
48.901,221.585,130.315,0.707,-0.707,0,218.488,-55.983,186.442,0,458.049,756.312,0,0,751.582,0.000,141.733,221.585,130.315,0.707,-0.707,181.811,70.547,0.103,0.995,181.811,70.547,0.103,0.995,184.023,-6.350,0.570,-0.822,184.023,-6.350,0.570,-0.822,140.000,279.000,0.000,0.000,1.000,-1.000,0,0
49.000,231.759,120.141,0.707,-0.707,0,221.494,-60.072,180.627,0,448.170,765.144,0,0,755.050,0.000,139.396,231.759,120.141,0.707,-0.707,182.555,77.698,0.103,0.995,182.555,77.698,0.103,0.995,188.129,-12.251,0.572,-0.820,188.129,-12.251,0.572,-0.820,140.000,279.000,0.000,0.000,1.000,-1.000,0,0
49.100,241.933,109.967,0.707,-0.707,0,224.391,-64.013,174.988,0,438.540,774.143,0,0,758.409,0.000,137.408,241.933,109.967,0.707,-0.707,183.298,84.848,0.103,0.995,183.298,84.848,0.103,0.995,192.247,-18.143,0.574,-0.819,192.247,-18.143,0.574,-0.819,140.000,279.000,0.000,0.000,1.000,-1.000,0,0
49.203,246.003,97.264,0.375,-0.927,0,227.182,-67.810,166.276,0,435.483,777.002,0,0,761.661,0.000,131.051,246.003,97.264,0.000,-1.000,184.042,91.998,0.103,0.995,184.042,91.998,0.103,0.995,196.377,-24.027,0.575,-0.818,196.377,-24.027,0.575,-0.818,140.000,279.000,0.000,0.000,0.000,-1.000,0,0
49.304,246.003,82.875,0.110,-0.994,0,229.870,-71.466,155.324,0,437.060,775.906,0,0,764.806,0.000,121.606,246.003,82.875,0.000,-1.000,184.785,99.148,0.103,0.995,184.785,99.148,0.103,0.995,200.518,-29.904,0.577,-0.817,200.518,-29.904,0.577,-0.817,140.000,279.000,0.000,0.000,0.000,-1.000,0,0
49.404,246.003,68.486,0.032,-1.000,0,232.457,-74.985,144.262,0,439.104,775.075,0,0,767.847,0.000,112.154,246.003,68.486,0.000,-1.000,185.529,106.298,0.103,0.995,185.529,106.298,0.103,0.995,204.668,-35.773,0.578,-0.816,204.668,-35.773,0.578,-0.816,108.800,-94.600,0.000,0.000,0.000,-1.000,0,0
49.504,246.003,54.097,0.009,-1.000,0,234.945,-78.370,133.094,0,441.607,774.511,0,0,770.784,0.000,102.698,246.003,54.097,0.000,-1.000,186.273,113.448,0.103,0.995,186.273,113.448,0.103,0.995,208.828,-41.636,0.579,-0.815,208.828,-41.636,0.579,-0.815,108.800,-94.600,0.000,0.000,0.000,-1.000,0,0
49.604,246.003,39.709,0.003,-1.000,0,237.337,-81.625,121.824,0,444.562,774.213,0,0,773.619,0.000,93.238,246.003,39.709,0.000,-1.000,161.303,1.855,0.183,0.983,161.303,1.855,0.183,0.983,212.997,-47.492,0.580,-0.814,212.997,-47.492,0.580,-0.814,108.800,-94.600,0.000,0.000,0.000,-1.000,0,0
49.700,246.003,25.320,0.001,-1.000,0,239.636,-84.752,110.456,0,447.960,774.183,0,0,776.353,0.000,83.779,246.003,25.320,0.000,-1.000,162.620,8.922,0.183,0.983,162.620,8.922,0.183,0.983,217.174,-53.343,0.581,-0.814,217.174,-53.343,0.581,-0.814,108.800,-94.600,0.000,0.000,0.000,-1.000,0,0
49.801,246.003,10.931,0.000,-1.000,0,230.160,-71.499,83.939,2,451.791,774.421,0,0,765.206,0.000,74.324,246.003,10.931,0.000,-1.000,163.937,15.989,0.183,0.983,163.937,15.989,0.183,0.983,221.359,-59.188,0.583,-0.813,221.359,-59.188,0.583,-0.813,108.800,-94.600,0.000,0.000,0.000,-1.000,0,0
49.904,246.003,-3.457,0.000,-1.000,0,226.469,-65.330,64.883,2,456.044,774.925,0,0,760.744,0.000,57.089,246.003,-3.457,0.000,-1.000,165.254,23.056,0.183,0.983,165.254,23.056,0.183,0.983,217.669,-53.019,-0.513,0.858,217.669,-53.019,-0.513,0.858,108.800,-94.600,0.000,0.000,0.000,-1.000,0,0
50.005,246.003,-17.846,0.000,-1.000,0,219.766,-61.559,50.982,0,460.707,775.696,0,0,753.625,0.000,43.206,246.003,-17.846,0.000,-1.000,166.571,30.123,0.183,0.983,166.571,30.123,0.183,0.983,213.978,-46.849,-0.513,0.858,213.978,-46.849,-0.513,0.858,108.800,-94.600,0.000,0.000,0.000,-1.000,0,0
50.103,246.003,-32.235,0.000,-1.000,0,200.980,-67.161,56.982,0,465.768,776.733,0,0,735.713,0.000,36.701,246.003,-32.235,0.000,-1.000,167.888,37.190,0.183,0.983,167.888,37.190,0.183,0.983,210.287,-40.680,-0.513,0.858,210.287,-40.680,-0.513,0.858,108.800,-94.600,0.000,0.000,0.000,-1.000,0,0
50.203,241.933,-44.938,-0.236,-0.972,0,182.659,-72.623,65.422,0,474.307,773.820,0,0,718.327,0.000,36.843,241.933,-44.938,-0.707,-0.707,169.205,44.257,0.183,0.983,169.205,44.257,0.183,0.983,206.597,-34.510,-0.513,0.858,206.597,-34.510,-0.513,0.858,108.800,-94.600,0.000,0.000,-1.000,-1.000,0,0
50.303,231.759,-55.112,-0.588,-0.809,0,164.791,-77.951,70.757,0,487.642,764.774,0,0,701.456,0.000,39.359,231.759,-55.112,-0.707,-0.707,170.522,51.324,0.183,0.983,170.522,51.324,0.183,0.983,202.907,-28.341,-0.513,0.858,202.907,-28.341,-0.513,0.858,108.800,-94.600,0.000,0.000,-1.000,-1.000,0,0
50.400,221.585,-65.286,-0.673,-0.740,0,147.366,-83.147,76.343,0,501.035,755.895,0,0,685.089,0.000,48.572,221.585,-65.286,-0.707,-0.707,171.840,58.391,0.183,0.983,171.840,58.391,0.183,0.983,199.216,-22.172,-0.513,0.858,199.216,-22.172,-0.513,0.858,108.800,-94.600,0.000,0.000,-1.000,-1.000,0,0
50.500,211.411,-75.461,-0.697,-0.717,0,111.731,-79.753,99.772,2,514.482,747.187,0,0,649.421,0.000,61.543,211.411,-75.461,-0.707,-0.707,173.157,65.458,0.183,0.983,173.157,65.458,0.183,0.983,195.526,-16.003,-0.513,0.858,195.526,-16.003,-0.513,0.858,108.800,-94.600,0.000,0.000,-1.000,-1.000,0,0
50.603,199.550,-81.565,-0.894,-0.449,0,111.731,-79.753,87.838,2,527.800,736.360,0,0,649.421,0.000,72.145,199.550,-81.565,-1.000,0.000,44.000,-93.000,0.000,0.000,44.000,-93.000,0.000,0.000,191.835,-9.834,-0.513,0.858,191.835,-9.834,-0.513,0.858,108.800,-94.600,0.000,0.000,-1.000,0.000,0,0
50.700,185.162,-81.565,-0.990,-0.139,0,111.731,-79.753,73.453,2,540.912,722.147,0,0,649.421,0.000,77.466,185.162,-81.565,-1.000,0.000,44.000,-93.000,0.000,0.000,44.000,-93.000,0.000,0.000,108.800,-94.600,0.000,0.000,108.800,-94.600,0.000,0.000,188.145,-3.665,-0.513,0.858,-1.000,0.000,0,0
50.804,170.773,-81.565,-0.999,-0.038,0,111.731,-79.753,59.070,2,554.087,707.941,0,0,649.421,0.000,63.329,170.773,-81.565,-1.000,0.000,44.000,-93.000,0.000,0.000,44.000,-93.000,0.000,0.000,108.800,-94.600,0.000,0.000,108.800,-94.600,0.000,0.000,184.455,2.504,-0.513,0.858,-1.000,0.000,0,0
50.903,156.384,-81.565,-1.000,-0.011,0,111.731,-79.753,44.690,2,567.322,693.742,0,0,649.421,0.000,49.337,156.384,-81.565,-1.000,0.000,44.000,-93.000,0.000,0.000,44.000,-93.000,0.000,0.000,108.800,-94.600,0.000,0.000,108.800,-94.600,0.000,0.000,180.764,8.673,-0.513,0.858,-1.000,0.000,0,0
51.002,141.996,-81.565,-1.000,-0.003,1,126.863,-81.615,15.133,1,580.611,679.552,0,0,664.645,0.000,35.663,141.996,-81.565,-1.000,0.000,44.000,-93.000,0.000,0.000,44.000,-93.000,0.000,0.000,108.800,-94.600,0.000,0.000,108.800,-94.600,0.000,0.000,177.074,14.843,-0.513,0.858,-1.000,0.000,0,0
51.104,130.136,-75.461,-0.915,0.403,1,116.283,-69.369,15.133,1,589.366,666.861,0,0,652.228,0.000,28.662,130.136,-75.461,-0.707,0.707,44.000,-93.000,0.000,0.000,44.000,-93.000,0.000,0.000,108.800,-94.600,0.000,0.000,108.800,-94.600,0.000,0.000,173.383,21.012,-0.513,0.858,-1.000,1.000,0,0
51.201,121.996,-64.444,-0.705,0.710,1,111.333,-53.705,15.133,1,593.109,657.140,0,0,645.099,0.000,32.917,121.996,-64.444,0.000,1.000,44.000,-93.000,0.000,0.000,44.000,-93.000,0.000,0.000,108.800,-94.600,0.000,0.000,108.800,-94.600,0.000,0.000,169.693,27.181,-0.513,0.858,0.000,1.000,0,0
51.304,128.101,-52.584,0.190,0.982,1,130.983,-37.727,15.133,1,583.397,661.578,0,0,662.734,0.000,46.237,128.101,-52.584,0.707,0.707,44.000,-93.000,0.000,0.000,44.000,-93.000,0.000,0.000,108.800,-94.600,0.000,0.000,108.800,-94.600,0.000,0.000,166.002,33.350,-0.513,0.858,1.000,1.000,0,0
51.402,139.118,-44.444,0.694,0.720,1,149.623,-33.551,15.133,1,570.345,671.544,0,0,680.863,0.000,58.607,139.118,-44.444,1.000,0.000,44.000,-93.000,0.000,0.000,44.000,-93.000,0.000,0.000,108.800,-94.600,0.000,0.000,108.800,-94.600,0.000,0.000,162.312,39.519,-0.513,0.858,1.000,0.000,0,0
51.504,153.507,-44.444,0.975,0.224,1,168.256,-41.059,15.133,1,556.737,685.840,0,0,700.142,0.000,67.189,153.507,-44.444,1.000,0.000,44.000,-93.000,0.000,0.000,44.000,-93.000,0.000,0.000,108.800,-94.600,0.000,0.000,108.800,-94.600,0.000,0.000,162.497,32.333,0.026,-1.000,1.000,0.000,0,0
51.600,167.895,-44.444,0.998,0.068,1,182.994,-43.414,15.133,1,543.168,700.139,0,0,715.040,0.000,77.511,167.895,-44.444,1.000,0.000,44.000,-93.000,0.000,0.000,44.000,-93.000,0.000,0.000,108.800,-94.600,0.000,0.000,108.800,-94.600,0.000,0.000,163.361,33.699,0.183,0.983,1.000,0.000,0,0
51.702,182.284,-44.444,1.000,0.019,1,197.414,-44.153,15.133,1,529.643,714.442,0,0,729.457,0.000,87.009,182.284,-44.444,1.000,0.000,44.000,-93.000,0.000,0.000,44.000,-93.000,0.000,0.000,164.678,40.766,0.183,0.983,164.678,40.766,0.183,0.983,108.800,-94.600,0.000,0.000,1.000,0.000,0,0
51.801,196.673,-44.444,1.000,0.006,1,211.806,-44.359,15.133,1,516.165,728.749,0,0,743.790,0.000,97.242,196.673,-44.444,1.000,0.000,44.000,-93.000,0.000,0.000,44.000,-93.000,0.000,0.000,165.995,47.833,0.183,0.983,165.995,47.833,0.183,0.983,108.800,-94.600,0.000,0.000,1.000,0.000,0,0
51.905,208.533,-38.339,0.908,0.420,1,222.270,-31.990,15.133,1,502.922,739.948,0,0,753.066,0.000,101.944,208.533,-38.339,0.707,0.707,44.000,-93.000,0.000,0.000,44.000,-93.000,0.000,0.000,167.313,54.900,0.183,0.983,167.313,54.900,0.183,0.983,108.800,-94.600,0.000,0.000,1.000,1.000,0,0
52.002,218.707,-28.165,0.777,0.630,1,230.464,-18.636,15.133,1,489.869,749.205,0,0,760.242,0.000,103.109,218.707,-28.165,0.707,0.707,44.000,-93.000,0.000,0.000,44.000,-93.000,0.000,0.000,168.630,61.967,0.183,0.983,168.630,61.967,0.183,0.983,108.800,-94.600,0.000,0.000,1.000,1.000,0,0
52.104,228.882,-17.991,0.728,0.686,1,239.896,-7.613,15.133,1,476.893,758.622,0,0,769.022,0.000,105.102,228.882,-17.991,0.707,0.707,157.492,152.448,-0.505,-0.863,157.492,152.448,-0.505,-0.863,169.947,69.034,0.183,0.983,169.947,69.034,0.183,0.983,108.800,-94.600,0.000,0.000,1.000,1.000,0,0
52.200,239.056,-7.817,0.713,0.701,1,249.852,2.788,15.133,1,464.000,768.194,0,0,778.519,0.000,107.879,239.056,-7.817,0.707,0.707,153.862,146.244,-0.505,-0.863,153.862,146.244,-0.505,-0.863,171.264,76.101,0.183,0.983,171.264,76.101,0.183,0.983,108.800,-94.600,0.000,0.000,1.000,1.000,0,0
52.302,249.230,2.358,0.709,0.705,1,259.958,13.032,15.133,1,451.198,777.914,0,0,788.318,0.000,111.379,249.230,2.358,0.707,0.707,150.232,140.039,-0.505,-0.863,150.232,140.039,-0.505,-0.863,172.581,83.168,0.183,0.983,172.581,83.168,0.183,0.983,108.800,-94.600,0.000,0.000,1.000,1.000,0,0
52.401,259.405,12.532,0.708,0.707,1,270.113,23.225,15.133,1,438.494,787.776,0,0,798.306,0.000,115.538,259.405,12.532,0.707,0.707,146.601,133.834,-0.505,-0.863,146.601,133.834,-0.505,-0.863,173.899,90.235,0.183,0.983,173.899,90.235,0.183,0.983,108.800,-94.600,0.000,0.000,1.000,1.000,0,0
52.502,269.579,22.706,0.707,0.707,1,280.282,33.405,15.133,1,425.897,797.777,0,0,808.439,0.000,120.287,269.579,22.706,0.707,0.707,142.971,127.630,-0.505,-0.863,142.971,127.630,-0.505,-0.863,175.216,97.301,0.183,0.983,175.216,97.301,0.183,0.983,108.800,-94.600,0.000,0.000,1.000,1.000,0,0
52.603,279.754,32.881,0.707,0.707,1,290.455,43.581,15.133,1,413.418,807.909,0,0,818.705,0.000,125.559,279.754,32.881,0.707,0.707,139.341,121.425,-0.505,-0.863,139.341,121.425,-0.505,-0.863,176.533,104.369,0.183,0.983,176.533,104.369,0.183,0.983,424.800,-106.500,0.000,0.000,1.000,1.000,0,0
52.705,289.928,43.055,0.707,0.707,1,300.629,53.756,15.133,1,401.066,818.170,0,0,829.094,0.000,131.291,289.928,43.055,0.707,0.707,135.710,115.220,-0.505,-0.863,135.710,115.220,-0.505,-0.863,177.850,111.436,0.183,0.983,177.850,111.436,0.183,0.983,424.800,-106.500,0.000,0.000,1.000,1.000,0,0
52.800,300.102,53.229,0.707,0.707,1,310.803,63.930,15.133,1,388.855,828.553,0,0,839.601,0.000,137.426,300.102,53.229,0.707,0.707,132.080,109.016,-0.505,-0.863,132.080,109.016,-0.505,-0.863,179.167,118.503,0.183,0.983,179.167,118.503,0.183,0.983,424.800,-106.500,0.000,0.000,1.000,1.000,0,0
52.905,310.277,63.404,0.707,0.707,1,320.978,74.105,15.133,1,376.797,839.054,0,0,850.222,0.000,143.912,310.277,63.404,0.707,0.707,128.449,102.811,-0.505,-0.863,128.449,102.811,-0.505,-0.863,180.484,125.570,0.183,0.983,180.484,125.570,0.183,0.983,424.800,-106.500,0.000,0.000,1.000,1.000,0,0
53.002,320.451,73.578,0.707,0.707,1,331.152,84.279,15.133,1,364.908,849.670,0,0,860.953,0.000,150.704,320.451,73.578,0.707,0.707,124.819,96.606,-0.505,-0.863,124.819,96.606,-0.505,-0.863,181.802,132.636,0.183,0.983,181.802,132.636,0.183,0.983,424.800,-106.500,0.000,0.000,1.000,1.000,0,0
53.104,330.626,83.752,0.707,0.707,1,341.326,94.453,15.133,1,353.205,860.395,0,0,871.789,0.000,157.762,330.626,83.752,0.707,0.707,207.402,249.200,0.183,0.983,207.402,249.200,0.183,0.983,183.119,139.703,0.183,0.983,183.119,139.703,0.183,0.983,424.800,-106.500,0.000,0.000,1.000,1.000,0,0
53.204,340.800,93.927,0.707,0.707,1,351.501,104.628,15.133,1,341.707,871.225,0,0,882.726,0.000,165.052,340.800,93.927,0.707,0.707,208.720,256.267,0.183,0.983,208.720,256.267,0.183,0.983,184.436,146.770,0.183,0.983,184.436,146.770,0.183,0.983,427.000,279.000,0.000,0.000,1.000,1.000,0,0
53.304,353.503,97.997,0.923,0.386,1,367.464,103.838,15.133,1,328.609,884.193,0,0,898.567,0.000,176.800,353.503,97.997,1.000,0.000,210.037,263.334,0.183,0.983,210.037,263.334,0.183,0.983,185.753,153.837,0.183,0.983,185.753,153.837,0.183,0.983,427.000,279.000,0.000,0.000,1.000,0.000,0,0
53.405,367.892,97.997,0.994,0.114,1,382.927,99.717,15.133,1,314.349,898.539,0,0,913.658,0.000,190.410,367.892,97.997,1.000,0.000,211.354,270.401,0.183,0.983,211.354,270.401,0.183,0.983,427.000,279.000,0.000,0.000,427.000,279.000,0.000,0.000,187.070,160.904,0.183,0.983,1.000,0.000,0,0
53.500,382.280,97.997,0.999,0.035,1,397.405,98.523,15.133,1,300.101,912.886,0,0,928.006,0.000,186.446,382.280,97.997,1.000,0.000,212.671,277.468,0.183,0.983,212.671,277.468,0.183,0.983,427.000,279.000,0.000,0.000,427.000,279.000,0.000,0.000,188.387,167.971,0.183,0.983,1.000,0.000,0,0
53.601,388.036,97.997,1.000,0.020,0,417.095,99.209,29.084,0,294.406,918.625,0,0,947.690,0.000,185.150,388.036,97.997,0.000,0.000,213.988,284.535,0.183,0.983,213.988,284.535,0.183,0.983,427.000,279.000,0.000,0.000,427.000,279.000,0.000,0.000,424.800,-106.500,0.000,0.000,0.000,0.000,0,0
53.704,388.036,97.997,1.000,0.020,0,436.297,99.878,48.298,0,294.406,918.625,0,0,966.886,0.000,185.150,388.036,97.997,0.000,0.000,215.305,291.602,0.183,0.983,215.305,291.602,0.183,0.983,427.000,279.000,0.000,0.000,427.000,279.000,0.000,0.000,424.800,-106.500,0.000,0.000,0.000,0.000,0,0
53.801,388.036,97.997,1.000,0.020,0,455.025,100.530,67.038,0,294.406,918.625,0,0,985.606,0.000,185.150,388.036,97.997,0.000,0.000,216.622,298.669,0.183,0.983,216.622,298.669,0.183,0.983,427.000,279.000,0.000,0.000,427.000,279.000,0.000,0.000,424.800,-106.500,0.000,0.000,0.000,0.000,0,0
53.903,388.036,97.997,1.000,0.020,0,473.289,101.166,85.315,0,294.406,918.625,0,0,1003.862,0.000,185.150,388.036,97.997,0.000,0.000,217.939,305.736,0.183,0.983,217.939,305.736,0.183,0.983,427.000,279.000,0.000,0.000,427.000,279.000,0.000,0.000,424.800,-106.500,0.000,0.000,0.000,0.000,0,0
54.001,388.036,97.997,1.000,0.020,0,491.100,101.787,103.141,0,294.406,918.625,0,0,1021.666,0.000,185.150,388.036,97.997,0.000,0.000,219.257,312.803,0.183,0.983,219.257,312.803,0.183,0.983,427.000,279.000,0.000,0.000,427.000,279.000,0.000,0.000,424.800,-106.500,0.000,0.000,0.000,0.000,0,0
54.103,388.036,97.997,1.000,0.020,0,508.471,102.392,120.528,0,294.406,918.625,0,0,1039.028,0.000,185.150,388.036,97.997,0.000,0.000,220.574,319.870,0.183,0.983,220.574,319.870,0.183,0.983,427.000,279.000,0.000,0.000,427.000,279.000,0.000,0.000,424.800,-106.500,0.000,0.000,0.000,0.000,0,0
54.205,388.036,97.997,1.000,0.020,0,525.412,102.982,137.486,0,294.406,918.625,0,0,1055.961,0.000,185.150,388.036,97.997,0.000,0.000,221.891,326.937,0.183,0.983,221.891,326.937,0.183,0.983,427.000,279.000,0.000,0.000,427.000,279.000,0.000,0.000,424.800,-106.500,0.000,0.000,0.000,0.000,0,0
54.305,388.036,97.997,1.000,0.020,0,541.934,103.557,154.028,0,294.406,918.625,0,0,1072.474,0.000,185.150,388.036,97.997,0.000,0.000,223.208,334.004,0.183,0.983,223.208,334.004,0.183,0.983,427.000,279.000,0.000,0.000,427.000,279.000,0.000,0.000,424.800,-106.500,0.000,0.000,0.000,0.000,0,0
54.402,388.036,97.997,1.000,0.020,0,558.047,104.119,170.162,0,294.406,918.625,0,0,1088.578,0.000,185.150,388.036,97.997,0.000,0.000,224.525,341.071,0.183,0.983,224.525,341.071,0.183,0.983,427.000,279.000,0.000,0.000,427.000,279.000,0.000,0.000,424.800,-106.500,0.000,0.000,0.000,0.000,0,0
54.503,388.036,97.997,1.000,0.020,0,573.761,104.666,185.901,0,294.406,918.625,0,0,1104.284,0.000,185.150,388.036,97.997,0.000,0.000,225.842,348.138,0.183,0.983,225.842,348.138,0.183,0.983,427.000,279.000,0.000,0.000,427.000,279.000,0.000,0.000,424.800,-106.500,0.000,0.000,0.000,0.000,0,0
54.604,388.036,97.997,1.000,0.020,0,589.086,105.200,201.254,0,294.406,918.625,0,0,1119.601,0.000,185.150,388.036,97.997,0.000,0.000,227.159,355.205,0.183,0.983,227.159,355.205,0.183,0.983,427.000,279.000,0.000,0.000,427.000,279.000,0.000,0.000,424.800,-106.500,0.000,0.000,0.000,0.000,0,0
54.701,388.036,97.997,1.000,0.020,0,604.031,105.720,216.231,0,294.406,918.625,0,0,1134.539,0.000,185.150,388.036,97.997,0.000,0.000,228.477,362.272,0.183,0.983,228.477,362.272,0.183,0.983,427.000,279.000,0.000,0.000,427.000,279.000,0.000,0.000,424.800,-106.500,0.000,0.000,0.000,0.000,0,0
54.802,388.036,97.997,1.000,0.020,0,618.059,106.209,230.265,0,294.406,918.625,0,0,1148.567,0.000,185.150,388.036,97.997,0.000,0.000,229.794,369.339,0.183,0.983,229.794,369.339,0.183,0.983,427.000,279.000,0.000,0.000,427.000,279.000,0.000,0.000,424.800,-106.500,0.000,0.000,0.000,0.000,0,0
54.904,388.036,97.997,1.000,0.020,0,631.598,106.681,243.807,0,294.406,918.625,0,0,1162.107,0.000,185.150,388.036,97.997,0.000,0.000,231.111,376.406,0.183,0.983,231.111,376.406,0.183,0.983,427.000,279.000,0.000,0.000,427.000,279.000,0.000,0.000,424.800,-106.500,0.000,0.000,0.000,0.000,0,0
55.001,388.036,97.997,1.000,0.020,0,644.744,107.138,256.956,0,294.406,918.625,0,0,1175.254,0.000,185.150,388.036,97.997,0.000,0.000,232.428,383.473,0.183,0.983,232.428,383.473,0.183,0.983,427.000,279.000,0.000,0.000,427.000,279.000,0.000,0.000,424.800,-106.500,0.000,0.000,0.000,0.000,0,0
55.102,39.000,287.000,0.897,0.443,0,657.506,107.583,644.036,0,657.616,622.350,0,0,1188.018,0.000,101.316,39.000,287.000,0.000,0.000,-85.000,286.000,0.000,0.000,-85.000,286.000,0.000,0.000,140.000,279.000,0.000,0.000,140.000,279.000,0.000,0.000,290.700,275.300,0.000,0.000,0.000,0.000,0,0
55.201,39.000,287.000,0.897,0.443,0,669.894,108.014,655.826,0,657.619,622.354,0,0,1200.409,0.000,101.316,39.000,287.000,0.000,0.000,-85.000,286.000,0.000,0.000,-85.000,286.000,0.000,0.000,140.000,279.000,0.000,0.000,140.000,279.000,0.000,0.000,290.700,275.300,0.000,0.000,0.000,0.000,0,0
55.303,39.000,287.000,0.897,0.443,0,669.806,108.325,655.651,0,657.619,622.354,0,0,1200.345,0.000,101.316,39.000,287.000,0.000,0.000,-85.000,286.000,0.000,0.000,-85.000,286.000,0.000,0.000,140.000,279.000,0.000,0.000,140.000,279.000,0.000,0.000,290.700,275.300,0.000,0.000,0.000,0.000,0,0
55.402,39.000,287.000,0.897,0.443,0,669.806,108.629,655.564,0,657.619,622.354,0,0,1200.369,0.000,101.316,39.000,287.000,0.000,0.000,-85.000,286.000,0.000,0.000,-85.000,286.000,0.000,0.000,140.000,279.000,0.000,0.000,140.000,279.000,0.000,0.000,290.700,275.300,0.000,0.000,0.000,0.000,0,0
55.500,39.000,287.000,0.897,0.443,0,669.806,108.925,655.480,0,657.619,622.354,0,0,1200.391,0.000,101.316,39.000,287.000,0.000,0.000,-85.000,286.000,0.000,0.000,-85.000,286.000,0.000,0.000,140.000,279.000,0.000,0.000,140.000,279.000,0.000,0.000,290.700,275.300,0.000,0.000,0.000,0.000,0,0
55.601,39.000,287.000,0.897,0.443,0,669.806,109.213,655.400,0,657.619,622.354,0,0,1200.412,0.000,101.316,39.000,287.000,0.000,0.000,-85.000,286.000,0.000,0.000,-85.000,286.000,0.000,0.000,140.000,279.000,0.000,0.000,140.000,279.000,0.000,0.000,290.700,275.300,0.000,0.000,0.000,0.000,0,0
55.703,39.000,287.000,0.897,0.443,0,669.806,109.494,655.322,0,657.619,622.354,0,0,1200.432,0.000,101.316,39.000,287.000,0.000,0.000,-85.000,286.000,0.000,0.000,-85.000,286.000,0.000,0.000,140.000,279.000,0.000,0.000,140.000,279.000,0.000,0.000,290.700,275.300,0.000,0.000,0.000,0.000,0,0
55.804,39.000,287.000,0.897,0.443,0,669.806,109.769,655.248,0,657.619,622.354,0,0,1200.451,0.000,101.316,39.000,287.000,0.000,0.000,-85.000,286.000,0.000,0.000,-85.000,286.000,0.000,0.000,140.000,279.000,0.000,0.000,140.000,279.000,0.000,0.000,290.700,275.300,0.000,0.000,0.000,0.000,0,0
55.905,39.000,287.000,0.897,0.443,0,669.806,110.036,655.176,0,657.619,622.354,0,0,1200.468,0.000,101.316,39.000,287.000,0.000,0.000,-85.000,286.000,0.000,0.000,-85.000,286.000,0.000,0.000,140.000,279.000,0.000,0.000,140.000,279.000,0.000,0.000,290.700,275.300,0.000,0.000,0.000,0.000,0,0
56.005,39.000,287.000,0.897,0.443,0,669.806,110.297,655.106,0,657.619,622.354,0,0,1200.484,0.000,101.316,39.000,287.000,0.000,0.000,-85.000,286.000,0.000,0.000,-85.000,286.000,0.000,0.000,140.000,279.000,0.000,0.000,140.000,279.000,0.000,0.000,290.700,275.300,0.000,0.000,0.000,0.000,0,0
56.105,39.000,287.000,0.897,0.443,0,59.000,80.600,207.465,0,657.619,622.354,0,0,589.175,0.000,101.316,39.000,287.000,0.000,0.000,-85.000,286.000,0.000,0.000,-85.000,286.000,0.000,0.000,140.000,279.000,0.000,0.000,140.000,279.000,0.000,0.000,290.700,275.300,0.000,0.000,0.000,0.000,0,0
56.201,39.000,287.000,0.897,0.443,0,59.000,80.600,207.468,0,657.619,622.354,0,0,589.173,0.000,101.316,39.000,287.000,0.000,0.000,-85.000,286.000,0.000,0.000,-85.000,286.000,0.000,0.000,140.000,279.000,0.000,0.000,140.000,279.000,0.000,0.000,290.700,275.300,0.000,0.000,0.000,0.000,0,0
56.303,39.000,287.000,0.897,0.443,0,59.000,80.600,207.473,0,657.619,622.354,0,0,589.171,0.000,101.316,39.000,287.000,0.000,0.000,-85.000,286.000,0.000,0.000,-85.000,286.000,0.000,0.000,140.000,279.000,0.000,0.000,140.000,279.000,0.000,0.000,290.700,275.300,0.000,0.000,0.000,0.000,0,0
56.403,39.000,287.000,0.897,0.443,0,59.000,80.600,207.473,0,657.619,622.354,0,0,589.171,0.000,101.316,39.000,287.000,0.000,0.000,-85.000,286.000,0.000,0.000,-85.000,286.000,0.000,0.000,140.000,279.000,0.000,0.000,140.000,279.000,0.000,0.000,290.700,275.300,0.000,0.000,0.000,0.000,0,0
56.503,39.000,287.000,0.897,0.443,0,59.000,80.600,207.473,0,657.619,622.354,0,0,589.171,0.000,101.316,39.000,287.000,0.000,0.000,-85.000,286.000,0.000,0.000,-85.000,286.000,0.000,0.000,140.000,279.000,0.000,0.000,140.000,279.000,0.000,0.000,290.700,275.300,0.000,0.000,0.000,0.000,0,0
56.604,39.000,287.000,0.897,0.443,0,59.000,80.600,207.473,0,657.619,622.354,0,0,589.171,0.000,101.316,39.000,287.000,0.000,0.000,-85.000,286.000,0.000,0.000,-85.000,286.000,0.000,0.000,140.000,279.000,0.000,0.000,140.000,279.000,0.000,0.000,290.700,275.300,0.000,0.000,0.000,0.000,0,0
56.702,39.000,287.000,0.897,0.443,0,59.000,80.600,207.473,0,657.619,622.354,0,0,589.171,0.000,101.316,39.000,287.000,0.000,0.000,-85.000,286.000,0.000,0.000,-85.000,286.000,0.000,0.000,140.000,279.000,0.000,0.000,140.000,279.000,0.000,0.000,290.700,275.300,0.000,0.000,0.000,0.000,0,0
56.803,39.000,287.000,0.897,0.443,0,59.000,80.600,207.473,0,657.619,622.354,0,0,589.171,0.000,101.316,39.000,287.000,0.000,0.000,-85.000,286.000,0.000,0.000,-85.000,286.000,0.000,0.000,140.000,279.000,0.000,0.000,140.000,279.000,0.000,0.000,290.700,275.300,0.000,0.000,0.000,0.000,0,0
56.903,39.000,287.000,0.897,0.443,0,59.000,80.600,207.473,0,657.619,622.354,0,0,589.171,0.000,101.316,39.000,287.000,0.000,0.000,-85.000,286.000,0.000,0.000,-85.000,286.000,0.000,0.000,140.000,279.000,0.000,0.000,140.000,279.000,0.000,0.000,290.700,275.300,0.000,0.000,0.000,0.000,0,0
57.004,39.000,287.000,0.897,0.443,0,59.000,80.600,207.473,0,657.619,622.354,0,0,589.171,0.000,101.316,39.000,287.000,0.000,0.000,-85.000,286.000,0.000,0.000,-85.000,286.000,0.000,0.000,140.000,279.000,0.000,0.000,140.000,279.000,0.000,0.000,290.700,275.300,0.000,0.000,0.000,0.000,0,0
57.103,39.000,272.611,0.755,-0.655,0,59.000,80.600,193.164,0,654.507,616.572,0,0,589.171,0.000,101.202,39.000,272.611,0.000,-1.000,-85.000,286.000,0.000,0.000,-85.000,286.000,0.000,0.000,140.000,279.000,0.000,0.000,140.000,279.000,0.000,0.000,290.700,275.300,0.000,0.000,0.000,-1.000,0,0
57.203,39.000,258.223,0.141,-0.990,0,59.000,80.600,178.868,0,651.697,611.075,0,0,589.171,0.000,103.115,39.000,258.223,0.000,-1.000,-85.000,286.000,0.000,0.000,-85.000,286.000,0.000,0.000,140.000,279.000,0.000,0.000,140.000,279.000,0.000,0.000,290.700,275.300,0.000,0.000,0.000,-1.000,0,0
57.300,39.000,243.834,0.043,-0.999,0,59.000,80.600,164.588,0,649.195,605.869,0,0,589.171,0.000,106.947,39.000,243.834,0.000,-1.000,-85.000,286.000,0.000,0.000,-85.000,286.000,0.000,0.000,140.000,279.000,0.000,0.000,140.000,279.000,0.000,0.000,290.700,275.300,0.000,0.000,0.000,-1.000,0,0
57.404,39.000,229.445,0.012,-1.000,0,59.000,80.600,150.329,0,647.003,600.963,0,0,589.171,0.000,112.502,39.000,229.445,0.000,-1.000,-85.000,286.000,0.000,0.000,-85.000,286.000,0.000,0.000,140.000,279.000,0.000,0.000,140.000,279.000,0.000,0.000,290.700,275.300,0.000,0.000,0.000,-1.000,0,0
57.505,39.000,215.057,0.003,-1.000,0,59.000,80.600,136.098,0,645.124,596.364,0,0,589.171,0.000,119.540,39.000,215.057,0.000,-1.000,-85.000,286.000,0.000,0.000,-85.000,286.000,0.000,0.000,140.000,279.000,0.000,0.000,140.000,279.000,0.000,0.000,290.700,275.300,0.000,0.000,0.000,-1.000,0,0
57.600,39.000,200.668,0.001,-1.000,0,59.000,80.600,121.903,0,643.562,592.079,0,0,589.171,0.000,127.816,39.000,200.668,0.000,-1.000,-85.000,286.000,0.000,0.000,-85.000,286.000,0.000,0.000,140.000,279.000,0.000,0.000,140.000,279.000,0.000,0.000,290.700,275.300,0.000,0.000,0.000,-1.000,0,0
57.701,39.000,186.279,0.000,-1.000,0,59.000,80.600,107.759,0,642.318,588.115,0,0,589.171,0.000,137.106,39.000,186.279,0.000,-1.000,-85.000,286.000,0.000,0.000,-85.000,286.000,0.000,0.000,140.000,279.000,0.000,0.000,140.000,279.000,0.000,0.000,290.700,275.300,0.000,0.000,0.000,-1.000,0,0
57.805,39.000,171.891,0.000,-1.000,0,59.000,80.600,93.691,0,641.395,584.479,0,0,589.171,0.000,147.219,39.000,171.891,0.000,-1.000,-85.000,286.000,0.000,0.000,-85.000,286.000,0.000,0.000,140.000,279.000,0.000,0.000,140.000,279.000,0.000,0.000,290.700,275.300,0.000,0.000,0.000,-1.000,0,0
57.900,39.000,157.502,0.000,-1.000,0,59.000,80.600,79.736,0,640.793,581.175,0,0,589.171,0.000,157.996,39.000,157.502,0.000,-1.000,-85.000,286.000,0.000,0.000,-85.000,286.000,0.000,0.000,140.000,279.000,0.000,0.000,140.000,279.000,0.000,0.000,108.800,-94.600,0.000,0.000,0.000,-1.000,0,0
58.001,39.000,143.113,0.000,-1.000,0,59.000,80.600,65.969,0,640.515,578.212,0,0,589.171,0.000,169.311,39.000,143.113,0.000,-1.000,-85.000,286.000,0.000,0.000,-85.000,286.000,0.000,0.000,140.000,279.000,0.000,0.000,140.000,279.000,0.000,0.000,108.800,-94.600,0.000,0.000,0.000,-1.000,0,0
58.101,39.000,128.725,0.000,-1.000,0,59.000,80.600,52.535,0,640.559,575.592,0,0,589.171,0.000,181.063,39.000,128.725,0.000,-1.000,-81.158,287.959,0.891,0.454,-81.158,287.959,0.891,0.454,140.000,279.000,0.000,0.000,140.000,279.000,0.000,0.000,108.800,-94.600,0.000,0.000,0.000,-1.000,0,0
58.202,39.000,114.336,0.000,-1.000,0,59.000,80.600,39.776,0,640.927,573.322,0,0,589.171,0.000,193.172,39.000,114.336,0.000,-1.000,44.000,-93.000,0.000,0.000,44.000,-93.000,0.000,0.000,140.000,279.000,0.000,0.000,140.000,279.000,0.000,0.000,108.800,-94.600,0.000,0.000,0.000,-1.000,0,0
58.303,39.000,99.947,0.000,-1.000,1,39.000,84.814,15.133,1,641.617,571.406,0,0,569.775,0.000,205.575,39.000,99.947,0.000,-1.000,44.000,-93.000,0.000,0.000,44.000,-93.000,0.000,0.000,140.000,279.000,0.000,0.000,140.000,279.000,0.000,0.000,108.800,-94.600,0.000,0.000,0.000,-1.000,0,0
58.405,39.000,85.559,0.000,-1.000,1,39.000,70.425,15.133,1,642.629,569.846,0,0,568.594,0.000,193.208,39.000,85.559,0.000,-1.000,44.000,-93.000,0.000,0.000,44.000,-93.000,0.000,0.000,108.800,-94.600,0.000,0.000,108.800,-94.600,0.000,0.000,140.000,279.000,0.000,0.000,0.000,-1.000,0,0
58.502,47.139,74.541,0.477,-0.879,1,54.356,61.240,15.133,1,635.523,577.008,0,0,583.359,0.000,180.030,47.139,74.541,0.707,-0.707,44.000,-93.000,0.000,0.000,44.000,-93.000,0.000,0.000,108.800,-94.600,0.000,0.000,108.800,-94.600,0.000,0.000,140.000,279.000,0.000,0.000,1.000,-1.000,0,0
58.601,57.808,72.506,0.876,-0.483,1,71.060,65.200,15.133,1,625.122,587.494,0,0,600.248,0.000,174.713,57.808,72.506,0.000,0.000,44.000,-93.000,0.000,0.000,44.000,-93.000,0.000,0.000,108.800,-94.600,0.000,0.000,108.800,-94.600,0.000,0.000,140.000,279.000,0.000,0.000,-1.000,0.000,0,0
58.701,43.419,72.506,-0.202,-0.979,1,40.363,57.685,15.133,1,639.429,573.148,0,0,569.212,0.000,179.442,43.419,72.506,-1.000,0.000,44.000,-93.000,0.000,0.000,44.000,-93.000,0.000,0.000,108.800,-94.600,0.000,0.000,108.800,-94.600,0.000,0.000,140.000,279.000,0.000,0.000,-1.000,0.000,0,0
58.800,29.030,72.506,-0.976,-0.219,1,14.265,69.188,15.133,1,653.739,558.804,0,0,543.843,0.000,185.170,29.030,72.506,-1.000,0.000,44.000,-93.000,0.000,0.000,44.000,-93.000,0.000,0.000,108.800,-94.600,0.000,0.000,108.800,-94.600,0.000,0.000,140.000,279.000,0.000,0.000,-1.000,0.000,0,0
58.904,14.641,72.506,-0.998,-0.060,1,-0.464,71.591,15.133,1,668.053,544.462,0,0,529.337,0.000,191.808,14.641,72.506,-1.000,0.000,44.000,-93.000,0.000,0.000,44.000,-93.000,0.000,0.000,108.800,-94.600,0.000,0.000,108.800,-94.600,0.000,0.000,140.000,279.000,0.000,0.000,-1.000,0.000,0,0
59.003,0.253,72.506,-1.000,-0.018,1,-14.878,72.236,15.133,1,682.370,530.123,0,0,515.025,0.000,199.266,0.253,72.506,-1.000,0.000,44.000,-93.000,0.000,0.000,44.000,-93.000,0.000,0.000,108.800,-94.600,0.000,0.000,108.800,-94.600,0.000,0.000,140.000,279.000,0.000,0.000,-1.000,0.000,0,0
59.103,-11.258,72.506,-1.000,-0.006,1,-26.391,72.421,15.133,1,693.826,518.653,0,0,503.571,0.000,205.763,-11.258,72.506,0.000,0.000,44.000,-93.000,0.000,0.000,44.000,-93.000,0.000,0.000,108.800,-94.600,0.000,0.000,108.800,-94.600,0.000,0.000,140.000,279.000,0.000,0.000,0.000,0.000,0,0
59.205,-8.380,72.506,-0.948,-0.317,1,-22.733,67.708,15.133,1,690.962,521.520,0,0,506.851,0.000,204.098,-8.380,72.506,1.000,0.000,44.000,-93.000,0.000,0.000,44.000,-93.000,0.000,0.000,108.800,-94.600,0.000,0.000,108.800,-94.600,0.000,0.000,140.000,279.000,0.000,0.000,1.000,0.000,0,0
59.304,6.008,72.506,-0.013,-1.000,1,5.806,57.375,15.133,1,676.643,535.858,0,0,534.694,0.000,196.191,6.008,72.506,1.000,0.000,44.000,-93.000,0.000,0.000,44.000,-93.000,0.000,0.000,108.800,-94.600,0.000,0.000,108.800,-94.600,0.000,0.000,220.673,-40.172,-0.787,0.616,1.000,0.000,0,0
59.401,20.397,72.506,0.935,-0.354,1,34.551,67.151,15.133,1,662.327,550.198,0,0,563.937,0.000,189.049,20.397,72.506,1.000,0.000,44.000,-93.000,0.000,0.000,44.000,-93.000,0.000,0.000,108.800,-94.600,0.000,0.000,108.800,-94.600,0.000,0.000,215.012,-35.741,-0.787,0.616,1.000,0.000,0,0
59.501,34.786,72.506,0.998,-0.057,1,49.894,71.637,15.133,1,648.015,564.541,0,0,579.542,0.000,182.764,34.786,72.506,1.000,0.000,44.000,-93.000,0.000,0.000,44.000,-93.000,0.000,0.000,108.800,-94.600,0.000,0.000,108.800,-94.600,0.000,0.000,209.352,-31.310,-0.787,0.616,1.000,0.000,0,0
59.602,49.174,72.506,1.000,-0.016,1,64.306,72.260,15.133,1,633.705,578.886,0,0,593.957,0.000,177.425,49.174,72.506,1.000,0.000,44.000,-93.000,0.000,0.000,44.000,-93.000,0.000,0.000,108.800,-94.600,0.000,0.000,108.800,-94.600,0.000,0.000,203.691,-26.880,-0.787,0.616,1.000,0.000,0,0
59.701,63.563,72.506,1.000,-0.005,1,78.696,72.435,15.133,1,619.400,593.233,0,0,608.320,0.000,164.614,63.563,72.506,1.000,0.000,44.000,-93.000,0.000,0.000,44.000,-93.000,0.000,0.000,198.030,-22.449,-0.787,0.616,198.030,-22.449,-0.787,0.616,108.800,-94.600,0.000,0.000,1.000,0.000,0,0
59.803,77.952,72.506,1.000,-0.001,1,93.085,72.486,15.133,1,605.098,607.583,0,0,622.675,0.000,145.897,77.952,72.506,1.000,0.000,44.000,-93.000,0.000,0.000,44.000,-93.000,0.000,0.000,192.369,-18.018,-0.787,0.616,192.369,-18.018,-0.787,0.616,108.800,-94.600,0.000,0.000,1.000,0.000,0,0
59.906,92.340,72.506,1.000,0.000,1,107.474,72.500,15.133,1,590.801,621.933,0,0,637.028,0.000,127.739,92.340,72.506,1.000,0.000,44.000,-93.000,0.000,0.000,44.000,-93.000,0.000,0.000,186.708,-13.587,-0.787,0.616,186.708,-13.587,-0.787,0.616,108.800,-94.600,0.000,0.000,1.000,0.000,0,0
60.005,106.729,72.506,1.000,0.000,1,121.862,72.505,15.133,1,576.508,636.286,0,0,651.383,0.000,110.417,106.729,72.506,1.000,0.000,44.000,-93.000,0.000,0.000,44.000,-93.000,0.000,0.000,181.047,-9.156,-0.787,0.616,181.047,-9.156,-0.787,0.616,108.800,-94.600,0.000,0.000,1.000,0.000,0,0
60.105,121.118,72.506,1.000,0.000,1,136.251,72.506,15.133,1,562.220,650.640,0,0,665.739,0.000,94.392,121.118,72.506,1.000,0.000,44.000,-93.000,0.000,0.000,44.000,-93.000,0.000,0.000,175.386,-4.726,-0.787,0.616,175.386,-4.726,-0.787,0.616,108.800,-94.600,0.000,0.000,1.000,0.000,0,0
60.204,135.507,72.506,1.000,0.000,1,150.640,72.506,15.133,1,547.938,664.996,0,0,680.096,0.000,80.442,135.507,72.506,1.000,0.000,44.000,-93.000,0.000,0.000,44.000,-93.000,0.000,0.000,169.726,-0.295,-0.787,0.616,169.726,-0.295,-0.787,0.616,108.800,-94.600,0.000,0.000,1.000,0.000,0,0
60.304,149.895,72.506,1.000,0.000,1,165.028,72.506,15.133,1,533.661,679.353,0,0,694.455,0.000,69.823,149.895,72.506,1.000,0.000,44.000,-93.000,0.000,0.000,44.000,-93.000,0.000,0.000,164.065,4.136,-0.787,0.616,164.065,4.136,-0.787,0.616,108.800,-94.600,0.000,0.000,1.000,0.000,0,0
60.400,141.262,72.506,0.798,-0.603,1,153.333,63.379,15.133,1,542.226,670.739,0,0,682.288,0.000,66.198,141.262,72.506,-1.000,0.000,44.000,-93.000,0.000,0.000,44.000,-93.000,0.000,0.000,158.404,8.567,-0.787,0.616,158.404,8.567,-0.787,0.616,108.800,-94.600,0.000,0.000,-1.000,0.000,0,0
60.503,126.873,72.506,-0.354,-0.935,1,121.512,58.355,15.133,1,556.507,656.383,0,0,650.283,0.000,64.889,126.873,72.506,-1.000,0.000,44.000,-93.000,0.000,0.000,44.000,-93.000,0.000,0.000,152.743,12.998,-0.787,0.616,152.743,12.998,-0.787,0.616,108.800,-94.600,0.000,0.000,-1.000,0.000,0,0
60.601,112.485,72.506,-0.991,-0.136,1,97.493,70.443,15.133,1,570.792,642.028,0,0,626.939,0.000,65.043,112.485,72.506,-1.000,0.000,44.000,-93.000,0.000,0.000,44.000,-93.000,0.000,0.000,147.082,17.428,-0.787,0.616,147.082,17.428,-0.787,0.616,108.800,-94.600,0.000,0.000,-1.000,0.000,0,0
60.702,98.096,72.506,-0.999,-0.040,1,82.975,71.907,15.133,1,585.083,627.674,0,0,612.552,0.000,66.650,98.096,72.506,-1.000,0.000,44.000,-93.000,0.000,0.000,44.000,-93.000,0.000,0.000,141.421,21.859,-0.787,0.616,141.421,21.859,-0.787,0.616,108.800,-94.600,0.000,0.000,-1.000,0.000,0,0
60.803,86.236,78.611,-0.945,0.327,1,71.934,83.559,15.133,1,596.228,616.287,0,0,602.447,0.000,72.043,86.236,78.611,-0.707,0.707,44.000,-93.000,0.000,0.000,44.000,-93.000,0.000,0.000,135.760,26.290,-0.787,0.616,135.760,26.290,-0.787,0.616,108.800,-94.600,0.000,0.000,-1.000,1.000,0,0
60.905,76.063,88.784,-0.792,0.611,1,64.084,98.032,15.133,1,605.438,607.034,0,0,596.086,0.000,79.318,76.063,88.784,-0.707,0.707,44.000,-93.000,0.000,0.000,44.000,-93.000,0.000,0.000,130.100,30.721,-0.787,0.616,130.100,30.721,-0.787,0.616,108.800,-94.600,0.000,0.000,-1.000,1.000,0,0
61.002,65.889,98.958,-0.734,0.680,1,54.787,109.242,15.133,1,614.848,597.983,0,0,588.240,0.000,88.719,65.889,98.958,-0.707,0.707,44.000,-93.000,0.000,0.000,44.000,-93.000,0.000,0.000,129.032,36.637,0.277,0.961,129.032,36.637,0.277,0.961,140.000,279.000,0.000,0.000,-1.000,1.000,0,0
61.101,65.889,113.347,-0.252,0.968,1,62.082,127.993,15.133,1,614.104,599.791,0,0,598.223,0.000,95.475,65.889,113.347,0.000,1.000,44.000,-93.000,0.000,0.000,44.000,-93.000,0.000,0.000,131.027,43.543,0.277,0.961,131.027,43.543,0.277,0.961,140.000,279.000,0.000,0.000,0.000,1.000,0,0
61.200,65.889,127.736,-0.075,0.997,1,64.761,142.827,15.133,1,613.698,601.938,0,0,603.441,0.000,102.371,65.889,127.736,0.000,1.000,44.000,-93.000,0.000,0.000,44.000,-93.000,0.000,0.000,133.021,50.450,0.277,0.961,133.021,50.450,0.277,0.961,140.000,279.000,0.000,0.000,0.000,1.000,0,0
61.300,65.889,142.124,-0.021,1.000,1,65.565,157.254,15.133,1,613.628,604.419,0,0,607.069,0.000,109.381,65.889,142.124,0.000,1.000,44.000,-93.000,0.000,0.000,44.000,-93.000,0.000,0.000,135.016,57.356,0.277,0.961,135.016,57.356,0.277,0.961,140.000,279.000,0.000,0.000,0.000,1.000,0,0
61.401,76.063,152.299,0.488,0.873,1,83.452,165.505,15.133,1,603.614,616.342,0,0,626.290,0.000,107.074,76.063,152.299,0.707,0.707,44.000,-93.000,0.000,0.000,44.000,-93.000,0.000,0.000,137.010,64.263,0.277,0.961,137.010,64.263,0.277,0.961,140.000,279.000,0.000,0.000,1.000,1.000,0,0
61.505,87.923,158.403,0.875,0.484,1,101.168,165.723,15.133,1,591.942,629.179,0,0,643.644,0.000,101.090,87.923,158.403,1.000,0.000,136.583,398.993,0.891,0.454,136.583,398.993,0.891,0.454,139.005,71.169,0.277,0.961,139.005,71.169,0.277,0.961,140.000,279.000,0.000,0.000,1.000,0.000,0,0
61.600,102.312,158.403,0.988,0.155,1,117.262,160.748,15.133,1,577.567,643.271,0,0,658.386,0.000,89.159,102.312,158.403,1.000,0.000,142.987,402.258,0.891,0.454,142.987,402.258,0.891,0.454,141.000,78.076,0.277,0.961,141.000,78.076,0.277,0.961,140.000,279.000,0.000,0.000,1.000,0.000,0,0
61.700,116.701,158.403,0.999,0.045,1,131.819,159.079,15.133,1,563.193,657.376,0,0,672.338,0.000,77.987,116.701,158.403,1.000,0.000,149.391,405.524,0.891,0.454,149.391,405.524,0.891,0.454,142.994,84.982,0.277,0.961,142.994,84.982,0.277,0.961,140.000,279.000,0.000,0.000,1.000,0.000,0,0
61.802,131.089,158.403,1.000,0.013,1,146.221,158.595,15.133,1,548.820,671.493,0,0,686.388,0.000,67.952,131.089,158.403,1.000,0.000,155.795,408.790,0.891,0.454,155.795,408.790,0.891,0.454,144.989,91.888,0.277,0.961,144.989,91.888,0.277,0.961,140.000,279.000,0.000,0.000,1.000,0.000,0,0
61.906,145.478,158.403,1.000,0.004,1,160.611,158.460,15.133,1,534.448,685.622,0,0,700.503,0.000,59.627,145.478,158.403,1.000,0.000,162.199,412.056,0.891,0.454,162.199,412.056,0.891,0.454,146.984,98.795,0.277,0.961,146.984,98.795,0.277,0.961,183.148,272.825,-0.193,-0.981,1.000,0.000,0,0
62.001,159.867,158.403,1.000,0.001,1,175.000,158.419,15.133,1,520.076,699.761,0,0,714.645,0.000,53.815,159.867,158.403,1.000,0.000,168.603,415.321,0.891,0.454,168.603,415.321,0.891,0.454,148.978,105.701,0.277,0.961,148.978,105.701,0.277,0.961,182.115,265.715,-0.093,-0.996,1.000,0.000,0,0
62.103,174.255,158.403,1.000,0.000,1,189.388,158.408,15.133,1,505.706,713.910,0,0,728.802,0.000,51.374,174.255,158.403,1.000,0.000,175.007,418.587,0.891,0.454,175.007,418.587,0.891,0.454,150.973,112.608,0.277,0.961,150.973,112.608,0.277,0.961,182.035,258.532,0.045,-0.999,1.000,0.000,0,0
62.202,187.801,156.368,0.998,-0.068,1,202.900,155.346,15.133,1,492.098,726.885,0,0,741.585,0.000,50.711,187.801,156.368,0.707,-0.707,181.411,421.853,0.891,0.454,181.411,421.853,0.891,0.454,152.968,119.514,0.277,0.961,152.968,119.514,0.277,0.961,182.977,251.412,0.189,-0.982,1.000,-1.000,0,0
62.303,197.975,146.194,0.835,-0.551,1,210.605,137.857,15.133,1,481.654,735.242,0,0,746.475,0.000,47.340,197.975,146.194,0.707,-0.707,187.815,425.118,0.891,0.454,187.815,425.118,0.891,0.454,154.962,126.421,0.277,0.961,154.962,126.421,0.277,0.961,184.532,244.394,0.230,-0.973,1.000,-1.000,0,0
62.401,208.150,136.020,0.748,-0.663,1,219.472,125.979,15.133,1,471.417,743.784,0,0,753.659,0.000,51.264,208.150,136.020,0.707,-0.707,44.000,-93.000,0.000,0.000,44.000,-93.000,0.000,0.000,156.957,133.327,0.277,0.961,156.957,133.327,0.277,0.961,186.371,237.445,0.275,-0.962,1.000,-1.000,0,0
62.503,218.324,125.845,0.719,-0.695,1,229.204,115.327,15.133,1,461.402,752.504,0,0,762.059,0.000,61.091,218.324,125.845,0.707,-0.707,44.000,-93.000,0.000,0.000,44.000,-93.000,0.000,0.000,158.951,140.233,0.277,0.961,158.951,140.233,0.277,0.961,188.557,230.597,0.323,-0.946,1.000,-1.000,0,0
62.605,228.498,115.671,0.710,-0.704,1,239.250,105.021,15.133,1,451.624,761.396,0,0,770.983,0.000,74.523,228.498,115.671,0.707,-0.707,44.000,-93.000,0.000,0.000,44.000,-93.000,0.000,0.000,160.946,147.140,0.277,0.961,160.946,147.140,0.277,0.961,191.075,223.865,0.368,-0.930,1.000,-1.000,0,0
62.701,238.673,105.497,0.708,-0.706,1,249.389,94.811,15.133,1,442.097,770.454,0,0,780.171,0.000,89.958,238.673,105.497,0.707,-0.707,44.000,-93.000,0.000,0.000,44.000,-93.000,0.000,0.000,162.941,154.046,0.277,0.961,162.941,154.046,0.277,0.961,193.886,217.249,0.406,-0.914,1.000,-1.000,0,0
62.802,250.533,99.392,0.851,-0.524,1,263.419,91.456,15.133,1,430.781,781.699,0,0,793.888,0.000,105.436,250.533,99.392,1.000,0.000,44.000,-93.000,0.000,0.000,44.000,-93.000,0.000,0.000,164.935,160.953,0.277,0.961,164.935,160.953,0.277,0.961,196.971,210.757,0.454,-0.891,1.000,0.000,0,0
62.902,264.922,99.392,0.987,-0.160,1,279.860,96.968,15.133,1,416.461,796.030,0,0,810.710,0.000,119.541,264.922,99.392,1.000,0.000,44.000,-93.000,0.000,0.000,44.000,-93.000,0.000,0.000,166.930,167.859,0.277,0.961,166.930,167.859,0.277,0.961,200.804,204.681,0.574,-0.819,1.000,0.000,0,0
63.002,279.310,99.392,0.999,-0.047,1,294.427,98.682,15.133,1,402.147,810.364,0,0,825.366,0.000,124.153,279.310,99.392,1.000,0.000,44.000,-93.000,0.000,0.000,44.000,-93.000,0.000,0.000,205.277,199.057,0.651,-0.759,205.277,199.057,0.651,-0.759,168.925,174.766,0.277,0.961,1.000,0.000,0,0
63.105,293.699,99.392,1.000,-0.013,1,308.831,99.196,15.133,1,387.839,824.699,0,0,839.761,0.000,126.052,293.699,99.392,1.000,0.000,44.000,-93.000,0.000,0.000,44.000,-93.000,0.000,0.000,210.223,193.842,0.711,-0.703,210.223,193.842,0.711,-0.703,170.919,181.672,0.277,0.961,1.000,0.000,0,0
63.201,308.088,99.392,1.000,-0.004,1,323.221,99.333,15.133,1,373.536,839.036,0,0,854.112,0.000,128.826,308.088,99.392,1.000,0.000,44.000,-93.000,0.000,0.000,44.000,-93.000,0.000,0.000,215.549,189.017,0.760,-0.650,215.549,189.017,0.760,-0.650,172.914,188.578,0.277,0.961,1.000,0.000,0,0
63.300,322.477,99.392,1.000,-0.001,1,337.610,99.375,15.133,1,359.240,853.375,0,0,868.457,0.000,132.337,322.477,99.392,1.000,0.000,44.000,-93.000,0.000,0.000,44.000,-93.000,0.000,0.000,221.188,184.560,0.800,-0.600,221.188,184.560,0.800,-0.600,170.306,185.058,-0.523,-0.852,1.000,0.000,0,0
63.404,336.865,99.392,1.000,0.000,0,354.183,99.380,17.318,0,344.953,867.716,0,0,884.977,0.000,136.463,336.865,99.392,1.000,0.000,44.000,-93.000,0.000,0.000,44.000,-93.000,0.000,0.000,227.088,180.455,0.835,-0.550,227.088,180.455,0.835,-0.550,166.546,178.930,-0.523,-0.852,1.000,0.000,0,0
63.503,339.743,99.392,1.000,0.000,0,373.689,99.370,33.946,0,342.096,870.584,0,0,904.420,0.000,131.627,339.743,99.392,0.000,0.000,44.000,-93.000,0.000,0.000,44.000,-93.000,0.000,0.000,233.249,176.753,0.870,-0.493,233.249,176.753,0.870,-0.493,162.787,172.803,-0.523,-0.852,0.000,0.000,0,0
63.602,339.743,99.392,1.000,0.000,0,392.711,99.361,52.969,0,342.096,870.584,0,0,923.382,0.000,124.521,339.743,99.392,0.000,0.000,44.000,-93.000,0.000,0.000,44.000,-93.000,0.000,0.000,239.619,173.423,0.896,-0.444,239.619,173.423,0.896,-0.444,159.028,166.675,-0.523,-0.852,0.000,0.000,0,0
63.700,339.743,99.392,1.000,0.000,0,411.263,99.351,71.522,0,342.096,870.584,0,0,941.876,0.000,117.492,339.743,99.392,0.000,0.000,44.000,-93.000,0.000,0.000,44.000,-93.000,0.000,0.000,246.146,170.412,0.915,-0.403,246.146,170.412,0.915,-0.403,155.269,160.548,-0.523,-0.852,0.000,0.000,0,0
63.804,339.743,99.392,1.000,0.000,0,429.356,99.342,89.618,0,342.096,870.584,0,0,959.913,0.000,110.557,339.743,99.392,0.000,0.000,44.000,-93.000,0.000,0.000,44.000,-93.000,0.000,0.000,252.791,167.672,0.930,-0.367,252.791,167.672,0.930,-0.367,151.510,154.420,-0.523,-0.852,0.000,0.000,0,0
63.901,339.743,99.392,1.000,0.000,0,447.001,99.333,107.267,0,342.096,870.584,0,0,977.504,0.000,103.733,339.743,99.392,0.000,0.000,44.000,-93.000,0.000,0.000,44.000,-93.000,0.000,0.000,259.528,165.165,0.942,-0.337,259.528,165.165,0.942,-0.337,147.751,148.293,-0.523,-0.852,0.000,0.000,0,0
64.003,339.743,99.392,1.000,0.000,0,464.209,99.324,124.481,0,342.096,870.584,0,0,994.661,0.000,97.039,339.743,99.392,0.000,0.000,44.000,-93.000,0.000,0.000,44.000,-93.000,0.000,0.000,266.337,162.859,0.951,-0.311,266.337,162.859,0.951,-0.311,427.000,279.000,0.000,0.000,0.000,0.000,0,0
64.103,339.743,99.392,1.000,0.000,0,480.991,99.315,141.272,0,342.096,870.584,0,0,1011.393,0.000,90.497,339.743,99.392,0.000,0.000,44.000,-93.000,0.000,0.000,44.000,-93.000,0.000,0.000,273.202,160.727,0.958,-0.288,273.202,160.727,0.958,-0.288,427.000,279.000,0.000,0.000,0.000,0.000,0,0
64.202,339.743,99.392,1.000,0.000,0,497.358,99.307,157.649,0,342.096,870.584,0,0,1027.712,0.000,84.136,339.743,99.392,0.000,0.000,44.000,-93.000,0.000,0.000,44.000,-93.000,0.000,0.000,280.113,158.747,0.964,-0.268,280.113,158.747,0.964,-0.268,427.000,279.000,0.000,0.000,0.000,0.000,0,0
64.304,339.743,99.392,1.000,0.000,0,513.319,99.299,173.624,0,342.096,870.584,0,0,1043.628,0.000,77.992,339.743,99.392,0.000,0.000,-8.588,43.625,-0.131,0.991,-8.588,43.625,-0.131,0.991,287.060,156.901,0.968,-0.250,287.060,156.901,0.968,-0.250,427.000,279.000,0.000,0.000,0.000,0.000,0,0
64.401,339.743,99.392,1.000,0.000,0,528.886,99.291,189.208,0,342.096,870.584,0,0,1059.151,0.000,72.114,339.743,99.392,0.000,0.000,-9.532,50.751,-0.131,0.991,-9.532,50.751,-0.131,0.991,294.038,155.172,0.972,-0.234,294.038,155.172,0.972,-0.234,427.000,279.000,0.000,0.000,0.000,0.000,0,0
64.504,339.743,99.392,1.000,0.000,0,544.067,99.283,204.409,0,342.096,870.584,0,0,1074.291,0.000,66.564,339.743,99.392,0.000,0.000,-10.476,57.878,-0.131,0.991,-10.476,57.878,-0.131,0.991,301.040,153.548,0.975,-0.221,301.040,153.548,0.975,-0.221,427.000,279.000,0.000,0.000,0.000,0.000,0,0
64.603,339.743,99.392,1.000,0.000,0,558.718,99.276,219.075,0,342.096,870.584,0,0,1088.905,0.000,61.424,339.743,99.392,0.000,0.000,44.000,-93.000,0.000,0.000,44.000,-93.000,0.000,0.000,308.064,152.017,0.978,-0.208,308.064,152.017,0.978,-0.208,427.000,279.000,0.000,0.000,0.000,0.000,0,0
64.700,339.743,99.392,1.000,0.000,0,572.498,99.268,232.849,0,342.096,870.584,0,0,1102.657,0.000,56.797,339.743,99.392,0.000,0.000,44.000,-93.000,0.000,0.000,44.000,-93.000,0.000,0.000,315.105,150.567,0.980,-0.197,315.105,150.567,0.980,-0.197,427.000,279.000,0.000,0.000,0.000,0.000,0,0
64.802,339.743,99.392,1.000,0.000,0,585.886,99.262,246.233,0,342.096,870.584,0,0,1116.019,0.000,52.811,339.743,99.392,0.000,0.000,44.000,-93.000,0.000,0.000,44.000,-93.000,0.000,0.000,322.161,149.190,0.982,-0.188,322.161,149.190,0.982,-0.188,427.000,279.000,0.000,0.000,0.000,0.000,0,0
64.904,339.743,99.392,1.000,0.000,0,598.885,99.255,259.227,0,342.096,870.584,0,0,1128.994,0.000,49.613,339.743,99.392,0.000,0.000,44.000,-93.000,0.000,0.000,44.000,-93.000,0.000,0.000,329.229,147.878,0.984,-0.179,329.229,147.878,0.984,-0.179,427.000,279.000,0.000,0.000,0.000,0.000,0,0
65.003,339.743,99.392,1.000,0.000,0,611.505,99.249,271.843,0,342.096,870.584,0,0,1141.589,0.000,47.358,339.743,99.392,0.000,0.000,44.000,-93.000,0.000,0.000,44.000,-93.000,0.000,0.000,336.307,146.625,0.985,-0.171,336.307,146.625,0.985,-0.171,427.000,279.000,0.000,0.000,0.000,0.000,0,0
65.104,339.743,99.392,1.000,0.000,0,611.645,97.650,271.908,2,342.096,870.584,0,0,1141.707,0.000,47.407,339.743,99.392,0.000,0.000,44.000,-93.000,0.000,0.000,44.000,-93.000,0.000,0.000,341.184,146.777,0.983,-0.184,341.184,146.777,0.983,-0.184,427.000,279.000,0.000,0.000,0.000,0.000,0,0
65.200,339.743,99.392,1.000,0.000,0,611.938,104.833,272.249,2,342.096,870.584,0,0,1142.442,0.000,46.955,339.743,99.392,0.000,0.000,44.000,-93.000,0.000,0.000,44.000,-93.000,0.000,0.000,348.270,145.567,0.987,-0.158,348.270,145.567,0.987,-0.158,427.000,279.000,0.000,0.000,0.000,0.000,0,0
65.305,339.743,99.392,1.000,0.000,0,612.231,112.015,272.780,2,342.096,870.584,0,0,1143.221,0.000,47.787,339.743,99.392,0.000,0.000,44.000,-93.000,0.000,0.000,44.000,-93.000,0.000,0.000,355.386,144.546,0.992,-0.126,355.386,144.546,0.992,-0.126,427.000,279.000,0.000,0.000,0.000,0.000,0,0
65.404,339.743,102.270,0.989,0.148,0,612.524,119.198,273.305,2,341.784,870.815,0,0,1144.045,0.000,47.302,339.743,102.270,0.000,1.000,44.000,-93.000,0.000,0.000,44.000,-93.000,0.000,0.000,362.527,143.723,0.995,-0.103,362.527,143.723,0.995,-0.103,427.000,279.000,0.000,0.000,0.000,1.000,0,0
65.504,339.743,116.659,0.381,0.924,0,612.816,126.381,273.246,2,340.585,872.113,0,0,1144.913,0.000,39.951,339.743,116.659,0.000,1.000,-19.914,129.142,-0.131,0.991,-19.914,129.142,-0.131,0.991,369.689,143.104,0.997,-0.075,369.689,143.104,0.997,-0.075,427.000,279.000,0.000,0.000,0.000,1.000,0,0
65.602,343.813,129.362,0.403,0.915,0,613.109,133.563,269.329,2,335.965,877.497,0,0,1145.826,0.000,35.641,343.813,129.362,0.707,0.707,-20.858,136.269,-0.131,0.991,-20.858,136.269,-0.131,0.991,376.866,142.697,0.999,-0.045,376.866,142.697,0.999,-0.045,427.000,279.000,0.000,0.000,1.000,1.000,0,0
65.701,355.673,135.466,0.833,0.554,0,613.402,140.746,257.783,2,324.019,889.978,0,0,1146.784,0.000,29.239,355.673,135.466,1.000,0.000,99.284,407.977,0.983,-0.181,99.284,407.977,0.983,-0.181,384.052,142.507,1.000,-0.014,384.052,142.507,1.000,-0.014,427.000,279.000,0.000,0.000,1.000,0.000,0,0
65.801,367.184,135.466,0.980,0.198,0,613.695,147.929,246.826,2,312.522,901.408,0,0,1147.785,0.000,25.075,367.184,135.466,0.000,0.000,106.354,406.676,0.983,-0.181,106.354,406.676,0.983,-0.181,391.240,142.543,1.000,0.018,391.240,142.543,1.000,0.018,427.000,279.000,0.000,0.000,0.000,0.000,0,0
65.901,367.184,135.466,0.980,0.198,0,613.988,155.112,247.584,2,312.522,901.408,0,0,1148.831,0.000,32.091,367.184,135.466,0.000,0.000,113.424,405.376,0.983,-0.181,113.424,405.376,0.983,-0.181,398.423,142.811,0.999,0.050,398.423,142.811,0.999,0.050,427.000,279.000,0.000,0.000,0.000,0.000,0,0
66.003,367.184,135.466,0.980,0.198,0,614.574,150.821,247.866,2,312.522,901.408,0,0,1148.958,0.000,39.188,367.184,135.466,0.000,0.000,120.494,404.075,0.983,-0.181,120.494,404.075,0.983,-0.181,405.601,143.200,0.999,0.043,405.601,143.200,0.999,0.043,427.000,279.000,0.000,0.000,0.000,0.000,0,0
66.102,367.184,135.466,0.980,0.198,0,615.234,143.663,248.185,2,312.522,901.408,0,0,1148.890,0.000,46.282,367.184,135.466,0.000,0.000,127.564,402.774,0.983,-0.181,127.564,402.774,0.983,-0.181,412.788,143.363,1.000,0.009,412.788,143.363,1.000,0.009,427.000,279.000,0.000,0.000,0.000,0.000,0,0
66.200,367.184,135.466,0.980,0.198,0,615.894,136.505,248.712,2,312.522,901.408,0,0,1148.866,0.000,53.365,367.184,135.466,0.000,0.000,134.634,401.474,0.983,-0.181,134.634,401.474,0.983,-0.181,419.975,143.270,1.000,-0.027,419.975,143.270,1.000,-0.027,427.000,279.000,0.000,0.000,0.000,0.000,0,0
66.300,367.184,135.466,0.980,0.198,0,616.554,129.346,249.445,2,312.522,901.408,0,0,1148.888,0.000,60.432,367.184,135.466,0.000,0.000,141.704,400.173,0.983,-0.181,141.704,400.173,0.983,-0.181,427.155,142.916,0.998,-0.064,427.155,142.916,0.998,-0.064,427.000,279.000,0.000,0.000,0.000,0.000,0,0
66.400,367.184,135.466,0.980,0.198,0,617.214,122.188,250.382,2,312.522,901.408,0,0,1148.954,0.000,67.479,367.184,135.466,0.000,0.000,148.774,398.872,0.983,-0.181,148.774,398.872,0.983,-0.181,434.316,142.294,0.995,-0.102,434.316,142.294,0.995,-0.102,427.000,279.000,0.000,0.000,0.000,0.000,0,0
66.503,367.184,132.588,0.999,0.034,0,617.874,115.030,251.304,2,312.558,901.079,0,0,1149.066,0.000,74.785,367.184,132.588,0.000,-1.000,155.844,397.572,0.983,-0.181,155.844,397.572,0.983,-0.181,441.449,141.398,0.990,-0.140,441.449,141.398,0.990,-0.140,427.000,279.000,0.000,0.000,0.000,-1.000,0,0
66.603,367.184,118.200,0.420,-0.907,0,618.534,107.871,251.562,2,313.133,899.569,0,0,1149.222,0.000,84.284,367.184,118.200,0.000,-1.000,162.914,396.271,0.983,-0.181,162.914,396.271,0.983,-0.181,448.540,140.224,0.984,-0.179,448.540,140.224,0.984,-0.179,427.000,279.000,0.000,0.000,0.000,-1.000,0,0
66.701,367.184,103.811,0.127,-0.992,0,619.194,100.713,252.029,2,314.367,898.286,0,0,1149.424,0.000,95.055,367.184,103.811,0.000,-1.000,169.984,394.970,0.983,-0.181,169.984,394.970,0.983,-0.181,455.579,138.766,0.976,-0.219,455.579,138.766,0.976,-0.219,427.000,279.000,0.000,0.000,0.000,-1.000,0,0
66.801,367.184,89.422,0.037,-0.999,0,619.854,93.554,252.703,2,316.251,897.233,0,0,1149.670,0.000,106.588,367.184,89.422,0.000,-1.000,177.054,393.670,0.983,-0.181,177.054,393.670,0.983,-0.181,462.553,137.023,0.966,-0.258,462.553,137.023,0.966,-0.258,427.000,279.000,0.000,0.000,0.000,-1.000,0,0
66.901,367.184,75.034,0.011,-1.000,0,620.513,86.396,253.584,2,318.773,896.410,0,0,1149.961,0.000,118.546,367.184,75.034,0.000,-1.000,44.000,-93.000,0.000,0.000,44.000,-93.000,0.000,0.000,469.448,134.994,0.954,-0.298,469.448,134.994,0.954,-0.298,424.800,-106.500,0.000,0.000,0.000,-1.000,0,0
67.002,367.184,60.645,0.003,-1.000,0,621.173,79.238,254.669,2,321.920,895.816,0,0,1150.297,0.000,130.709,367.184,60.645,0.000,-1.000,44.000,-93.000,0.000,0.000,44.000,-93.000,0.000,0.000,476.253,132.678,0.941,-0.338,476.253,132.678,0.941,-0.338,424.800,-106.500,0.000,0.000,0.000,-1.000,0,0
67.104,367.184,60.645,0.003,-1.000,0,621.833,72.079,254.906,2,321.920,895.816,0,0,1150.678,0.000,134.995,367.184,60.645,0.000,0.000,44.000,-93.000,0.000,0.000,44.000,-93.000,0.000,0.000,482.955,130.077,0.926,-0.378,482.955,130.077,0.926,-0.378,424.800,-106.500,0.000,0.000,0.000,0.000,0,0
67.205,367.184,60.645,0.003,-1.000,0,622.493,64.921,255.345,2,321.920,895.816,0,0,1151.104,0.000,139.283,367.184,60.645,0.000,0.000,44.000,-93.000,0.000,0.000,44.000,-93.000,0.000,0.000,489.540,127.195,0.909,-0.416,489.540,127.195,0.909,-0.416,424.800,-106.500,0.000,0.000,0.000,0.000,0,0
67.303,367.184,60.645,0.003,-1.000,0,623.153,57.763,255.986,2,321.920,895.816,0,0,1151.574,0.000,143.566,367.184,60.645,0.000,0.000,44.000,-93.000,0.000,0.000,44.000,-93.000,0.000,0.000,495.997,124.036,0.891,-0.455,495.997,124.036,0.891,-0.455,424.800,-106.500,0.000,0.000,0.000,0.000,0,0
67.401,367.184,60.645,0.003,-1.000,0,622.900,50.578,255.914,2,321.920,895.816,0,0,1151.176,0.000,147.828,367.184,60.645,0.000,0.000,219.475,385.866,0.983,-0.181,219.475,385.866,0.983,-0.181,502.309,120.598,0.869,-0.494,502.309,120.598,0.869,-0.494,424.800,-106.500,0.000,0.000,0.000,0.000,0,0
67.503,367.184,60.645,0.003,-1.000,0,622.647,43.394,256.045,2,321.920,895.816,0,0,1150.823,0.000,152.054,367.184,60.645,0.000,0.000,226.545,384.565,0.983,-0.181,226.545,384.565,0.983,-0.181,508.458,116.876,0.846,-0.533,508.458,116.876,0.846,-0.533,424.800,-106.500,0.000,0.000,0.000,0.000,0,0
67.603,367.184,60.645,0.003,-1.000,0,622.394,36.210,256.377,2,321.920,895.816,0,0,1150.514,0.000,156.236,367.184,60.645,0.000,0.000,233.615,383.264,0.983,-0.181,233.615,383.264,0.983,-0.181,514.431,112.876,0.821,-0.572,514.431,112.876,0.821,-0.572,424.800,-106.500,0.000,0.000,0.000,0.000,0,0
67.703,367.184,60.645,0.003,-1.000,0,622.141,29.026,256.911,2,321.920,895.816,0,0,1150.250,0.000,160.371,367.184,60.645,0.000,0.000,240.685,381.964,0.983,-0.181,240.685,381.964,0.983,-0.181,520.215,108.608,0.794,-0.608,520.215,108.608,0.794,-0.608,196.384,37.905,1.000,-0.017,0.000,0.000,0,0
67.801,367.184,60.645,0.003,-1.000,0,621.888,21.842,257.643,2,321.920,895.816,0,0,1150.032,0.000,164.456,367.184,60.645,0.000,0.000,247.755,380.663,0.983,-0.181,247.755,380.663,0.983,-0.181,525.800,104.083,0.766,-0.643,525.800,104.083,0.766,-0.643,203.569,37.706,0.999,-0.034,0.000,0.000,0,0
67.902,367.184,60.645,0.003,-1.000,0,621.635,14.657,258.574,2,321.920,895.816,0,0,1149.858,0.000,158.153,367.184,60.645,0.000,0.000,254.825,379.363,0.983,-0.181,254.825,379.363,0.983,-0.181,210.751,37.384,0.999,-0.052,210.751,37.384,0.999,-0.052,531.177,99.312,0.736,-0.677,0.000,0.000,0,0
68.001,367.184,60.645,0.003,-1.000,0,621.382,7.473,259.700,2,321.920,895.816,0,0,1149.729,0.000,151.130,367.184,60.645,0.000,0.000,261.895,378.062,0.983,-0.181,261.895,378.062,0.983,-0.181,217.925,36.937,0.998,-0.069,217.925,36.937,0.998,-0.069,536.339,94.310,0.706,-0.708,0.000,0.000,0,0
68.100,367.184,60.645,0.003,-1.000,0,621.129,0.289,261.019,2,321.920,895.816,0,0,1149.644,0.000,144.153,367.184,60.645,0.000,0.000,268.965,376.761,0.983,-0.181,268.965,376.761,0.983,-0.181,225.091,36.362,0.996,-0.087,225.091,36.362,0.996,-0.087,541.279,89.089,0.675,-0.738,0.000,0.000,0,0
68.200,367.184,60.645,0.003,-1.000,0,621.078,-1.148,261.306,0,321.920,895.816,0,0,1149.632,0.000,137.224,367.184,60.645,0.000,0.000,276.035,375.461,0.983,-0.181,276.035,375.461,0.983,-0.181,232.248,35.689,0.996,-0.094,232.248,35.689,0.996,-0.094,424.800,-106.500,0.000,0.000,0.000,0.000,0,0
68.300,367.184,60.645,0.003,-1.000,0,621.078,-1.148,261.306,0,321.920,895.816,0,0,1149.630,0.000,130.325,367.184,60.645,0.000,0.000,283.105,374.160,0.983,-0.181,283.105,374.160,0.983,-0.181,239.405,35.011,0.996,-0.094,239.405,35.011,0.996,-0.094,424.800,-106.500,0.000,0.000,0.000,0.000,0,0
68.404,367.184,60.645,0.003,-1.000,0,621.078,-1.148,261.306,0,321.920,895.816,0,0,1149.627,0.000,123.459,367.184,60.645,0.000,0.000,290.175,372.859,0.983,-0.181,290.175,372.859,0.983,-0.181,246.562,34.333,0.996,-0.094,246.562,34.333,0.996,-0.094,424.800,-106.500,0.000,0.000,0.000,0.000,0,0
68.500,367.184,60.645,0.003,-1.000,0,621.078,-1.148,261.307,0,321.920,895.816,0,0,1149.623,0.000,116.632,367.184,60.645,0.000,0.000,297.245,371.559,0.983,-0.181,297.245,371.559,0.983,-0.181,253.718,33.655,0.996,-0.094,253.718,33.655,0.996,-0.094,424.800,-106.500,0.000,0.000,0.000,0.000,0,0
68.604,367.184,60.645,0.003,-1.000,0,621.078,-1.148,261.308,0,321.920,895.816,0,0,1149.618,0.000,109.851,367.184,60.645,0.000,0.000,304.315,370.258,0.983,-0.181,304.315,370.258,0.983,-0.181,260.875,32.977,0.996,-0.094,260.875,32.977,0.996,-0.094,424.800,-106.500,0.000,0.000,0.000,0.000,0,0
68.701,367.184,60.645,0.003,-1.000,0,621.078,-1.148,261.311,0,321.920,895.816,0,0,1149.612,0.000,103.125,367.184,60.645,0.000,0.000,311.385,368.957,0.983,-0.181,311.385,368.957,0.983,-0.181,268.032,32.299,0.996,-0.094,268.032,32.299,0.996,-0.094,424.800,-106.500,0.000,0.000,0.000,0.000,0,0
68.804,367.184,60.645,0.003,-1.000,0,621.078,-1.148,261.315,0,321.920,895.816,0,0,1149.605,0.000,96.466,367.184,60.645,0.000,0.000,318.455,367.657,0.983,-0.181,318.455,367.657,0.983,-0.181,275.188,31.621,0.996,-0.094,275.188,31.621,0.996,-0.094,424.800,-106.500,0.000,0.000,0.000,0.000,0,0
68.901,367.184,60.645,0.003,-1.000,0,621.078,-1.148,261.321,0,321.920,895.816,0,0,1149.597,0.000,89.888,367.184,60.645,0.000,0.000,325.525,366.356,0.983,-0.181,325.525,366.356,0.983,-0.181,282.345,30.943,0.996,-0.094,282.345,30.943,0.996,-0.094,424.800,-106.500,0.000,0.000,0.000,0.000,0,0
69.001,367.184,60.645,0.003,-1.000,0,621.078,-1.148,261.331,0,321.920,895.816,0,0,1149.589,0.000,83.412,367.184,60.645,0.000,0.000,332.595,365.055,0.983,-0.181,332.595,365.055,0.983,-0.181,289.502,30.265,0.996,-0.094,289.502,30.265,0.996,-0.094,424.800,-106.500,0.000,0.000,0.000,0.000,0,0
69.103,367.184,60.645,0.003,-1.000,0,621.078,-1.148,261.343,0,321.920,895.816,0,0,1149.581,0.000,77.062,367.184,60.645,0.000,0.000,339.665,363.755,0.983,-0.181,339.665,363.755,0.983,-0.181,296.658,29.587,0.996,-0.094,296.658,29.587,0.996,-0.094,424.800,-106.500,0.000,0.000,0.000,0.000,0,0
69.202,367.184,60.645,0.003,-1.000,0,621.078,-1.148,261.360,0,321.920,895.816,0,0,1149.572,0.000,70.872,367.184,60.645,0.000,0.000,346.735,362.454,0.983,-0.181,346.735,362.454,0.983,-0.181,303.815,28.909,0.996,-0.094,303.815,28.909,0.996,-0.094,424.800,-106.500,0.000,0.000,0.000,0.000,0,0
69.305,367.184,60.645,0.003,-1.000,0,608.452,13.133,245.902,2,321.920,895.816,0,0,1136.700,0.000,64.888,367.184,60.645,0.000,0.000,353.805,361.153,0.983,-0.181,353.805,361.153,0.983,-0.181,310.972,28.231,0.996,-0.094,310.972,28.231,0.996,-0.094,424.800,-106.500,0.000,0.000,0.000,0.000,0,0
69.404,367.184,60.645,0.003,-1.000,0,595.846,11.312,233.923,0,321.920,895.816,0,0,1124.126,0.000,64.888,367.184,60.645,0.000,0.000,360.875,359.853,0.983,-0.181,360.875,359.853,0.983,-0.181,310.972,28.231,0.000,0.000,310.972,28.231,0.000,0.000,424.800,-106.500,0.000,0.000,0.000,0.000,0,0
69.501,367.184,60.645,0.003,-1.000,0,583.427,9.683,222.167,0,321.920,895.816,0,0,1111.739,0.000,64.888,367.184,60.645,0.000,0.000,367.945,358.552,0.983,-0.181,367.945,358.552,0.983,-0.181,310.972,28.231,0.000,0.000,310.972,28.231,0.000,0.000,424.800,-106.500,0.000,0.000,0.000,0.000,0,0
69.605,367.184,60.645,0.003,-1.000,0,571.317,8.095,210.789,0,321.920,895.816,0,0,1099.660,0.000,64.888,367.184,60.645,0.000,0.000,375.015,357.251,0.983,-0.181,375.015,357.251,0.983,-0.181,310.972,28.231,0.000,0.000,310.972,28.231,0.000,0.000,424.800,-106.500,0.000,0.000,0.000,0.000,0,0
69.702,367.184,60.645,0.003,-1.000,0,559.505,6.546,199.787,0,321.920,895.816,0,0,1087.881,0.000,64.888,367.184,60.645,0.000,0.000,382.085,355.951,0.983,-0.181,382.085,355.951,0.983,-0.181,310.972,28.231,0.000,0.000,310.972,28.231,0.000,0.000,424.800,-106.500,0.000,0.000,0.000,0.000,0,0
69.804,367.184,60.645,0.003,-1.000,0,547.987,5.035,189.165,0,321.920,895.816,0,0,1076.396,0.000,64.888,367.184,60.645,0.000,0.000,389.155,354.650,0.983,-0.181,389.155,354.650,0.983,-0.181,310.972,28.231,0.000,0.000,310.972,28.231,0.000,0.000,424.800,-106.500,0.000,0.000,0.000,0.000,0,0
69.903,367.184,60.645,0.003,-1.000,0,536.753,3.562,178.928,0,321.920,895.816,0,0,1065.197,0.000,64.888,367.184,60.645,0.000,0.000,396.225,353.349,0.983,-0.181,396.225,353.349,0.983,-0.181,310.972,28.231,0.000,0.000,310.972,28.231,0.000,0.000,424.800,-106.500,0.000,0.000,0.000,0.000,0,0
70.004,367.184,60.645,0.003,-1.000,0,525.798,2.125,169.080,0,321.920,895.816,0,0,1054.276,0.000,64.888,367.184,60.645,0.000,0.000,403.295,352.049,0.983,-0.181,403.295,352.049,0.983,-0.181,310.972,28.231,0.000,0.000,310.972,28.231,0.000,0.000,424.800,-106.500,0.000,0.000,0.000,0.000,0,0
70.103,367.184,52.012,0.002,-1.000,0,515.113,0.723,156.596,0,324.100,895.571,0,0,1043.628,0.000,61.036,367.184,52.012,0.000,-1.000,410.365,350.748,0.983,-0.181,410.365,350.748,0.983,-0.181,310.972,28.231,0.000,0.000,310.972,28.231,0.000,0.000,424.800,-106.500,0.000,0.000,0.000,-1.000,0,0
70.204,367.184,37.623,0.000,-1.000,0,504.693,-0.643,142.783,0,328.207,895.348,0,0,1033.245,0.000,56.992,367.184,37.623,0.000,-1.000,417.436,349.447,0.983,-0.181,417.436,349.447,0.983,-0.181,310.972,28.231,0.000,0.000,310.972,28.231,0.000,0.000,424.800,-106.500,0.000,0.000,0.000,-1.000,0,0
70.302,367.184,23.234,0.000,-1.000,0,494.531,-1.976,129.898,0,332.885,895.355,0,0,1023.120,0.000,56.434,367.184,23.234,0.000,-1.000,424.506,348.146,0.983,-0.181,424.506,348.146,0.983,-0.181,310.972,28.231,0.000,0.000,310.972,28.231,0.000,0.000,424.800,-106.500,0.000,0.000,0.000,-1.000,0,0
70.404,375.324,12.217,0.432,-0.902,0,484.620,-3.276,110.524,0,329.311,903.654,0,0,1013.249,0.000,66.314,375.324,12.217,0.707,-0.707,431.576,346.845,0.983,-0.181,431.576,346.845,0.983,-0.181,310.972,28.231,0.000,0.000,310.972,28.231,0.000,0.000,424.800,-106.500,0.000,0.000,1.000,-1.000,0,0
70.505,385.498,2.043,0.636,-0.772,0,474.955,-4.544,89.930,0,324.075,914.089,0,0,1003.624,0.000,78.994,385.498,2.043,0.707,-0.707,438.646,345.545,0.983,-0.181,438.646,345.545,0.983,-0.181,310.972,28.231,0.000,0.000,310.972,28.231,0.000,0.000,424.800,-106.500,0.000,0.000,1.000,-1.000,0,0
70.600,397.358,-4.062,0.862,-0.508,0,466.040,-5.716,69.021,0,316.057,926.152,0,0,994.756,0.000,92.225,397.358,-4.062,1.000,0.000,445.716,344.244,0.983,-0.181,445.716,344.244,0.983,-0.181,310.972,28.231,0.000,0.000,310.972,28.231,0.000,0.000,424.800,-106.500,0.000,0.000,1.000,0.000,0,0
70.703,411.747,-4.062,0.989,-0.148,0,457.516,-6.837,46.331,0,303.292,940.529,0,0,986.281,0.000,103.267,411.747,-4.062,1.000,0.000,452.786,342.943,0.983,-0.181,452.786,342.943,0.983,-0.181,424.800,-106.500,0.000,0.000,424.800,-106.500,0.000,0.000,310.972,28.231,0.000,0.000,1.000,0.000,0,0
70.803,422.764,4.078,0.914,0.405,1,436.598,10.212,15.133,1,289.771,951.273,0,0,964.948,0.000,110.596,422.764,4.078,0.707,0.707,459.856,341.642,0.983,-0.181,459.856,341.642,0.983,-0.181,424.800,-106.500,0.000,0.000,424.800,-106.500,0.000,0.000,310.972,28.231,0.000,0.000,1.000,1.000,0,0
70.902,422.764,15.095,0.430,0.903,1,429.269,28.759,15.133,1,284.850,951.026,0,0,957.401,0.000,112.562,422.764,15.095,-0.707,0.707,466.926,340.341,0.983,-0.181,466.926,340.341,0.983,-0.181,310.972,28.231,0.000,0.000,310.972,28.231,0.000,0.000,424.800,-106.500,0.000,0.000,-1.000,1.000,0,0
71.002,412.590,25.269,-0.452,0.892,1,405.744,38.766,15.133,1,289.945,940.738,0,0,933.910,0.000,101.661,412.590,25.269,-0.707,0.707,473.996,339.040,0.983,-0.181,473.996,339.040,0.983,-0.181,310.972,28.231,0.000,0.000,310.972,28.231,0.000,0.000,507.661,106.339,-0.743,0.670,-1.000,1.000,0,0
71.106,402.415,35.444,-0.642,0.766,1,392.696,47.043,15.133,1,295.652,930.560,0,0,920.972,0.000,91.728,402.415,35.444,-0.707,0.707,481.066,337.739,0.983,-0.181,481.066,337.739,0.983,-0.181,310.972,28.231,0.000,0.000,310.972,28.231,0.000,0.000,502.323,111.155,-0.743,0.670,-1.000,1.000,0,0
71.206,394.276,46.461,-0.646,0.763,1,384.494,58.008,15.133,1,299.746,922.541,0,0,913.033,0.000,85.275,394.276,46.461,0.000,1.000,488.136,336.438,0.983,-0.181,488.136,336.438,0.983,-0.181,310.972,28.231,0.000,0.000,310.972,28.231,0.000,0.000,496.986,115.970,-0.743,0.670,0.000,1.000,0,0
71.300,402.415,57.478,0.270,0.963,1,406.498,72.050,15.133,1,288.757,930.928,0,0,935.536,0.000,96.007,402.415,57.478,0.707,0.707,495.206,335.137,0.983,-0.181,495.206,335.137,0.983,-0.181,310.972,28.231,0.000,0.000,310.972,28.231,0.000,0.000,491.648,120.785,-0.743,0.670,1.000,1.000,0,0
71.401,414.275,63.583,0.809,0.588,1,426.517,72.480,15.133,1,275.697,942.973,0,0,955.552,0.000,95.053,414.275,63.583,1.000,0.000,502.276,333.837,0.983,-0.181,502.276,333.837,0.983,-0.181,486.310,125.600,-0.743,0.670,486.310,125.600,-0.743,0.670,317.533,31.166,0.925,0.379,1.000,0.000,0,0
71.506,422.909,63.583,0.959,0.282,0,445.240,73.290,24.350,0,267.409,951.600,0,0,974.290,0.000,88.532,422.909,63.583,0.000,0.000,509.346,332.536,0.983,-0.181,509.346,332.536,0.983,-0.181,480.972,130.415,-0.743,0.670,480.972,130.415,-0.743,0.670,324.336,33.484,0.950,0.311,0.000,0.000,0,0
71.600,422.909,63.583,0.959,0.282,0,463.351,80.265,43.749,0,267.409,951.600,0,0,992.702,0.000,88.957,422.909,63.583,0.000,0.000,516.416,331.235,0.983,-0.181,516.416,331.235,0.983,-0.181,475.634,135.230,-0.743,0.670,475.634,135.230,-0.743,0.670,331.158,35.751,0.948,0.318,0.000,0.000,0,0
71.700,422.909,63.583,0.959,0.282,0,481.015,87.066,62.673,0,267.409,951.600,0,0,1010.694,0.000,88.694,422.909,63.583,0.000,0.000,523.486,329.934,0.983,-0.181,523.486,329.934,0.983,-0.181,337.966,38.060,0.946,0.323,337.966,38.060,0.946,0.323,470.296,140.045,-0.743,0.670,0.000,0.000,0,0
71.802,422.909,63.583,0.959,0.282,0,498.241,93.700,81.132,0,267.409,951.600,0,0,1028.271,0.000,81.512,422.909,63.583,0.000,0.000,530.556,328.633,0.983,-0.181,530.556,328.633,0.983,-0.181,344.762,40.402,0.945,0.327,344.762,40.402,0.945,0.327,464.959,144.860,-0.743,0.670,0.000,0.000,0,0
71.901,422.909,63.583,0.959,0.282,0,515.040,100.169,99.136,0,267.409,951.600,0,0,1045.441,0.000,74.332,422.909,63.583,0.000,0.000,151.231,156.714,0.989,0.146,151.231,156.714,0.989,0.146,351.550,42.770,0.944,0.331,351.550,42.770,0.944,0.331,459.621,149.675,-0.743,0.670,0.000,0.000,0,0
72.004,422.909,63.583,0.959,0.282,0,531.424,106.478,116.696,0,267.409,951.600,0,0,1062.212,0.000,67.155,422.909,63.583,0.000,0.000,158.343,157.761,0.989,0.146,158.343,157.761,0.989,0.146,358.330,45.159,0.943,0.333,358.330,45.159,0.943,0.333,454.283,154.490,-0.743,0.670,0.000,0.000,0,0
72.103,422.909,63.583,0.959,0.282,0,547.402,112.631,133.824,0,267.409,951.600,0,0,1078.590,0.000,59.983,422.909,63.583,0.000,0.000,165.455,158.808,0.989,0.146,165.455,158.808,0.989,0.146,365.104,47.566,0.942,0.336,365.104,47.566,0.942,0.336,448.945,159.305,-0.743,0.670,0.000,0.000,0,0
72.202,422.909,63.583,0.959,0.282,0,562.985,118.632,150.530,0,267.409,951.600,0,0,1094.584,0.000,52.816,422.909,63.583,0.000,0.000,172.567,159.854,0.989,0.146,172.567,159.854,0.989,0.146,371.872,49.988,0.941,0.338,371.872,49.988,0.941,0.338,443.607,164.120,-0.743,0.670,0.000,0.000,0,0
72.305,422.909,63.583,0.959,0.282,0,578.182,124.484,166.826,0,267.409,951.600,0,0,1110.202,0.000,45.658,422.909,63.583,0.000,0.000,179.679,160.901,0.989,0.146,179.679,160.901,0.989,0.146,378.636,52.423,0.941,0.339,378.636,52.423,0.941,0.339,450.404,161.785,0.956,-0.295,0.000,0.000,0,0
72.403,422.909,63.583,0.959,0.282,0,593.003,130.192,182.721,0,267.409,951.600,0,0,1125.451,0.000,38.512,422.909,63.583,0.000,0.000,186.791,161.948,0.989,0.146,186.791,161.948,0.989,0.146,385.396,54.869,0.940,0.341,385.396,54.869,0.940,0.341,457.357,159.965,0.974,-0.227,0.000,0.000,0,0
72.501,422.909,63.583,0.959,0.282,0,607.457,135.758,198.227,0,267.409,951.600,0,0,1140.338,0.000,31.387,422.909,63.583,0.000,0.000,193.903,162.995,0.989,0.146,193.903,162.995,0.989,0.146,392.152,57.324,0.940,0.342,392.152,57.324,0.940,0.342,464.412,158.592,0.986,-0.168,0.000,0.000,0,0
72.600,422.909,63.583,0.959,0.282,0,601.197,162.201,203.746,2,267.409,951.600,0,0,1136.914,0.000,27.145,422.909,63.583,0.000,0.000,201.015,164.042,0.989,0.146,201.015,164.042,0.989,0.146,396.164,58.941,0.896,0.445,396.164,58.941,0.896,0.445,469.052,159.301,1.000,0.011,0.000,0.000,0,0
72.703,422.909,63.583,0.959,0.282,0,600.691,169.372,206.877,2,267.409,951.600,0,0,1137.263,0.000,20.407,422.909,63.583,0.000,0.000,208.127,165.089,0.989,0.146,208.127,165.089,0.989,0.146,402.546,62.249,0.882,0.470,402.546,62.249,0.882,0.470,476.233,159.618,0.998,0.067,0.000,0.000,0,0
72.802,422.909,63.583,0.959,0.282,0,600.185,176.543,210.207,2,267.409,951.600,0,0,1137.656,0.000,14.244,422.909,63.583,0.000,0.000,215.240,166.136,0.989,0.146,215.240,166.136,0.989,0.146,408.829,65.741,0.868,0.496,408.829,65.741,0.868,0.496,483.383,160.349,0.992,0.125,0.000,0.000,0,0
72.900,422.909,63.583,0.959,0.282,0,599.680,183.714,213.727,2,267.409,951.600,0,0,1138.095,0.000,9.822,422.909,63.583,0.000,0.000,222.352,167.183,0.989,0.146,222.352,167.183,0.989,0.146,415.007,69.416,0.853,0.521,415.007,69.416,0.853,0.521,490.476,161.512,0.982,0.187,0.000,0.000,0,0
73.002,422.909,63.583,0.959,0.282,0,599.174,190.884,217.429,2,267.409,951.600,0,0,1138.580,0.000,9.860,422.909,63.583,0.000,0.000,229.464,168.230,0.989,0.146,229.464,168.230,0.989,0.146,421.075,73.271,0.838,0.546,421.075,73.271,0.838,0.546,497.480,163.128,0.968,0.250,0.000,0.000,0,0
73.104,422.909,63.583,0.959,0.282,0,598.668,198.055,221.301,2,267.409,951.600,0,0,1139.109,0.000,14.324,422.909,63.583,0.000,0.000,236.576,169.277,0.989,0.146,236.576,169.277,0.989,0.146,427.026,77.303,0.821,0.571,427.026,77.303,0.821,0.571,504.359,165.209,0.949,0.316,0.000,0.000,0,0
73.203,422.909,63.583,0.959,0.282,0,598.162,205.226,225.337,2,267.409,951.600,0,0,1139.684,0.000,20.500,422.909,63.583,0.000,0.000,243.688,170.324,0.989,0.146,243.688,170.324,0.989,0.146,432.856,81.508,0.804,0.594,432.856,81.508,0.804,0.594,511.077,167.764,0.924,0.382,0.000,0.000,0,0
73.301,422.909,63.583,0.959,0.282,0,597.656,212.397,229.527,2,267.409,951.600,0,0,1140.303,0.000,27.244,422.909,63.583,0.000,0.000,250.800,171.370,0.989,0.146,250.800,171.370,0.989,0.146,438.560,85.882,0.786,0.618,438.560,85.882,0.786,0.618,517.594,170.794,0.894,0.448,0.000,0.000,0,0
73.404,422.909,63.583,0.959,0.282,0,597.150,219.568,233.862,2,267.409,951.600,0,0,1140.968,0.000,34.218,422.909,63.583,0.000,0.000,257.912,172.417,0.989,0.146,257.912,172.417,0.989,0.146,444.134,90.422,0.768,0.641,444.134,90.422,0.768,0.641,523.871,174.296,0.858,0.513,0.000,0.000,0,0
73.504,422.909,63.583,0.959,0.282,0,596.645,226.739,238.336,2,267.409,951.600,0,0,1141.677,0.000,41.300,422.909,63.583,0.000,0.000,265.024,173.464,0.989,0.146,265.024,173.464,0.989,0.146,449.573,95.122,0.749,0.663,449.573,95.122,0.749,0.663,529.870,178.254,0.818,0.575,0.000,0.000,0,0
73.603,422.909,63.583,0.959,0.282,0,596.139,233.910,242.940,2,267.409,951.600,0,0,1142.431,0.000,48.439,422.909,63.583,0.000,0.000,272.136,174.511,0.989,0.146,272.136,174.511,0.989,0.146,454.874,99.977,0.730,0.684,454.874,99.977,0.730,0.684,535.557,182.648,0.773,0.635,0.000,0.000,0,0
73.701,422.909,63.583,0.959,0.282,0,595.633,241.081,247.668,2,267.409,951.600,0,0,1143.230,0.000,55.608,422.909,63.583,0.000,0.000,279.248,175.558,0.989,0.146,279.248,175.558,0.989,0.146,460.034,104.982,0.710,0.704,460.034,104.982,0.710,0.704,424.800,-106.500,0.000,0.000,0.000,0.000,0,0
73.805,422.909,63.583,0.959,0.282,0,594.872,245.424,250.276,2,267.409,951.600,0,0,1143.289,0.000,62.791,422.909,63.583,0.000,0.000,286.360,176.605,0.989,0.146,286.360,176.605,0.989,0.146,465.050,110.131,0.690,0.724,465.050,110.131,0.690,0.724,424.800,-106.500,0.000,0.000,0.000,0.000,0,0
73.903,422.909,63.583,0.959,0.282,0,593.093,238.459,244.018,2,267.409,951.600,0,0,1140.253,0.000,69.975,422.909,63.583,0.000,0.000,293.472,177.652,0.989,0.146,293.472,177.652,0.989,0.146,470.068,115.279,0.704,0.710,470.068,115.279,0.704,0.710,424.800,-106.500,0.000,0.000,0.000,0.000,0,0
74.001,422.909,63.583,0.959,0.282,0,591.313,231.494,237.812,2,267.409,951.600,0,0,1137.255,0.000,77.154,422.909,63.583,0.000,0.000,300.529,179.021,0.983,0.182,300.529,179.021,0.983,0.182,475.192,120.321,0.719,0.695,475.192,120.321,0.719,0.695,424.800,-106.500,0.000,0.000,0.000,0.000,0,0
74.102,422.909,63.583,0.959,0.282,0,589.534,224.529,231.663,2,267.409,951.600,0,0,1134.293,0.000,84.325,422.909,63.583,0.000,0.000,307.615,180.234,0.987,0.160,307.615,180.234,0.987,0.160,480.433,125.240,0.736,0.677,480.433,125.240,0.736,0.677,424.800,-106.500,0.000,0.000,0.000,0.000,0,0
74.201,422.909,63.583,0.959,0.282,0,587.754,217.564,225.576,2,267.409,951.600,0,0,1131.370,0.000,91.485,422.909,63.583,0.000,0.000,314.727,181.283,0.991,0.137,314.727,181.283,0.991,0.137,485.803,130.019,0.755,0.656,485.803,130.019,0.755,0.656,424.800,-106.500,0.000,0.000,0.000,0.000,0,0
74.305,422.909,63.583,0.959,0.282,0,585.974,210.600,219.555,2,267.409,951.600,0,0,1128.485,0.000,98.628,422.909,63.583,0.000,0.000,321.861,182.160,0.994,0.112,321.861,182.160,0.994,0.112,491.317,134.631,0.775,0.631,491.317,134.631,0.775,0.631,424.800,-106.500,0.000,0.000,0.000,0.000,0,0
74.402,422.909,63.583,0.959,0.282,0,584.195,203.635,213.607,2,267.409,951.600,0,0,1125.639,0.000,105.748,422.909,63.583,0.000,0.000,329.016,182.855,0.996,0.086,329.016,182.855,0.996,0.086,496.990,139.046,0.799,0.602,496.990,139.046,0.799,0.602,424.800,-106.500,0.000,0.000,0.000,0.000,0,0
74.500,422.909,63.583,0.959,0.282,0,582.415,196.670,207.737,2,267.409,951.600,0,0,1122.831,0.000,112.834,422.909,63.583,0.000,0.000,336.187,183.361,0.998,0.060,336.187,183.361,0.998,0.060,502.841,143.221,0.825,0.566,502.841,143.221,0.825,0.566,424.800,-106.500,0.000,0.000,0.000,0.000,0,0
74.603,422.909,63.583,0.959,0.282,0,580.636,189.705,201.952,2,267.409,951.600,0,0,1120.062,0.000,119.868,422.909,63.583,0.000,0.000,343.369,183.668,1.000,0.031,343.369,183.668,1.000,0.031,508.892,147.100,0.854,0.521,508.892,147.100,0.854,0.521,424.800,-106.500,0.000,0.000,0.000,0.000,0,0
74.705,422.909,63.583,0.959,0.282,0,580.295,188.308,200.816,2,267.409,951.600,0,0,1119.528,0.000,126.836,422.909,63.583,0.000,0.000,350.556,183.783,1.000,0.014,350.556,183.783,1.000,0.014,515.147,150.642,0.873,0.489,515.147,150.642,0.873,0.489,424.800,-106.500,0.000,0.000,0.000,0.000,0,0
74.802,422.909,63.583,0.959,0.282,0,582.115,195.262,206.606,2,267.409,951.600,0,0,1122.327,0.000,133.880,422.909,63.583,0.000,0.000,357.741,184.012,0.999,0.044,357.741,184.012,0.999,0.044,521.270,154.407,0.837,0.546,521.270,154.407,0.837,0.546,424.800,-106.500,0.000,0.000,0.000,0.000,0,0
74.905,422.909,63.583,0.959,0.282,0,583.934,202.217,212.482,2,267.409,951.600,0,0,1125.164,0.000,141.012,422.909,63.583,0.000,0.000,364.915,184.460,0.997,0.075,364.915,184.460,0.997,0.075,527.131,158.567,0.800,0.599,527.131,158.567,0.800,0.599,424.800,-106.500,0.000,0.000,0.000,0.000,0,0
75.001,422.909,63.583,0.959,0.282,0,585.753,209.172,218.436,2,267.409,951.600,0,0,1128.040,0.000,148.187,422.909,63.583,0.000,0.000,372.073,185.130,0.994,0.106,372.073,185.130,0.994,0.106,532.722,163.084,0.762,0.647,532.722,163.084,0.762,0.647,424.800,-106.500,0.000,0.000,0.000,0.000,0,0
75.100,422.909,63.583,0.959,0.282,0,587.572,216.126,224.463,2,267.409,951.600,0,0,1130.954,0.000,155.375,422.909,63.583,0.000,0.000,379.205,186.023,0.991,0.137,379.205,186.023,0.991,0.137,538.038,167.922,0.724,0.690,538.038,167.922,0.724,0.690,424.800,-106.500,0.000,0.000,0.000,0.000,0,0
75.204,422.909,63.583,0.959,0.282,0,589.391,223.081,230.556,2,267.409,951.600,0,0,1133.907,0.000,162.552,422.909,63.583,0.000,0.000,386.306,187.141,0.986,0.168,386.306,187.141,0.986,0.168,543.082,173.043,0.687,0.727,543.082,173.043,0.687,0.727,424.800,-106.500,0.000,0.000,0.000,0.000,0,0
75.301,422.909,63.583,0.959,0.282,0,591.210,230.035,236.711,2,267.409,951.600,0,0,1136.897,0.000,169.702,422.909,63.583,0.000,0.000,393.368,188.484,0.980,0.199,393.368,188.484,0.980,0.199,547.860,178.413,0.650,0.760,547.860,178.413,0.650,0.760,424.800,-106.500,0.000,0.000,0.000,0.000,0,0
75.404,422.909,63.583,0.959,0.282,0,593.030,236.990,242.922,2,267.409,951.600,0,0,1139.925,0.000,170.093,422.909,63.583,0.000,0.000,400.384,190.051,0.973,0.231,400.384,190.051,0.973,0.231,424.800,-106.500,0.000,0.000,424.800,-106.500,0.000,0.000,552.382,184.000,0.615,0.788,0.000,0.000,0,0
75.501,422.909,63.583,0.959,0.282,0,594.849,243.945,249.187,2,267.409,951.600,0,0,1142.990,0.000,170.093,422.909,63.583,0.000,0.000,407.345,191.842,0.965,0.262,407.345,191.842,0.965,0.262,424.800,-106.500,0.000,0.000,424.800,-106.500,0.000,0.000,556.663,189.775,0.582,0.813,0.000,0.000,0,0
75.605,422.909,63.583,0.959,0.282,0,587.537,251.116,249.551,0,267.409,951.600,0,0,1137.148,0.000,170.093,422.909,63.583,0.000,0.000,414.374,193.289,0.988,0.155,414.374,193.289,0.988,0.155,424.800,-106.500,0.000,0.000,424.800,-106.500,0.000,0.000,560.475,195.860,0.472,0.882,0.000,0.000,0,0
75.700,422.909,63.583,0.959,0.282,0,578.662,257.717,248.941,0,267.409,951.600,0,0,1129.718,0.000,170.093,422.909,63.583,0.000,0.000,421.476,194.404,0.988,0.155,421.476,194.404,0.988,0.155,424.800,-106.500,0.000,0.000,424.800,-106.500,0.000,0.000,563.156,202.520,0.305,0.952,0.000,0.000,0,0
75.803,422.909,63.583,0.959,0.282,0,570.703,263.851,248.988,0,267.409,951.600,0,0,1123.164,0.000,170.093,422.909,63.583,0.000,0.000,428.578,195.518,0.988,0.155,428.578,195.518,0.988,0.155,424.800,-106.500,0.000,0.000,424.800,-106.500,0.000,0.000,564.612,209.551,0.139,0.990,0.000,0.000,0,0
75.903,422.909,72.216,0.566,0.824,0,563.953,269.433,242.553,0,265.139,951.936,0,0,1117.740,0.000,178.726,422.909,72.216,0.000,1.000,435.680,196.633,0.988,0.155,435.680,196.633,0.988,0.155,424.800,-106.500,0.000,0.000,424.800,-106.500,0.000,0.000,565.027,216.723,0.005,1.000,0.000,1.000,0,0
76.002,422.909,86.605,0.176,0.984,0,557.450,274.883,231.504,0,261.946,952.669,0,0,1112.570,0.000,192.439,422.909,86.605,0.000,1.000,442.781,197.747,0.988,0.155,442.781,197.747,0.988,0.155,427.000,279.000,0.000,0.000,427.000,279.000,0.000,0.000,424.800,-106.500,0.000,0.000,0.000,1.000,0,0
76.101,422.909,100.993,0.052,0.999,0,551.142,280.179,220.443,0,259.512,953.619,0,0,1107.596,0.000,178.054,422.909,100.993,0.000,1.000,449.883,198.862,0.988,0.155,449.883,198.862,0.988,0.155,427.000,279.000,0.000,0.000,427.000,279.000,0.000,0.000,563.246,230.960,-0.220,0.976,0.000,1.000,0,0
76.200,422.909,115.382,0.015,1.000,0,544.992,285.311,209.343,0,257.859,954.784,0,0,1102.779,0.000,163.669,422.909,115.382,0.000,1.000,456.985,199.976,0.988,0.155,456.985,199.976,0.988,0.155,427.000,279.000,0.000,0.000,427.000,279.000,0.000,0.000,561.271,237.869,-0.309,0.951,0.000,1.000,0,0
76.305,416.804,127.242,-0.351,0.936,0,539.103,290.273,203.912,0,263.184,949.834,0,0,1098.210,0.000,152.100,416.804,127.242,-0.707,0.707,464.087,201.090,0.988,0.155,464.087,201.090,0.988,0.155,427.000,279.000,0.000,0.000,427.000,279.000,0.000,0.000,558.729,244.591,-0.382,0.924,-1.000,1.000,0,0
76.402,406.630,137.416,-0.612,0.791,0,533.403,295.075,202.415,0,273.125,940.811,0,0,1093.823,0.000,143.042,406.630,137.416,-0.707,0.707,471.188,202.205,0.988,0.155,471.188,202.205,0.988,0.155,427.000,279.000,0.000,0.000,427.000,279.000,0.000,0.000,555.718,251.118,-0.442,0.897,-1.000,1.000,0,0
76.504,396.455,147.591,-0.681,0.732,0,527.889,299.720,201.152,0,283.448,931.924,0,0,1089.610,0.000,134.913,396.455,147.591,-0.707,0.707,478.290,203.319,0.988,0.155,478.290,203.319,0.988,0.155,427.000,279.000,0.000,0.000,427.000,279.000,0.000,0.000,552.321,257.453,-0.492,0.871,-1.000,1.000,0,0
76.603,386.281,157.765,-0.700,0.715,0,522.556,304.213,200.155,0,294.114,923.175,0,0,1085.565,0.000,127.891,386.281,157.765,-0.707,0.707,485.392,204.434,0.988,0.155,485.392,204.434,0.988,0.155,427.000,279.000,0.000,0.000,427.000,279.000,0.000,0.000,548.606,263.606,-0.533,0.846,-1.000,1.000,0,0
76.705,376.106,167.939,-0.705,0.709,0,517.399,308.558,199.452,0,305.085,914.569,0,0,1081.682,0.000,122.166,376.106,167.939,-0.707,0.707,492.494,205.548,0.988,0.155,492.494,205.548,0.988,0.155,427.000,279.000,0.000,0.000,427.000,279.000,0.000,0.000,544.626,269.592,-0.567,0.824,-1.000,1.000,0,0
76.801,365.932,178.114,-0.706,0.708,0,512.231,312.769,198.946,0,316.330,906.109,0,0,1077.782,0.000,117.929,365.932,178.114,-0.707,0.707,499.595,206.663,0.988,0.155,499.595,206.663,0.988,0.155,427.000,279.000,0.000,0.000,427.000,279.000,0.000,0.000,540.427,275.427,-0.595,0.804,-1.000,1.000,0,0
76.903,355.758,188.288,-0.707,0.707,0,506.251,316.806,198.013,0,327.821,897.801,0,0,1073.080,0.000,115.344,355.758,188.288,-0.707,0.707,283.014,308.666,-0.876,-0.482,283.014,308.666,-0.876,-0.482,427.000,279.000,0.000,0.000,427.000,279.000,0.000,0.000,518.991,307.017,-0.789,0.615,-1.000,1.000,0,0
77.004,345.583,198.462,-0.707,0.707,0,500.170,320.673,197.171,0,339.533,889.647,0,0,1068.263,0.000,114.521,345.583,198.462,-0.707,0.707,276.717,305.199,-0.876,-0.482,276.717,305.199,-0.876,-0.482,427.000,279.000,0.000,0.000,427.000,279.000,0.000,0.000,513.232,311.317,-0.809,0.587,-1.000,1.000,0,0
77.105,341.513,211.165,-0.367,0.930,0,493.996,324.382,190.034,0,345.999,888.142,0,0,1063.339,0.000,109.131,341.513,211.165,0.000,1.000,270.420,301.732,-0.876,-0.482,270.420,301.732,-0.876,-0.482,427.000,279.000,0.000,0.000,427.000,279.000,0.000,0.000,507.337,315.430,-0.827,0.562,0.000,1.000,0,0
77.201,341.513,225.554,-0.114,0.994,0,487.730,327.930,178.617,0,349.329,891.174,0,0,1058.308,0.000,100.819,341.513,225.554,0.000,1.000,264.123,298.264,-0.876,-0.482,264.123,298.264,-0.876,-0.482,427.000,279.000,0.000,0.000,427.000,279.000,0.000,0.000,501.323,319.365,-0.843,0.538,0.000,1.000,0,0
77.302,341.513,239.943,-0.032,0.999,0,481.373,331.313,167.192,0,353.214,894.427,0,0,1053.169,0.000,93.986,341.513,239.943,0.000,1.000,257.826,294.797,-0.876,-0.482,257.826,294.797,-0.876,-0.482,427.000,279.000,0.000,0.000,427.000,279.000,0.000,0.000,495.199,323.129,-0.858,0.514,0.000,1.000,0,0
77.404,341.513,254.331,-0.009,1.000,0,474.931,334.527,155.806,0,357.637,897.899,0,0,1047.923,0.000,88.975,341.513,254.331,0.000,1.000,251.529,291.329,-0.876,-0.482,251.529,291.329,-0.876,-0.482,427.000,279.000,0.000,0.000,427.000,279.000,0.000,0.000,488.974,326.722,-0.871,0.490,0.000,1.000,0,0
77.501,341.513,268.720,-0.003,1.000,0,468.405,337.569,144.519,0,362.576,901.587,0,0,1042.570,0.000,86.102,341.513,268.720,0.000,1.000,245.232,287.862,-0.876,-0.482,245.232,287.862,-0.876,-0.482,427.000,279.000,0.000,0.000,427.000,279.000,0.000,0.000,482.654,330.146,-0.884,0.467,0.000,1.000,0,0
77.602,341.513,283.109,-0.001,1.000,0,461.801,340.436,133.415,0,368.013,905.489,0,0,1037.113,0.000,85.585,341.513,283.109,0.000,1.000,238.934,284.395,-0.876,-0.482,238.934,284.395,-0.876,-0.482,427.000,279.000,0.000,0.000,427.000,279.000,0.000,0.000,476.244,333.398,-0.897,0.443,0.000,1.000,0,0
77.700,351.688,293.283,0.498,0.867,0,455.161,343.208,115.079,0,362.935,918.119,0,0,1031.613,0.000,76.655,351.688,293.283,0.707,0.707,232.637,280.927,-0.876,-0.482,232.637,280.927,-0.876,-0.482,427.000,279.000,0.000,0.000,427.000,279.000,0.000,0.000,469.754,336.486,-0.907,0.422,1.000,1.000,0,0
77.802,361.862,303.458,0.652,0.758,0,448.513,345.950,96.736,0,358.363,930.801,0,0,1026.117,0.000,69.578,361.862,303.458,0.707,0.707,226.340,277.460,-0.876,-0.482,226.340,277.460,-0.876,-0.482,427.000,279.000,0.000,0.000,427.000,279.000,0.000,0.000,463.206,339.451,-0.913,0.407,1.000,1.000,0,0
77.903,372.037,313.632,0.692,0.722,0,441.858,348.672,78.402,0,354.317,943.531,0,0,1020.630,0.000,64.964,372.037,313.632,0.707,0.707,220.043,273.992,-0.876,-0.482,220.043,273.992,-0.876,-0.482,427.000,279.000,0.000,0.000,427.000,279.000,0.000,0.000,456.619,342.329,-0.918,0.396,0.000,1.000,0,0
78.000,372.037,328.021,0.223,0.975,0,435.199,351.379,67.669,0,361.669,947.942,0,0,1015.156,0.000,73.648,372.037,328.021,0.000,1.000,213.746,270.525,-0.876,-0.482,213.746,270.525,-0.876,-0.482,427.000,279.000,0.000,0.000,427.000,279.000,0.000,0.000,450.006,345.146,-0.921,0.389,0.000,1.000,0,0
78.103,372.037,342.409,0.063,0.998,0,428.536,354.077,58.071,0,369.436,952.550,0,0,1009.696,0.000,71.551,372.037,342.409,0.000,1.000,207.449,267.058,-0.876,-0.482,207.449,267.058,-0.876,-0.482,443.375,347.920,-0.923,0.384,443.375,347.920,-0.923,0.384,427.000,279.000,0.000,0.000,0.000,1.000,0,0
78.204,372.037,356.798,0.018,1.000,0,421.870,356.767,50.273,0,377.591,957.352,0,0,1004.253,0.000,64.985,372.037,356.798,0.000,1.000,201.152,263.590,-0.876,-0.482,201.152,263.590,-0.876,-0.482,436.732,350.664,-0.925,0.380,436.732,350.664,-0.925,0.380,461.665,336.591,-0.891,0.455,0.000,1.000,0,0
78.304,372.037,371.187,0.005,1.000,0,415.202,359.451,45.221,0,386.111,962.346,0,0,998.829,0.000,60.711,372.037,371.187,0.000,1.000,194.854,260.123,-0.876,-0.482,194.854,260.123,-0.876,-0.482,430.080,353.387,-0.926,0.378,430.080,353.387,-0.926,0.378,455.236,339.807,-0.897,0.443,0.000,1.000,0,0
78.401,372.037,385.576,0.002,1.000,0,408.533,362.132,43.881,0,394.971,967.527,0,0,993.424,0.000,59.241,372.037,385.576,0.000,1.000,188.557,256.655,-0.876,-0.482,188.557,256.655,-0.876,-0.482,423.421,356.095,-0.927,0.376,423.421,356.095,-0.927,0.376,448.768,342.944,-0.902,0.432,0.000,0.000,0,0
78.503,372.037,385.576,0.002,1.000,0,401.862,364.810,36.943,0,394.971,967.527,0,0,988.040,0.000,52.129,372.037,385.576,0.000,0.000,182.260,253.188,-0.876,-0.482,182.260,253.188,-0.876,-0.482,416.759,358.792,-0.927,0.375,416.759,358.792,-0.927,0.375,442.267,346.013,-0.906,0.423,0.000,0.000,0,0
78.605,372.037,382.698,-0.193,0.981,1,369.123,397.548,15.133,1,393.173,966.476,0,0,969.282,0.000,43.620,372.037,382.698,0.000,-1.000,550.524,236.029,-0.922,0.386,550.524,236.029,-0.922,0.386,410.415,361.966,-0.704,0.711,410.415,361.966,-0.704,0.711,435.927,349.327,-0.779,0.627,0.000,-1.000,0,0
78.704,372.037,368.309,-0.992,0.124,1,357.019,370.179,15.133,1,384.379,961.332,0,0,947.954,0.000,32.264,372.037,368.309,0.000,-1.000,543.893,238.806,-0.922,0.386,543.893,238.806,-0.922,0.386,404.161,365.303,-0.971,0.237,404.161,365.303,-0.971,0.237,429.595,352.644,-0.948,0.317,0.000,-1.000,0,0
78.801,372.037,353.920,-0.453,-0.892,1,365.187,340.426,15.133,1,375.930,956.377,0,0,945.430,0.000,27.146,372.037,353.920,0.000,-1.000,537.262,241.582,-0.922,0.386,537.262,241.582,-0.922,0.386,397.263,363.949,-0.879,-0.477,397.263,363.949,-0.879,-0.477,422.477,353.029,-0.991,-0.132,0.000,-1.000,0,0
78.904,363.897,342.903,-0.517,-0.856,1,356.076,329.948,15.133,1,376.501,945.026,0,0,933.417,0.000,32.380,363.897,342.903,-0.707,-0.707,530.632,244.358,-0.922,0.386,530.632,244.358,-0.922,0.386,391.872,359.208,-0.764,-0.646,391.872,359.208,-0.764,-0.646,415.618,350.902,-0.946,-0.325,-1.000,-1.000,0,0
79.000,353.723,332.729,-0.653,-0.757,1,343.835,321.272,15.133,1,379.746,932.085,0,0,919.054,0.000,39.268,353.723,332.729,-0.707,-0.707,524.001,247.135,-0.922,0.386,524.001,247.135,-0.922,0.386,386.250,354.728,-0.786,-0.618,386.250,354.728,-0.786,-0.618,408.889,348.374,-0.928,-0.373,-1.000,-1.000,0,0
79.102,343.548,322.554,-0.692,-0.722,1,333.070,311.635,15.133,1,383.503,919.188,0,0,905.816,0.000,46.280,343.548,322.554,-0.707,-0.707,517.370,249.911,-0.922,0.386,517.370,249.911,-0.922,0.386,380.626,350.250,-0.779,-0.628,380.626,350.250,-0.779,-0.628,402.322,345.451,-0.904,-0.428,-1.000,-1.000,0,0
79.204,339.479,309.851,-0.363,-0.932,1,333.986,295.750,15.133,1,381.174,911.362,0,0,901.894,0.000,50.497,339.479,309.851,0.000,-1.000,510.739,252.688,-0.922,0.386,510.739,252.688,-0.922,0.386,375.266,345.477,-0.680,-0.733,375.266,345.477,-0.680,-0.733,396.037,341.982,-0.831,-0.557,0.000,-1.000,0,0
79.304,341.513,296.306,0.052,-0.999,1,342.299,281.193,15.133,1,373.417,909.253,0,0,905.712,0.000,52.463,341.513,296.306,0.707,-0.707,504.108,255.464,-0.922,0.386,504.108,255.464,-0.922,0.386,371.137,339.605,-0.516,-0.857,371.137,339.605,-0.516,-0.857,390.632,337.258,-0.703,-0.711,1.000,-1.000,0,0
79.401,351.688,286.131,0.536,-0.844,1,359.807,273.360,15.133,1,359.931,916.101,0,0,920.454,0.000,49.745,351.688,286.131,0.707,-0.707,497.477,258.241,-0.922,0.386,497.477,258.241,-0.922,0.386,368.853,332.821,-0.199,-0.980,368.853,332.821,-0.199,-0.980,386.618,331.322,-0.464,-0.886,1.000,-1.000,0,0
79.502,361.862,275.957,0.661,-0.750,1,371.868,264.603,15.133,1,346.517,923.123,0,0,929.853,0.000,50.132,361.862,275.957,0.707,-0.707,490.846,261.017,-0.922,0.386,490.846,261.017,-0.922,0.386,368.409,325.659,0.020,-1.000,368.409,325.659,0.020,-1.000,384.239,324.556,-0.244,-0.970,1.000,-1.000,0,0
79.604,372.037,265.782,0.694,-0.720,1,382.547,254.894,15.133,1,333.185,930.314,0,0,937.825,0.000,52.819,372.037,265.782,0.707,-0.707,484.216,263.794,-0.922,0.386,484.216,263.794,-0.922,0.386,369.269,318.529,0.178,-0.984,369.269,318.529,0.178,-0.984,383.351,317.433,-0.048,-0.999,1.000,-1.000,0,0
79.704,382.211,255.608,0.703,-0.711,1,392.857,244.852,15.133,1,319.945,937.670,0,0,945.516,0.000,50.530,382.211,255.608,0.707,-0.707,477.585,266.570,-0.922,0.386,477.585,266.570,-0.922,0.386,427.000,279.000,0.000,0.000,427.000,279.000,0.000,0.000,383.715,310.260,0.111,-0.994,1.000,-1.000,0,0
79.800,392.385,245.434,0.706,-0.708,1,403.070,234.716,15.133,1,306.808,945.189,0,0,953.247,0.000,48.217,392.385,245.434,0.707,-0.707,470.954,269.347,-0.922,0.386,470.954,269.347,-0.922,0.386,427.000,279.000,0.000,0.000,427.000,279.000,0.000,0.000,385.062,303.203,0.234,-0.972,1.000,-1.000,0,0
79.905,402.560,235.259,0.707,-0.707,1,413.256,224.554,15.133,1,293.789,952.865,0,0,961.100,0.000,50.106,402.560,235.259,0.707,-0.707,464.323,272.123,-0.922,0.386,464.323,272.123,-0.922,0.386,427.000,279.000,0.000,0.000,427.000,279.000,0.000,0.000,387.156,296.329,0.326,-0.945,1.000,-1.000,0,0
80.001,412.734,225.085,0.707,-0.707,1,423.434,214.383,15.133,1,280.903,960.696,0,0,969.092,0.000,55.770,412.734,225.085,0.707,-0.707,457.692,274.900,-0.922,0.386,457.692,274.900,-0.922,0.386,427.000,279.000,0.000,0.000,427.000,279.000,0.000,0.000,389.813,289.651,0.396,-0.918,1.000,-1.000,0,0
80.102,422.909,214.911,0.707,-0.707,1,433.609,204.209,15.133,1,268.170,968.677,0,0,977.229,0.000,64.220,422.909,214.911,0.707,-0.707,451.061,277.676,-0.922,0.386,451.061,277.676,-0.922,0.386,427.000,279.000,0.000,0.000,427.000,279.000,0.000,0.000,392.898,283.159,0.449,-0.893,1.000,-1.000,0,0
80.205,433.083,204.736,0.707,-0.707,1,443.784,194.035,15.133,1,255.612,976.805,0,0,985.507,0.000,74.513,433.083,204.736,0.707,-0.707,444.430,280.453,-0.922,0.386,444.430,280.453,-0.922,0.386,427.000,279.000,0.000,0.000,427.000,279.000,0.000,0.000,396.310,276.832,0.490,-0.872,1.000,-1.000,0,0
80.300,443.257,194.562,0.707,-0.707,1,453.958,183.861,15.133,1,243.258,985.076,0,0,993.925,0.000,85.989,443.257,194.562,0.707,-0.707,437.799,283.229,-0.922,0.386,437.799,283.229,-0.922,0.386,427.000,279.000,0.000,0.000,427.000,279.000,0.000,0.000,399.978,270.651,0.523,-0.853,1.000,-1.000,0,0
80.405,453.432,184.388,0.707,-0.707,1,464.133,173.687,15.133,1,231.139,993.486,0,0,1002.479,0.000,94.294,453.432,184.388,0.707,-0.707,431.169,286.005,-0.922,0.386,431.169,286.005,-0.922,0.386,403.849,264.593,0.548,-0.836,403.849,264.593,0.548,-0.836,427.000,279.000,0.000,0.000,1.000,-1.000,0,0
80.504,465.292,178.283,0.876,-0.482,1,478.553,170.991,15.133,1,218.353,1004.290,0,0,1016.377,0.000,98.760,465.292,178.283,1.000,0.000,424.235,287.637,-0.993,0.121,424.235,287.637,-0.993,0.121,407.918,258.668,0.594,-0.804,407.918,258.668,0.594,-0.804,399.810,262.063,0.624,-0.781,1.000,0.000,0,0
80.603,479.681,178.283,0.989,-0.147,1,494.651,176.065,15.133,1,204.271,1018.523,0,0,1033.022,0.000,100.575,479.681,178.283,1.000,0.000,417.099,288.507,-0.993,0.121,417.099,288.507,-0.993,0.121,412.750,253.354,0.712,-0.702,412.750,253.354,0.712,-0.702,404.800,256.896,0.730,-0.684,1.000,0.000,0,0
80.702,494.070,178.283,0.999,-0.043,1,509.189,177.636,15.133,1,190.234,1032.761,0,0,1047.635,0.000,103.490,494.070,178.283,1.000,0.000,409.963,289.376,-0.993,0.121,409.963,289.376,-0.993,0.121,418.168,248.633,0.778,-0.628,418.168,248.633,0.778,-0.628,410.314,252.287,0.789,-0.615,1.000,0.000,0,0
80.802,506.773,174.213,0.968,-0.252,1,521.419,170.404,15.133,1,177.009,1044.768,0,0,1058.767,0.000,108.538,506.773,174.213,0.707,-0.707,402.827,290.245,-0.993,0.121,402.827,290.245,-0.993,0.121,423.950,244.363,0.811,-0.586,423.950,244.363,0.811,-0.586,416.153,248.095,0.818,-0.576,1.000,-1.000,0,0
80.902,516.947,164.039,0.808,-0.590,1,529.168,155.114,15.133,1,165.196,1053.512,0,0,1064.556,0.000,115.701,516.947,164.039,0.707,-0.707,395.691,291.114,-0.993,0.121,395.691,291.114,-0.993,0.121,429.555,239.864,0.766,-0.642,429.555,239.864,0.766,-0.642,421.822,243.676,0.776,-0.631,1.000,-1.000,0,0
81.004,527.121,153.865,0.737,-0.676,0,541.858,142.783,18.439,0,153.822,1062.379,0,0,1075.808,0.000,122.869,527.121,153.865,0.707,-0.707,388.555,291.983,-0.993,0.121,388.555,291.983,-0.993,0.121,434.999,235.169,0.756,-0.655,434.999,235.169,0.756,-0.655,427.335,239.062,0.765,-0.644,1.000,-1.000,0,0
81.101,540.667,151.830,0.955,-0.297,0,556.832,130.436,26.815,0,140.218,1075.603,0,0,1089.501,0.000,119.381,540.667,151.830,1.000,0.000,381.419,292.852,-0.993,0.121,381.419,292.852,-0.993,0.121,629.000,71.524,0.000,0.000,440.442,230.474,0.758,-0.652,440.442,230.474,0.758,-0.652,1.000,0.000,0,0
81.203,555.056,151.830,0.996,-0.086,0,571.436,118.395,37.233,0,126.010,1089.900,0,0,1103.019,0.000,103.676,555.056,151.830,1.000,0.000,374.283,293.721,-0.993,0.121,374.283,293.721,-0.993,0.121,629.000,79.159,0.000,0.000,445.899,225.793,0.760,-0.650,445.899,225.793,0.760,-0.650,1.000,0.000,0,0
81.300,549.300,151.830,0.711,-0.703,0,585.677,106.651,58.007,0,131.689,1084.180,0,0,1116.353,0.000,103.078,549.300,151.830,-1.000,0.000,367.147,294.591,-0.993,0.121,367.147,294.591,-0.993,0.121,629.000,86.462,0.000,0.000,451.365,221.124,0.761,-0.649,451.365,221.124,0.761,-0.649,-1.000,0.000,0,0
81.400,534.911,151.830,-0.449,-0.894,0,599.567,95.198,85.956,0,145.911,1069.884,0,0,1129.494,0.000,101.356,534.911,151.830,-1.000,0.000,360.011,295.460,-0.993,0.121,360.011,295.460,-0.993,0.121,456.839,216.465,0.762,-0.648,456.839,216.465,0.762,-0.648,449.379,220.599,0.768,-0.641,-1.000,0.000,0,0
81.500,520.523,151.830,-0.992,-0.125,0,613.112,84.029,114.769,0,160.163,1055.591,0,0,1142.437,0.000,83.580,520.523,151.830,-1.000,0.000,352.875,296.329,-0.993,0.121,352.875,296.329,-0.993,0.121,462.320,211.813,0.763,-0.647,462.320,211.813,0.763,-0.647,454.898,215.993,0.768,-0.641,-1.000,0.000,0,0
81.604,506.134,151.830,-0.999,-0.035,0,626.322,73.136,143.674,0,174.437,1041.300,0,0,1155.176,0.000,67.315,506.134,151.830,-1.000,0.000,345.740,297.198,-0.993,0.121,345.740,297.198,-0.993,0.121,467.806,207.168,0.763,-0.646,467.806,207.168,0.763,-0.646,460.419,211.389,0.768,-0.640,-1.000,0.000,0,0
81.704,491.745,151.830,-1.000,-0.010,0,639.206,62.513,172.422,0,188.729,1027.011,0,0,1167.706,0.000,53.951,491.745,151.830,-1.000,0.000,338.604,298.067,-0.993,0.121,338.604,298.067,-0.993,0.121,473.297,202.529,0.764,-0.645,473.297,202.529,0.764,-0.645,465.942,206.788,0.768,-0.640,-1.000,0.000,0,0
81.802,36.242,287.000,0.897,0.443,0,651.770,52.153,658.814,0,660.292,619.829,0,0,1180.026,0.000,104.066,36.242,287.000,-1.000,0.000,-85.000,286.000,0.000,0.000,-85.000,286.000,0.000,0.000,140.000,279.000,0.000,0.000,140.000,279.000,0.000,0.000,290.700,275.300,0.000,0.000,-1.000,0.000,0,0
81.904,22.179,287.000,-0.174,0.985,0,664.023,42.049,687.011,0,674.008,607.068,0,0,1192.131,0.000,118.092,22.179,287.000,-1.000,0.000,-85.000,286.000,0.000,0.000,-85.000,286.000,0.000,0.000,140.000,279.000,0.000,0.000,140.000,279.000,0.000,0.000,290.700,275.300,0.000,0.000,-1.000,0.000,0,0
82.005,7.791,287.000,-0.990,0.140,0,670.213,39.185,707.276,0,688.043,594.060,0,0,1198.291,0.000,132.451,7.791,287.000,-1.000,0.000,-85.000,286.000,0.000,0.000,-85.000,286.000,0.000,0.000,140.000,279.000,0.000,0.000,140.000,279.000,0.000,0.000,290.700,275.300,0.000,0.000,-1.000,0.000,0,0
82.104,-3.226,278.861,-0.886,-0.464,0,669.807,41.438,713.704,0,697.108,580.620,0,0,1197.897,0.000,143.226,-3.226,278.861,-0.707,-0.707,-85.000,286.000,0.000,0.000,-85.000,286.000,0.000,0.000,140.000,279.000,0.000,0.000,140.000,279.000,0.000,0.000,290.700,275.300,0.000,0.000,-1.000,-1.000,0,0
82.202,-9.331,269.878,-0.708,-0.706,0,669.806,43.622,715.861,0,701.341,571.293,0,0,1197.912,0.000,149.609,-9.331,269.878,0.000,0.000,-85.000,286.000,0.000,0.000,-85.000,286.000,0.000,0.000,140.000,279.000,0.000,0.000,140.000,279.000,0.000,0.000,290.700,275.300,0.000,0.000,0.000,0.000,0,0
82.303,-9.331,269.878,-0.708,-0.706,0,669.781,45.676,715.195,0,701.341,571.293,0,0,1197.907,0.000,149.609,-9.331,269.878,0.000,0.000,-85.000,286.000,0.000,0.000,-85.000,286.000,0.000,0.000,140.000,279.000,0.000,0.000,140.000,279.000,0.000,0.000,290.700,275.300,0.000,0.000,0.000,0.000,0,0
82.400,-9.331,269.878,-0.708,-0.706,0,669.657,47.382,714.544,0,701.341,571.293,0,0,1197.805,0.000,149.609,-9.331,269.878,0.000,0.000,-85.000,286.000,0.000,0.000,-85.000,286.000,0.000,0.000,140.000,279.000,0.000,0.000,140.000,279.000,0.000,0.000,290.700,275.300,0.000,0.000,0.000,0.000,0,0
82.500,-9.331,269.878,-0.708,-0.706,0,669.534,49.055,713.908,0,701.341,571.293,0,0,1197.707,0.000,149.609,-9.331,269.878,0.000,0.000,-85.000,286.000,0.000,0.000,-85.000,286.000,0.000,0.000,140.000,279.000,0.000,0.000,140.000,279.000,0.000,0.000,290.700,275.300,0.000,0.000,0.000,0.000,0,0
82.603,-9.331,269.878,-0.708,-0.706,0,669.415,50.695,713.289,0,701.341,571.293,0,0,1197.613,0.000,149.609,-9.331,269.878,0.000,0.000,-85.000,286.000,0.000,0.000,-85.000,286.000,0.000,0.000,140.000,279.000,0.000,0.000,140.000,279.000,0.000,0.000,290.700,275.300,0.000,0.000,0.000,0.000,0,0
82.705,-9.331,261.245,-0.381,-0.925,0,669.297,52.302,710.097,0,699.767,567.736,0,0,1197.523,0.000,150.383,-9.331,261.245,0.000,-1.000,-85.000,286.000,0.000,0.000,-85.000,286.000,0.000,0.000,140.000,279.000,0.000,0.000,140.000,279.000,0.000,0.000,290.700,275.300,0.000,0.000,0.000,-1.000,0,0
82.806,-9.331,246.856,-0.113,-0.994,0,59.000,80.600,179.863,0,697.375,562.052,0,0,589.175,0.000,152.751,-9.331,246.856,0.000,-1.000,-85.000,286.000,0.000,0.000,-85.000,286.000,0.000,0.000,140.000,279.000,0.000,0.000,140.000,279.000,0.000,0.000,290.700,275.300,0.000,0.000,1.000,-1.000,0,0
82.901,0.843,236.682,0.494,-0.869,0,59.000,80.600,166.689,0,685.791,567.688,0,0,589.174,0.000,145.449,0.843,236.682,0.707,-0.707,-85.000,286.000,0.000,0.000,-85.000,286.000,0.000,0.000,140.000,279.000,0.000,0.000,140.000,279.000,0.000,0.000,290.700,275.300,0.000,0.000,1.000,-1.000,0,0
83.002,11.018,226.508,0.651,-0.759,0,59.000,80.600,153.737,0,674.315,573.629,0,0,589.171,0.000,139.255,11.018,226.508,0.707,-0.707,-85.000,286.000,0.000,0.000,-85.000,286.000,0.000,0.000,140.000,279.000,0.000,0.000,140.000,279.000,0.000,0.000,290.700,275.300,0.000,0.000,1.000,-1.000,0,0
83.105,15.087,213.805,0.406,-0.914,0,59.000,80.600,140.413,0,668.721,573.277,0,0,589.171,0.000,140.903,15.087,213.805,0.000,-1.000,-85.000,286.000,0.000,0.000,-85.000,286.000,0.000,0.000,140.000,279.000,0.000,0.000,140.000,279.000,0.000,0.000,290.700,275.300,0.000,0.000,0.000,-1.000,0,0
83.205,15.087,199.416,0.119,-0.993,0,59.000,80.600,126.845,0,667.241,568.849,0,0,589.171,0.000,148.111,15.087,199.416,0.000,-1.000,-85.000,286.000,0.000,0.000,-85.000,286.000,0.000,0.000,140.000,279.000,0.000,0.000,140.000,279.000,0.000,0.000,290.700,275.300,0.000,0.000,0.000,-1.000,0,0
83.302,15.087,185.027,0.036,-0.999,0,59.000,80.600,113.479,0,666.068,564.754,0,0,589.171,0.000,156.314,15.087,185.027,0.000,-1.000,-85.000,286.000,0.000,0.000,-85.000,286.000,0.000,0.000,140.000,279.000,0.000,0.000,140.000,279.000,0.000,0.000,290.700,275.300,0.000,0.000,0.000,-1.000,0,0
83.405,15.087,170.639,0.010,-1.000,0,59.000,80.600,100.396,0,665.205,560.998,0,0,589.171,0.000,165.364,15.087,170.639,0.000,-1.000,-85.000,286.000,0.000,0.000,-85.000,286.000,0.000,0.000,140.000,279.000,0.000,0.000,140.000,279.000,0.000,0.000,108.800,-94.600,0.000,0.000,0.000,-1.000,0,0
83.502,15.087,156.250,0.003,-1.000,0,59.000,80.600,87.722,0,664.652,557.588,0,0,589.171,0.000,175.131,15.087,156.250,0.000,-1.000,-85.000,286.000,0.000,0.000,-85.000,286.000,0.000,0.000,140.000,279.000,0.000,0.000,140.000,279.000,0.000,0.000,108.800,-94.600,0.000,0.000,0.000,-1.000,0,0
83.602,15.087,141.861,0.001,-1.000,0,59.000,80.600,75.665,0,664.411,554.531,0,0,589.171,0.000,185.500,15.087,141.861,0.000,-1.000,-85.000,286.000,0.000,0.000,-85.000,286.000,0.000,0.000,140.000,279.000,0.000,0.000,140.000,279.000,0.000,0.000,108.800,-94.600,0.000,0.000,0.000,-1.000,0,0
83.704,15.087,127.473,0.000,-1.000,0,59.000,80.600,64.571,0,664.481,551.832,0,0,589.171,0.000,196.376,15.087,127.473,0.000,-1.000,-85.000,286.000,0.000,0.000,-85.000,286.000,0.000,0.000,140.000,279.000,0.000,0.000,140.000,279.000,0.000,0.000,108.800,-94.600,0.000,0.000,0.000,-1.000,0,0
83.804,15.087,113.084,0.000,-1.000,0,59.000,80.600,55.023,0,664.862,549.496,0,0,589.171,0.000,207.681,15.087,113.084,0.000,-1.000,-85.000,286.000,0.000,0.000,-85.000,286.000,0.000,0.000,140.000,279.000,0.000,0.000,140.000,279.000,0.000,0.000,108.800,-94.600,0.000,0.000,0.000,-1.000,0,0
83.902,23.227,102.067,0.472,-0.882,0,59.000,80.600,42.244,0,657.239,556.025,0,0,589.171,0.000,211.994,23.227,102.067,0.707,-0.707,44.000,-93.000,0.000,0.000,44.000,-93.000,0.000,0.000,140.000,279.000,0.000,0.000,140.000,279.000,0.000,0.000,108.800,-94.600,0.000,0.000,1.000,-1.000,0,0
84.002,37.616,102.067,0.947,-0.321,1,51.948,97.207,15.133,1,642.877,570.293,0,0,583.938,0.000,204.421,37.616,102.067,1.000,0.000,44.000,-93.000,0.000,0.000,44.000,-93.000,0.000,0.000,140.000,279.000,0.000,0.000,140.000,279.000,0.000,0.000,108.800,-94.600,0.000,0.000,1.000,0.000,0,0
84.101,52.004,102.067,0.996,-0.094,1,67.070,100.641,15.133,1,628.516,584.566,0,0,599.350,0.000,197.607,52.004,102.067,1.000,0.000,44.000,-93.000,0.000,0.000,44.000,-93.000,0.000,0.000,140.000,279.000,0.000,0.000,140.000,279.000,0.000,0.000,108.800,-94.600,0.000,0.000,1.000,0.000,0,0
84.203,66.393,102.067,1.000,-0.027,1,81.521,101.662,15.133,1,614.155,598.845,0,0,613.817,0.000,191.633,66.393,102.067,1.000,0.000,44.000,-93.000,0.000,0.000,44.000,-93.000,0.000,0.000,140.000,279.000,0.000,0.000,140.000,279.000,0.000,0.000,108.800,-94.600,0.000,0.000,1.000,0.000,0,0
84.304,80.782,102.067,1.000,-0.008,1,95.915,101.953,15.133,1,599.797,613.130,0,0,628.145,0.000,186.580,80.782,102.067,1.000,0.000,44.000,-93.000,0.000,0.000,44.000,-93.000,0.000,0.000,140.000,279.000,0.000,0.000,140.000,279.000,0.000,0.000,108.800,-94.600,0.000,0.000,1.000,0.000,0,0
84.400,95.170,102.067,1.000,-0.002,1,110.304,102.032,15.133,1,585.439,627.419,0,0,642.448,0.000,182.524,95.170,102.067,1.000,0.000,44.000,-93.000,0.000,0.000,44.000,-93.000,0.000,0.000,140.000,279.000,0.000,0.000,140.000,279.000,0.000,0.000,108.800,-94.600,0.000,0.000,1.000,0.000,0,0
84.500,109.559,102.067,1.000,-0.001,1,124.692,102.057,15.133,1,571.084,641.712,0,0,656.748,0.000,179.533,109.559,102.067,1.000,0.000,44.000,-93.000,0.000,0.000,44.000,-93.000,0.000,0.000,140.000,279.000,0.000,0.000,140.000,279.000,0.000,0.000,108.800,-94.600,0.000,0.000,1.000,0.000,0,0
84.603,123.948,102.067,1.000,0.000,1,139.081,102.064,15.133,1,556.730,656.010,0,0,671.051,0.000,177.660,123.948,102.067,1.000,0.000,44.000,-93.000,0.000,0.000,44.000,-93.000,0.000,0.000,140.000,279.000,0.000,0.000,140.000,279.000,0.000,0.000,108.800,-94.600,0.000,0.000,1.000,0.000,0,0
84.704,138.337,102.067,1.000,0.000,1,153.470,102.066,15.133,1,542.378,670.311,0,0,685.356,0.000,176.941,138.337,102.067,1.000,0.000,44.000,-93.000,0.000,0.000,44.000,-93.000,0.000,0.000,140.000,279.000,0.000,0.000,140.000,279.000,0.000,0.000,108.800,-94.600,0.000,0.000,1.000,0.000,0,0
84.803,152.725,102.067,1.000,0.000,1,167.858,102.067,15.133,1,528.027,684.616,0,0,699.665,0.000,177.390,152.725,102.067,1.000,0.000,44.000,-93.000,0.000,0.000,44.000,-93.000,0.000,0.000,140.000,279.000,0.000,0.000,140.000,279.000,0.000,0.000,108.800,-94.600,0.000,0.000,1.000,0.000,0,0
84.902,167.114,102.067,1.000,0.000,1,182.247,102.067,15.133,1,513.679,698.925,0,0,713.977,0.000,178.999,167.114,102.067,1.000,0.000,44.000,-93.000,0.000,0.000,44.000,-93.000,0.000,0.000,140.000,279.000,0.000,0.000,140.000,279.000,0.000,0.000,285.835,268.178,-0.540,-0.842,1.000,0.000,0,0
85.002,181.503,102.067,1.000,0.000,1,196.636,102.067,15.133,1,499.334,713.237,0,0,728.292,0.000,181.736,181.503,102.067,1.000,0.000,44.000,-93.000,0.000,0.000,44.000,-93.000,0.000,0.000,140.000,279.000,0.000,0.000,140.000,279.000,0.000,0.000,282.191,261.983,-0.484,-0.875,1.000,0.000,0,0
85.103,195.891,102.067,1.000,0.000,1,211.024,102.067,15.133,1,484.991,727.551,0,0,742.610,0.000,174.533,195.891,102.067,1.000,0.000,44.000,-93.000,0.000,0.000,44.000,-93.000,0.000,0.000,278.986,255.550,-0.419,-0.908,278.986,255.550,-0.419,-0.908,140.000,279.000,0.000,0.000,1.000,0.000,0,0
85.202,210.280,102.067,1.000,0.000,1,225.413,102.067,15.133,1,470.650,741.869,0,0,756.931,0.000,160.978,210.280,102.067,1.000,0.000,44.000,-93.000,0.000,0.000,44.000,-93.000,0.000,0.000,276.292,248.887,-0.344,-0.939,276.292,248.887,-0.344,-0.939,278.856,-68.916,-0.313,0.950,1.000,0.000,0,0
85.305,224.669,102.067,1.000,0.000,0,240.904,102.067,16.235,0,456.313,756.189,0,0,772.351,0.000,148.452,224.669,102.067,1.000,0.000,44.000,-93.000,0.000,0.000,44.000,-93.000,0.000,0.000,274.187,242.016,-0.257,-0.966,274.187,242.016,-0.257,-0.966,276.929,-61.993,-0.237,0.972,1.000,0.000,0,0
85.405,239.057,102.067,1.000,0.000,0,260.507,102.067,21.450,0,441.979,770.512,0,0,791.867,0.000,137.126,239.057,102.067,1.000,0.000,44.000,-93.000,0.000,0.000,44.000,-93.000,0.000,0.000,272.914,234.947,-0.122,-0.993,272.914,234.947,-0.122,-0.993,275.722,-54.910,-0.121,0.993,1.000,0.000,0,0
85.500,253.446,102.067,1.000,0.000,0,279.626,102.067,26.181,0,427.649,784.838,0,0,810.903,0.000,127.163,253.446,102.067,1.000,0.000,44.000,-93.000,0.000,0.000,44.000,-93.000,0.000,0.000,272.669,227.769,0.025,-1.000,272.669,227.769,0.025,-1.000,275.384,-47.734,0.003,1.000,1.000,0.000,0,0
85.600,253.446,102.067,1.000,0.000,0,298.271,102.067,44.828,0,427.649,784.838,0,0,829.470,0.000,120.251,253.446,102.067,0.000,0.000,44.000,-93.000,0.000,0.000,44.000,-93.000,0.000,0.000,273.497,220.635,0.175,-0.985,273.497,220.635,0.175,-0.985,275.952,-40.572,0.129,0.992,0.000,0.000,0,0
85.701,253.446,102.067,1.000,0.000,0,316.454,102.067,63.015,0,427.649,784.838,0,0,847.578,0.000,113.771,253.446,102.067,0.000,0.000,44.000,-93.000,0.000,0.000,44.000,-93.000,0.000,0.000,275.380,213.703,0.318,-0.948,275.380,213.703,0.318,-0.948,277.418,-33.539,0.253,0.968,0.000,0.000,0,0
85.804,253.446,102.067,1.000,0.000,0,334.188,102.067,80.753,0,427.649,784.838,0,0,865.240,0.000,107.928,253.446,102.067,0.000,0.000,44.000,-93.000,0.000,0.000,44.000,-93.000,0.000,0.000,278.232,207.110,0.447,-0.895,278.232,207.110,0.447,-0.895,279.737,-26.739,0.368,0.930,0.000,0.000,0,0
85.900,253.446,102.067,1.000,0.000,0,351.482,102.067,98.054,0,427.649,784.838,0,0,882.466,0.000,102.901,253.446,102.067,0.000,0.000,44.000,-93.000,0.000,0.000,44.000,-93.000,0.000,0.000,281.926,200.949,0.556,-0.831,281.926,200.949,0.556,-0.831,282.832,-20.255,0.471,0.882,0.000,0.000,0,0
86.001,253.446,102.067,1.000,0.000,0,368.349,102.067,114.929,0,427.649,784.838,0,0,899.268,0.000,98.823,253.446,102.067,0.000,0.000,44.000,-93.000,0.000,0.000,44.000,-93.000,0.000,0.000,286.318,195.262,0.645,-0.764,286.318,195.262,0.645,-0.764,286.606,-14.140,0.559,0.829,0.000,0.000,0,0
86.103,253.446,102.067,1.000,0.000,0,384.798,102.067,131.390,0,427.649,784.838,0,0,915.655,0.000,95.775,253.446,102.067,0.000,0.000,44.000,-93.000,0.000,0.000,44.000,-93.000,0.000,0.000,291.272,190.056,0.716,-0.698,291.272,190.056,0.716,-0.698,290.956,-8.420,0.634,0.773,0.000,0.000,0,0
86.204,253.446,102.067,1.000,0.000,0,400.840,102.067,147.446,0,427.649,784.838,0,0,931.637,0.000,93.794,253.446,102.067,0.000,0.000,44.000,-93.000,0.000,0.000,44.000,-93.000,0.000,0.000,296.667,185.309,0.772,-0.636,296.667,185.309,0.772,-0.636,295.788,-3.100,0.696,0.718,0.000,0.000,0,0
86.301,253.446,102.067,1.000,0.000,0,416.485,102.067,163.109,0,427.649,784.838,0,0,947.226,0.000,92.871,253.446,102.067,0.000,0.000,44.000,-93.000,0.000,0.000,44.000,-93.000,0.000,0.000,302.407,180.984,0.815,-0.580,302.407,180.984,0.815,-0.580,301.013,1.835,0.746,0.666,0.000,0.000,0,0
86.403,253.446,102.067,1.000,0.000,0,431.742,102.067,178.388,0,427.649,784.838,0,0,962.430,0.000,92.966,253.446,102.067,0.000,0.000,44.000,-93.000,0.000,0.000,44.000,-93.000,0.000,0.000,308.416,177.039,0.849,-0.529,308.416,177.039,0.849,-0.529,306.560,6.406,0.787,0.617,0.000,0.000,0,0
86.504,253.446,102.067,1.000,0.000,0,446.622,102.067,193.293,0,427.649,784.838,0,0,977.259,0.000,94.007,253.446,102.067,0.000,0.000,44.000,-93.000,0.000,0.000,44.000,-93.000,0.000,0.000,314.635,173.434,0.875,-0.484,314.635,173.434,0.875,-0.484,312.368,10.641,0.821,0.571,0.000,0.000,0,0
86.603,262.079,102.067,1.000,0.000,0,460.453,102.067,198.485,0,419.053,793.434,0,0,991.054,0.000,90.029,262.079,102.067,1.000,0.000,44.000,-93.000,0.000,0.000,44.000,-93.000,0.000,0.000,321.015,170.124,0.895,-0.446,321.015,170.124,0.895,-0.446,318.384,14.575,0.847,0.532,1.000,0.000,0,0
86.700,276.468,102.067,1.000,0.000,0,473.921,102.067,197.565,0,404.729,807.763,0,0,1004.487,0.000,82.653,276.468,102.067,1.000,0.000,44.000,-93.000,0.000,0.000,44.000,-93.000,0.000,0.000,327.521,167.067,0.911,-0.412,327.521,167.067,0.911,-0.412,324.566,18.242,0.868,0.496,1.000,0.000,0,0
86.802,290.856,102.067,1.000,0.000,0,486.997,102.067,196.253,0,390.410,822.094,0,0,1017.530,0.000,75.746,290.856,102.067,1.000,0.000,44.000,-93.000,0.000,0.000,44.000,-93.000,0.000,0.000,334.128,164.236,0.924,-0.382,334.128,164.236,0.924,-0.382,330.886,21.668,0.886,0.464,1.000,0.000,0,0
86.902,305.245,102.067,1.000,0.000,0,499.692,102.067,194.560,0,376.097,836.427,0,0,1030.193,0.000,69.355,305.245,102.067,1.000,0.000,44.000,-93.000,0.000,0.000,44.000,-93.000,0.000,0.000,340.818,161.604,0.935,-0.356,340.818,161.604,0.935,-0.356,337.319,24.875,0.901,0.435,1.000,0.000,0,0
87.004,319.634,102.067,1.000,0.000,0,512.014,102.067,192.495,0,361.789,850.762,0,0,1042.486,0.000,63.553,319.634,102.067,1.000,0.000,44.000,-93.000,0.000,0.000,44.000,-93.000,0.000,0.000,347.574,159.149,0.943,-0.332,347.574,159.149,0.943,-0.332,343.846,27.886,0.913,0.409,1.000,0.000,0,0
87.104,322.512,102.067,1.000,0.000,0,523.974,102.067,201.571,0,358.929,853.629,0,0,1054.418,0.000,63.382,322.512,102.067,0.000,0.000,44.000,-93.000,0.000,0.000,44.000,-93.000,0.000,0.000,354.386,156.852,0.950,-0.311,354.386,156.852,0.950,-0.311,350.453,30.719,0.923,0.385,0.000,0.000,0,0
87.202,322.512,102.067,1.000,0.000,0,535.579,102.067,213.171,0,358.929,853.629,0,0,1065.996,0.000,65.345,322.512,102.067,0.000,0.000,44.000,-93.000,0.000,0.000,44.000,-93.000,0.000,0.000,361.243,154.696,0.956,-0.293,361.243,154.696,0.956,-0.293,357.127,33.391,0.932,0.363,0.000,0.000,0,0
87.301,322.512,102.067,1.000,0.000,0,546.840,102.067,224.426,0,358.929,853.629,0,0,1077.231,0.000,68.134,322.512,102.067,0.000,0.000,44.000,-93.000,0.000,0.000,44.000,-93.000,0.000,0.000,368.140,152.667,0.961,-0.276,368.140,152.667,0.961,-0.276,363.857,35.917,0.939,0.344,0.000,0.000,0,0
87.403,322.512,102.067,1.000,0.000,0,557.763,102.067,235.345,0,358.929,853.629,0,0,1088.131,0.000,71.641,322.512,102.067,0.000,0.000,44.000,-93.000,0.000,0.000,44.000,-93.000,0.000,0.000,375.069,150.752,0.966,-0.260,375.069,150.752,0.966,-0.260,370.635,38.309,0.945,0.326,0.000,0.000,0,0
87.502,322.512,102.067,1.000,0.000,0,568.358,102.067,245.936,0,358.929,853.629,0,0,1098.703,0.000,75.756,322.512,102.067,0.000,0.000,-15.120,103.381,0.357,-0.934,-15.120,103.381,0.357,-0.934,382.025,148.941,0.969,-0.247,382.025,148.941,0.969,-0.247,377.456,40.581,0.951,0.310,0.000,0.000,0,0
87.604,322.512,102.067,1.000,0.000,0,578.633,102.067,256.207,0,358.929,853.629,0,0,1108.957,0.000,80.378,322.512,102.067,0.000,0.000,-12.551,96.667,0.357,-0.934,-12.551,96.667,0.357,-0.934,389.006,147.223,0.972,-0.234,389.006,147.223,0.972,-0.234,384.312,42.742,0.956,0.295,0.000,0.000,0,0
87.702,322.512,102.067,1.000,0.000,0,588.596,102.067,266.167,0,358.929,853.629,0,0,1118.899,0.000,85.416,322.512,102.067,0.000,0.000,-9.982,89.953,0.357,-0.934,-9.982,89.953,0.357,-0.934,396.006,145.591,0.975,-0.223,396.006,145.591,0.975,-0.223,391.199,44.802,0.960,0.281,0.000,0.000,0,0
87.802,322.512,102.067,1.000,0.000,0,598.254,102.067,275.822,0,358.929,853.629,0,0,1128.537,0.000,90.795,322.512,102.067,0.000,0.000,-7.413,83.239,0.357,-0.934,-7.413,83.239,0.357,-0.934,403.025,144.036,0.977,-0.212,403.025,144.036,0.977,-0.212,398.113,46.769,0.963,0.269,0.000,0.000,0,0
87.903,322.512,102.067,1.000,0.000,0,607.615,102.067,285.181,0,358.929,853.629,0,0,1137.879,0.000,96.455,322.512,102.067,0.000,0.000,-4.844,76.525,0.357,-0.934,-4.844,76.525,0.357,-0.934,410.059,142.553,0.979,-0.203,410.059,142.553,0.979,-0.203,405.051,48.651,0.966,0.257,0.000,0.000,0,0
88.002,322.512,102.067,1.000,0.000,0,616.686,102.067,294.250,0,358.929,853.629,0,0,1146.933,0.000,102.345,322.512,102.067,0.000,0.000,-2.274,69.811,0.357,-0.934,-2.274,69.811,0.357,-0.934,417.106,141.135,0.981,-0.194,417.106,141.135,0.981,-0.194,412.010,50.453,0.969,0.247,0.000,0.000,0,0
88.102,322.512,102.067,1.000,0.000,0,625.475,102.067,303.036,0,358.929,853.629,0,0,1155.704,0.000,108.423,322.512,102.067,0.000,0.000,0.295,63.097,0.357,-0.934,0.295,63.097,0.357,-0.934,424.166,139.777,0.983,-0.186,424.166,139.777,0.983,-0.186,418.988,52.182,0.972,0.237,0.000,0.000,0,0
88.201,322.512,102.067,1.000,0.000,0,633.989,102.067,311.548,0,358.929,853.629,0,0,1164.201,0.000,114.155,322.512,102.067,0.000,0.000,2.864,56.383,0.357,-0.934,2.864,56.383,0.357,-0.934,425.982,53.844,0.974,0.228,425.982,53.844,0.974,0.228,431.236,138.475,0.984,-0.178,0.000,0.000,0,0
88.301,322.512,102.067,1.000,0.000,0,642.233,102.067,319.790,0,358.929,853.629,0,0,1172.431,0.000,119.914,322.512,102.067,0.000,0.000,5.433,49.669,0.357,-0.934,5.433,49.669,0.357,-0.934,432.990,55.443,0.976,0.219,432.990,55.443,0.976,0.219,438.315,137.225,0.985,-0.171,0.000,0.000,0,0
88.404,39.000,287.000,0.897,0.443,0,650.216,102.067,638.610,0,657.606,622.340,0,0,1180.398,0.000,101.316,39.000,287.000,0.000,0.000,-85.000,286.000,0.000,0.000,-85.000,286.000,0.000,0.000,140.000,279.000,0.000,0.000,140.000,279.000,0.000,0.000,290.700,275.300,0.000,0.000,0.000,0.000,0,0
88.503,39.000,287.000,0.897,0.443,0,657.943,102.067,646.015,0,657.619,622.354,0,0,1188.111,0.000,101.316,39.000,287.000,0.000,0.000,-85.000,286.000,0.000,0.000,-85.000,286.000,0.000,0.000,140.000,279.000,0.000,0.000,140.000,279.000,0.000,0.000,290.700,275.300,0.000,0.000,0.000,0.000,0,0
88.601,39.000,287.000,0.897,0.443,0,665.421,102.067,653.182,0,657.619,622.354,0,0,1195.575,0.000,101.316,39.000,287.000,0.000,0.000,-85.000,286.000,0.000,0.000,-85.000,286.000,0.000,0.000,140.000,279.000,0.000,0.000,140.000,279.000,0.000,0.000,290.700,275.300,0.000,0.000,0.000,0.000,0,0
88.702,39.000,287.000,0.897,0.443,0,669.806,102.067,657.384,0,657.619,622.354,0,0,1199.957,0.000,101.316,39.000,287.000,0.000,0.000,-85.000,286.000,0.000,0.000,-85.000,286.000,0.000,0.000,140.000,279.000,0.000,0.000,140.000,279.000,0.000,0.000,290.700,275.300,0.000,0.000,0.000,0.000,0,0
88.802,39.000,287.000,0.897,0.443,0,669.806,102.067,657.375,0,657.619,622.354,0,0,1199.967,0.000,101.316,39.000,287.000,0.000,0.000,-85.000,286.000,0.000,0.000,-85.000,286.000,0.000,0.000,140.000,279.000,0.000,0.000,140.000,279.000,0.000,0.000,290.700,275.300,0.000,0.000,0.000,0.000,0,0
88.904,39.000,284.122,0.953,0.303,0,669.806,102.067,656.564,0,656.973,621.175,0,0,1199.977,0.000,101.130,39.000,284.122,0.000,-1.000,-85.000,286.000,0.000,0.000,-85.000,286.000,0.000,0.000,140.000,279.000,0.000,0.000,140.000,279.000,0.000,0.000,290.700,275.300,0.000,0.000,0.000,-1.000,0,0
89.000,39.000,269.734,0.626,-0.780,0,669.806,102.067,652.715,0,653.921,615.450,0,0,1199.987,0.000,101.424,39.000,269.734,0.000,-1.000,-85.000,286.000,0.000,0.000,-85.000,286.000,0.000,0.000,140.000,279.000,0.000,0.000,140.000,279.000,0.000,0.000,290.700,275.300,0.000,0.000,0.000,-1.000,0,0
89.105,39.000,255.345,0.112,-0.994,0,669.806,102.067,649.165,0,651.172,610.010,0,0,1199.996,0.000,103.733,39.000,255.345,0.000,-1.000,-85.000,286.000,0.000,0.000,-85.000,286.000,0.000,0.000,140.000,279.000,0.000,0.000,140.000,279.000,0.000,0.000,290.700,275.300,0.000,0.000,0.000,-1.000,0,0
89.204,39.000,240.956,0.033,-0.999,0,669.806,102.067,645.917,0,648.731,604.864,0,0,1200.004,0.000,107.928,39.000,240.956,0.000,-1.000,-85.000,286.000,0.000,0.000,-85.000,286.000,0.000,0.000,140.000,279.000,0.000,0.000,140.000,279.000,0.000,0.000,290.700,275.300,0.000,0.000,0.000,-1.000,0,0
89.300,39.000,226.568,0.010,-1.000,0,669.806,102.067,642.976,0,646.602,600.019,0,0,1200.011,0.000,113.799,39.000,226.568,0.000,-1.000,-85.000,286.000,0.000,0.000,-85.000,286.000,0.000,0.000,140.000,279.000,0.000,0.000,140.000,279.000,0.000,0.000,290.700,275.300,0.000,0.000,0.000,-1.000,0,0
89.406,39.000,212.179,0.003,-1.000,0,59.000,80.600,133.242,0,644.786,595.482,0,0,589.175,0.000,121.104,39.000,212.179,0.000,-1.000,-85.000,286.000,0.000,0.000,-85.000,286.000,0.000,0.000,140.000,279.000,0.000,0.000,140.000,279.000,0.000,0.000,290.700,275.300,0.000,0.000,0.000,-1.000,0,0
89.501,39.000,197.790,0.001,-1.000,0,59.000,80.600,119.059,0,643.288,591.261,0,0,589.174,0.000,129.600,39.000,197.790,0.000,-1.000,-85.000,286.000,0.000,0.000,-85.000,286.000,0.000,0.000,140.000,279.000,0.000,0.000,140.000,279.000,0.000,0.000,290.700,275.300,0.000,0.000,0.000,-1.000,0,0
89.601,39.000,183.402,0.000,-1.000,0,59.000,80.600,104.937,0,642.108,587.362,0,0,589.171,0.000,139.069,39.000,183.402,0.000,-1.000,-85.000,286.000,0.000,0.000,-85.000,286.000,0.000,0.000,140.000,279.000,0.000,0.000,140.000,279.000,0.000,0.000,290.700,275.300,0.000,0.000,0.000,-1.000,0,0
89.705,39.000,169.013,0.000,-1.000,0,59.000,80.600,90.889,0,641.249,583.791,0,0,589.171,0.000,149.326,39.000,169.013,0.000,-1.000,-85.000,286.000,0.000,0.000,-85.000,286.000,0.000,0.000,140.000,279.000,0.000,0.000,140.000,279.000,0.000,0.000,108.800,-94.600,0.000,0.000,0.000,-1.000,0,0
89.804,39.000,154.624,0.000,-1.000,0,59.000,80.600,76.965,0,640.712,580.555,0,0,589.171,0.000,160.220,39.000,154.624,0.000,-1.000,-85.000,286.000,0.000,0.000,-85.000,286.000,0.000,0.000,140.000,279.000,0.000,0.000,140.000,279.000,0.000,0.000,108.800,-94.600,0.000,0.000,0.000,-1.000,0,0
89.904,39.000,140.236,0.000,-1.000,0,59.000,80.600,63.249,0,640.498,577.660,0,0,589.171,0.000,171.629,39.000,140.236,0.000,-1.000,-85.000,286.000,0.000,0.000,-85.000,286.000,0.000,0.000,140.000,279.000,0.000,0.000,140.000,279.000,0.000,0.000,108.800,-94.600,0.000,0.000,0.000,-1.000,0,0
90.003,39.000,125.847,0.000,-1.000,0,59.000,80.600,49.913,0,640.607,575.110,0,0,589.171,0.000,183.458,39.000,125.847,0.000,-1.000,-85.000,286.000,0.000,0.000,-85.000,286.000,0.000,0.000,140.000,279.000,0.000,0.000,140.000,279.000,0.000,0.000,108.800,-94.600,0.000,0.000,0.000,-1.000,0,0
90.102,39.000,111.458,0.000,-1.000,0,59.000,80.600,37.366,0,641.039,572.911,0,0,589.171,0.000,195.630,39.000,111.458,0.000,-1.000,44.000,-93.000,0.000,0.000,44.000,-93.000,0.000,0.000,140.000,279.000,0.000,0.000,140.000,279.000,0.000,0.000,108.800,-94.600,0.000,0.000,0.000,-1.000,0,0
90.202,39.000,97.070,0.000,-1.000,1,39.000,81.936,15.133,1,641.794,571.065,0,0,569.510,0.000,203.983,39.000,97.070,0.000,-1.000,44.000,-93.000,0.000,0.000,44.000,-93.000,0.000,0.000,108.800,-94.600,0.000,0.000,108.800,-94.600,0.000,0.000,140.000,279.000,0.000,0.000,0.000,-1.000,0,0
90.300,52.546,95.035,0.834,-0.552,1,65.168,86.687,15.133,1,628.416,584.290,0,0,595.994,0.000,197.803,52.546,95.035,1.000,0.000,44.000,-93.000,0.000,0.000,44.000,-93.000,0.000,0.000,108.800,-94.600,0.000,0.000,108.800,-94.600,0.000,0.000,140.000,279.000,0.000,0.000,1.000,0.000,0,0
90.401,66.935,95.035,0.986,-0.165,1,81.859,92.532,15.133,1,614.066,598.589,0,0,613.168,0.000,194.201,66.935,95.035,1.000,0.000,44.000,-93.000,0.000,0.000,44.000,-93.000,0.000,0.000,108.800,-94.600,0.000,0.000,108.800,-94.600,0.000,0.000,140.000,279.000,0.000,0.000,1.000,0.000,0,0
90.504,78.795,101.139,0.954,0.298,1,93.238,105.655,15.133,1,601.835,611.049,0,0,625.918,0.000,188.097,78.795,101.139,0.707,0.707,44.000,-93.000,0.000,0.000,44.000,-93.000,0.000,0.000,140.000,279.000,0.000,0.000,140.000,279.000,0.000,0.000,108.800,-94.600,0.000,0.000,1.000,1.000,0,0
90.602,86.934,112.157,0.766,0.642,1,98.530,121.880,15.133,1,593.134,620.479,0,0,633.297,0.000,175.079,86.934,112.157,0.000,1.000,44.000,-93.000,0.000,0.000,44.000,-93.000,0.000,0.000,140.000,279.000,0.000,0.000,140.000,279.000,0.000,0.000,108.800,-94.600,0.000,0.000,0.000,1.000,0,0
90.701,89.812,120.790,0.494,0.869,1,97.290,133.946,15.133,1,589.947,624.515,0,0,633.920,0.000,165.980,89.812,120.790,1.000,0.000,44.000,-93.000,0.000,0.000,44.000,-93.000,0.000,0.000,140.000,279.000,0.000,0.000,140.000,279.000,0.000,0.000,108.800,-94.600,0.000,0.000,1.000,0.000,0,0
90.802,104.201,120.790,0.957,0.289,1,118.688,125.163,15.133,1,575.569,638.753,0,0,653.711,0.000,162.210,104.201,120.790,1.000,0.000,44.000,-93.000,0.000,0.000,44.000,-93.000,0.000,0.000,140.000,279.000,0.000,0.000,140.000,279.000,0.000,0.000,108.800,-94.600,0.000,0.000,1.000,0.000,0,0
90.903,118.589,120.790,0.996,0.084,1,133.669,122.060,15.133,1,561.193,652.997,0,0,668.105,0.000,159.653,118.589,120.790,1.000,0.000,44.000,-93.000,0.000,0.000,44.000,-93.000,0.000,0.000,140.000,279.000,0.000,0.000,140.000,279.000,0.000,0.000,108.800,-94.600,0.000,0.000,1.000,0.000,0,0
91.000,124.345,120.790,0.999,0.053,1,139.457,121.592,15.133,1,555.442,658.697,0,0,673.774,0.000,158.983,124.345,120.790,0.000,0.000,44.000,-93.000,0.000,0.000,44.000,-93.000,0.000,0.000,140.000,279.000,0.000,0.000,140.000,279.000,0.000,0.000,108.800,-94.600,0.000,0.000,0.000,0.000,0,0
91.101,124.345,120.790,0.999,0.053,1,139.457,121.592,15.133,1,555.442,658.697,0,0,673.774,0.000,158.983,124.345,120.790,0.000,0.000,44.000,-93.000,0.000,0.000,44.000,-93.000,0.000,0.000,140.000,279.000,0.000,0.000,140.000,279.000,0.000,0.000,108.800,-94.600,0.000,0.000,0.000,0.000,0,0
91.202,124.345,120.790,0.999,0.053,1,139.457,121.592,15.133,1,555.442,658.697,0,0,673.774,0.000,158.983,124.345,120.790,0.000,0.000,44.000,-93.000,0.000,0.000,44.000,-93.000,0.000,0.000,140.000,279.000,0.000,0.000,140.000,279.000,0.000,0.000,108.800,-94.600,0.000,0.000,0.000,0.000,0,0
91.304,124.345,120.790,0.999,0.053,0,151.320,122.221,27.014,0,555.442,658.697,0,0,685.611,0.000,158.983,124.345,120.790,0.000,0.000,44.000,-93.000,0.000,0.000,44.000,-93.000,0.000,0.000,140.000,279.000,0.000,0.000,140.000,279.000,0.000,0.000,108.800,-94.600,0.000,0.000,0.000,0.000,0,0
91.402,124.345,120.790,0.999,0.053,0,170.701,123.250,46.422,0,555.442,658.697,0,0,704.950,0.000,158.983,124.345,120.790,0.000,0.000,44.000,-93.000,0.000,0.000,44.000,-93.000,0.000,0.000,140.000,279.000,0.000,0.000,140.000,279.000,0.000,0.000,108.800,-94.600,0.000,0.000,0.000,0.000,0,0
91.504,124.345,120.790,0.999,0.053,0,189.602,124.253,65.350,0,555.442,658.697,0,0,723.812,0.000,158.983,124.345,120.790,0.000,0.000,44.000,-93.000,0.000,0.000,44.000,-93.000,0.000,0.000,140.000,279.000,0.000,0.000,140.000,279.000,0.000,0.000,108.800,-94.600,0.000,0.000,0.000,0.000,0,0
91.600,124.345,120.790,0.999,0.053,0,208.035,125.231,83.811,0,555.442,658.697,0,0,742.209,0.000,158.983,124.345,120.790,0.000,0.000,44.000,-93.000,0.000,0.000,44.000,-93.000,0.000,0.000,140.000,279.000,0.000,0.000,140.000,279.000,0.000,0.000,281.760,262.282,-0.491,-0.871,0.000,0.000,0,0
91.700,124.345,120.790,0.999,0.053,0,226.012,126.185,101.816,0,555.442,658.697,0,0,760.151,0.000,158.983,124.345,120.790,0.000,0.000,44.000,-93.000,0.000,0.000,44.000,-93.000,0.000,0.000,140.000,279.000,0.000,0.000,140.000,279.000,0.000,0.000,278.624,255.817,-0.397,-0.918,0.000,0.000,0,0
91.800,124.345,120.790,0.999,0.053,0,243.544,127.115,119.377,0,555.442,658.697,0,0,777.650,0.000,158.983,124.345,120.790,0.000,0.000,44.000,-93.000,0.000,0.000,44.000,-93.000,0.000,0.000,140.000,279.000,0.000,0.000,140.000,279.000,0.000,0.000,276.246,249.037,-0.284,-0.959,0.000,0.000,0,0
91.902,124.345,120.790,0.999,0.053,0,260.642,128.022,136.505,0,555.442,658.697,0,0,794.717,0.000,158.983,124.345,120.790,0.000,0.000,44.000,-93.000,0.000,0.000,44.000,-93.000,0.000,0.000,140.000,279.000,0.000,0.000,140.000,279.000,0.000,0.000,274.765,242.009,-0.152,-0.988,0.000,0.000,0,0
92.002,124.345,120.790,0.999,0.053,0,277.317,128.907,153.212,0,555.442,658.697,0,0,811.363,0.000,158.983,124.345,120.790,0.000,0.000,44.000,-93.000,0.000,0.000,44.000,-93.000,0.000,0.000,140.000,279.000,0.000,0.000,140.000,279.000,0.000,0.000,274.309,234.841,-0.003,-1.000,0.000,0.000,0,0
92.104,124.345,120.790,0.999,0.053,0,293.579,129.770,169.507,0,555.442,658.697,0,0,827.598,0.000,158.983,124.345,120.790,0.000,0.000,-66.502,237.660,0.357,-0.934,-66.502,237.660,0.357,-0.934,140.000,279.000,0.000,0.000,140.000,279.000,0.000,0.000,274.967,227.690,0.155,-0.988,0.000,0.000,0,0
92.204,124.345,120.790,0.999,0.053,0,309.439,130.612,185.403,0,555.442,658.697,0,0,843.432,0.000,158.983,124.345,120.790,0.000,0.000,-63.933,230.946,0.357,-0.934,-63.933,230.946,0.357,-0.934,140.000,279.000,0.000,0.000,140.000,279.000,0.000,0.000,276.759,220.735,0.311,-0.950,0.000,0.000,0,0
92.300,124.345,120.790,0.999,0.053,0,324.906,131.432,200.909,0,555.442,658.697,0,0,858.876,0.000,158.983,124.345,120.790,0.000,0.000,-61.364,224.232,0.357,-0.934,-61.364,224.232,0.357,-0.934,140.000,279.000,0.000,0.000,140.000,279.000,0.000,0.000,279.621,214.148,0.454,-0.891,0.000,0.000,0,0
92.402,124.345,120.790,0.999,0.053,0,339.990,132.233,216.034,0,555.442,658.697,0,0,873.938,0.000,158.983,124.345,120.790,0.000,0.000,-58.795,217.518,0.357,-0.934,-58.795,217.518,0.357,-0.934,140.000,279.000,0.000,0.000,140.000,279.000,0.000,0.000,283.425,208.056,0.576,-0.817,0.000,0.000,0,0
92.502,124.345,120.790,0.999,0.053,0,354.413,132.998,230.487,0,555.442,658.697,0,0,888.346,0.000,158.983,124.345,120.790,0.000,0.000,-56.226,210.804,0.357,-0.934,-56.226,210.804,0.357,-0.934,140.000,279.000,0.000,0.000,140.000,279.000,0.000,0.000,288.007,202.522,0.674,-0.738,0.000,0.000,0,0
92.603,124.345,120.790,0.999,0.053,0,368.099,133.724,244.187,0,555.442,658.697,0,0,902.025,0.000,158.983,124.345,120.790,0.000,0.000,-53.657,204.090,0.357,-0.934,-53.657,204.090,0.357,-0.934,140.000,279.000,0.000,0.000,140.000,279.000,0.000,0.000,293.185,197.540,0.749,-0.663,0.000,0.000,0,0
92.701,124.345,120.790,0.999,0.053,0,381.390,134.430,257.493,0,555.442,658.697,0,0,915.310,0.000,158.983,124.345,120.790,0.000,0.000,-51.088,197.376,0.357,-0.934,-51.088,197.376,0.357,-0.934,140.000,279.000,0.000,0.000,140.000,279.000,0.000,0.000,298.821,193.082,0.806,-0.592,0.000,0.000,0,0
92.802,124.345,120.790,0.999,0.053,0,394.295,135.114,270.411,0,555.442,658.697,0,0,928.208,0.000,158.983,124.345,120.790,0.000,0.000,-48.518,190.662,0.357,-0.934,-48.518,190.662,0.357,-0.934,140.000,279.000,0.000,0.000,140.000,279.000,0.000,0.000,304.806,189.103,0.849,-0.529,0.000,0.000,0,0
92.905,124.345,120.790,0.999,0.053,0,406.821,135.779,282.952,0,555.442,658.697,0,0,940.730,0.000,158.983,124.345,120.790,0.000,0.000,-45.949,183.948,0.357,-0.934,-45.949,183.948,0.357,-0.934,140.000,279.000,0.000,0.000,140.000,279.000,0.000,0.000,311.056,185.553,0.882,-0.472,0.000,0.000,0,0
93.002,124.345,120.790,0.999,0.053,0,418.981,136.424,295.125,0,555.442,658.697,0,0,952.885,0.000,158.983,124.345,120.790,0.000,0.000,-43.380,177.234,0.357,-0.934,-43.380,177.234,0.357,-0.934,140.000,279.000,0.000,0.000,140.000,279.000,0.000,0.000,317.506,182.381,0.907,-0.422,0.000,0.000,0,0
93.103,124.345,120.790,0.999,0.053,0,430.781,137.051,306.939,0,555.442,658.697,0,0,964.682,0.000,158.983,124.345,120.790,0.000,0.000,-40.811,170.520,0.357,-0.934,-40.811,170.520,0.357,-0.934,140.000,279.000,0.000,0.000,140.000,279.000,0.000,0.000,324.109,179.541,0.926,-0.378,0.000,0.000,0,0
93.201,124.345,120.790,0.999,0.053,0,442.231,137.658,318.403,0,555.442,658.697,0,0,976.129,0.000,158.983,124.345,120.790,0.000,0.000,-38.242,163.806,0.357,-0.934,-38.242,163.806,0.357,-0.934,140.000,279.000,0.000,0.000,140.000,279.000,0.000,0.000,330.830,176.990,0.940,-0.340,0.000,0.000,0,0
93.303,124.345,120.790,0.999,0.053,0,453.340,138.248,329.525,0,555.442,658.697,0,0,987.236,0.000,158.983,124.345,120.790,0.000,0.000,-35.673,157.093,0.357,-0.934,-35.673,157.093,0.357,-0.934,140.000,279.000,0.000,0.000,140.000,279.000,0.000,0.000,108.800,-94.600,0.000,0.000,0.000,0.000,0,0
93.404,124.345,120.790,0.999,0.053,0,464.116,138.819,340.314,0,555.442,658.697,0,0,998.010,0.000,158.983,124.345,120.790,0.000,0.000,-33.104,150.379,0.357,-0.934,-33.104,150.379,0.357,-0.934,140.000,279.000,0.000,0.000,140.000,279.000,0.000,0.000,108.800,-94.600,0.000,0.000,0.000,0.000,0,0
93.501,124.345,120.790,0.999,0.053,0,474.567,139.374,350.778,0,555.442,658.697,0,0,1008.460,0.000,158.983,124.345,120.790,0.000,0.000,-30.535,143.665,0.357,-0.934,-30.535,143.665,0.357,-0.934,140.000,279.000,0.000,0.000,140.000,279.000,0.000,0.000,108.800,-94.600,0.000,0.000,0.000,0.000,0,0
93.600,124.345,120.790,0.999,0.053,0,484.702,139.912,360.925,0,555.442,658.697,0,0,1018.593,0.000,158.983,124.345,120.790,0.000,0.000,-27.966,136.951,0.357,-0.934,-27.966,136.951,0.357,-0.934,140.000,279.000,0.000,0.000,140.000,279.000,0.000,0.000,108.800,-94.600,0.000,0.000,0.000,0.000,0,0
93.702,124.345,120.790,0.999,0.053,0,494.528,140.433,370.764,0,555.442,658.697,0,0,1028.418,0.000,158.983,124.345,120.790,0.000,0.000,-25.396,130.237,0.357,-0.934,-25.396,130.237,0.357,-0.934,140.000,279.000,0.000,0.000,140.000,279.000,0.000,0.000,108.800,-94.600,0.000,0.000,0.000,0.000,0,0
93.802,124.345,120.790,0.999,0.053,0,504.053,140.939,380.301,0,555.442,658.697,0,0,1037.943,0.000,158.983,124.345,120.790,0.000,0.000,-22.827,123.523,0.357,-0.934,-22.827,123.523,0.357,-0.934,140.000,279.000,0.000,0.000,140.000,279.000,0.000,0.000,108.800,-94.600,0.000,0.000,0.000,0.000,0,0
93.904,124.345,120.790,0.999,0.053,0,513.284,141.429,389.544,0,555.442,658.697,0,0,1047.174,0.000,158.983,124.345,120.790,0.000,0.000,-20.258,116.809,0.357,-0.934,-20.258,116.809,0.357,-0.934,140.000,279.000,0.000,0.000,140.000,279.000,0.000,0.000,108.800,-94.600,0.000,0.000,0.000,0.000,0,0
94.004,124.345,120.790,0.999,0.053,0,522.229,141.903,398.500,0,555.442,658.697,0,0,1056.119,0.000,158.983,124.345,120.790,0.000,0.000,-17.689,110.095,0.357,-0.934,-17.689,110.095,0.357,-0.934,140.000,279.000,0.000,0.000,140.000,279.000,0.000,0.000,108.800,-94.600,0.000,0.000,0.000,0.000,0,0
94.104,124.345,120.790,0.999,0.053,0,530.895,142.363,407.176,0,555.442,658.697,0,0,1064.784,0.000,158.983,124.345,120.790,0.000,0.000,-15.120,103.381,0.357,-0.934,-15.120,103.381,0.357,-0.934,140.000,279.000,0.000,0.000,140.000,279.000,0.000,0.000,108.800,-94.600,0.000,0.000,0.000,0.000,0,0
94.201,124.345,120.790,0.999,0.053,0,539.288,142.808,415.580,0,555.442,658.697,0,0,1073.178,0.000,158.983,124.345,120.790,0.000,0.000,-12.551,96.667,0.357,-0.934,-12.551,96.667,0.357,-0.934,140.000,279.000,0.000,0.000,140.000,279.000,0.000,0.000,108.800,-94.600,0.000,0.000,0.000,0.000,0,0
94.303,124.345,120.790,0.999,0.053,0,547.416,143.240,423.718,0,555.442,658.697,0,0,1081.306,0.000,158.983,124.345,120.790,0.000,0.000,-9.982,89.953,0.357,-0.934,-9.982,89.953,0.357,-0.934,140.000,279.000,0.000,0.000,140.000,279.000,0.000,0.000,108.800,-94.600,0.000,0.000,0.000,0.000,0,0
94.403,124.345,120.790,0.999,0.053,0,555.284,143.657,431.597,0,555.442,658.697,0,0,1089.175,0.000,158.983,124.345,120.790,0.000,0.000,-7.413,83.239,0.357,-0.934,-7.413,83.239,0.357,-0.934,140.000,279.000,0.000,0.000,140.000,279.000,0.000,0.000,108.800,-94.600,0.000,0.000,0.000,0.000,0,0
94.501,124.345,120.790,0.999,0.053,0,562.900,144.061,439.223,0,555.442,658.697,0,0,1096.792,0.000,158.983,124.345,120.790,0.000,0.000,-4.844,76.525,0.357,-0.934,-4.844,76.525,0.357,-0.934,140.000,279.000,0.000,0.000,140.000,279.000,0.000,0.000,108.800,-94.600,0.000,0.000,0.000,0.000,0,0
94.604,124.345,120.790,0.999,0.053,0,570.270,144.452,446.602,0,555.442,658.697,0,0,1104.162,0.000,158.983,124.345,120.790,0.000,0.000,-2.274,69.811,0.357,-0.934,-2.274,69.811,0.357,-0.934,140.000,279.000,0.000,0.000,140.000,279.000,0.000,0.000,108.800,-94.600,0.000,0.000,0.000,0.000,0,0
94.704,124.345,120.790,0.999,0.053,0,577.399,144.831,453.740,0,555.442,658.697,0,0,1111.292,0.000,158.983,124.345,120.790,0.000,0.000,0.295,63.097,0.357,-0.934,0.295,63.097,0.357,-0.934,140.000,279.000,0.000,0.000,140.000,279.000,0.000,0.000,108.800,-94.600,0.000,0.000,0.000,0.000,0,0
94.803,124.345,120.790,0.999,0.053,0,584.294,145.197,460.644,0,555.442,658.697,0,0,1118.188,0.000,158.983,124.345,120.790,0.000,0.000,2.864,56.383,0.357,-0.934,2.864,56.383,0.357,-0.934,140.000,279.000,0.000,0.000,140.000,279.000,0.000,0.000,108.800,-94.600,0.000,0.000,0.000,0.000,0,0
94.904,124.345,120.790,0.999,0.053,0,590.960,145.550,467.319,0,555.442,658.697,0,0,1124.855,0.000,158.983,124.345,120.790,0.000,0.000,5.433,49.669,0.357,-0.934,5.433,49.669,0.357,-0.934,140.000,279.000,0.000,0.000,140.000,279.000,0.000,0.000,108.800,-94.600,0.000,0.000,0.000,0.000,0,0
95.002,124.345,120.790,0.999,0.053,0,597.403,145.892,473.771,0,555.442,658.697,0,0,1131.300,0.000,158.983,124.345,120.790,0.000,0.000,8.002,42.955,0.357,-0.934,8.002,42.955,0.357,-0.934,140.000,279.000,0.000,0.000,140.000,279.000,0.000,0.000,108.800,-94.600,0.000,0.000,0.000,0.000,0,0
95.100,124.345,120.790,0.999,0.053,0,603.629,146.223,480.005,0,555.442,658.697,0,0,1137.527,0.000,158.983,124.345,120.790,0.000,0.000,10.571,36.242,0.357,-0.934,10.571,36.242,0.357,-0.934,140.000,279.000,0.000,0.000,140.000,279.000,0.000,0.000,108.800,-94.600,0.000,0.000,0.000,0.000,0,0
95.203,124.345,120.790,0.999,0.053,0,609.643,146.542,486.027,0,555.442,658.697,0,0,1143.542,0.000,158.983,124.345,120.790,0.000,0.000,13.140,29.528,0.357,-0.934,13.140,29.528,0.357,-0.934,140.000,279.000,0.000,0.000,140.000,279.000,0.000,0.000,108.800,-94.600,0.000,0.000,0.000,0.000,0,0
95.300,124.345,120.790,0.999,0.053,0,615.471,146.851,491.862,0,555.442,658.697,0,0,1149.371,0.000,158.983,124.345,120.790,0.000,0.000,15.709,22.814,0.357,-0.934,15.709,22.814,0.357,-0.934,140.000,279.000,0.000,0.000,140.000,279.000,0.000,0.000,108.800,-94.600,0.000,0.000,0.000,0.000,0,0
95.404,124.345,120.790,0.999,0.053,0,621.181,147.154,497.579,0,555.442,658.697,0,0,1155.082,0.000,158.983,124.345,120.790,0.000,0.000,18.278,16.100,0.357,-0.934,18.278,16.100,0.357,-0.934,140.000,279.000,0.000,0.000,140.000,279.000,0.000,0.000,108.800,-94.600,0.000,0.000,0.000,0.000,0,0
95.503,124.345,120.790,0.999,0.053,0,626.778,147.451,503.184,0,555.442,658.697,0,0,1160.681,0.000,158.983,124.345,120.790,0.000,0.000,20.848,9.386,0.357,-0.934,20.848,9.386,0.357,-0.934,140.000,279.000,0.000,0.000,140.000,279.000,0.000,0.000,108.800,-94.600,0.000,0.000,0.000,0.000,0,0
95.600,124.345,120.790,0.999,0.053,0,632.265,147.742,508.679,0,555.442,658.697,0,0,1166.169,0.000,158.983,124.345,120.790,0.000,0.000,23.417,2.672,0.357,-0.934,23.417,2.672,0.357,-0.934,140.000,279.000,0.000,0.000,140.000,279.000,0.000,0.000,108.800,-94.600,0.000,0.000,0.000,0.000,0,0
95.704,124.345,120.790,0.999,0.053,0,637.645,148.028,514.065,0,555.442,658.697,0,0,1171.550,0.000,158.983,124.345,120.790,0.000,0.000,25.986,-4.042,0.357,-0.934,25.986,-4.042,0.357,-0.934,140.000,279.000,0.000,0.000,140.000,279.000,0.000,0.000,108.800,-94.600,0.000,0.000,0.000,0.000,0,0
95.803,124.345,120.790,0.999,0.053,0,642.919,148.308,519.346,0,555.442,658.697,0,0,1176.826,0.000,158.983,124.345,120.790,0.000,0.000,28.555,-10.756,0.357,-0.934,28.555,-10.756,0.357,-0.934,140.000,279.000,0.000,0.000,140.000,279.000,0.000,0.000,108.800,-94.600,0.000,0.000,0.000,0.000,0,0
95.901,124.345,120.790,0.999,0.053,0,648.089,148.582,524.523,0,555.442,658.697,0,0,1181.997,0.000,158.983,124.345,120.790,0.000,0.000,31.124,-17.470,0.357,-0.934,31.124,-17.470,0.357,-0.934,140.000,279.000,0.000,0.000,140.000,279.000,0.000,0.000,108.800,-94.600,0.000,0.000,0.000,0.000,0,0
96.003,124.345,120.790,0.999,0.053,0,651.870,149.952,528.369,0,555.442,658.697,0,0,1185.899,0.000,158.983,124.345,120.790,0.000,0.000,33.693,-24.184,0.357,-0.934,33.693,-24.184,0.357,-0.934,140.000,279.000,0.000,0.000,140.000,279.000,0.000,0.000,108.800,-94.600,0.000,0.000,0.000,0.000,0,0
96.104,124.345,120.790,0.999,0.053,0,655.664,151.197,532.224,0,555.442,658.697,0,0,1189.799,0.000,158.983,124.345,120.790,0.000,0.000,36.262,-30.898,0.357,-0.934,36.262,-30.898,0.357,-0.934,140.000,279.000,0.000,0.000,140.000,279.000,0.000,0.000,108.800,-94.600,0.000,0.000,0.000,0.000,0,0
96.202,124.345,120.790,0.999,0.053,0,659.363,152.411,535.986,0,555.442,658.697,0,0,1193.603,0.000,158.983,124.345,120.790,0.000,0.000,38.831,-37.612,0.357,-0.934,38.831,-37.612,0.357,-0.934,140.000,279.000,0.000,0.000,140.000,279.000,0.000,0.000,108.800,-94.600,0.000,0.000,0.000,0.000,0,0
96.305,124.345,120.790,0.999,0.053,0,662.971,153.595,539.658,0,555.442,658.697,0,0,1197.313,0.000,158.983,124.345,120.790,0.000,0.000,41.400,-44.326,0.357,-0.934,41.400,-44.326,0.357,-0.934,140.000,279.000,0.000,0.000,140.000,279.000,0.000,0.000,108.800,-94.600,0.000,0.000,0.000,0.000,0,0
96.400,124.345,120.790,0.999,0.053,0,666.489,154.749,543.242,0,555.442,658.697,0,0,1200.930,0.000,158.983,124.345,120.790,0.000,0.000,43.969,-51.040,0.357,-0.934,43.969,-51.040,0.357,-0.934,140.000,279.000,0.000,0.000,140.000,279.000,0.000,0.000,108.800,-94.600,0.000,0.000,0.000,0.000,0,0
96.504,124.345,120.790,0.999,0.053,0,669.920,155.875,546.740,0,555.442,658.697,0,0,1204.458,0.000,158.983,124.345,120.790,0.000,0.000,46.539,-57.754,0.357,-0.934,46.539,-57.754,0.357,-0.934,140.000,279.000,0.000,0.000,140.000,279.000,0.000,0.000,108.800,-94.600,0.000,0.000,0.000,0.000,0,0
96.603,124.345,120.790,0.999,0.053,0,673.311,156.970,550.197,0,555.442,658.697,0,0,1207.942,0.000,158.983,124.345,120.790,0.000,0.000,48.761,-58.988,0.237,0.972,48.761,-58.988,0.237,0.972,140.000,279.000,0.000,0.000,140.000,279.000,0.000,0.000,108.800,-94.600,0.000,0.000,0.000,0.000,0,0
96.705,124.345,120.790,0.999,0.053,0,676.820,158.036,553.770,0,555.442,658.697,0,0,1211.544,0.000,158.983,124.345,120.790,0.000,0.000,50.463,-52.004,0.237,0.972,50.463,-52.004,0.237,0.972,140.000,279.000,0.000,0.000,140.000,279.000,0.000,0.000,108.800,-94.600,0.000,0.000,0.000,0.000,0,0
96.800,124.345,120.790,0.999,0.053,0,680.298,159.091,557.311,0,555.442,658.697,0,0,1215.113,0.000,158.983,124.345,120.790,0.000,0.000,52.165,-45.020,0.237,0.972,52.165,-45.020,0.237,0.972,140.000,279.000,0.000,0.000,140.000,279.000,0.000,0.000,108.800,-94.600,0.000,0.000,0.000,0.000,0,0
96.904,124.345,120.790,0.999,0.053,0,683.745,160.138,560.822,0,555.442,658.697,0,0,1218.652,0.000,158.983,124.345,120.790,0.000,0.000,53.867,-38.035,0.237,0.972,53.867,-38.035,0.237,0.972,140.000,279.000,0.000,0.000,140.000,279.000,0.000,0.000,108.800,-94.600,0.000,0.000,0.000,0.000,0,0
97.003,124.345,120.790,0.999,0.053,0,687.155,161.173,564.296,0,555.442,658.697,0,0,1222.152,0.000,158.983,124.345,120.790,0.000,0.000,55.569,-31.051,0.237,0.972,55.569,-31.051,0.237,0.972,140.000,279.000,0.000,0.000,140.000,279.000,0.000,0.000,108.800,-94.600,0.000,0.000,0.000,0.000,0,0
97.102,124.345,120.790,0.999,0.053,0,690.500,162.188,567.705,0,555.442,658.697,0,0,1225.586,0.000,158.983,124.345,120.790,0.000,0.000,57.271,-24.067,0.237,0.972,57.271,-24.067,0.237,0.972,140.000,279.000,0.000,0.000,140.000,279.000,0.000,0.000,108.800,-94.600,0.000,0.000,0.000,0.000,0,0
97.204,124.345,120.790,0.999,0.053,0,693.779,163.183,571.049,0,555.442,658.697,0,0,1228.953,0.000,158.983,124.345,120.790,0.000,0.000,58.973,-17.083,0.237,0.972,58.973,-17.083,0.237,0.972,140.000,279.000,0.000,0.000,140.000,279.000,0.000,0.000,108.800,-94.600,0.000,0.000,0.000,0.000,0,0
97.301,124.345,120.790,0.999,0.053,0,696.994,164.159,574.328,0,555.442,658.697,0,0,1232.255,0.000,158.983,124.345,120.790,0.000,0.000,60.675,-10.098,0.237,0.972,60.675,-10.098,0.237,0.972,140.000,279.000,0.000,0.000,140.000,279.000,0.000,0.000,108.800,-94.600,0.000,0.000,0.000,0.000,0,0
97.407,124.345,120.790,0.999,0.053,0,700.146,165.116,577.543,0,555.442,658.697,0,0,1235.491,0.000,158.983,124.345,120.790,0.000,0.000,62.377,-3.114,0.237,0.972,62.377,-3.114,0.237,0.972,140.000,279.000,0.000,0.000,140.000,279.000,0.000,0.000,108.800,-94.600,0.000,0.000,0.000,0.000,0,0
97.504,124.345,120.790,0.999,0.053,0,703.236,166.054,580.696,0,555.442,658.697,0,0,1238.665,0.000,158.983,124.345,120.790,0.000,0.000,64.080,3.870,0.237,0.972,64.080,3.870,0.237,0.972,140.000,279.000,0.000,0.000,140.000,279.000,0.000,0.000,108.800,-94.600,0.000,0.000,0.000,0.000,0,0
97.605,130.100,120.790,0.999,0.034,0,706.265,166.973,578.051,0,549.692,664.397,0,0,1241.776,0.000,158.520,130.100,120.790,1.000,0.000,65.782,10.855,0.237,0.972,65.782,10.855,0.237,0.972,140.000,279.000,0.000,0.000,140.000,279.000,0.000,0.000,108.800,-94.600,0.000,0.000,1.000,0.000,0,0
97.702,144.489,120.790,1.000,0.010,0,709.235,167.875,566.744,0,535.316,678.653,0,0,1244.827,0.000,158.274,144.489,120.790,1.000,0.000,67.484,17.839,0.237,0.972,67.484,17.839,0.237,0.972,140.000,279.000,0.000,0.000,140.000,279.000,0.000,0.000,108.800,-94.600,0.000,0.000,1.000,0.000,0,0
97.800,158.878,120.790,1.000,0.003,0,712.146,168.758,555.384,0,520.942,692.913,0,0,1247.818,0.000,159.333,158.878,120.790,1.000,0.000,69.186,24.823,0.237,0.972,69.186,24.823,0.237,0.972,140.000,279.000,0.000,0.000,140.000,279.000,0.000,0.000,108.800,-94.600,0.000,0.000,1.000,0.000,0,0
97.903,173.266,120.790,1.000,0.001,0,715.000,169.625,543.971,0,506.568,707.179,0,0,1250.750,0.000,161.670,173.266,120.790,1.000,0.000,70.888,31.807,0.237,0.972,70.888,31.807,0.237,0.972,140.000,279.000,0.000,0.000,140.000,279.000,0.000,0.000,108.800,-94.600,0.000,0.000,1.000,0.000,0,0
98.003,187.655,120.790,1.000,0.000,0,717.792,170.472,532.502,0,492.195,721.450,0,0,1253.619,0.000,165.232,187.655,120.790,1.000,0.000,72.590,38.792,0.237,0.972,72.590,38.792,0.237,0.972,140.000,279.000,0.000,0.000,140.000,279.000,0.000,0.000,108.800,-94.600,0.000,0.000,1.000,0.000,0,0
98.101,202.044,120.790,1.000,0.000,0,720.515,171.299,520.971,0,477.823,735.725,0,0,1256.417,0.000,169.941,202.044,120.790,1.000,0.000,74.292,45.776,0.237,0.972,74.292,45.776,0.237,0.972,140.000,279.000,0.000,0.000,140.000,279.000,0.000,0.000,108.800,-94.600,0.000,0.000,1.000,0.000,0,0
98.202,216.432,120.790,1.000,0.000,0,723.171,172.105,509.379,0,463.452,750.005,0,0,1259.144,0.000,175.705,216.432,120.790,1.000,0.000,75.994,52.760,0.237,0.972,75.994,52.760,0.237,0.972,140.000,279.000,0.000,0.000,140.000,279.000,0.000,0.000,108.800,-94.600,0.000,0.000,1.000,0.000,0,0
98.300,227.449,112.650,0.907,-0.421,0,701.157,171.008,477.289,0,452.829,760.023,0,0,1237.216,0.000,187.935,227.449,112.650,0.707,-0.707,77.696,59.745,0.237,0.972,77.696,59.745,0.237,0.972,140.000,279.000,0.000,0.000,140.000,279.000,0.000,0.000,108.800,-94.600,0.000,0.000,1.000,-1.000,0,0
98.406,237.624,102.476,0.775,-0.632,0,694.854,176.308,463.153,0,443.374,769.123,0,0,1231.568,0.000,201.721,237.624,102.476,0.707,-0.707,79.398,66.729,0.237,0.972,79.398,66.729,0.237,0.972,140.000,279.000,0.000,0.000,140.000,279.000,0.000,0.000,108.800,-94.600,0.000,0.000,1.000,-1.000,0,0
98.501,247.798,92.302,0.727,-0.686,0,688.164,181.339,449.276,0,434.190,778.383,0,0,1225.531,0.000,215.585,247.798,92.302,0.707,-0.707,81.100,73.713,0.237,0.972,81.100,73.713,0.237,0.972,140.000,279.000,0.000,0.000,140.000,279.000,0.000,0.000,108.800,-94.600,0.000,0.000,1.000,-1.000,0,0
98.602,257.973,82.127,0.713,-0.701,0,677.972,169.464,428.984,2,425.294,787.798,0,0,1214.009,0.000,229.513,257.973,82.127,0.707,-0.707,82.802,80.697,0.237,0.972,82.802,80.697,0.237,0.972,140.000,279.000,0.000,0.000,140.000,279.000,0.000,0.000,108.800,-94.600,0.000,0.000,1.000,-1.000,0,0
98.704,271.518,80.092,0.946,-0.324,0,671.653,166.037,409.261,2,412.159,801.185,0,0,1207.344,0.000,238.456,271.518,80.092,1.000,0.000,84.504,87.682,0.237,0.972,84.504,87.682,0.237,0.972,140.000,279.000,0.000,0.000,140.000,279.000,0.000,0.000,108.800,-94.600,0.000,0.000,1.000,0.000,0,0
98.802,285.907,80.092,0.995,-0.097,0,669.610,168.560,393.769,0,397.929,815.544,0,0,1205.598,0.000,232.611,285.907,80.092,1.000,0.000,86.207,94.666,0.237,0.972,86.207,94.666,0.237,0.972,424.800,-106.500,0.000,0.000,424.800,-106.500,0.000,0.000,427.000,279.000,0.000,0.000,1.000,0.000,0,0
98.904,300.296,80.092,1.000,-0.027,0,670.196,167.836,380.165,0,383.710,829.905,0,0,1206.096,0.000,224.317,300.296,80.092,1.000,0.000,87.909,101.650,0.237,0.972,87.909,101.650,0.237,0.972,424.800,-106.500,0.000,0.000,424.800,-106.500,0.000,0.000,427.000,279.000,0.000,0.000,1.000,0.000,0,0
99.002,314.685,80.092,1.000,-0.008,0,670.222,167.804,366.197,0,369.505,844.266,0,0,1206.116,0.000,216.661,314.685,80.092,1.000,0.000,89.611,108.635,0.237,0.972,89.611,108.635,0.237,0.972,424.800,-106.500,0.000,0.000,424.800,-106.500,0.000,0.000,427.000,279.000,0.000,0.000,1.000,0.000,0,0
99.105,329.073,80.092,1.000,-0.002,0,670.231,167.793,352.251,0,355.314,858.628,0,0,1206.120,0.000,209.715,329.073,80.092,1.000,0.000,91.313,115.619,0.237,0.972,91.313,115.619,0.237,0.972,424.800,-106.500,0.000,0.000,424.800,-106.500,0.000,0.000,427.000,279.000,0.000,0.000,1.000,0.000,0,0
99.200,343.462,80.092,1.000,-0.001,0,670.241,167.782,338.341,0,341.140,872.991,0,0,1206.123,0.000,203.550,343.462,80.092,1.000,0.000,93.015,122.603,0.237,0.972,93.015,122.603,0.237,0.972,424.800,-106.500,0.000,0.000,424.800,-106.500,0.000,0.000,427.000,279.000,0.000,0.000,1.000,0.000,0,0
99.305,352.095,80.092,1.000,0.000,0,670.250,167.771,330.019,0,332.645,881.610,0,0,1206.125,0.000,200.257,352.095,80.092,0.000,0.000,94.717,129.588,0.237,0.972,94.717,129.588,0.237,0.972,424.800,-106.500,0.000,0.000,424.800,-106.500,0.000,0.000,427.000,279.000,0.000,0.000,0.000,0.000,0,0
99.403,352.095,80.092,1.000,0.000,0,670.259,167.761,330.028,0,332.645,881.610,0,0,1206.125,0.000,200.257,352.095,80.092,0.000,0.000,96.419,136.572,0.237,0.972,96.419,136.572,0.237,0.972,424.800,-106.500,0.000,0.000,424.800,-106.500,0.000,0.000,427.000,279.000,0.000,0.000,0.000,0.000,0,0
99.501,352.095,80.092,1.000,0.000,0,670.267,167.751,330.038,0,332.645,881.610,0,0,1206.126,0.000,200.257,352.095,80.092,0.000,0.000,98.121,143.556,0.237,0.972,98.121,143.556,0.237,0.972,424.800,-106.500,0.000,0.000,424.800,-106.500,0.000,0.000,427.000,279.000,0.000,0.000,0.000,0.000,0,0
99.601,352.095,80.092,1.000,0.000,0,670.276,167.741,330.051,0,332.645,881.610,0,0,1206.125,0.000,200.257,352.095,80.092,0.000,0.000,99.823,150.540,0.237,0.972,99.823,150.540,0.237,0.972,424.800,-106.500,0.000,0.000,424.800,-106.500,0.000,0.000,427.000,279.000,0.000,0.000,0.000,0.000,0,0
99.703,352.095,80.092,1.000,0.000,0,670.284,167.731,330.066,0,332.645,881.610,0,0,1206.124,0.000,200.257,352.095,80.092,0.000,0.000,101.525,157.525,0.237,0.972,101.525,157.525,0.237,0.972,424.800,-106.500,0.000,0.000,424.800,-106.500,0.000,0.000,427.000,279.000,0.000,0.000,0.000,0.000,0,0
99.802,352.095,80.092,1.000,0.000,0,670.292,167.722,330.084,0,332.645,881.610,0,0,1206.123,0.000,200.257,352.095,80.092,0.000,0.000,103.227,164.509,0.237,0.972,103.227,164.509,0.237,0.972,424.800,-106.500,0.000,0.000,424.800,-106.500,0.000,0.000,427.000,279.000,0.000,0.000,0.000,0.000,0,0
99.902,352.095,80.092,1.000,0.000,0,670.299,167.712,330.106,0,332.645,881.610,0,0,1206.121,0.000,200.257,352.095,80.092,0.000,0.000,104.929,171.493,0.237,0.972,104.929,171.493,0.237,0.972,424.800,-106.500,0.000,0.000,424.800,-106.500,0.000,0.000,427.000,279.000,0.000,0.000,0.000,0.000,0,0
100.000,352.095,80.092,1.000,0.000,0,670.310,167.699,330.121,0,332.645,881.610,0,0,1206.128,0.000,200.257,352.095,80.092,0.000,0.000,106.632,178.477,0.237,0.972,106.632,178.477,0.237,0.972,424.800,-106.500,0.000,0.000,424.800,-106.500,0.000,0.000,427.000,279.000,0.000,0.000,0.000,0.000,0,0
100.104,352.095,80.092,1.000,0.000,0,670.323,167.683,330.129,0,332.645,881.610,0,0,1206.139,0.000,200.257,352.095,80.092,0.000,0.000,108.334,185.462,0.237,0.972,108.334,185.462,0.237,0.972,424.800,-106.500,0.000,0.000,424.800,-106.500,0.000,0.000,427.000,279.000,0.000,0.000,0.000,0.000,0,0
100.203,352.095,80.092,1.000,0.000,0,670.336,167.668,330.137,0,332.645,881.610,0,0,1206.150,0.000,200.257,352.095,80.092,0.000,0.000,110.036,192.446,0.237,0.972,110.036,192.446,0.237,0.972,424.800,-106.500,0.000,0.000,424.800,-106.500,0.000,0.000,427.000,279.000,0.000,0.000,0.000,0.000,0,0
100.304,352.095,80.092,1.000,0.000,0,642.829,464.801,482.251,0,332.645,881.610,0,0,1248.678,0.000,200.257,352.095,80.092,0.000,0.000,111.738,199.430,0.237,0.972,111.738,199.430,0.237,0.972,424.800,-106.500,0.000,0.000,424.800,-106.500,0.000,0.000,558.695,101.793,-0.879,-0.477,0.000,0.000,0,0
100.402,352.095,80.092,1.000,0.000,0,642.922,464.910,482.385,0,332.645,881.610,0,0,1248.810,0.000,200.257,352.095,80.092,0.000,0.000,113.440,206.415,0.237,0.972,113.440,206.415,0.237,0.972,424.800,-106.500,0.000,0.000,424.800,-106.500,0.000,0.000,552.376,98.365,-0.879,-0.477,0.000,0.000,0,0
100.505,352.095,80.092,1.000,0.000,0,642.521,464.444,481.763,0,332.645,881.610,0,0,1248.279,0.000,194.529,352.095,80.092,0.000,0.000,115.142,213.399,0.237,0.972,115.142,213.399,0.237,0.972,546.057,94.938,-0.879,-0.477,546.057,94.938,-0.879,-0.477,424.800,-106.500,0.000,0.000,0.000,0.000,0,0
100.600,359.886,82.127,0.998,0.064,0,642.100,463.955,474.819,0,324.629,889.502,0,0,1247.721,0.000,180.097,359.886,82.127,0.707,0.707,127.783,226.409,0.860,-0.511,127.783,226.409,0.860,-0.511,539.738,91.510,-0.879,-0.477,539.738,91.510,-0.879,-0.477,424.800,-106.500,0.000,0.000,1.000,1.000,0,0
100.702,370.060,92.302,0.833,0.554,0,641.655,463.437,459.908,0,312.980,900.294,0,0,1247.131,0.000,163.414,370.060,92.302,0.707,0.707,133.962,222.735,0.860,-0.511,133.962,222.735,0.860,-0.511,533.419,88.083,-0.879,-0.477,533.419,88.083,-0.879,-0.477,427.000,279.000,0.000,0.000,1.000,1.000,0,0
100.804,380.235,102.476,0.746,0.666,0,641.281,463.002,445.120,0,301.567,911.187,0,0,1246.635,0.000,147.943,380.235,102.476,0.707,0.707,140.140,219.061,0.860,-0.511,140.140,219.061,0.860,-0.511,527.100,84.656,-0.879,-0.477,527.100,84.656,-0.879,-0.477,427.000,279.000,0.000,0.000,1.000,1.000,0,0
100.904,390.409,112.650,0.718,0.696,0,641.183,462.888,430.769,0,290.419,922.175,0,0,1246.502,0.000,134.106,390.409,112.650,0.707,0.707,146.319,215.387,0.860,-0.511,146.319,215.387,0.860,-0.511,520.781,81.228,-0.879,-0.477,520.781,81.228,-0.879,-0.477,427.000,279.000,0.000,0.000,1.000,1.000,0,0
101.005,400.583,122.825,0.710,0.704,0,641.068,462.754,416.406,0,279.568,933.255,0,0,1246.347,0.000,122.457,400.583,122.825,0.707,0.707,152.498,211.713,0.860,-0.511,152.498,211.713,0.860,-0.511,514.463,77.801,-0.879,-0.477,514.463,77.801,-0.879,-0.477,427.000,279.000,0.000,0.000,1.000,1.000,0,0
101.101,410.758,132.999,0.708,0.706,0,640.935,462.599,402.030,0,269.048,944.425,0,0,1246.166,0.000,113.670,410.758,132.999,0.707,0.707,158.677,208.039,0.860,-0.511,158.677,208.039,0.860,-0.511,508.143,74.374,-0.879,-0.477,508.143,74.374,-0.879,-0.477,427.000,279.000,0.000,0.000,1.000,1.000,0,0
101.200,420.932,143.173,0.707,0.707,0,640.784,462.424,387.643,0,258.901,955.681,0,0,1245.962,0.000,108.445,420.932,143.173,0.707,0.707,164.856,204.365,0.860,-0.511,164.856,204.365,0.860,-0.511,501.824,70.946,-0.879,-0.477,501.824,70.946,-0.879,-0.477,427.000,279.000,0.000,0.000,1.000,1.000,0,0
101.300,431.107,153.348,0.707,0.707,0,640.616,462.229,373.250,0,249.172,967.020,0,0,1245.735,0.000,107.302,431.107,153.348,0.707,0.707,171.035,200.691,0.860,-0.511,171.035,200.691,0.860,-0.511,495.505,67.519,-0.879,-0.477,495.505,67.519,-0.879,-0.477,427.000,279.000,0.000,0.000,1.000,1.000,0,0
101.400,441.281,163.522,0.707,0.707,0,640.434,462.018,358.855,0,239.911,978.439,0,0,1245.488,0.000,110.369,441.281,163.522,0.707,0.707,176.542,196.106,0.743,-0.670,176.542,196.106,0.743,-0.670,489.186,64.091,-0.879,-0.477,489.186,64.091,-0.879,-0.477,427.000,279.000,0.000,0.000,1.000,1.000,0,0
101.503,451.455,173.696,0.707,0.707,0,640.239,461.791,344.465,0,231.176,989.935,0,0,1245.224,0.000,108.106,451.455,173.696,0.707,0.707,181.882,191.292,0.743,-0.670,181.882,191.292,0.743,-0.670,427.000,279.000,0.000,0.000,427.000,279.000,0.000,0.000,482.867,60.664,-0.879,-0.477,1.000,1.000,0,0
101.601,461.630,183.871,0.707,0.707,0,640.034,461.552,330.085,0,223.028,1001.506,0,0,1244.945,0.000,101.236,461.630,183.871,0.707,0.707,187.221,186.479,0.743,-0.670,187.221,186.479,0.743,-0.670,427.000,279.000,0.000,0.000,427.000,279.000,0.000,0.000,574.364,220.950,-0.904,0.428,1.000,1.000,0,0
101.703,471.804,194.045,0.707,0.707,0,639.820,461.304,315.724,0,215.533,1013.150,0,0,1244.655,0.000,96.046,471.804,194.045,0.707,0.707,192.560,181.665,0.743,-0.670,192.560,181.665,0.743,-0.670,427.000,279.000,0.000,0.000,427.000,279.000,0.000,0.000,567.869,224.030,-0.904,0.428,1.000,1.000,0,0
101.803,481.979,204.219,0.707,0.707,0,639.601,461.050,301.392,0,208.763,1024.863,0,0,1244.358,0.000,82.629,481.979,204.219,0.707,0.707,197.961,201.183,0.965,-0.264,197.961,201.183,0.965,-0.264,561.373,227.110,-0.904,0.428,561.373,227.110,-0.904,0.428,427.000,279.000,0.000,0.000,1.000,1.000,0,0
101.902,492.153,214.394,0.707,0.707,0,639.381,460.793,287.098,0,202.788,1036.644,0,0,1244.058,0.000,64.683,492.153,214.394,0.707,0.707,204.895,199.287,0.965,-0.264,204.895,199.287,0.965,-0.264,554.878,230.190,-0.904,0.428,554.878,230.190,-0.904,0.428,427.000,279.000,0.000,0.000,1.000,1.000,0,0
102.002,502.327,224.568,0.707,0.707,0,639.161,460.538,272.853,0,197.683,1048.489,0,0,1243.759,0.000,46.870,502.327,224.568,0.707,0.707,211.829,197.391,0.965,-0.264,211.829,197.391,0.965,-0.264,548.383,233.270,-0.904,0.428,548.383,233.270,-0.904,0.428,427.000,279.000,0.000,0.000,1.000,1.000,0,0
102.103,502.327,238.957,0.268,0.963,0,638.892,460.226,260.104,0,204.401,1051.242,0,0,1243.399,0.000,39.646,502.327,238.957,0.000,1.000,218.763,195.495,0.965,-0.264,218.763,195.495,0.965,-0.264,541.887,236.350,-0.904,0.428,541.887,236.350,-0.904,0.428,427.000,279.000,0.000,0.000,0.000,1.000,0,0
102.202,502.327,253.345,0.079,0.997,0,638.629,459.920,247.579,0,211.884,1054.184,0,0,1243.046,0.000,35.873,502.327,253.345,0.000,1.000,225.697,193.599,0.965,-0.264,225.697,193.599,0.965,-0.264,535.392,239.430,-0.904,0.428,535.392,239.430,-0.904,0.428,427.000,279.000,0.000,0.000,0.000,1.000,0,0
102.301,502.327,267.734,0.023,1.000,0,638.371,459.620,235.313,0,220.055,1057.314,0,0,1242.701,0.000,36.636,502.327,267.734,0.000,1.000,232.631,191.702,0.965,-0.264,232.631,191.702,0.965,-0.264,528.897,242.510,-0.904,0.428,528.897,242.510,-0.904,0.428,427.000,279.000,0.000,0.000,0.000,1.000,0,0
102.404,512.502,277.908,0.510,0.860,0,638.118,459.326,220.762,0,218.339,1069.535,0,0,1242.362,0.000,33.801,512.502,277.908,0.707,0.707,239.565,189.806,0.965,-0.264,239.565,189.806,0.965,-0.264,522.401,245.590,-0.904,0.428,522.401,245.590,-0.904,0.428,427.000,279.000,0.000,0.000,1.000,1.000,0,0
102.502,522.676,288.083,0.653,0.757,0,637.870,459.038,206.250,0,217.563,1081.809,0,0,1242.030,0.000,39.990,522.676,288.083,0.707,0.707,246.500,187.910,0.965,-0.264,246.500,187.910,0.965,-0.264,515.906,248.670,-0.904,0.428,515.906,248.670,-0.904,0.428,427.000,279.000,0.000,0.000,1.000,1.000,0,0
102.601,532.850,298.257,0.691,0.722,0,637.627,458.755,191.786,0,217.738,1094.135,0,0,1241.704,0.000,52.081,532.850,298.257,0.707,0.707,253.434,186.014,0.965,-0.264,253.434,186.014,0.965,-0.264,509.410,251.750,-0.904,0.428,509.410,251.750,-0.904,0.428,427.000,279.000,0.000,0.000,1.000,1.000,0,0
102.701,536.920,310.960,0.374,0.928,0,637.389,458.478,178.604,0,224.655,1101.243,0,0,1241.385,0.000,65.628,536.920,310.960,0.000,1.000,260.368,184.118,0.965,-0.264,260.368,184.118,0.965,-0.264,502.915,254.830,-0.904,0.428,502.915,254.830,-0.904,0.428,427.000,279.000,0.000,0.000,0.000,1.000,0,0
102.805,536.920,325.349,0.106,0.994,0,637.155,458.206,166.560,0,235.918,1104.990,0,0,1241.072,0.000,78.666,536.920,325.349,0.000,1.000,267.302,182.222,0.965,-0.264,267.302,182.222,0.965,-0.264,496.419,257.910,-0.904,0.428,496.419,257.910,-0.904,0.428,427.000,279.000,0.000,0.000,0.000,1.000,0,0
102.902,536.920,339.738,0.032,0.999,0,636.926,457.940,154.974,0,247.504,1108.911,0,0,1240.766,0.000,91.706,536.920,339.738,0.000,1.000,274.236,180.326,0.965,-0.264,274.236,180.326,0.965,-0.264,489.924,260.990,-0.904,0.428,489.924,260.990,-0.904,0.428,427.000,279.000,0.000,0.000,0.000,1.000,0,0
103.001,540.990,352.441,0.278,0.961,0,636.702,457.679,142.407,0,255.745,1116.412,0,0,1240.465,0.000,105.465,540.990,352.441,0.707,0.707,281.170,178.430,0.965,-0.264,281.170,178.430,0.965,-0.264,483.428,264.070,-0.904,0.428,483.428,264.070,-0.904,0.428,427.000,279.000,0.000,0.000,1.000,1.000,0,0
103.103,551.164,362.615,0.600,0.800,0,636.481,457.423,127.717,0,259.159,1129.105,0,0,1240.170,0.000,120.930,551.164,362.615,0.707,0.707,288.105,176.534,0.965,-0.264,288.105,176.534,0.965,-0.264,476.933,267.150,-0.904,0.428,476.933,267.150,-0.904,0.428,427.000,279.000,0.000,0.000,1.000,1.000,0,0
103.202,553.199,376.161,0.296,0.955,0,636.266,457.172,116.219,0,270.033,1135.096,0,0,1239.881,0.000,134.428,553.199,376.161,0.000,1.000,295.039,174.637,0.965,-0.264,295.039,174.637,0.965,-0.264,470.437,270.230,-0.904,0.428,470.437,270.230,-0.904,0.428,427.000,279.000,0.000,0.000,0.000,1.000,0,0
103.305,553.199,390.550,0.084,0.996,0,636.054,456.927,106.371,0,282.810,1139.555,0,0,1239.598,0.000,147.350,553.199,390.550,0.000,1.000,301.973,172.741,0.965,-0.264,301.973,172.741,0.965,-0.264,463.942,273.310,-0.904,0.428,463.942,273.310,-0.904,0.428,427.000,279.000,0.000,0.000,0.000,1.000,0,0
103.400,561.338,401.567,0.437,0.899,0,635.847,456.685,92.917,0,289.280,1150.782,0,0,1239.320,0.000,162.674,561.338,401.567,0.707,0.707,308.907,170.845,0.965,-0.264,308.907,170.845,0.965,-0.264,457.446,276.390,-0.904,0.428,457.446,276.390,-0.904,0.428,427.000,279.000,0.000,0.000,1.000,1.000,0,0
103.505,571.513,411.741,0.640,0.768,0,635.643,456.449,78.457,0,294.712,1163.708,0,0,1239.048,0.000,178.972,571.513,411.741,0.707,0.707,315.842,168.949,0.965,-0.264,315.842,168.949,0.965,-0.264,450.951,279.470,-0.904,0.428,450.951,279.470,-0.904,0.428,427.000,279.000,0.000,0.000,1.000,1.000,0,0
103.606,575.582,424.444,0.328,0.945,0,635.444,456.217,68.095,0,305.144,1171.759,0,0,1238.781,0.000,193.206,575.582,424.444,0.000,1.000,322.776,167.053,0.965,-0.264,322.776,167.053,0.965,-0.264,444.455,282.550,-0.904,0.428,444.455,282.550,-0.904,0.428,427.000,279.000,0.000,0.000,0.000,1.000,0,0
103.707,577.617,437.990,0.149,0.989,0,635.248,455.990,60.740,0,317.240,1178.286,0,0,1238.520,0.000,206.683,577.617,437.990,0.707,0.707,329.710,165.157,0.965,-0.264,329.710,165.157,0.965,-0.264,437.960,285.630,-0.904,0.428,437.960,285.630,-0.904,0.428,427.000,279.000,0.000,0.000,1.000,1.000,0,0
103.803,587.791,448.165,0.562,0.827,0,635.057,455.768,48.330,0,323.861,1191.364,0,0,1238.264,0.000,223.303,587.791,448.165,0.707,0.707,336.074,162.172,0.766,-0.642,336.074,162.172,0.766,-0.642,431.464,288.710,-0.904,0.428,431.464,288.710,-0.904,0.428,427.000,279.000,0.000,0.000,1.000,1.000,0,0
103.900,595.931,456.304,0.700,0.715,0,634.869,455.549,39.506,0,329.514,1201.847,0,0,1238.012,0.000,237.262,595.931,456.304,0.000,0.000,341.584,157.555,0.766,-0.642,341.584,157.555,0.766,-0.642,424.969,291.790,-0.904,0.428,424.969,291.790,-0.904,0.428,427.000,279.000,0.000,0.000,0.000,0.000,0,0
104.004,595.931,456.304,0.700,0.715,0,634.685,455.335,39.330,0,329.514,1201.847,0,0,1237.766,0.000,239.901,595.931,456.304,0.000,0.000,347.094,152.938,0.766,-0.642,347.094,152.938,0.766,-0.642,418.473,294.869,-0.904,0.428,418.473,294.869,-0.904,0.428,427.000,279.000,0.000,0.000,0.000,0.000,0,0
104.102,595.931,456.304,0.700,0.715,0,634.504,455.125,39.158,0,329.514,1201.847,0,0,1237.524,0.000,242.724,595.931,456.304,0.000,0.000,352.604,148.321,0.766,-0.642,352.604,148.321,0.766,-0.642,411.978,297.949,-0.904,0.428,411.978,297.949,-0.904,0.428,427.000,279.000,0.000,0.000,0.000,0.000,0,0
104.202,595.931,456.304,0.700,0.715,0,634.327,454.920,38.990,0,329.514,1201.847,0,0,1237.287,0.000,244.897,595.931,456.304,0.000,0.000,358.114,143.704,0.766,-0.642,358.114,143.704,0.766,-0.642,427.000,279.000,0.000,0.000,427.000,279.000,0.000,0.000,405.482,301.029,-0.904,0.428,0.000,0.000,0,0
104.304,607.442,456.304,0.949,0.317,1,621.797,461.095,15.133,1,326.792,1212.619,0,0,1227.741,0.000,249.666,607.442,456.304,1.000,0.000,363.624,139.087,0.766,-0.642,363.624,139.087,0.766,-0.642,408.923,304.900,0.799,0.601,408.923,304.900,0.799,0.601,427.000,279.000,0.000,0.000,1.000,0.000,0,0
104.400,607.442,456.304,0.956,0.292,1,621.915,460.725,15.133,1,326.792,1212.619,0,0,1227.722,0.000,242.479,607.442,456.304,0.000,0.000,369.134,134.470,0.766,-0.642,369.134,134.470,0.766,-0.642,414.723,309.146,0.807,0.590,414.723,309.146,0.807,0.590,427.000,279.000,0.000,0.000,0.000,0.000,0,0
104.503,607.442,450.549,0.987,-0.163,1,622.373,448.082,15.133,1,321.186,1210.612,0,0,1223.783,0.000,231.841,607.442,450.549,0.000,-1.000,374.644,129.853,0.766,-0.642,374.644,129.853,0.766,-0.642,420.544,313.364,0.820,0.572,420.544,313.364,0.820,0.572,427.000,279.000,0.000,0.000,0.000,-1.000,0,0
104.604,607.442,436.160,0.330,-0.944,1,612.441,421.876,15.133,1,307.198,1205.699,0,0,1205.701,0.000,216.444,607.442,436.160,0.000,-1.000,380.154,125.236,0.766,-0.642,380.154,125.236,0.766,-0.642,426.657,317.143,0.866,0.500,426.657,317.143,0.866,0.500,427.000,279.000,0.000,0.000,0.000,-1.000,0,0
104.701,607.442,421.771,0.101,-0.995,1,608.967,406.715,15.133,1,293.248,1200.940,0,0,1197.573,0.000,201.695,607.442,421.771,0.000,-1.000,385.664,120.619,0.766,-0.642,385.664,120.619,0.766,-0.642,432.996,320.532,0.893,0.451,432.996,320.532,0.893,0.451,427.000,279.000,0.000,0.000,0.000,-1.000,0,0
104.804,597.267,411.597,-0.469,-0.883,1,590.168,398.232,15.133,1,286.160,1188.025,0,0,1177.064,0.000,180.645,597.267,411.597,-0.707,-0.707,391.174,116.002,0.766,-0.642,391.174,116.002,0.766,-0.642,439.451,323.696,0.897,0.442,439.451,323.696,0.897,0.442,427.000,279.000,0.000,0.000,-1.000,-1.000,0,0
104.903,587.093,401.423,-0.643,-0.766,1,577.359,389.835,15.133,1,279.632,1175.145,0,0,1162.283,0.000,159.667,587.093,401.423,-0.707,-0.707,396.684,111.385,0.766,-0.642,396.684,111.385,0.766,-0.642,445.905,326.861,0.900,0.436,445.905,326.861,0.900,0.436,427.000,279.000,0.000,0.000,-1.000,-1.000,0,0
105.003,583.023,388.720,-0.354,-0.935,1,577.669,374.565,15.133,1,269.124,1167.328,0,0,1157.954,0.000,143.240,583.023,388.720,0.000,-1.000,402.194,106.767,0.766,-0.642,402.194,106.767,0.766,-0.642,452.467,329.790,0.931,0.364,452.467,329.790,0.931,0.364,427.000,279.000,0.000,0.000,0.000,-1.000,0,0
105.105,583.023,374.331,-0.108,-0.994,1,581.389,359.286,15.133,1,255.767,1162.998,0,0,1157.078,0.000,130.765,583.023,374.331,0.000,-1.000,407.704,102.150,0.766,-0.642,407.704,102.150,0.766,-0.642,459.345,331.866,0.976,0.219,459.345,331.866,0.976,0.219,590.904,201.405,-0.029,1.000,0.000,-1.000,0,0
105.203,583.023,359.942,-0.030,-1.000,1,582.568,344.816,15.133,1,242.528,1158.831,0,0,1154.189,0.000,119.650,583.023,359.942,0.000,-1.000,413.214,97.533,0.766,-0.642,413.214,97.533,0.766,-0.642,466.422,333.105,0.992,0.125,466.422,333.105,0.992,0.125,590.699,208.591,-0.029,1.000,0.000,-1.000,0,0
105.300,583.023,345.554,-0.009,-1.000,1,582.888,330.421,15.133,1,229.428,1154.827,0,0,1150.666,0.000,110.092,583.023,345.554,0.000,-1.000,418.724,92.916,0.766,-0.642,418.724,92.916,0.766,-0.642,473.597,333.463,1.000,-0.001,473.597,333.463,1.000,-0.001,590.494,215.777,-0.029,1.000,0.000,-1.000,0,0
105.401,583.023,331.165,-0.003,-1.000,1,582.984,316.032,15.133,1,216.491,1150.990,0,0,1147.098,0.000,102.281,583.023,331.165,0.000,-1.000,424.234,88.299,0.766,-0.642,424.234,88.299,0.766,-0.642,480.756,332.877,0.991,-0.135,480.756,332.877,0.991,-0.135,590.289,222.963,-0.029,1.000,0.000,-1.000,0,0
105.502,580.988,317.619,-0.124,-0.992,1,579.106,302.603,15.133,1,205.456,1145.561,0,0,1140.067,0.000,94.221,580.988,317.619,-0.707,-0.707,429.744,83.682,0.766,-0.642,429.744,83.682,0.766,-0.642,487.768,331.318,0.963,-0.271,487.768,331.318,0.963,-0.271,427.000,279.000,0.000,0.000,-1.000,-1.000,0,0
105.603,570.814,307.445,-0.561,-0.828,1,562.323,294.918,15.133,1,201.897,1133.189,0,0,1121.943,0.000,79.256,570.814,307.445,-0.707,-0.707,435.253,79.065,0.766,-0.642,435.253,79.065,0.766,-0.642,494.474,328.748,0.910,-0.416,494.474,328.748,0.910,-0.416,427.000,279.000,0.000,0.000,-1.000,-1.000,0,0
105.702,560.639,297.270,-0.667,-0.745,1,550.548,285.993,15.133,1,199.317,1120.864,0,0,1108.416,0.000,66.129,560.639,297.270,-0.707,-0.707,440.763,74.448,0.766,-0.642,440.763,74.448,0.766,-0.642,500.634,325.064,0.814,-0.581,500.634,325.064,0.814,-0.581,427.000,279.000,0.000,0.000,-1.000,-1.000,0,0
105.801,550.465,287.096,-0.696,-0.718,1,539.938,276.224,15.133,1,197.752,1108.590,0,0,1095.867,0.000,55.523,550.465,287.096,-0.707,-0.707,446.273,69.831,0.766,-0.642,446.273,69.831,0.766,-0.642,505.833,320.124,0.654,-0.757,505.833,320.124,0.654,-0.757,427.000,279.000,0.000,0.000,-1.000,-1.000,0,0
105.902,540.291,276.921,-0.704,-0.710,1,529.640,266.171,15.133,1,197.227,1096.367,0,0,1083.606,0.000,48.150,540.291,276.921,-0.707,-0.707,451.783,65.214,0.766,-0.642,451.783,65.214,0.766,-0.642,509.610,314.030,0.434,-0.901,509.610,314.030,0.434,-0.901,427.000,279.000,0.000,0.000,-1.000,-1.000,0,0
106.004,530.117,266.747,-0.706,-0.708,1,519.430,256.032,15.133,1,197.750,1084.197,0,0,1071.467,0.000,44.422,530.117,266.747,-0.707,-0.707,457.293,60.597,0.766,-0.642,457.293,60.597,0.766,-0.642,511.696,307.170,0.195,-0.981,511.696,307.170,0.195,-0.981,427.000,279.000,0.000,0.000,-1.000,-1.000,0,0
106.102,519.942,256.573,-0.707,-0.707,1,509.246,245.868,15.133,1,199.314,1072.082,0,0,1059.404,0.000,44.128,519.942,256.573,-0.707,-0.707,462.803,55.979,0.766,-0.642,462.803,55.979,0.766,-0.642,512.160,300.009,-0.017,-1.000,512.160,300.009,-0.017,-1.000,427.000,279.000,0.000,0.000,-1.000,-1.000,0,0
106.202,509.768,246.398,-0.707,-0.707,1,499.068,235.696,15.133,1,201.893,1060.024,0,0,1047.406,0.000,46.506,509.768,246.398,-0.707,-0.707,468.313,51.362,0.766,-0.642,468.313,51.362,0.766,-0.642,511.299,292.879,-0.182,-0.983,511.299,292.879,-0.182,-0.983,427.000,279.000,0.000,0.000,-1.000,-1.000,0,0
106.300,509.768,232.010,-0.245,-0.969,1,506.058,217.338,15.133,1,194.539,1057.192,0,0,1050.848,0.000,53.762,509.768,232.010,0.000,-1.000,473.823,46.745,0.766,-0.642,473.823,46.745,0.766,-0.642,510.299,285.769,-0.078,-0.997,510.299,285.769,-0.078,-0.997,427.000,279.000,0.000,0.000,0.000,-1.000,0,0
106.402,509.768,217.621,-0.069,-0.998,1,508.718,202.524,15.133,1,188.001,1054.550,0,0,1050.946,0.000,60.966,509.768,217.621,0.000,-1.000,479.333,42.128,0.766,-0.642,479.333,42.128,0.766,-0.642,510.020,278.586,-0.022,-1.000,510.020,278.586,-0.022,-1.000,427.000,279.000,0.000,0.000,0.000,-1.000,0,0
106.500,509.768,203.232,-0.021,-1.000,1,509.454,188.102,15.133,1,182.366,1052.097,0,0,1049.415,0.000,68.166,509.768,203.232,0.000,-1.000,484.843,37.511,0.766,-0.642,484.843,37.511,0.766,-0.642,509.938,271.398,-0.007,-1.000,509.938,271.398,-0.007,-1.000,427.000,279.000,0.000,0.000,0.000,-1.000,0,0
106.604,509.768,188.844,-0.006,-1.000,1,509.682,173.711,15.133,1,177.719,1049.836,0,0,1047.581,0.000,75.366,509.768,188.844,0.000,-1.000,490.353,32.894,0.766,-0.642,490.353,32.894,0.766,-0.642,509.908,264.209,-0.003,-1.000,509.908,264.209,-0.003,-1.000,427.000,279.000,0.000,0.000,0.000,-1.000,0,0
106.700,509.768,174.455,-0.002,-1.000,1,509.742,159.322,15.133,1,174.141,1047.768,0,0,1045.777,0.000,82.566,509.768,174.455,0.000,-1.000,495.863,28.277,0.766,-0.642,495.863,28.277,0.766,-0.642,509.893,257.021,-0.002,-1.000,509.893,257.021,-0.002,-1.000,427.000,279.000,0.000,0.000,0.000,-1.000,0,0
106.802,509.768,160.066,0.000,-1.000,1,509.761,144.933,15.133,1,171.698,1045.894,0,0,1044.126,0.000,89.766,509.768,160.066,0.000,-1.000,501.373,23.660,0.766,-0.642,501.373,23.660,0.766,-0.642,509.884,249.832,-0.001,-1.000,509.884,249.832,-0.001,-1.000,427.000,279.000,0.000,0.000,0.000,-1.000,0,0
106.905,509.768,145.678,0.000,-1.000,1,509.766,130.544,15.133,1,170.439,1044.215,0,0,1042.658,0.000,96.966,509.768,145.678,0.000,-1.000,446.234,42.741,0.574,0.819,446.234,42.741,0.574,0.819,509.876,242.643,-0.001,-1.000,509.876,242.643,-0.001,-1.000,427.000,279.000,0.000,0.000,0.000,-1.000,0,0
107.002,509.768,131.289,0.000,-1.000,1,509.767,116.156,15.133,1,170.390,1042.731,0,0,1041.383,0.000,104.165,509.768,131.289,0.000,-1.000,450.644,48.415,0.642,0.767,450.644,48.415,0.642,0.767,509.869,235.454,-0.001,-1.000,509.869,235.454,-0.001,-1.000,629.000,34.523,0.000,0.000,0.000,-1.000,0,0
107.102,519.593,124.342,0.581,-0.814,1,528.392,112.029,15.133,1,161.053,1051.870,0,0,1059.619,0.000,104.364,519.593,124.342,1.000,0.000,455.725,53.485,0.761,0.648,455.725,53.485,0.761,0.648,510.132,228.276,0.104,-0.995,510.132,228.276,0.104,-0.995,629.000,42.077,0.000,0.000,1.000,0.000,0,0
107.200,533.982,124.342,0.963,-0.269,1,548.558,120.271,15.133,1,146.796,1066.201,0,0,1080.375,0.000,99.460,533.982,124.342,1.000,0.000,461.437,57.848,0.807,0.591,461.437,57.848,0.807,0.591,511.847,221.307,0.312,-0.950,511.847,221.307,0.312,-0.950,629.000,49.424,0.000,0.000,1.000,0.000,0,0
107.302,548.371,124.342,0.997,-0.077,0,567.533,114.972,21.331,0,132.568,1080.534,0,0,1098.866,0.000,96.441,548.371,124.342,1.000,0.000,462.547,52.935,-0.010,-1.000,462.547,52.935,-0.010,-1.000,514.685,214.708,0.445,-0.895,514.685,214.708,0.445,-0.895,629.000,57.052,0.000,0.000,1.000,0.000,0,0
107.403,559.882,124.342,1.000,-0.028,0,586.040,109.804,29.927,0,121.212,1092.001,0,0,1116.938,0.000,91.339,559.882,124.342,0.000,0.000,528.076,10.121,0.030,1.000,528.076,10.121,0.030,1.000,629.000,64.629,0.000,0.000,518.346,208.526,0.548,-0.836,518.346,208.526,0.548,-0.836,0.000,0.000,0,0
107.504,559.882,124.342,1.000,-0.028,0,604.088,104.763,48.350,0,121.212,1092.001,0,0,1134.598,0.000,86.600,559.882,124.342,0.000,0.000,528.290,17.306,0.030,1.000,528.290,17.306,0.030,1.000,629.000,72.166,0.000,0.000,522.635,202.760,0.626,-0.780,522.635,202.760,0.626,-0.780,0.000,0.000,0,0
107.603,559.882,124.342,1.000,-0.028,0,621.689,99.848,66.489,0,121.212,1092.001,0,0,1151.852,0.000,79.936,559.882,124.342,0.000,0.000,528.503,24.492,0.030,1.000,528.503,24.492,0.030,1.000,527.399,197.380,0.685,-0.728,527.399,197.380,0.685,-0.728,629.000,79.583,0.000,0.000,0.000,0.000,0,0
107.701,559.882,124.342,1.000,-0.028,0,613.420,81.520,68.557,2,121.212,1092.001,0,0,1142.651,0.000,75.574,559.882,124.342,0.000,0.000,528.716,31.677,0.030,1.000,528.716,31.677,0.030,1.000,529.798,193.670,0.604,-0.797,529.798,193.670,0.604,-0.797,628.147,78.037,-0.198,-0.980,0.000,0.000,0,0
107.800,559.882,124.342,1.000,-0.028,0,611.999,74.474,72.132,2,121.212,1092.001,0,0,1140.940,0.000,68.570,559.882,124.342,0.000,0.000,528.929,38.863,0.030,1.000,528.929,38.863,0.030,1.000,534.006,187.842,0.573,-0.820,534.006,187.842,0.573,-0.820,626.726,70.990,-0.198,-0.980,0.000,0.000,0,0
107.904,559.882,124.342,1.000,-0.028,0,610.577,67.427,76.219,2,121.212,1092.001,0,0,1139.272,0.000,61.543,559.882,124.342,0.000,0.000,529.142,46.048,0.030,1.000,529.142,46.048,0.030,1.000,537.991,181.860,0.542,-0.840,537.991,181.860,0.542,-0.840,625.304,63.944,-0.198,-0.980,0.000,0.000,0,0
108.005,559.882,121.464,0.943,-0.332,0,609.156,60.380,78.480,2,121.568,1091.758,0,0,1137.647,0.000,57.218,559.882,121.464,0.000,-1.000,529.355,53.234,0.030,1.000,529.355,53.234,0.030,1.000,541.752,175.734,0.511,-0.860,541.752,175.734,0.511,-0.860,623.883,56.897,-0.198,-0.980,0.000,-1.000,0,0
108.102,559.882,107.075,0.329,-0.944,0,607.734,53.334,71.958,2,124.333,1090.659,0,0,1136.065,0.000,64.085,559.882,107.075,0.000,-1.000,529.569,60.419,0.030,1.000,529.569,60.419,0.030,1.000,545.290,169.476,0.480,-0.877,545.290,169.476,0.480,-0.877,622.461,49.850,-0.198,-0.980,0.000,-1.000,0,0
108.205,559.882,92.686,0.101,-0.995,0,606.313,46.287,65.641,2,128.658,1089.749,0,0,1134.526,0.000,71.309,559.882,92.686,0.000,-1.000,529.782,67.605,0.030,1.000,529.782,67.605,0.030,1.000,548.606,163.098,0.443,-0.897,548.606,163.098,0.443,-0.897,621.040,42.803,-0.198,-0.980,0.000,-1.000,0,0
108.302,559.882,78.298,0.028,-1.000,0,604.891,39.240,59.593,2,134.391,1089.028,0,0,1133.031,0.000,73.336,559.882,78.298,0.000,-1.000,529.995,74.790,0.030,1.000,529.995,74.790,0.030,1.000,619.618,35.757,-0.198,-0.980,551.703,156.611,0.419,-0.908,551.703,156.611,0.419,-0.908,0.000,-1.000,0,0
108.400,559.882,63.909,0.008,-1.000,0,603.470,32.193,53.905,2,141.362,1088.496,0,0,1131.580,0.000,68.114,559.882,63.909,0.000,-1.000,530.208,81.976,0.030,1.000,530.208,81.976,0.030,1.000,618.196,28.710,-0.198,-0.980,554.584,150.026,0.389,-0.921,554.584,150.026,0.389,-0.921,0.000,-1.000,0,0
108.503,559.882,49.520,0.002,-1.000,0,602.048,25.147,48.704,2,149.397,1088.155,0,0,1130.172,0.000,63.347,559.882,49.520,0.000,-1.000,530.421,89.161,0.030,1.000,530.421,89.161,0.030,1.000,616.775,21.663,-0.198,-0.980,475.327,62.113,0.963,-0.270,475.327,62.113,0.963,-0.270,0.000,-1.000,0,0
108.602,565.986,37.660,0.419,-0.908,0,600.626,18.100,39.781,2,152.105,1094.120,0,0,1128.809,0.000,54.480,565.986,37.660,0.707,-0.707,530.634,96.347,0.030,1.000,530.634,96.347,0.030,1.000,615.353,14.617,-0.198,-0.980,482.181,59.948,0.947,-0.322,482.181,59.948,0.947,-0.322,1.000,-1.000,0,0
108.704,577.003,29.521,0.753,-0.658,0,599.205,11.053,28.878,2,149.862,1105.116,0,0,1127.489,0.000,42.960,577.003,29.521,1.000,0.000,530.848,103.532,0.030,1.000,530.848,103.532,0.030,1.000,613.932,7.570,-0.198,-0.980,488.901,57.398,0.926,-0.376,488.901,57.398,0.926,-0.376,1.000,0.000,0,0
108.800,591.392,29.521,0.977,-0.215,0,597.783,4.007,26.302,2,140.434,1119.504,0,0,1126.214,0.000,35.872,591.392,29.521,1.000,0.000,531.061,110.718,0.030,1.000,531.061,110.718,0.030,1.000,612.510,0.523,-0.198,-0.980,564.063,122.896,0.278,-0.961,564.063,122.896,0.278,-0.961,1.000,0.000,0,0
108.902,600.375,38.503,0.899,0.439,0,596.361,-3.040,41.737,2,127.894,1128.510,0,0,1124.984,0.000,46.284,600.375,38.503,0.000,1.000,531.274,117.903,0.030,1.000,531.274,117.903,0.030,1.000,611.088,-6.524,-0.198,-0.980,565.951,115.960,0.253,-0.968,565.951,115.960,0.253,-0.968,0.000,1.000,0,0
109.002,600.375,52.892,0.316,0.949,0,595.682,-1.547,54.641,2,117.062,1128.699,0,0,1124.261,0.000,58.785,600.375,52.892,0.000,1.000,531.487,125.089,0.030,1.000,531.487,125.089,0.030,1.000,610.409,-5.031,-0.026,1.000,567.692,108.985,0.243,-0.970,567.692,108.985,0.243,-0.970,0.000,1.000,0,0
109.101,598.340,66.438,-0.070,0.998,0,595.499,5.639,60.865,2,109.130,1127.010,0,0,1123.893,0.000,45.808,598.340,66.438,-0.707,0.707,531.700,132.274,0.030,1.000,531.700,132.274,0.030,1.000,569.499,102.027,0.257,-0.966,569.499,102.027,0.257,-0.966,610.226,2.156,-0.026,1.000,-1.000,1.000,0,0
109.204,588.165,76.612,-0.553,0.833,0,595.315,12.826,64.186,2,110.949,1117.212,0,0,1123.571,0.000,24.944,588.165,76.612,-0.707,0.707,531.913,139.460,0.030,1.000,531.913,139.460,0.030,1.000,571.421,95.100,0.275,-0.961,571.421,95.100,0.275,-0.961,610.042,9.342,-0.026,1.000,-1.000,1.000,0,0
109.301,577.991,86.786,-0.664,0.748,0,595.131,20.012,68.939,2,114.560,1107.514,0,0,1123.294,0.000,4.722,577.991,86.786,-0.707,0.707,532.127,146.646,0.030,1.000,532.127,146.646,0.030,1.000,573.490,88.216,0.297,-0.955,573.490,88.216,0.297,-0.955,527.768,38.923,0.957,-0.289,-1.000,1.000,0,0
109.400,569.852,97.803,-0.647,0.762,0,594.948,27.198,74.933,2,117.620,1100.001,0,0,1123.064,0.000,17.439,569.852,97.803,0.000,1.000,532.340,153.831,0.030,1.000,532.340,153.831,0.030,1.000,575.749,81.392,0.327,-0.945,575.749,81.392,0.327,-0.945,534.761,37.271,0.982,-0.188,0.000,1.000,0,0
109.504,569.852,97.803,-0.567,0.824,0,594.764,34.385,68.136,2,117.620,1100.001,0,0,1122.880,0.000,24.627,569.852,97.803,0.000,0.000,532.553,161.017,0.030,1.000,532.553,161.017,0.030,1.000,578.269,74.660,0.368,-0.930,578.269,74.660,0.368,-0.930,541.896,36.435,0.998,-0.066,0.000,0.000,0,0
109.600,569.852,97.803,-0.567,0.824,0,594.580,41.571,61.430,2,117.620,1100.001,0,0,1122.741,0.000,31.801,569.852,97.803,0.000,0.000,532.766,168.202,0.030,1.000,532.766,168.202,0.030,1.000,581.179,68.088,0.433,-0.901,581.179,68.088,0.433,-0.901,549.078,36.570,0.997,0.078,0.000,0.000,0,0
109.702,569.852,97.803,-0.567,0.824,0,594.396,48.757,54.845,2,117.620,1100.001,0,0,1122.649,0.000,38.910,569.852,97.803,0.000,0.000,532.979,175.388,0.030,1.000,532.979,175.388,0.030,1.000,584.762,61.863,0.554,-0.833,584.762,61.863,0.554,-0.833,556.148,37.824,0.971,0.241,0.000,0.000,0,0
109.802,569.852,97.803,-0.567,0.824,0,594.213,55.944,48.432,2,117.620,1100.001,0,0,1122.602,0.000,45.504,569.852,97.803,0.000,0.000,533.192,182.573,0.030,1.000,533.192,182.573,0.030,1.000,589.905,56.957,0.871,-0.491,589.905,56.957,0.871,-0.491,562.888,40.295,0.911,0.413,0.000,0.000,0,0
109.903,569.852,97.803,-0.567,0.824,0,594.029,63.130,42.270,2,117.620,1100.001,0,0,1122.602,0.000,44.068,569.852,97.803,0.000,0.000,533.406,189.759,0.030,1.000,533.406,189.759,0.030,1.000,594.018,60.952,0.065,0.998,594.018,60.952,0.065,0.998,569.046,43.983,0.816,0.578,0.000,0.000,0,0
110.002,569.852,97.803,-0.567,0.824,0,593.845,70.316,36.486,2,117.620,1100.001,0,0,1122.648,0.000,38.188,569.852,97.803,0.000,0.000,533.619,196.944,0.030,1.000,533.619,196.944,0.030,1.000,593.901,68.140,-0.025,1.000,593.901,68.140,-0.025,1.000,574.404,48.761,0.696,0.718,0.000,0.000,0,0
110.102,569.852,97.803,-0.567,0.824,0,593.662,77.503,31.289,2,117.620,1100.001,0,0,1122.740,0.000,32.784,569.852,97.803,0.000,0.000,533.832,204.130,0.030,1.000,533.832,204.130,0.030,1.000,593.717,75.326,-0.026,1.000,593.717,75.326,-0.026,1.000,578.844,54.405,0.566,0.825,0.000,0.000,0,0
110.202,569.852,97.803,-0.567,0.824,0,593.478,84.689,27.022,2,117.620,1100.001,0,0,1122.877,0.000,28.189,569.852,97.803,0.000,0.000,534.045,211.315,0.030,1.000,534.045,211.315,0.030,1.000,593.533,82.512,-0.026,1.000,593.533,82.512,-0.026,1.000,582.371,60.663,0.442,0.897,0.000,0.000,0,0
110.301,569.852,97.803,-0.567,0.824,0,593.294,91.875,24.180,2,117.620,1100.001,0,0,1123.061,0.000,24.856,569.852,97.803,0.000,0.000,534.258,218.501,0.030,1.000,534.258,218.501,0.030,1.000,593.350,89.699,-0.026,1.000,593.350,89.699,-0.026,1.000,585.081,67.317,0.336,0.942,0.000,0.000,0,0
110.402,569.852,97.803,-0.567,0.824,0,593.110,99.062,23.293,2,117.620,1100.001,0,0,1123.291,0.000,23.332,569.852,97.803,0.000,0.000,534.471,225.686,0.030,1.000,534.471,225.686,0.030,1.000,593.166,96.885,-0.026,1.000,593.166,96.885,-0.026,1.000,587.113,74.210,0.250,0.968,0.000,0.000,0,0
110.502,569.852,97.803,-0.567,0.824,0,592.927,106.248,24.572,2,117.620,1100.001,0,0,1123.567,0.000,23.965,569.852,97.803,0.000,0.000,534.685,232.872,0.030,1.000,534.685,232.872,0.030,1.000,592.982,104.071,-0.026,1.000,592.982,104.071,-0.026,1.000,588.605,81.241,0.182,0.983,0.000,0.000,0,0
110.600,569.852,97.803,-0.567,0.824,0,592.743,113.434,27.719,2,117.620,1100.001,0,0,1123.888,0.000,21.967,569.852,97.803,0.000,0.000,534.898,240.057,0.030,1.000,534.898,240.057,0.030,1.000,589.680,88.348,0.130,0.992,589.680,88.348,0.130,0.992,592.799,111.258,-0.026,1.000,0.000,0.000,0,0
110.703,569.852,109.314,-0.238,0.971,0,588.795,120.265,21.886,0,114.210,1100.761,0,0,1120.468,0.000,24.490,569.852,109.314,0.000,1.000,529.246,240.692,-0.990,-0.140,529.246,240.692,-0.990,-0.140,592.591,118.408,-0.046,0.999,592.591,118.408,-0.046,0.999,590.438,95.496,0.091,0.996,0.000,1.000,0,0
110.803,569.625,123.625,-0.069,0.998,0,579.961,128.225,11.591,0,111.715,1101.647,0,0,1112.306,0.000,16.825,569.625,123.625,-0.019,1.000,522.127,239.689,-0.990,-0.140,522.127,239.689,-0.990,-0.140,586.308,121.443,-0.792,0.611,586.308,121.443,-0.792,0.611,588.622,102.407,-0.336,0.942,0.000,1.000,0,0
110.905,569.568,138.019,-0.020,1.000,0,581.108,138.109,12.039,0,110.855,1102.896,0,0,1114.345,0.000,16.998,569.568,138.019,0.000,1.000,515.008,238.686,-0.990,-0.140,515.008,238.686,-0.990,-0.140,583.079,127.705,-0.256,0.967,583.079,127.705,-0.256,0.967,586.706,109.330,-0.214,0.977,0.000,1.000,0,0
111.000,569.568,152.408,-0.006,1.000,0,583.120,146.787,15.153,0,111.801,1104.386,0,0,1117.211,0.000,21.812,569.568,152.408,0.000,1.000,507.890,237.683,-0.990,-0.140,507.890,237.683,-0.990,-0.140,582.528,134.865,0.018,1.000,582.528,134.865,0.018,1.000,603.845,138.170,0.008,1.000,0.000,1.000,0,0
111.100,569.568,166.797,-0.002,1.000,0,585.156,155.250,19.833,0,114.560,1106.062,0,0,1120.140,0.000,28.276,569.568,166.797,0.000,1.000,500.772,236.680,-0.990,-0.140,500.772,236.680,-0.990,-0.140,583.210,142.029,0.132,0.991,583.210,142.029,0.132,0.991,603.899,145.358,0.008,1.000,0.000,1.000,0,0
111.201,569.568,181.185,0.000,1.000,0,589.226,156.030,31.925,2,119.006,1107.921,0,0,1124.322,0.000,35.344,569.568,181.185,0.000,1.000,493.653,235.677,-0.990,-0.140,493.653,235.677,-0.990,-0.140,582.920,148.461,-0.843,0.538,582.920,148.461,-0.843,0.538,603.953,152.547,0.008,1.000,0.000,1.000,0,0
111.305,569.568,195.574,0.000,1.000,0,589.280,163.219,37.887,2,124.961,1109.965,0,0,1125.198,0.000,44.287,569.568,195.574,0.000,1.000,486.535,234.674,-0.990,-0.140,486.535,234.674,-0.990,-0.140,586.489,154.647,0.363,0.932,586.489,154.647,0.363,0.932,604.007,159.735,0.008,1.000,0.000,1.000,0,0
111.400,569.568,195.574,0.000,1.000,0,589.334,170.407,32.001,2,124.961,1109.965,0,0,1126.120,0.000,38.687,569.568,195.574,0.000,0.000,479.417,233.671,-0.990,-0.140,479.417,233.671,-0.990,-0.140,588.134,161.633,0.160,0.987,588.134,161.633,0.160,0.987,604.061,166.924,0.008,1.000,0.000,0.000,0,0
111.502,569.568,195.574,0.000,1.000,0,589.388,177.596,26.759,2,124.961,1109.965,0,0,1127.086,0.000,33.010,569.568,195.574,0.000,0.000,472.298,232.668,-0.990,-0.140,472.298,232.668,-0.990,-0.140,588.855,168.784,0.071,0.998,588.855,168.784,0.071,0.998,604.115,174.112,0.008,1.000,0.000,0.000,0,0
111.601,569.568,195.574,0.000,1.000,0,589.636,176.164,27.919,2,124.961,1109.965,0,0,1127.147,0.000,27.867,569.568,195.574,0.000,0.000,465.180,231.665,-0.990,-0.140,465.180,231.665,-0.990,-0.140,589.356,175.952,0.124,0.992,589.356,175.952,0.124,0.992,604.363,172.681,0.053,-0.999,0.000,0.000,0,0
111.703,569.568,195.574,0.000,1.000,0,590.014,168.985,33.541,2,124.961,1109.965,0,0,1126.619,0.000,31.773,569.568,195.574,0.000,0.000,458.061,230.662,-0.990,-0.140,458.061,230.662,-0.990,-0.140,589.912,171.168,0.035,-0.999,589.912,171.168,0.035,-0.999,588.657,164.298,0.205,0.979,0.000,0.000,0,0
111.801,569.568,195.574,0.000,1.000,0,590.392,161.806,39.672,2,124.961,1109.965,0,0,1126.137,0.000,37.769,569.568,195.574,0.000,0.000,450.943,229.659,-0.990,-0.140,450.943,229.659,-0.990,-0.140,590.277,163.988,0.052,-0.999,590.277,163.988,0.052,-0.999,590.380,162.811,0.147,-0.989,0.000,0.000,0,0
111.903,569.568,195.574,0.000,1.000,0,590.770,154.628,46.110,2,124.961,1109.965,0,0,1125.701,0.000,44.129,569.568,195.574,0.000,0.000,443.825,228.656,-0.990,-0.140,443.825,228.656,-0.990,-0.140,590.655,156.809,0.053,-0.999,590.655,156.809,0.053,-0.999,590.716,155.631,0.051,-0.999,0.000,0.000,0,0
112.005,566.691,195.574,-0.073,0.997,0,591.148,147.449,53.983,2,127.495,1107.119,0,0,1125.310,0.000,51.994,566.691,195.574,-1.000,0.000,436.706,227.653,-0.990,-0.140,436.706,227.653,-0.990,-0.140,591.033,149.631,0.053,-0.999,591.033,149.631,0.053,-0.999,591.095,148.452,0.053,-0.999,-1.000,0.000,0,0
112.103,552.302,195.574,-0.911,0.412,0,591.525,140.270,67.801,2,140.366,1092.894,0,0,1124.965,0.000,65.965,552.302,195.574,-1.000,0.000,429.588,226.651,-0.990,-0.140,429.588,226.651,-0.990,-0.140,591.411,142.452,0.053,-0.999,591.411,142.452,0.053,-0.999,591.473,141.274,0.053,-0.999,-1.000,0.000,0,0
112.200,537.913,195.574,-0.992,0.127,0,591.903,133.091,82.577,2,153.507,1078.673,0,0,1124.666,0.000,80.862,537.913,195.574,-1.000,0.000,422.470,225.648,-0.990,-0.140,422.470,225.648,-0.990,-0.140,591.788,135.273,0.053,-0.999,591.788,135.273,0.053,-0.999,591.850,134.095,0.053,-0.999,-1.000,0.000,0,0
112.304,523.524,195.574,-0.999,0.035,0,592.281,125.913,97.878,2,166.854,1064.457,0,0,1124.413,0.000,96.256,523.524,195.574,-1.000,0.000,415.351,224.645,-0.990,-0.140,415.351,224.645,-0.990,-0.140,592.166,128.094,0.053,-0.999,592.166,128.094,0.053,-0.999,592.228,126.916,0.053,-0.999,-1.000,0.000,0,0
112.402,517.420,183.714,-0.694,-0.720,0,592.659,118.734,99.415,2,168.973,1056.647,0,0,1124.206,0.000,97.915,517.420,183.714,0.000,-1.000,408.233,223.642,-0.990,-0.140,408.233,223.642,-0.990,-0.140,592.544,120.916,0.053,-0.999,592.544,120.916,0.053,-0.999,592.606,119.737,0.053,-0.999,0.000,-1.000,0,0
112.502,517.420,169.325,-0.223,-0.975,0,593.213,111.575,95.287,2,165.652,1054.662,0,0,1124.221,0.000,93.758,517.420,169.325,0.000,-1.000,401.114,222.639,-0.990,-0.140,401.114,222.639,-0.990,-0.140,592.922,113.737,0.053,-0.999,592.922,113.737,0.053,-0.999,592.984,112.558,0.053,-0.999,0.000,-1.000,0,0
112.603,517.420,154.937,-0.064,-0.998,0,594.471,104.498,92.092,2,163.534,1052.870,0,0,1124.991,0.000,90.611,517.420,154.937,0.000,-1.000,393.996,221.636,-0.990,-0.140,393.996,221.636,-0.990,-0.140,594.089,106.645,0.174,-0.985,594.089,106.645,0.174,-0.985,594.294,105.493,0.177,-0.984,0.000,-1.000,0,0
112.706,517.420,140.548,-0.019,-1.000,0,595.728,97.420,89.400,2,162.666,1051.272,0,0,1125.806,0.000,88.046,517.420,140.548,0.000,-1.000,386.878,220.633,-0.990,-0.140,386.878,220.633,-0.990,-0.140,595.347,99.567,0.175,-0.985,595.347,99.567,0.175,-0.985,595.552,98.415,0.175,-0.985,0.000,-1.000,0,0
112.805,517.420,126.159,-0.005,-1.000,0,596.986,90.342,87.257,2,163.067,1049.869,0,0,1126.666,0.000,86.046,517.420,126.159,0.000,-1.000,379.759,219.630,-0.990,-0.140,379.759,219.630,-0.990,-0.140,596.605,92.489,0.175,-0.985,596.605,92.489,0.175,-0.985,596.810,91.337,0.175,-0.985,0.000,-1.000,0,0
112.902,517.420,111.771,-0.002,-1.000,0,598.244,83.264,85.704,2,164.730,1048.661,0,0,1127.571,0.000,84.652,517.420,111.771,0.000,-1.000,372.641,218.627,-0.990,-0.140,372.641,218.627,-0.990,-0.140,597.863,85.411,0.175,-0.985,597.863,85.411,0.175,-0.985,598.067,84.259,0.175,-0.985,0.000,-1.000,0,0
113.003,527.594,101.596,0.504,-0.864,0,599.502,76.186,76.266,2,156.782,1058.076,0,0,1128.521,0.000,75.215,527.594,101.596,0.707,-0.707,365.523,217.624,-0.990,-0.140,365.523,217.624,-0.990,-0.140,599.121,78.333,0.175,-0.985,599.121,78.333,0.175,-0.985,599.325,77.181,0.175,-0.985,1.000,-1.000,0,0
113.104,537.768,91.422,0.653,-0.758,0,600.760,69.109,66.827,2,149.798,1067.601,0,0,1129.516,0.000,65.778,537.768,91.422,0.707,-0.707,358.404,216.621,-0.990,-0.140,358.404,216.621,-0.990,-0.140,600.379,71.255,0.175,-0.985,600.379,71.255,0.175,-0.985,600.583,70.104,0.175,-0.985,1.000,-1.000,0,0
113.203,547.943,81.248,0.692,-0.722,0,602.018,62.031,57.388,2,143.917,1077.235,0,0,1130.556,0.000,56.342,547.943,81.248,0.707,-0.707,351.286,215.618,-0.990,-0.140,351.286,215.618,-0.990,-0.140,601.637,64.178,0.175,-0.985,601.637,64.178,0.175,-0.985,601.841,63.026,0.175,-0.985,1.000,-1.000,0,0
113.303,558.117,71.073,0.703,-0.712,0,603.276,54.953,47.950,2,139.280,1086.974,0,0,1131.641,0.000,46.907,558.117,71.073,0.707,-0.707,344.167,214.615,-0.990,-0.140,344.167,214.615,-0.990,-0.140,602.895,57.100,0.175,-0.985,602.895,57.100,0.175,-0.985,603.099,55.948,0.175,-0.985,1.000,-1.000,0,0
113.403,568.291,60.899,0.706,-0.708,0,604.534,47.875,38.512,2,136.015,1096.814,0,0,1132.771,0.000,37.475,568.291,60.899,0.707,-0.707,337.049,213.612,-0.990,-0.140,337.049,213.612,-0.990,-0.140,604.152,50.022,0.175,-0.985,604.152,50.022,0.175,-0.985,604.357,48.870,0.175,-0.985,1.000,-1.000,0,0
113.500,578.465,50.725,0.707,-0.707,0,605.792,40.798,29.074,2,134.220,1106.755,0,0,1133.944,0.000,28.046,578.465,50.725,0.707,-0.707,329.931,212.609,-0.990,-0.140,329.931,212.609,-0.990,-0.140,605.410,42.944,0.175,-0.985,605.410,42.944,0.175,-0.985,605.615,41.792,0.175,-0.985,1.000,-1.000,0,0
113.602,588.640,40.550,0.707,-0.707,0,607.050,33.720,19.636,2,133.956,1116.792,0,0,1135.162,0.000,18.627,588.640,40.550,0.707,-0.707,322.812,211.606,-0.990,-0.140,322.812,211.606,-0.990,-0.140,606.668,35.867,0.175,-0.985,606.668,35.867,0.175,-0.985,606.873,34.715,0.175,-0.985,1.000,-1.000,0,0
113.700,602.185,38.515,0.952,-0.305,0,608.308,26.642,13.359,2,126.775,1130.321,0,0,1136.425,0.000,11.294,602.185,38.515,1.000,0.000,315.694,210.603,-0.990,-0.140,315.694,210.603,-0.990,-0.140,607.926,28.789,0.175,-0.985,607.926,28.789,0.175,-0.985,608.131,27.637,0.175,-0.985,1.000,0.000,0,0
113.803,614.046,44.620,0.961,0.275,0,609.566,19.564,25.453,2,114.923,1142.236,0,0,1137.731,0.000,23.419,614.046,44.620,0.707,0.707,308.575,209.600,-0.990,-0.140,308.575,209.600,-0.990,-0.140,609.184,21.711,0.175,-0.985,609.184,21.711,0.175,-0.985,609.389,20.559,0.175,-0.985,1.000,1.000,0,0
113.900,612.011,56.480,0.266,0.964,0,610.824,12.487,44.009,2,106.794,1140.406,0,0,1139.081,0.000,41.876,612.011,56.480,-0.707,0.707,301.457,208.597,-0.990,-0.140,301.457,208.597,-0.990,-0.140,610.442,14.633,0.175,-0.985,610.442,14.633,0.175,-0.985,610.647,13.481,0.175,-0.985,-1.000,1.000,0,0
114.005,601.836,66.654,-0.492,0.870,0,612.082,5.409,62.097,2,106.416,1130.512,0,0,1140.475,0.000,59.916,601.836,66.654,-0.707,0.707,294.339,207.594,-0.990,-0.140,294.339,207.594,-0.990,-0.140,611.700,7.555,0.175,-0.985,611.700,7.555,0.175,-0.985,611.905,6.404,0.175,-0.985,-1.000,1.000,0,0
114.102,591.662,76.829,-0.648,0.762,0,613.340,-1.669,81.436,2,107.972,1120.714,0,0,1141.913,0.000,79.265,591.662,76.829,-0.707,0.707,287.220,206.591,-0.990,-0.140,287.220,206.591,-0.990,-0.140,612.958,0.478,0.175,-0.985,612.958,0.478,0.175,-0.985,613.163,-0.674,0.175,-0.985,-1.000,1.000,0,0
114.202,581.488,87.003,-0.690,0.724,0,614.570,-8.946,101.492,0,111.380,1111.017,0,0,1143.371,0.000,99.150,581.488,87.003,-0.707,0.707,280.102,205.588,-0.990,-0.140,280.102,205.588,-0.990,-0.140,614.206,-6.593,0.169,-0.986,614.206,-6.593,0.169,-0.986,614.414,-7.728,0.174,-0.985,-1.000,1.000,0,0
114.301,571.314,97.177,-0.702,0.712,0,615.474,-17.061,122.479,0,116.479,1101.422,0,0,1144.577,0.000,119.213,571.314,97.177,-0.707,0.707,272.984,204.585,-0.990,-0.140,272.984,204.585,-0.990,-0.140,615.106,-13.701,0.110,-0.994,615.106,-13.701,0.110,-0.994,615.246,-14.858,0.106,-0.994,-1.000,1.000,0,0
114.403,561.139,107.352,-0.706,0.708,0,616.266,-25.192,143.558,0,123.057,1091.933,0,0,1145.728,0.000,139.367,561.139,107.352,-0.707,0.707,265.865,203.582,-0.990,-0.140,265.865,203.582,-0.990,-0.140,615.831,-20.835,0.098,-0.995,615.831,-20.835,0.098,-0.995,615.958,-22.002,0.097,-0.995,-1.000,0.000,0,0
114.503,546.751,107.352,-0.975,0.221,0,617.172,-33.317,157.327,0,136.932,1077.581,0,0,1147.051,0.000,152.266,546.751,107.352,-1.000,0.000,258.747,202.579,-0.990,-0.140,258.747,202.579,-0.990,-0.140,616.545,-27.976,0.111,-0.994,616.545,-27.976,0.111,-0.994,616.671,-29.143,0.112,-0.994,-1.000,0.000,0,0
114.601,532.362,107.352,-0.998,0.066,0,618.447,-41.245,171.759,0,150.904,1063.231,0,0,1148.784,0.000,165.940,532.362,107.352,-1.000,0.000,251.628,201.577,-0.990,-0.140,251.628,201.577,-0.990,-0.140,617.485,-35.091,0.146,-0.989,617.485,-35.091,0.146,-0.989,617.639,-36.268,0.152,-0.988,-1.000,0.000,0,0
114.705,521.345,99.212,-0.898,-0.440,0,619.173,-49.160,177.769,0,163.384,1051.684,0,0,1150.022,0.000,171.558,521.345,99.212,-0.707,-0.707,244.510,200.574,-0.990,-0.140,244.510,200.574,-0.990,-0.140,618.524,-42.169,0.118,-0.993,618.524,-42.169,0.118,-0.993,618.724,-43.380,0.113,-0.994,-1.000,-1.000,0,0
114.804,511.170,89.038,-0.772,-0.636,0,615.516,-42.717,168.069,2,175.792,1040.915,0,0,1145.991,0.000,170.240,511.170,89.038,-0.707,-0.707,237.392,199.571,-0.990,-0.140,237.392,199.571,-0.990,-0.140,617.255,-44.107,-0.367,0.930,617.255,-44.107,-0.367,0.930,617.254,-46.670,-0.196,0.981,-1.000,-1.000,0,0
114.902,500.996,78.864,-0.727,-0.687,0,612.036,-49.007,169.354,2,188.482,1030.234,0,0,1142.941,0.000,168.826,500.996,78.864,-0.707,-0.707,230.273,198.568,-0.990,-0.140,230.273,198.568,-0.990,-0.140,612.791,-47.644,-0.487,-0.873,612.791,-47.644,-0.487,-0.873,612.766,-47.687,-0.484,-0.875,-1.000,-1.000,0,0
115.003,490.822,68.689,-0.713,-0.701,0,608.556,-55.297,170.980,2,201.400,1019.644,0,0,1139.929,0.000,170.517,490.822,68.689,-0.707,-0.707,223.155,197.565,-0.990,-0.140,223.155,197.565,-0.990,-0.140,609.311,-53.934,-0.484,-0.875,609.311,-53.934,-0.484,-0.875,609.286,-53.978,-0.484,-0.875,-1.000,-1.000,0,0
115.104,480.647,58.515,-0.709,-0.705,0,606.297,-56.201,170.140,2,214.506,1009.148,0,0,1137.745,0.000,171.098,480.647,58.515,-0.707,-0.707,216.037,196.562,-0.990,-0.140,216.037,196.562,-0.990,-0.140,606.372,-57.537,-0.108,0.994,606.372,-57.537,-0.108,0.994,606.377,-57.578,-0.087,0.996,-1.000,-1.000,0,0
115.206,470.473,48.341,-0.708,-0.707,0,605.867,-49.025,166.769,2,227.766,998.749,0,0,1136.790,0.000,161.436,470.473,48.341,-0.707,-0.707,208.918,195.559,-0.990,-0.140,208.918,195.559,-0.990,-0.140,424.800,-106.500,0.000,0.000,424.800,-106.500,0.000,0.000,605.947,-50.361,-0.060,0.998,-1.000,-1.000,0,0
115.305,460.298,38.166,-0.707,-0.707,0,605.438,-41.850,165.735,2,241.156,988.451,0,0,1135.879,0.000,148.958,460.298,38.166,-0.707,-0.707,201.800,194.556,-0.990,-0.140,201.800,194.556,-0.990,-0.140,424.800,-106.500,0.000,0.000,424.800,-106.500,0.000,0.000,605.518,-43.185,-0.060,0.998,-1.000,-1.000,0,0
115.405,452.159,27.149,-0.551,-0.835,0,605.009,-34.674,164.879,2,253.193,980.293,0,0,1135.014,0.000,136.421,452.159,27.149,0.000,-1.000,194.681,193.553,-0.990,-0.140,194.681,193.553,-0.990,-0.140,424.800,-106.500,0.000,0.000,424.800,-106.500,0.000,0.000,605.088,-36.009,-0.060,0.998,1.000,-1.000,0,0
115.501,462.333,16.975,0.368,-0.930,0,604.579,-27.498,149.036,2,248.888,990.556,0,0,1134.193,0.000,129.053,462.333,16.975,0.707,-0.707,187.563,192.550,-0.990,-0.140,187.563,192.550,-0.990,-0.140,424.800,-106.500,0.000,0.000,424.800,-106.500,0.000,0.000,604.659,-28.833,-0.060,0.998,1.000,-1.000,0,0
115.603,476.722,16.975,0.925,-0.381,0,604.150,-20.322,132.774,2,236.450,1004.942,0,0,1133.417,0.000,133.231,476.722,16.975,1.000,0.000,180.445,191.547,-0.990,-0.140,180.445,191.547,-0.990,-0.140,604.230,-21.657,-0.060,0.998,604.230,-21.657,-0.060,0.998,604.232,-21.698,-0.060,0.998,1.000,0.000,0,0
115.701,491.111,16.975,0.993,-0.115,0,603.720,-13.146,116.568,2,224.245,1019.327,0,0,1132.687,0.000,116.997,491.111,16.975,1.000,0.000,173.326,190.544,-0.990,-0.140,173.326,190.544,-0.990,-0.140,603.800,-14.481,-0.060,0.998,603.800,-14.481,-0.060,0.998,603.803,-14.522,-0.060,0.998,1.000,0.000,0,0
115.801,505.500,16.975,0.999,-0.033,0,603.291,-5.970,100.447,2,212.314,1033.713,0,0,1132.001,0.000,100.838,505.500,16.975,1.000,0.000,166.208,189.541,-0.990,-0.140,166.208,189.541,-0.990,-0.140,603.371,-7.305,-0.060,0.998,603.371,-7.305,-0.060,0.998,603.373,-7.346,-0.060,0.998,1.000,0.000,0,0
115.904,519.888,16.975,1.000,-0.009,0,602.862,1.206,84.459,2,200.706,1048.099,0,0,1131.361,0.000,84.796,519.888,16.975,1.000,0.000,159.090,188.538,-0.990,-0.140,159.090,188.538,-0.990,-0.140,602.942,-0.129,-0.060,0.998,602.942,-0.129,-0.060,0.998,602.944,-0.171,-0.060,0.998,1.000,0.000,0,0
116.000,534.277,16.975,1.000,-0.003,0,602.432,8.382,68.695,2,189.480,1062.485,0,0,1130.766,0.000,68.954,534.277,16.975,1.000,0.000,151.971,187.535,-0.990,-0.140,151.971,187.535,-0.990,-0.140,602.512,7.046,-0.060,0.998,602.512,7.046,-0.060,0.998,602.515,7.005,-0.060,0.998,1.000,0.000,0,0
116.102,548.666,16.975,1.000,-0.001,0,602.003,15.557,53.356,2,178.707,1076.871,0,0,1130.217,0.000,53.488,548.666,16.975,1.000,0.000,144.853,186.532,-0.990,-0.140,144.853,186.532,-0.990,-0.140,602.083,14.222,-0.060,0.998,602.083,14.222,-0.060,0.998,602.085,14.181,-0.060,0.998,1.000,0.000,0,0
116.204,563.054,16.975,1.000,0.000,0,601.573,22.733,38.947,2,168.475,1091.257,0,0,1129.713,0.000,38.849,563.054,16.975,1.000,0.000,137.734,185.529,-0.990,-0.140,137.734,185.529,-0.990,-0.140,601.656,21.357,-0.060,0.998,601.656,21.357,-0.060,0.998,601.653,21.398,-0.060,0.998,1.000,0.000,0,0
116.300,574.914,23.079,0.923,0.386,0,601.144,29.909,27.104,2,155.974,1103.055,0,0,1129.254,0.000,26.871,574.914,23.079,0.707,0.707,130.616,184.526,-0.990,-0.140,130.616,184.526,-0.990,-0.140,601.226,28.533,-0.060,0.998,601.226,28.533,-0.060,0.998,601.224,28.574,-0.060,0.998,1.000,1.000,0,0
116.406,568.810,34.939,0.058,0.998,0,600.715,37.085,31.977,2,151.845,1096.930,0,0,1128.841,0.000,31.995,568.810,34.939,-0.707,0.707,123.498,183.523,-0.990,-0.140,123.498,183.523,-0.990,-0.140,600.795,35.750,-0.060,0.998,600.795,35.750,-0.060,0.998,600.797,35.709,-0.060,0.998,-1.000,1.000,0,0
116.503,558.636,45.114,-0.529,0.849,0,600.285,44.261,41.658,2,153.026,1086.843,0,0,1128.474,0.000,41.787,558.636,45.114,-0.707,0.707,116.379,182.520,-0.990,-0.140,116.379,182.520,-0.990,-0.140,600.365,42.926,-0.060,0.998,600.365,42.926,-0.060,0.998,600.368,42.885,-0.060,0.998,-1.000,1.000,0,0
116.603,548.461,55.288,-0.660,0.752,0,599.856,51.437,51.539,2,155.536,1076.853,0,0,1128.153,0.000,51.735,548.461,55.288,-0.707,0.707,109.261,181.517,-0.990,-0.140,109.261,181.517,-0.990,-0.140,599.936,50.102,-0.060,0.998,599.936,50.102,-0.060,0.998,599.938,50.061,-0.060,0.998,-1.000,1.000,0,0
116.705,538.287,65.462,-0.694,0.720,0,599.427,58.613,61.522,2,159.310,1066.963,0,0,1127.877,0.000,61.764,538.287,65.462,-0.707,0.707,102.143,180.514,-0.990,-0.140,102.143,180.514,-0.990,-0.140,599.506,57.277,-0.060,0.998,599.506,57.277,-0.060,0.998,599.509,57.236,-0.060,0.998,-1.000,1.000,0,0
116.800,536.252,77.322,-0.251,0.968,0,598.997,65.788,63.796,2,156.141,1065.380,0,0,1127.647,0.000,64.129,536.252,77.322,0.707,0.707,95.024,179.511,-0.990,-0.140,95.024,179.511,-0.990,-0.140,599.077,64.453,-0.060,0.998,599.077,64.453,-0.060,0.998,599.080,64.412,-0.060,0.998,1.000,1.000,0,0
116.901,546.427,87.497,0.478,0.879,0,598.568,72.964,54.129,2,142.982,1076.031,0,0,1127.463,0.000,54.579,546.427,87.497,0.707,0.707,87.906,178.508,-0.990,-0.140,87.906,178.508,-0.990,-0.140,598.648,71.629,-0.060,0.998,598.648,71.629,-0.060,0.998,598.650,71.588,-0.060,0.998,1.000,1.000,0,0
117.002,556.601,97.671,0.647,0.763,0,598.138,80.140,45.086,2,130.082,1086.768,0,0,1127.324,0.000,45.694,556.601,97.671,0.707,0.707,80.787,177.505,-0.990,-0.140,80.787,177.505,-0.990,-0.140,598.218,78.805,-0.060,0.998,598.218,78.805,-0.060,0.998,598.221,78.764,-0.060,0.998,1.000,1.000,0,0
117.106,570.147,99.706,0.947,0.323,0,597.709,87.316,30.219,2,116.710,1100.413,0,0,1127.232,0.000,30.862,570.147,99.706,1.000,0.000,73.669,176.503,-0.990,-0.140,73.669,176.503,-0.990,-0.140,597.789,85.981,-0.060,0.998,597.789,85.981,-0.060,0.998,597.791,85.940,-0.060,0.998,1.000,0.000,0,0
117.205,584.535,99.706,0.995,0.095,0,597.280,94.492,13.770,2,103.378,1114.772,0,0,1127.185,0.000,14.400,584.535,99.706,1.000,0.000,66.551,175.500,-0.990,-0.140,66.551,175.500,-0.990,-0.140,597.360,93.157,-0.060,0.998,597.360,93.157,-0.060,0.998,597.362,93.116,-0.060,0.998,1.000,0.000,0,0
117.301,597.748,100.028,1.000,0.029,0,598.072,101.710,2.347,0,91.284,1127.979,0,0,1128.385,0.000,0.970,597.748,100.028,1.000,0.006,59.432,174.497,-0.990,-0.140,59.432,174.497,-0.990,-0.140,596.783,100.120,-0.040,0.999,596.783,100.120,-0.040,0.999,596.721,100.299,-0.078,0.997,1.000,0.000,0,0
117.404,612.137,100.028,1.000,0.008,0,599.883,108.934,15.444,0,78.695,1142.339,0,0,1130.651,0.000,5.108,612.137,100.028,1.000,0.000,52.314,173.494,-0.990,-0.140,52.314,173.494,-0.990,-0.140,612.208,105.133,-0.067,0.997,599.653,106.586,0.177,0.984,599.653,106.586,0.177,0.984,1.000,0.000,0,0
117.502,626.526,100.028,1.000,0.002,0,593.497,115.887,36.845,0,66.837,1156.701,0,0,1124.775,0.000,19.191,626.526,100.028,1.000,0.000,45.195,172.491,-0.990,-0.140,45.195,172.491,-0.990,-0.140,611.753,112.278,-0.067,0.998,597.751,112.928,-0.773,0.635,597.751,112.928,-0.773,0.635,1.000,0.000,0,0
117.600,640.915,100.028,1.000,0.001,0,583.254,122.027,61.885,0,56.174,1171.063,0,0,1115.040,0.000,35.441,640.915,100.028,1.000,0.000,38.077,171.488,-0.990,-0.140,38.077,171.488,-0.990,-0.140,611.270,119.450,-0.067,0.998,591.702,116.830,-0.850,0.526,591.702,116.830,-0.850,0.526,1.000,0.000,0,0
117.703,652.775,93.924,0.933,-0.360,0,577.973,129.714,82.986,0,53.716,1182.560,0,0,1110.449,0.000,53.219,652.775,93.924,0.707,-0.707,30.959,170.485,-0.990,-0.140,30.959,170.485,-0.990,-0.140,610.786,126.623,-0.067,0.998,585.999,121.085,-0.721,0.692,585.999,121.085,-0.721,0.692,1.000,-1.000,0,0
117.801,662.949,83.749,0.790,-0.614,0,573.809,137.694,104.223,0,58.715,1192.225,0,0,1107.051,0.000,72.638,662.949,83.749,0.707,-0.707,44.000,-93.000,0.000,0.000,44.000,-93.000,0.000,0.000,610.302,133.795,-0.067,0.998,581.482,126.676,-0.586,0.810,581.482,126.676,-0.586,0.810,0.000,-1.000,0,0
117.900,652.775,73.575,-0.280,-0.960,0,566.147,142.115,110.598,0,71.338,1181.651,0,0,1099.833,0.000,79.919,652.775,73.575,-0.707,-0.707,44.000,-93.000,0.000,0.000,44.000,-93.000,0.000,0.000,609.818,140.968,-0.067,0.998,577.065,132.185,-0.705,0.709,577.065,132.185,-0.705,0.709,-1.000,-1.000,0,0
118.002,642.600,63.401,-0.600,-0.800,0,558.445,145.365,117.662,0,84.527,1171.157,0,0,1092.496,0.000,91.035,642.600,63.401,-0.707,-0.707,44.000,-93.000,0.000,0.000,44.000,-93.000,0.000,0.000,609.335,148.140,-0.067,0.998,571.440,136.635,-0.818,0.575,571.440,136.635,-0.818,0.575,-1.000,-1.000,0,0
118.102,628.212,63.401,-0.949,-0.315,0,551.158,148.665,115.114,0,91.695,1156.776,0,0,1085.603,0.000,93.928,628.212,63.401,-1.000,0.000,44.000,-93.000,0.000,0.000,44.000,-93.000,0.000,0.000,608.851,155.312,-0.067,0.998,565.351,140.451,-0.861,0.509,565.351,140.451,-0.861,0.509,-1.000,0.000,0,0
118.201,613.823,63.401,-0.996,-0.093,0,544.261,151.872,112.739,0,100.425,1142.394,0,0,1079.101,0.000,97.399,613.823,63.401,-1.000,0.000,44.000,-93.000,0.000,0.000,44.000,-93.000,0.000,0.000,559.076,143.957,-0.879,0.476,559.076,143.957,-0.879,0.476,558.968,144.035,-0.880,0.475,-1.000,0.000,0,0
118.302,599.434,63.401,-1.000,-0.026,0,535.116,154.186,111.457,0,110.347,1128.012,0,0,1070.279,0.000,96.024,599.434,63.401,-1.000,0.000,44.000,-93.000,0.000,0.000,44.000,-93.000,0.000,0.000,552.705,147.288,-0.890,0.456,552.705,147.288,-0.890,0.456,552.594,147.359,-0.890,0.455,-1.000,0.000,0,0
118.403,585.045,63.401,-1.000,-0.008,0,516.493,153.315,113.261,0,121.169,1113.631,0,0,1051.681,0.000,94.285,585.045,63.401,-1.000,0.000,44.000,-93.000,0.000,0.000,44.000,-93.000,0.000,0.000,545.773,149.118,-0.986,0.168,545.773,149.118,-0.986,0.168,545.659,149.178,-0.986,0.167,-1.000,0.000,0,0
118.502,570.657,63.401,-1.000,-0.002,0,500.829,152.583,113.461,0,132.670,1099.250,0,0,1036.040,0.000,92.222,570.657,63.401,-1.000,0.000,44.000,-93.000,0.000,0.000,44.000,-93.000,0.000,0.000,538.627,149.882,-0.997,0.079,538.627,149.882,-0.997,0.079,538.512,149.933,-0.997,0.078,-1.000,0.000,0,0
118.604,556.268,63.401,-1.000,-0.001,0,489.160,152.037,111.373,0,144.689,1084.869,0,0,1024.388,0.000,90.374,556.268,63.401,-1.000,0.000,44.000,-93.000,0.000,0.000,44.000,-93.000,0.000,0.000,531.450,150.300,-0.999,0.046,531.450,150.300,-0.999,0.046,531.335,150.344,-0.999,0.045,-1.000,0.000,0,0
118.703,541.879,63.401,-1.000,0.000,0,477.722,151.502,109.188,0,157.107,1070.488,0,0,1012.968,0.000,88.894,541.879,63.401,-1.000,0.000,44.000,-93.000,0.000,0.000,44.000,-93.000,0.000,0.000,524.266,150.532,-1.000,0.024,524.266,150.532,-1.000,0.024,524.150,150.570,-1.000,0.024,-1.000,0.000,0,0
118.800,527.491,63.401,-1.000,0.000,0,466.509,150.978,106.923,0,169.836,1056.108,0,0,1001.773,0.000,87.857,527.491,63.401,-1.000,0.000,44.000,-93.000,0.000,0.000,44.000,-93.000,0.000,0.000,517.078,150.639,-1.000,0.009,517.078,150.639,-1.000,0.009,516.962,150.671,-1.000,0.009,-1.000,0.000,0,0
118.904,513.102,63.401,-1.000,0.000,0,455.516,150.464,104.596,0,182.811,1041.728,0,0,990.798,0.000,87.314,513.102,63.401,-1.000,0.000,44.000,-93.000,0.000,0.000,44.000,-93.000,0.000,0.000,509.889,150.656,-1.000,-0.002,509.889,150.656,-1.000,-0.002,509.774,150.684,-1.000,-0.002,-1.000,0.000,0,0
119.004,499.556,65.436,-0.994,0.111,0,444.736,149.960,100.963,0,194.440,1028.257,0,0,980.038,0.000,85.230,499.556,65.436,-0.707,0.707,33.373,186.737,0.897,0.443,33.373,186.737,0.897,0.443,502.701,150.607,-1.000,-0.010,502.701,150.607,-1.000,-0.010,502.585,150.632,-1.000,-0.010,-1.000,1.000,0,0
119.105,489.382,75.610,-0.830,0.558,0,434.168,149.466,92.451,0,200.492,1018.485,0,0,969.489,0.000,75.150,489.382,75.610,-0.707,0.707,39.820,189.918,0.897,0.443,39.820,189.918,0.897,0.443,495.513,150.509,-1.000,-0.016,495.513,150.509,-1.000,-0.016,495.397,150.531,-1.000,-0.016,-1.000,1.000,0,0
119.201,479.207,85.784,-0.747,0.665,0,423.807,148.982,84.304,0,207.367,1008.824,0,0,959.147,0.000,65.230,479.207,85.784,-0.707,0.707,46.266,193.099,0.897,0.443,46.266,193.099,0.897,0.443,488.325,150.373,-1.000,-0.021,488.325,150.373,-1.000,-0.021,488.210,150.393,-1.000,-0.021,-1.000,1.000,0,0
119.303,469.033,95.959,-0.719,0.695,0,413.650,148.507,76.633,0,214.987,999.277,0,0,949.009,0.000,55.575,469.033,95.959,-0.707,0.707,52.712,196.281,0.897,0.443,52.712,196.281,0.897,0.443,481.023,150.224,-1.000,-0.025,481.023,150.224,-1.000,-0.025,481.138,150.208,-1.000,-0.025,-1.000,1.000,0,0
119.404,458.858,106.133,-0.710,0.704,0,403.692,148.041,69.596,0,223.275,989.847,0,0,939.071,0.000,46.385,458.858,106.133,-0.707,0.707,59.159,199.462,0.897,0.443,59.159,199.462,0.897,0.443,473.837,150.033,-1.000,-0.028,473.837,150.033,-1.000,-0.028,473.952,150.018,-1.000,-0.028,-1.000,1.000,0,0
119.502,448.684,116.307,-0.708,0.706,0,393.930,147.585,63.406,0,232.159,980.537,0,0,929.329,0.000,38.027,448.684,116.307,-0.707,0.707,65.605,202.644,0.897,0.443,65.605,202.644,0.897,0.443,466.651,149.821,-1.000,-0.030,466.651,149.821,-1.000,-0.030,466.767,149.808,-1.000,-0.030,-1.000,1.000,0,0
119.603,437.667,124.447,-0.808,0.589,0,384.360,147.138,58.314,0,242.519,970.315,0,0,919.779,0.000,33.281,437.667,124.447,-1.000,0.000,72.052,205.825,0.897,0.443,72.052,205.825,0.897,0.443,459.466,149.595,-0.999,-0.032,459.466,149.595,-0.999,-0.032,459.581,149.583,-0.999,-0.032,-1.000,0.000,0,0
119.702,423.278,124.447,-0.983,0.186,0,374.977,146.699,53.592,0,256.858,955.996,0,0,910.418,0.000,38.231,423.278,124.447,-1.000,0.000,78.498,209.006,0.897,0.443,78.498,209.006,0.897,0.443,452.281,149.355,-0.999,-0.034,452.281,149.355,-0.999,-0.034,452.397,149.345,-0.999,-0.034,-1.000,0.000,0,0
119.804,408.889,124.447,-0.999,0.053,0,365.779,146.269,48.772,0,271.203,941.679,0,0,901.240,0.000,43.806,408.889,124.447,-1.000,0.000,84.945,212.188,0.897,0.443,84.945,212.188,0.897,0.443,445.097,149.104,-0.999,-0.035,445.097,149.104,-0.999,-0.035,445.212,149.095,-0.999,-0.035,-1.000,0.000,0,0
119.901,394.500,124.447,-1.000,0.016,0,356.762,145.847,43.888,0,285.552,927.365,0,0,892.244,0.000,49.798,394.500,124.447,-1.000,0.000,91.391,215.369,0.897,0.443,91.391,215.369,0.897,0.443,437.913,148.844,-0.999,-0.037,437.913,148.844,-0.999,-0.037,438.028,148.836,-0.999,-0.037,-1.000,0.000,0,0
120.000,380.112,124.447,-1.000,0.005,0,347.922,145.434,38.996,0,299.904,913.053,0,0,883.425,0.000,56.075,380.112,124.447,-1.000,0.000,97.837,218.550,0.897,0.443,97.837,218.550,0.897,0.443,430.730,148.575,-0.999,-0.038,430.730,148.575,-0.999,-0.038,430.845,148.569,-0.999,-0.038,-1.000,0.000,0,0
120.101,365.723,124.447,-1.000,0.001,1,350.590,124.467,15.133,1,314.260,898.743,0,0,883.698,0.000,62.550,365.723,124.447,-1.000,0.000,104.284,221.732,0.897,0.443,104.284,221.732,0.897,0.443,423.546,148.300,-0.999,-0.039,423.546,148.300,-0.999,-0.039,423.661,148.294,-0.999,-0.038,-1.000,0.000,0,0
120.202,351.334,124.447,-1.000,0.000,1,336.201,124.452,15.133,1,328.619,884.436,0,0,869.393,0.000,68.864,351.334,124.447,-1.000,0.000,110.730,224.913,0.897,0.443,110.730,224.913,0.897,0.443,416.667,146.217,-0.963,-0.270,416.667,146.217,-0.963,-0.270,416.781,146.214,-0.963,-0.270,-1.000,0.000,0,0
120.303,340.317,132.586,-0.874,0.485,1,327.086,139.932,15.133,1,339.390,874.393,0,0,862.153,0.000,70.383,340.317,132.586,-0.707,0.707,117.177,228.095,0.897,0.443,117.177,228.095,0.897,0.443,409.622,144.860,-0.995,-0.100,409.622,144.860,-0.995,-0.100,409.736,144.859,-0.995,-0.100,-1.000,1.000,0,0
120.401,326.771,134.621,-0.975,0.222,1,312.016,137.981,15.133,1,352.896,861.185,0,0,846.960,0.000,76.315,326.771,134.621,-1.000,0.000,123.623,231.276,0.897,0.443,123.623,231.276,0.897,0.443,402.443,144.509,-0.998,-0.066,402.443,144.509,-0.998,-0.066,402.556,144.509,-0.998,-0.066,-1.000,0.000,0,0
120.504,320.666,122.761,-0.778,-0.628,1,308.892,113.254,15.133,1,359.298,853.769,0,0,841.082,0.000,77.484,320.666,122.761,0.000,-1.000,130.070,234.457,0.897,0.443,130.070,234.457,0.897,0.443,395.362,143.361,-0.967,-0.255,395.362,143.361,-0.967,-0.255,395.476,143.362,-0.967,-0.255,0.000,-1.000,0,0
120.601,320.666,108.372,-0.262,-0.965,1,316.703,93.767,15.133,1,360.191,852.341,0,0,847.186,0.000,75.314,320.666,108.372,0.000,-1.000,136.516,237.639,0.897,0.443,136.516,237.639,0.897,0.443,388.877,140.303,-0.860,-0.511,388.877,140.303,-0.860,-0.511,388.989,140.307,-0.860,-0.510,1.000,-1.000,0,0
120.703,330.841,98.198,0.473,-0.881,1,338.005,84.868,15.133,1,351.067,861.617,0,0,867.827,0.000,64.549,330.841,98.198,0.707,-0.707,142.962,240.820,0.897,0.443,142.962,240.820,0.897,0.443,383.347,135.743,-0.701,-0.713,383.347,135.743,-0.701,-0.713,383.455,135.753,-0.702,-0.712,1.000,-1.000,0,0
120.805,341.015,88.024,0.646,-0.763,1,350.797,76.476,15.133,1,342.304,871.033,0,0,880.119,0.000,56.653,341.015,88.024,0.707,-0.707,149.409,244.002,0.897,0.443,149.409,244.002,0.897,0.443,379.112,129.955,-0.510,-0.860,379.112,129.955,-0.510,-0.860,379.213,129.969,-0.511,-0.859,1.000,-1.000,0,0
120.905,354.561,85.989,0.950,-0.313,1,368.933,81.250,15.133,1,329.239,884.419,0,0,898.483,0.000,43.272,354.561,85.989,1.000,0.000,155.855,247.183,0.897,0.443,155.855,247.183,0.897,0.443,376.503,123.285,-0.245,-0.969,376.503,123.285,-0.245,-0.969,376.593,123.303,-0.247,-0.969,1.000,0.000,0,0
121.001,368.950,85.989,0.995,-0.096,0,373.723,101.243,15.984,2,315.055,898.778,0,0,904.599,0.000,31.053,368.950,85.989,1.000,0.000,162.302,250.364,0.897,0.443,162.302,250.364,0.897,0.443,376.357,116.145,0.147,-0.989,376.357,116.145,0.147,-0.989,376.432,116.164,0.144,-0.990,1.000,0.000,0,0
121.101,383.339,85.989,1.000,-0.028,0,369.580,107.118,25.214,2,300.892,913.138,0,0,900.948,0.000,25.593,383.339,85.989,1.000,0.000,168.748,253.546,0.897,0.443,168.748,253.546,0.897,0.443,373.647,109.676,-0.655,-0.755,373.647,109.676,-0.655,-0.755,372.214,122.020,-0.576,0.817,1.000,0.000,0,0
121.202,397.727,85.989,1.000,-0.008,0,368.432,108.628,37.036,0,286.751,927.499,0,0,899.917,0.000,34.094,397.727,85.989,1.000,0.000,175.195,256.727,0.897,0.443,175.195,256.727,0.897,0.443,372.495,108.918,0.000,0.000,372.495,108.918,0.000,0.000,368.072,127.896,-0.576,0.817,1.000,0.000,0,0
121.304,412.116,85.989,1.000,-0.002,0,367.561,109.087,50.232,0,272.635,941.860,0,0,899.070,0.000,45.778,412.116,85.989,1.000,0.000,181.641,259.908,0.897,0.443,181.641,259.908,0.897,0.443,372.494,108.918,0.000,0.000,372.494,108.918,0.000,0.000,363.930,133.771,-0.576,0.817,1.000,0.000,0,0
121.403,417.872,85.989,0.987,-0.163,0,366.574,109.598,56.561,0,266.997,947.605,0,0,898.117,0.000,50.841,417.872,85.989,-1.000,0.000,188.088,263.090,0.897,0.443,188.088,263.090,0.897,0.443,372.494,108.918,0.000,0.000,372.494,108.918,0.000,0.000,359.787,139.646,-0.576,0.817,-1.000,0.000,0,0
121.501,403.483,85.989,0.186,-0.983,0,365.596,110.100,45.099,0,281.101,933.243,0,0,897.174,0.000,38.549,403.483,85.989,-1.000,0.000,194.534,266.271,0.897,0.443,194.534,266.271,0.897,0.443,372.495,108.918,0.000,0.000,372.495,108.918,0.000,0.000,355.645,145.521,-0.576,0.817,-1.000,0.000,0,0
121.604,389.094,85.989,-0.895,-0.445,0,364.607,110.442,34.930,0,295.232,918.882,0,0,896.212,0.000,28.307,389.094,85.989,-1.000,0.000,200.981,269.452,0.897,0.443,200.981,269.452,0.897,0.443,372.495,108.918,0.000,0.000,372.495,108.918,0.000,0.000,351.502,151.396,-0.576,0.817,-1.000,0.000,0,0
121.701,375.548,88.024,-1.000,0.019,0,349.994,103.810,30.037,0,308.222,905.489,0,0,881.156,0.000,21.116,375.548,88.024,-0.707,0.707,207.427,272.634,0.897,0.443,207.427,272.634,0.897,0.443,372.495,108.918,0.000,0.000,372.495,108.918,0.000,0.000,347.360,157.271,-0.576,0.817,-1.000,1.000,0,0
121.803,365.374,98.198,-0.838,0.546,0,330.972,99.491,34.426,0,316.818,896.043,0,0,861.848,0.000,12.869,365.374,98.198,-0.707,0.707,213.874,275.815,0.897,0.443,213.874,275.815,0.897,0.443,372.495,108.918,0.000,0.000,372.495,108.918,0.000,0.000,343.217,163.146,-0.576,0.817,-1.000,1.000,0,0
121.902,355.199,108.372,-0.749,0.662,0,312.422,95.280,44.737,0,325.824,886.731,0,0,843.026,0.000,17.304,355.199,108.372,-0.707,0.707,220.320,278.996,0.897,0.443,220.320,278.996,0.897,0.443,372.495,108.918,0.000,0.000,372.495,108.918,0.000,0.000,339.075,169.021,-0.576,0.817,-1.000,1.000,0,0
122.001,342.496,112.442,-0.939,0.344,0,294.330,91.173,52.656,0,338.131,874.449,0,0,824.676,0.000,30.204,342.496,112.442,-1.000,0.000,226.766,282.177,0.897,0.443,226.766,282.177,0.897,0.443,372.495,108.918,0.000,0.000,372.495,108.918,0.000,0.000,334.932,174.896,-0.576,0.817,-1.000,0.000,0,0
122.104,328.951,110.407,-0.995,-0.103,0,276.687,87.167,57.206,0,351.779,860.775,0,0,806.787,0.000,43.569,328.951,110.407,-0.707,-0.707,233.213,285.359,0.897,0.443,233.213,285.359,0.897,0.443,372.495,108.918,0.000,0.000,372.495,108.918,0.000,0.000,330.790,180.771,-0.576,0.817,-1.000,-1.000,0,0
122.202,318.776,100.233,-0.835,-0.550,0,259.480,83.261,61.694,0,362.828,849.756,0,0,789.348,0.000,54.416,318.776,100.233,-0.707,-0.707,239.659,288.540,0.897,0.443,239.659,288.540,0.897,0.443,372.495,108.918,0.000,0.000,372.495,108.918,0.000,0.000,326.647,186.646,-0.576,0.817,-1.000,-1.000,0,0
122.304,308.602,90.059,-0.747,-0.665,0,242.698,79.451,66.780,0,374.104,838.838,0,0,772.349,0.000,66.618,308.602,90.059,-0.707,-0.707,246.106,291.721,0.897,0.443,246.106,291.721,0.897,0.443,372.495,108.918,0.000,0.000,372.495,108.918,0.000,0.000,322.505,192.522,-0.576,0.817,-1.000,-1.000,0,0
122.402,295.899,85.989,-0.904,-0.427,0,226.333,75.736,70.365,0,387.220,825.888,0,0,755.778,0.000,79.954,295.899,85.989,-1.000,0.000,252.552,294.903,0.897,0.443,252.552,294.903,0.897,0.443,372.495,108.918,0.000,0.000,372.495,108.918,0.000,0.000,318.363,198.397,-0.576,0.817,-1.000,0.000,0,0
122.500,281.510,85.989,-0.992,-0.129,0,210.372,72.112,72.554,0,401.472,811.535,0,0,739.626,0.000,93.829,281.510,85.989,-1.000,0.000,258.999,298.084,0.897,0.443,258.999,298.084,0.897,0.443,372.495,108.918,0.000,0.000,372.495,108.918,0.000,0.000,314.220,204.272,-0.576,0.817,-1.000,0.000,0,0
122.603,268.807,90.059,-0.981,0.192,0,194.806,68.578,77.163,0,413.571,799.155,0,0,723.882,0.000,105.389,268.807,90.059,-0.707,0.707,265.445,301.265,0.897,0.443,265.445,301.265,0.897,0.443,372.495,108.918,0.000,0.000,372.495,108.918,0.000,0.000,310.078,210.147,-0.576,0.817,-1.000,1.000,0,0
122.700,257.790,98.198,-0.899,0.438,0,179.626,65.132,85.014,0,423.669,788.823,0,0,708.536,0.000,115.205,257.790,98.198,-1.000,0.000,271.891,304.447,0.897,0.443,271.891,304.447,0.897,0.443,372.495,108.918,0.000,0.000,372.495,108.918,0.000,0.000,305.935,216.022,-0.576,0.817,-1.000,0.000,0,0
122.800,243.401,98.198,-0.991,0.130,0,164.821,61.771,86.812,0,437.986,774.491,0,0,693.579,0.000,129.538,243.401,98.198,-1.000,0.000,278.338,307.628,0.897,0.443,278.338,307.628,0.897,0.443,372.495,108.918,0.000,0.000,372.495,108.918,0.000,0.000,301.793,221.897,-0.576,0.817,-1.000,0.000,0,0
122.903,229.012,98.198,-0.999,0.037,0,150.535,58.528,88.185,0,452.309,760.161,0,0,679.158,0.000,143.882,229.012,98.198,-1.000,0.000,284.784,310.809,0.897,0.443,284.784,310.809,0.897,0.443,372.495,108.918,0.000,0.000,372.495,108.918,0.000,0.000,297.650,227.772,-0.576,0.817,-1.000,-1.000,0,0
123.001,218.838,88.024,-0.854,-0.520,0,137.097,55.477,88.232,0,463.423,749.185,0,0,665.613,0.000,155.071,218.838,88.024,-0.707,-0.707,291.231,313.990,0.897,0.443,291.231,313.990,0.897,0.443,372.495,108.918,0.000,0.000,372.495,108.918,0.000,0.000,293.508,233.647,-0.576,0.817,-1.000,-1.000,0,0
123.103,208.664,77.849,-0.753,-0.658,0,124.040,52.513,88.584,0,474.713,738.326,0,0,652.462,0.000,166.751,208.664,77.849,-0.707,-0.707,44.000,-93.000,0.000,0.000,44.000,-93.000,0.000,0.000,372.495,108.918,0.000,0.000,372.495,108.918,0.000,0.000,289.365,239.522,-0.576,0.817,-1.000,-1.000,0,0
123.201,197.647,69.710,-0.818,-0.575,0,111.364,49.635,88.835,0,486.711,726.854,0,0,639.703,0.000,175.291,197.647,69.710,-1.000,0.000,44.000,-93.000,0.000,0.000,44.000,-93.000,0.000,0.000,369.079,106.284,-0.792,-0.611,369.079,106.284,-0.792,-0.611,108.800,-94.600,0.000,0.000,-1.000,0.000,0,0
123.304,186.136,69.710,-0.983,-0.186,0,99.057,46.841,90.275,0,498.105,715.363,0,0,627.326,0.000,180.149,186.136,69.710,0.000,0.000,44.000,-93.000,0.000,0.000,44.000,-93.000,0.000,0.000,363.387,101.894,-0.792,-0.611,363.387,101.894,-0.792,-0.611,108.800,-94.600,0.000,0.000,0.000,0.000,0,0
123.403,186.136,69.710,-0.983,-0.186,0,87.112,44.129,102.489,0,498.105,715.363,0,0,615.322,0.000,173.795,186.136,69.710,0.000,0.000,44.000,-93.000,0.000,0.000,44.000,-93.000,0.000,0.000,357.694,97.503,-0.792,-0.611,357.694,97.503,-0.792,-0.611,108.800,-94.600,0.000,0.000,0.000,0.000,0,0
123.503,186.136,69.710,-0.983,-0.186,0,75.519,41.497,114.350,0,498.105,715.363,0,0,603.681,0.000,167.509,186.136,69.710,0.000,0.000,44.000,-93.000,0.000,0.000,44.000,-93.000,0.000,0.000,352.002,93.113,-0.792,-0.611,352.002,93.113,-0.792,-0.611,108.800,-94.600,0.000,0.000,0.000,0.000,0,0
123.603,186.136,69.710,-0.983,-0.186,0,64.270,38.943,125.864,0,498.105,715.363,0,0,592.395,0.000,161.298,186.136,69.710,0.000,0.000,44.000,-93.000,0.000,0.000,44.000,-93.000,0.000,0.000,346.309,88.723,-0.792,-0.611,346.309,88.723,-0.792,-0.611,108.800,-94.600,0.000,0.000,0.000,0.000,0,0
123.704,186.136,69.710,-0.983,-0.186,0,53.355,36.465,137.039,0,498.105,715.363,0,0,581.453,0.000,155.172,186.136,69.710,0.000,0.000,-13.857,1.051,0.505,0.863,-13.857,1.051,0.505,0.863,340.617,84.333,-0.792,-0.611,340.617,84.333,-0.792,-0.611,108.800,-94.600,0.000,0.000,0.000,0.000,0,0
123.803,186.136,69.710,-0.983,-0.186,0,42.768,34.062,147.882,0,498.105,715.363,0,0,570.849,0.000,149.140,186.136,69.710,0.000,0.000,-10.226,7.255,0.505,0.863,-10.226,7.255,0.505,0.863,334.924,79.942,-0.792,-0.611,334.924,79.942,-0.792,-0.611,108.800,-94.600,0.000,0.000,0.000,0.000,0,0
123.903,186.136,69.710,-0.983,-0.186,0,32.498,31.730,158.401,0,498.105,715.363,0,0,560.573,0.000,143.216,186.136,69.710,0.000,0.000,-6.595,13.460,0.505,0.863,-6.595,13.460,0.505,0.863,329.232,75.552,-0.792,-0.611,329.232,75.552,-0.792,-0.611,108.800,-94.600,0.000,0.000,0.000,0.000,0,0
124.003,186.136,69.710,-0.983,-0.186,0,4.680,32.725,185.187,1,498.105,715.363,0,0,532.916,0.000,137.412,186.136,69.710,0.000,0.000,-2.964,19.664,0.505,0.863,-2.964,19.664,0.505,0.863,323.540,71.162,-0.792,-0.611,323.540,71.162,-0.792,-0.611,108.800,-94.600,0.000,0.000,0.000,0.000,0,0
124.100,186.136,78.343,-0.873,0.487,0,8.311,38.929,182.140,1,496.997,715.883,0,0,536.602,0.000,132.219,186.136,78.343,0.000,1.000,0.667,25.868,0.505,0.863,0.667,25.868,0.505,0.863,317.847,66.772,-0.792,-0.611,317.847,66.772,-0.792,-0.611,108.800,-94.600,0.000,0.000,0.000,1.000,0,0
124.204,186.136,92.732,-0.240,0.971,0,11.942,45.133,180.580,1,495.479,716.980,0,0,540.359,0.000,129.622,186.136,92.732,0.000,1.000,4.298,32.072,0.505,0.863,4.298,32.072,0.505,0.863,312.155,62.382,-0.792,-0.611,312.155,62.382,-0.792,-0.611,140.000,279.000,0.000,0.000,0.000,1.000,0,0
124.302,186.136,104.243,-0.090,0.996,0,15.573,51.338,178.579,1,494.562,718.064,0,0,544.185,0.000,128.910,186.136,104.243,0.000,0.000,7.929,38.277,0.505,0.863,7.929,38.277,0.505,0.863,306.462,57.991,-0.792,-0.611,306.462,57.991,-0.792,-0.611,140.000,279.000,0.000,0.000,0.000,0.000,0,0
124.402,186.136,104.243,-0.090,0.996,0,19.204,57.542,173.341,1,494.562,718.064,0,0,548.078,0.000,125.322,186.136,104.243,0.000,0.000,11.560,44.481,0.505,0.863,11.560,44.481,0.505,0.863,300.770,53.601,-0.792,-0.611,300.770,53.601,-0.792,-0.611,140.000,279.000,0.000,0.000,0.000,0.000,0,0
124.500,186.136,109.998,-0.055,0.998,0,22.835,63.746,169.725,1,494.204,718.675,0,0,552.038,0.000,124.753,186.136,109.998,0.000,1.000,15.191,50.685,0.505,0.863,15.191,50.685,0.505,0.863,295.077,49.211,-0.792,-0.611,295.077,49.211,-0.792,-0.611,140.000,279.000,0.000,0.000,0.000,1.000,0,0
124.600,186.136,124.387,-0.016,1.000,0,26.466,69.951,168.694,1,493.601,720.401,0,0,556.062,0.000,130.350,186.136,124.387,0.000,1.000,18.822,56.890,0.505,0.863,18.822,56.890,0.505,0.863,289.385,44.821,-0.792,-0.611,289.385,44.821,-0.792,-0.611,140.000,279.000,0.000,0.000,0.000,1.000,0,0
124.702,186.136,124.387,-0.014,1.000,0,30.097,76.155,163.323,1,493.601,720.401,0,0,560.150,0.000,128.709,186.136,124.387,0.000,0.000,22.453,63.094,0.505,0.863,22.453,63.094,0.505,0.863,283.692,40.430,-0.792,-0.611,283.692,40.430,-0.792,-0.611,140.000,279.000,0.000,0.000,0.000,0.000,0,0
124.804,186.136,133.020,-0.006,1.000,0,33.728,82.359,160.607,1,493.440,721.572,0,0,564.299,0.000,133.582,186.136,133.020,0.000,1.000,26.084,69.298,0.505,0.863,26.084,69.298,0.505,0.863,278.000,36.040,-0.792,-0.611,278.000,36.040,-0.792,-0.611,140.000,279.000,0.000,0.000,0.000,1.000,0,0
124.904,186.136,147.409,-0.002,1.000,0,37.359,88.563,159.992,1,493.507,723.748,0,0,568.510,0.000,139.445,186.136,147.409,0.000,1.000,29.715,75.503,0.505,0.863,29.715,75.503,0.505,0.863,140.000,279.000,0.000,0.000,140.000,279.000,0.000,0.000,272.308,31.650,-0.792,-0.611,0.000,1.000,0,0
125.003,186.136,161.797,-0.001,1.000,0,40.990,94.768,159.876,1,493.994,726.204,0,0,572.779,0.000,125.956,186.136,161.797,0.000,1.000,33.346,81.707,0.505,0.863,33.346,81.707,0.505,0.863,140.000,279.000,0.000,0.000,140.000,279.000,0.000,0.000,266.615,27.260,-0.792,-0.611,0.000,1.000,0,0
125.104,177.996,172.815,-0.472,0.882,0,44.621,100.972,151.494,1,502.765,720.290,0,0,577.107,0.000,112.779,177.996,172.815,-0.707,0.707,36.977,87.911,0.505,0.863,36.977,87.911,0.505,0.863,140.000,279.000,0.000,0.000,140.000,279.000,0.000,0.000,260.923,22.870,-0.792,-0.611,-1.000,1.000,0,0
125.201,167.822,182.989,-0.643,0.766,0,48.252,107.176,141.579,1,513.703,712.423,0,0,581.491,0.000,99.961,167.822,182.989,-0.707,0.707,40.608,94.115,0.505,0.863,40.608,94.115,0.505,0.863,140.000,279.000,0.000,0.000,140.000,279.000,0.000,0.000,202.374,362.899,-0.576,0.817,-1.000,1.000,0,0
125.301,157.647,193.163,-0.689,0.724,0,51.883,113.381,132.482,1,524.808,704.762,0,0,585.931,0.000,87.632,157.647,193.163,-0.707,0.707,44.239,100.320,0.505,0.863,44.239,100.320,0.505,0.863,140.000,279.000,0.000,0.000,140.000,279.000,0.000,0.000,198.231,368.774,-0.576,0.817,-1.000,1.000,0,0
125.403,147.473,203.338,-0.702,0.712,0,55.514,119.585,124.383,1,536.069,697.314,0,0,590.424,0.000,76.031,147.473,203.338,-0.707,0.707,47.870,106.524,0.505,0.863,47.870,106.524,0.505,0.863,140.000,279.000,0.000,0.000,140.000,279.000,0.000,0.000,194.089,374.650,-0.576,0.817,-1.000,1.000,0,0
125.504,136.456,211.477,-0.787,0.617,0,59.145,125.789,115.410,1,548.034,688.736,0,0,594.971,0.000,67.616,136.456,211.477,-1.000,0.000,51.501,112.728,0.505,0.863,51.501,112.728,0.505,0.863,140.000,279.000,0.000,0.000,140.000,279.000,0.000,0.000,194.270,367.463,0.025,-1.000,-1.000,0.000,0,0
125.603,133.578,211.477,-0.897,0.442,0,62.775,131.994,106.446,1,550.885,685.960,0,0,599.569,0.000,67.828,133.578,211.477,0.000,0.000,55.132,118.933,0.505,0.863,55.132,118.933,0.505,0.863,140.000,279.000,0.000,0.000,140.000,279.000,0.000,0.000,194.452,360.277,0.025,-1.000,0.000,0.000,0,0
125.703,133.578,211.477,-0.897,0.442,0,66.406,138.198,99.408,1,550.885,685.960,0,0,604.218,0.000,67.828,133.578,211.477,0.000,0.000,58.763,125.137,0.505,0.863,58.763,125.137,0.505,0.863,140.000,279.000,0.000,0.000,140.000,279.000,0.000,0.000,194.633,353.090,0.025,-1.000,0.000,0.000,0,0
125.805,133.578,211.477,-0.897,0.442,0,70.037,144.402,92.393,1,550.885,685.960,0,0,608.917,0.000,67.828,133.578,211.477,0.000,0.000,62.394,131.341,0.505,0.863,62.394,131.341,0.505,0.863,140.000,279.000,0.000,0.000,140.000,279.000,0.000,0.000,194.815,345.904,0.025,-1.000,0.000,0.000,0,0
125.903,133.578,211.477,-0.897,0.442,0,73.668,150.607,85.407,1,550.885,685.960,0,0,613.663,0.000,67.828,133.578,211.477,0.000,0.000,66.025,137.546,0.505,0.863,66.025,137.546,0.505,0.863,140.000,279.000,0.000,0.000,140.000,279.000,0.000,0.000,194.997,338.717,0.025,-1.000,0.000,0.000,0,0
126.003,133.578,211.477,-0.897,0.442,0,77.299,156.811,78.458,1,550.885,685.960,0,0,618.457,0.000,67.828,133.578,211.477,0.000,0.000,69.656,143.750,0.505,0.863,69.656,143.750,0.505,0.863,140.000,279.000,0.000,0.000,140.000,279.000,0.000,0.000,195.178,331.531,0.025,-1.000,0.000,0.000,0,0
126.103,133.578,211.477,-0.897,0.442,0,80.930,163.015,71.557,1,550.885,685.960,0,0,623.297,0.000,67.828,133.578,211.477,0.000,0.000,73.287,149.954,0.505,0.863,73.287,149.954,0.505,0.863,140.000,279.000,0.000,0.000,140.000,279.000,0.000,0.000,195.360,324.345,0.025,-1.000,0.000,0.000,0,0
126.201,133.578,222.988,-0.442,0.897,0,84.561,169.219,72.758,1,552.540,689.080,0,0,628.181,0.000,56.379,133.578,222.988,0.000,1.000,76.918,156.158,0.505,0.863,76.918,156.158,0.505,0.863,140.000,279.000,0.000,0.000,140.000,279.000,0.000,0.000,195.542,317.158,0.025,-1.000,0.000,1.000,0,0
126.301,133.578,237.377,-0.132,0.991,0,88.192,175.424,76.799,1,554.938,693.229,0,0,633.110,0.000,42.116,133.578,237.377,0.000,1.000,80.549,162.363,0.505,0.863,80.549,162.363,0.505,0.863,140.000,279.000,0.000,0.000,140.000,279.000,0.000,0.000,195.723,309.972,0.025,-1.000,0.000,1.000,0,0
126.400,133.578,237.377,-0.116,0.993,0,91.823,181.628,69.652,1,554.938,693.229,0,0,638.081,0.000,42.116,133.578,237.377,0.000,0.000,84.180,168.567,0.505,0.863,84.180,168.567,0.505,0.863,140.000,279.000,0.000,0.000,140.000,279.000,0.000,0.000,195.905,302.785,0.025,-1.000,0.000,0.000,0,0
126.503,133.578,237.377,-0.116,0.993,0,95.454,187.832,62.515,1,554.938,693.229,0,0,643.095,0.000,42.116,133.578,237.377,0.000,0.000,87.811,174.771,0.505,0.863,87.811,174.771,0.505,0.863,140.000,279.000,0.000,0.000,140.000,279.000,0.000,0.000,196.087,295.599,0.025,-1.000,0.000,0.000,0,0
126.603,133.578,237.377,-0.116,0.993,0,99.085,194.037,55.391,1,554.938,693.229,0,0,648.149,0.000,42.116,133.578,237.377,0.000,0.000,91.442,180.976,0.505,0.863,91.442,180.976,0.505,0.863,140.000,279.000,0.000,0.000,140.000,279.000,0.000,0.000,196.268,288.412,0.025,-1.000,0.000,0.000,0,0
126.703,133.578,237.377,-0.116,0.993,0,102.716,200.241,48.286,1,554.938,693.229,0,0,653.244,0.000,42.116,133.578,237.377,0.000,0.000,95.073,187.180,0.505,0.863,95.073,187.180,0.505,0.863,140.000,279.000,0.000,0.000,140.000,279.000,0.000,0.000,196.450,281.226,0.025,-1.000,0.000,0.000,0,0
126.804,133.578,237.377,-0.116,0.993,0,106.347,206.445,41.210,1,554.938,693.229,0,0,658.377,0.000,42.116,133.578,237.377,0.000,0.000,98.704,193.384,0.505,0.863,98.704,193.384,0.505,0.863,140.000,279.000,0.000,0.000,140.000,279.000,0.000,0.000,196.632,274.039,0.025,-1.000,0.000,0.000,0,0
126.904,133.578,237.377,-0.116,0.993,0,109.978,212.650,34.182,1,554.938,693.229,0,0,663.549,0.000,42.116,133.578,237.377,0.000,0.000,102.335,199.589,0.505,0.863,102.335,199.589,0.505,0.863,140.000,279.000,0.000,0.000,140.000,279.000,0.000,0.000,196.813,266.853,0.025,-1.000,0.000,0.000,0,0
127.005,133.578,237.377,-0.116,0.993,0,113.609,218.854,27.237,1,554.938,693.229,0,0,668.758,0.000,42.116,133.578,237.377,0.000,0.000,105.966,205.793,0.505,0.863,105.966,205.793,0.505,0.863,140.000,279.000,0.000,0.000,140.000,279.000,0.000,0.000,196.995,259.667,0.025,-1.000,0.000,0.000,0,0
127.101,133.578,237.377,-0.116,0.993,0,117.240,225.058,20.462,1,554.938,693.229,0,0,674.003,0.000,42.116,133.578,237.377,0.000,0.000,109.597,211.997,0.505,0.863,109.597,211.997,0.505,0.863,140.000,279.000,0.000,0.000,140.000,279.000,0.000,0.000,197.177,252.480,0.025,-1.000,0.000,0.000,0,0
127.203,133.578,237.377,-0.116,0.993,0,120.871,231.262,14.101,1,554.938,693.229,0,0,679.284,0.000,42.116,133.578,237.377,0.000,0.000,113.227,218.201,0.505,0.863,113.227,218.201,0.505,0.863,140.000,279.000,0.000,0.000,140.000,279.000,0.000,0.000,197.358,245.294,0.025,-1.000,0.000,0.000,0,0
127.301,133.578,225.866,-0.809,0.587,0,124.502,237.467,14.729,1,552.990,689.888,0,0,684.600,0.000,53.521,133.578,225.866,0.000,-1.000,116.858,224.406,0.505,0.863,116.858,224.406,0.505,0.863,140.000,279.000,0.000,0.000,140.000,279.000,0.000,0.000,197.540,238.107,0.025,-1.000,0.000,-1.000,0,0
127.402,133.578,211.477,-0.797,-0.604,0,128.133,243.671,32.651,1,550.885,685.960,0,0,689.949,0.000,67.026,133.578,211.477,0.000,-1.000,120.489,230.610,0.505,0.863,120.489,230.610,0.505,0.863,197.722,230.921,0.025,-1.000,197.722,230.921,0.025,-1.000,140.000,279.000,0.000,0.000,0.000,-1.000,0,0
127.502,133.578,197.088,-0.109,-0.994,0,145.419,264.870,68.808,2,549.148,682.314,0,0,713.080,0.000,69.626,133.578,197.088,0.000,-1.000,124.120,236.814,0.505,0.863,124.120,236.814,0.505,0.863,197.903,223.734,0.025,-1.000,197.903,223.734,0.025,-1.000,140.000,279.000,0.000,0.000,0.000,-1.000,0,0
127.601,133.578,182.700,-0.032,-0.999,0,135.395,256.080,73.402,1,547.784,678.953,0,0,700.747,0.000,72.848,133.578,182.700,0.000,-1.000,127.751,243.019,0.505,0.863,127.751,243.019,0.505,0.863,198.085,216.548,0.025,-1.000,198.085,216.548,0.025,-1.000,140.000,279.000,0.000,0.000,0.000,-1.000,0,0
127.700,133.578,168.311,-0.009,-1.000,0,139.026,262.284,94.131,1,546.795,675.881,0,0,706.194,0.000,76.614,133.578,168.311,0.000,-1.000,131.382,249.223,0.505,0.863,131.382,249.223,0.505,0.863,198.267,209.362,0.025,-1.000,198.267,209.362,0.025,-1.000,140.000,279.000,0.000,0.000,0.000,-1.000,0,0
127.803,133.578,153.922,-0.003,-1.000,0,142.657,268.488,114.925,1,546.184,673.103,0,0,711.672,0.000,80.848,133.578,153.922,0.000,-1.000,135.013,255.427,0.505,0.863,135.013,255.427,0.505,0.863,198.448,202.175,0.025,-1.000,198.448,202.175,0.025,-1.000,140.000,279.000,0.000,0.000,0.000,-1.000,0,0
127.901,133.578,142.411,-0.001,-1.000,0,146.288,274.692,132.890,1,545.968,671.095,0,0,717.180,0.000,83.643,133.578,142.411,0.000,0.000,138.644,261.632,0.505,0.863,138.644,261.632,0.505,0.863,198.630,194.989,0.025,-1.000,198.630,194.989,0.025,-1.000,140.000,279.000,0.000,0.000,0.000,0.000,0,0
128.004,133.578,142.411,-0.001,-1.000,0,149.919,280.897,139.446,1,545.968,671.095,0,0,722.717,0.000,79.472,133.578,142.411,0.000,0.000,142.275,267.836,0.505,0.863,142.275,267.836,0.505,0.863,198.812,187.802,0.025,-1.000,198.812,187.802,0.025,-1.000,140.000,279.000,0.000,0.000,0.000,0.000,0,0
128.103,133.578,145.289,-0.286,-0.958,0,153.550,287.101,143.211,1,545.999,671.579,0,0,728.284,0.000,74.344,133.578,145.289,0.000,1.000,145.906,274.040,0.505,0.863,145.906,274.040,0.505,0.863,198.993,180.616,0.025,-1.000,198.993,180.616,0.025,-1.000,140.000,279.000,0.000,0.000,0.000,1.000,0,0
128.201,133.578,159.678,-0.999,-0.048,0,157.181,293.305,135.696,1,546.383,674.179,0,0,733.878,0.000,67.023,133.578,159.678,0.000,1.000,149.537,280.244,0.505,0.863,149.537,280.244,0.505,0.863,199.175,173.429,0.025,-1.000,199.175,173.429,0.025,-1.000,140.000,279.000,0.000,0.000,0.000,1.000,0,0
128.305,133.578,174.067,-0.314,0.949,0,160.812,299.509,128.365,1,547.146,677.075,0,0,739.500,0.000,66.242,133.578,174.067,0.000,1.000,153.168,286.448,0.505,0.863,153.168,286.448,0.505,0.863,199.357,166.243,0.025,-1.000,199.357,166.243,0.025,-1.000,140.000,279.000,0.000,0.000,0.000,1.000,0,0
128.404,133.578,188.455,-0.056,0.998,0,164.443,305.714,121.253,1,548.285,680.263,0,0,745.149,0.000,72.215,133.578,188.455,0.000,1.000,156.799,292.653,0.505,0.863,156.799,292.653,0.505,0.863,199.538,159.057,0.025,-1.000,199.538,159.057,0.025,-1.000,140.000,279.000,0.000,0.000,0.000,1.000,0,0
128.505,141.718,199.472,0.438,0.899,0,168.074,311.918,115.493,1,541.326,690.787,0,0,750.825,0.000,75.035,141.718,199.472,0.707,0.707,160.430,298.857,0.505,0.863,160.430,298.857,0.505,0.863,199.720,151.870,0.025,-1.000,199.720,151.870,0.025,-1.000,140.000,279.000,0.000,0.000,1.000,1.000,0,0
128.604,151.892,209.647,0.636,0.772,0,171.705,318.122,110.270,1,532.499,703.172,0,0,756.526,0.000,70.365,151.892,209.647,0.707,0.707,164.061,305.061,0.505,0.863,164.061,305.061,0.505,0.863,140.000,279.000,0.000,0.000,140.000,279.000,0.000,0.000,199.902,144.684,0.025,-1.000,1.000,1.000,0,0
128.702,164.595,213.716,0.887,0.461,0,175.336,324.326,111.130,1,520.497,716.490,0,0,762.252,0.000,69.763,164.595,213.716,1.000,0.000,167.692,311.265,0.505,0.863,167.692,311.265,0.505,0.863,140.000,279.000,0.000,0.000,140.000,279.000,0.000,0.000,200.083,137.497,0.025,-1.000,1.000,0.000,0,0
128.802,178.984,213.716,0.991,0.137,0,178.967,330.531,116.814,1,506.273,730.408,0,0,768.003,0.000,76.037,178.984,213.716,1.000,0.000,171.323,317.470,0.505,0.863,171.323,317.470,0.505,0.863,140.000,279.000,0.000,0.000,140.000,279.000,0.000,0.000,200.265,130.311,0.025,-1.000,1.000,0.000,0,0
128.903,193.372,213.716,0.999,0.039,0,182.598,336.735,123.489,1,492.059,744.344,0,0,773.778,0.000,84.324,193.372,213.716,1.000,0.000,174.954,323.674,0.505,0.863,174.954,323.674,0.505,0.863,140.000,279.000,0.000,0.000,140.000,279.000,0.000,0.000,200.446,123.124,0.025,-1.000,1.000,0.000,0,0
129.001,207.761,213.716,1.000,0.012,0,186.229,342.939,131.005,1,477.855,758.297,0,0,779.576,0.000,94.093,207.761,213.716,1.000,0.000,178.585,329.878,0.505,0.863,178.585,329.878,0.505,0.863,140.000,279.000,0.000,0.000,140.000,279.000,0.000,0.000,200.628,115.938,0.025,-1.000,1.000,0.000,0,0
129.105,222.150,213.716,1.000,0.003,0,189.860,349.144,139.223,1,463.662,772.266,0,0,785.398,0.000,104.931,222.150,213.716,1.000,0.000,182.216,336.083,0.505,0.863,182.216,336.083,0.505,0.863,140.000,279.000,0.000,0.000,140.000,279.000,0.000,0.000,200.810,108.752,0.025,-1.000,1.000,0.000,0,0
129.204,236.538,213.716,1.000,0.001,0,193.491,355.348,148.029,1,449.482,786.250,0,0,791.242,0.000,116.540,236.538,213.716,1.000,0.000,185.847,342.287,0.505,0.863,185.847,342.287,0.505,0.863,140.000,279.000,0.000,0.000,140.000,279.000,0.000,0.000,200.991,101.565,0.025,-1.000,1.000,0.000,0,0
129.304,250.927,213.716,1.000,0.000,0,197.122,361.552,157.323,1,435.315,800.248,0,0,797.107,0.000,128.712,250.927,213.716,1.000,0.000,189.478,348.491,0.505,0.863,189.478,348.491,0.505,0.863,140.000,279.000,0.000,0.000,140.000,279.000,0.000,0.000,201.173,94.379,0.025,-1.000,1.000,0.000,0,0
129.403,262.438,213.716,1.000,0.000,0,200.753,367.756,165.932,1,423.993,811.457,0,0,802.995,0.000,138.755,262.438,213.716,0.000,0.000,193.109,354.696,0.505,0.863,193.109,354.696,0.505,0.863,140.000,279.000,0.000,0.000,140.000,279.000,0.000,0.000,201.355,87.192,0.025,-1.000,0.000,0.000,0,0
129.505,262.438,213.716,1.000,0.000,0,204.384,373.961,170.436,1,423.993,811.457,0,0,808.903,0.000,138.755,262.438,213.716,0.000,0.000,196.740,360.900,0.505,0.863,196.740,360.900,0.505,0.863,140.000,279.000,0.000,0.000,140.000,279.000,0.000,0.000,201.536,80.006,0.025,-1.000,0.000,0.000,0,0
129.600,262.438,213.716,1.000,0.000,0,208.015,380.165,175.120,1,423.993,811.457,0,0,814.832,0.000,138.755,262.438,213.716,0.000,0.000,319.968,366.210,-0.994,0.112,319.968,366.210,-0.994,0.112,140.000,279.000,0.000,0.000,140.000,279.000,0.000,0.000,201.718,72.820,0.025,-1.000,0.000,0.000,0,0
129.701,262.438,213.716,1.000,0.000,0,211.646,386.369,179.969,1,423.993,811.457,0,0,820.781,0.000,138.755,262.438,213.716,0.000,0.000,312.859,367.273,-0.985,0.173,312.859,367.273,-0.985,0.173,140.000,279.000,0.000,0.000,140.000,279.000,0.000,0.000,201.900,65.633,0.025,-1.000,0.000,0.000,0,0
129.801,262.438,213.716,1.000,0.000,0,215.277,392.574,184.970,1,423.993,811.457,0,0,826.750,0.000,138.755,262.438,213.716,0.000,0.000,305.836,368.799,-0.971,0.240,305.836,368.799,-0.971,0.240,140.000,279.000,0.000,0.000,140.000,279.000,0.000,0.000,202.081,58.447,0.025,-1.000,0.000,0.000,0,0
129.901,262.438,213.716,1.000,0.000,0,218.908,398.778,190.112,1,423.993,811.457,0,0,832.738,0.000,138.755,262.438,213.716,0.000,0.000,298.944,370.838,-0.949,0.314,298.944,370.838,-0.949,0.314,140.000,279.000,0.000,0.000,140.000,279.000,0.000,0.000,202.263,51.260,0.025,-1.000,0.000,0.000,0,0
130.001,262.438,213.716,1.000,0.000,0,222.539,404.982,195.383,1,423.993,811.457,0,0,838.745,0.000,138.755,262.438,213.716,0.000,0.000,292.246,373.441,-0.919,0.395,292.246,373.441,-0.919,0.395,140.000,279.000,0.000,0.000,140.000,279.000,0.000,0.000,427.000,279.000,0.000,0.000,0.000,0.000,0,0
130.101,268.542,219.821,0.945,0.329,0,226.170,411.187,196.001,1,419.143,818.791,0,0,844.771,0.000,141.511,268.542,219.821,0.707,0.707,285.819,376.657,-0.876,0.483,285.819,376.657,-0.876,0.483,140.000,279.000,0.000,0.000,140.000,279.000,0.000,0.000,427.000,279.000,0.000,0.000,1.000,1.000,0,0
130.202,278.717,229.995,0.792,0.610,0,229.801,417.391,193.675,1,411.335,831.071,0,0,850.814,0.000,147.118,278.717,229.995,0.707,0.707,279.763,380.524,-0.818,0.575,279.763,380.524,-0.818,0.575,140.000,279.000,0.000,0.000,140.000,279.000,0.000,0.000,427.000,279.000,0.000,0.000,1.000,1.000,0,0
130.302,288.891,240.170,0.733,0.680,0,240.381,404.949,171.771,1,403.889,843.417,0,0,854.733,0.000,143.464,288.891,240.170,0.707,0.707,273.977,384.787,-0.827,0.562,273.977,384.787,-0.827,0.562,427.000,279.000,0.000,0.000,427.000,279.000,0.000,0.000,140.000,279.000,0.000,0.000,1.000,1.000,0,0
130.404,299.066,250.344,0.715,0.700,0,241.616,385.311,146.685,1,396.824,855.828,0,0,847.445,0.000,131.104,299.066,250.344,0.707,0.707,267.271,387.085,-0.997,0.075,267.271,387.085,-0.997,0.075,427.000,279.000,0.000,0.000,427.000,279.000,0.000,0.000,140.000,279.000,0.000,0.000,1.000,1.000,0,0
130.505,309.240,260.518,0.709,0.705,0,241.757,375.796,133.577,1,390.163,868.299,0,0,843.640,0.000,119.201,309.240,260.518,0.707,0.707,260.359,385.289,-0.920,-0.391,260.359,385.289,-0.920,-0.391,427.000,279.000,0.000,0.000,427.000,279.000,0.000,0.000,140.000,279.000,0.000,0.000,1.000,1.000,0,0
130.602,319.415,270.693,0.708,0.706,0,245.070,369.381,123.557,1,383.926,880.829,0,0,844.070,0.000,107.906,319.415,270.693,0.707,0.707,254.587,381.084,-0.699,-0.715,254.587,381.084,-0.699,-0.715,427.000,279.000,0.000,0.000,427.000,279.000,0.000,0.000,140.000,279.000,0.000,0.000,1.000,1.000,0,0
130.704,323.484,277.640,0.623,0.782,0,248.694,363.170,113.617,1,382.596,886.653,0,0,844.929,0.000,103.525,323.484,277.640,0.000,0.000,251.216,374.807,-0.299,-0.954,251.216,374.807,-0.299,-0.954,427.000,279.000,0.000,0.000,427.000,279.000,0.000,0.000,140.000,279.000,0.000,0.000,0.000,0.000,0,0
130.801,323.484,277.640,0.623,0.782,0,252.400,357.010,106.548,1,382.596,886.653,0,0,845.943,0.000,103.525,323.484,277.640,0.000,0.000,250.818,367.671,0.089,-0.996,250.818,367.671,0.089,-0.996,427.000,279.000,0.000,0.000,427.000,279.000,0.000,0.000,140.000,279.000,0.000,0.000,0.000,0.000,0,0
130.903,323.484,274.763,0.687,0.727,0,256.125,350.862,101.629,1,381.555,885.857,0,0,847.040,0.000,103.602,323.484,274.763,0.000,-1.000,252.521,360.701,0.315,-0.949,252.521,360.701,0.315,-0.949,427.000,279.000,0.000,0.000,427.000,279.000,0.000,0.000,140.000,279.000,0.000,0.000,0.000,-1.000,0,0
131.000,323.484,260.374,0.917,-0.398,0,259.856,344.717,105.652,1,376.633,882.004,0,0,848.202,0.000,105.178,323.484,260.374,0.000,-1.000,255.303,354.076,0.424,-0.906,255.303,354.076,0.424,-0.906,427.000,279.000,0.000,0.000,427.000,279.000,0.000,0.000,140.000,279.000,0.000,0.000,0.000,-1.000,0,0
131.102,323.484,245.985,0.187,-0.982,0,263.588,338.573,110.273,1,372.203,878.371,0,0,849.425,0.000,108.653,323.484,245.985,0.000,-1.000,259.270,349.414,0.947,0.323,259.270,349.414,0.947,0.323,427.000,279.000,0.000,0.000,427.000,279.000,0.000,0.000,140.000,279.000,0.000,0.000,0.000,-1.000,0,0
131.200,323.484,231.597,0.056,-0.998,0,267.321,332.430,115.419,1,368.282,874.959,0,0,850.708,0.000,113.853,323.484,231.597,0.000,-1.000,259.463,345.363,0.519,-0.855,259.463,345.363,0.519,-0.855,427.000,279.000,0.000,0.000,427.000,279.000,0.000,0.000,140.000,279.000,0.000,0.000,0.000,-1.000,0,0
131.302,323.484,217.208,0.016,-1.000,0,271.054,326.286,121.025,1,364.887,871.771,0,0,852.049,0.000,120.556,323.484,217.208,0.000,-1.000,263.196,339.219,0.519,-0.855,263.196,339.219,0.519,-0.855,427.000,279.000,0.000,0.000,427.000,279.000,0.000,0.000,140.000,279.000,0.000,0.000,0.000,-1.000,0,0
131.404,323.484,202.819,0.004,-1.000,0,274.786,320.142,127.029,1,362.032,868.809,0,0,853.449,0.000,128.526,323.484,202.819,0.000,-1.000,266.928,333.076,0.519,-0.855,266.928,333.076,0.519,-0.855,427.000,279.000,0.000,0.000,427.000,279.000,0.000,0.000,140.000,279.000,0.000,0.000,0.000,-1.000,0,0
131.501,325.519,189.273,0.162,-0.987,0,278.519,313.999,133.287,1,357.838,868.231,0,0,854.907,0.000,135.459,325.519,189.273,0.707,-0.707,270.661,326.932,0.519,-0.855,270.661,326.932,0.519,-0.855,427.000,279.000,0.000,0.000,427.000,279.000,0.000,0.000,140.000,279.000,0.000,0.000,1.000,-1.000,0,0
131.603,335.694,179.099,0.572,-0.820,0,282.251,307.855,139.407,1,346.426,876.457,0,0,856.422,0.000,135.341,335.694,179.099,0.707,-0.707,274.394,320.788,0.519,-0.855,274.394,320.788,0.519,-0.855,427.000,279.000,0.000,0.000,427.000,279.000,0.000,0.000,140.000,279.000,0.000,0.000,1.000,-1.000,0,0
131.702,345.868,168.925,0.670,-0.742,0,285.984,301.711,145.665,1,335.242,884.841,0,0,857.996,0.000,136.744,345.868,168.925,0.707,-0.707,278.126,314.645,0.519,-0.855,278.126,314.645,0.519,-0.855,427.000,279.000,0.000,0.000,427.000,279.000,0.000,0.000,140.000,279.000,0.000,0.000,1.000,-1.000,0,0
131.804,356.042,158.750,0.697,-0.717,0,289.717,295.568,152.046,1,324.312,893.378,0,0,859.626,0.000,139.624,356.042,158.750,0.707,-0.707,281.859,308.501,0.519,-0.855,281.859,308.501,0.519,-0.855,427.000,279.000,0.000,0.000,427.000,279.000,0.000,0.000,140.000,279.000,0.000,0.000,1.000,-1.000,0,0
131.901,366.217,148.576,0.704,-0.710,0,293.449,289.424,158.535,1,313.661,902.064,0,0,861.314,0.000,143.892,366.217,148.576,0.707,-0.707,285.592,302.357,0.519,-0.855,285.592,302.357,0.519,-0.855,427.000,279.000,0.000,0.000,427.000,279.000,0.000,0.000,140.000,279.000,0.000,0.000,1.000,-1.000,0,0
132.004,376.391,138.402,0.706,-0.708,0,297.182,283.280,165.118,1,303.318,910.894,0,0,863.058,0.000,149.429,376.391,138.402,0.707,-0.707,289.324,296.214,0.519,-0.855,289.324,296.214,0.519,-0.855,427.000,279.000,0.000,0.000,427.000,279.000,0.000,0.000,424.800,-106.500,0.000,0.000,1.000,-1.000,0,0
132.104,386.566,128.227,0.707,-0.707,0,300.914,277.137,171.785,1,293.317,919.864,0,0,864.858,0.000,156.100,386.566,128.227,0.707,-0.707,293.057,290.070,0.519,-0.855,293.057,290.070,0.519,-0.855,427.000,279.000,0.000,0.000,427.000,279.000,0.000,0.000,424.800,-106.500,0.000,0.000,1.000,-1.000,0,0
132.202,394.356,126.193,0.857,-0.515,0,304.647,270.993,170.338,1,285.619,927.399,0,0,866.714,0.000,156.255,394.356,126.193,0.000,0.000,296.789,283.927,0.519,-0.855,296.789,283.927,0.519,-0.855,427.000,279.000,0.000,0.000,427.000,279.000,0.000,0.000,424.800,-106.500,0.000,0.000,0.000,0.000,0,0
132.303,394.356,126.193,0.857,-0.515,0,308.380,264.850,163.149,1,285.619,927.399,0,0,868.626,0.000,156.255,394.356,126.193,0.000,0.000,300.522,277.783,0.519,-0.855,300.522,277.783,0.519,-0.855,427.000,279.000,0.000,0.000,427.000,279.000,0.000,0.000,424.800,-106.500,0.000,0.000,0.000,0.000,0,0
132.403,394.356,126.193,0.857,-0.515,0,312.112,258.706,155.961,1,285.619,927.399,0,0,870.593,0.000,156.255,394.356,126.193,0.000,0.000,304.255,271.639,0.519,-0.855,304.255,271.639,0.519,-0.855,427.000,279.000,0.000,0.000,427.000,279.000,0.000,0.000,424.800,-106.500,0.000,0.000,0.000,0.000,0,0
132.503,394.356,126.193,0.857,-0.515,0,315.845,252.562,148.773,1,285.619,927.399,0,0,872.614,0.000,156.255,394.356,126.193,0.000,0.000,307.987,265.496,0.519,-0.855,307.987,265.496,0.519,-0.855,427.000,279.000,0.000,0.000,427.000,279.000,0.000,0.000,424.800,-106.500,0.000,0.000,0.000,0.000,0,0
132.601,394.356,126.193,0.857,-0.515,0,319.577,246.419,141.584,1,285.619,927.399,0,0,874.691,0.000,156.255,394.356,126.193,0.000,0.000,311.720,259.352,0.519,-0.855,311.720,259.352,0.519,-0.855,427.000,279.000,0.000,0.000,427.000,279.000,0.000,0.000,424.800,-106.500,0.000,0.000,0.000,0.000,0,0
132.702,394.356,126.193,0.857,-0.515,0,323.310,240.275,134.396,1,285.619,927.399,0,0,876.821,0.000,156.255,394.356,126.193,0.000,0.000,315.452,253.208,0.519,-0.855,315.452,253.208,0.519,-0.855,427.000,279.000,0.000,0.000,427.000,279.000,0.000,0.000,424.800,-106.500,0.000,0.000,0.000,0.000,0,0
132.802,394.356,126.193,0.857,-0.515,0,327.043,234.131,127.208,1,285.619,927.399,0,0,879.004,0.000,156.255,394.356,126.193,0.000,0.000,319.185,247.065,0.519,-0.855,319.185,247.065,0.519,-0.855,427.000,279.000,0.000,0.000,427.000,279.000,0.000,0.000,424.800,-106.500,0.000,0.000,0.000,0.000,0,0
132.901,394.356,126.193,0.857,-0.515,0,330.775,227.987,120.020,1,285.619,927.399,0,0,881.241,0.000,156.255,394.356,126.193,0.000,0.000,322.918,240.921,0.519,-0.855,322.918,240.921,0.519,-0.855,427.000,279.000,0.000,0.000,427.000,279.000,0.000,0.000,424.800,-106.500,0.000,0.000,0.000,0.000,0,0
133.004,394.356,117.559,0.528,-0.849,0,334.508,221.844,120.237,1,286.103,926.552,0,0,883.531,0.000,164.708,394.356,117.559,0.000,-1.000,326.650,234.777,0.519,-0.855,326.650,234.777,0.519,-0.855,427.000,279.000,0.000,0.000,427.000,279.000,0.000,0.000,424.800,-106.500,0.000,0.000,0.000,-1.000,0,0
133.100,394.356,103.171,0.168,-0.986,0,338.240,215.700,125.745,1,287.484,925.317,0,0,885.873,0.000,178.834,394.356,103.171,0.000,-1.000,330.383,228.633,0.519,-0.855,330.383,228.633,0.519,-0.855,427.000,279.000,0.000,0.000,427.000,279.000,0.000,0.000,424.800,-106.500,0.000,0.000,0.000,-1.000,0,0
133.201,394.356,88.782,0.048,-0.999,0,341.973,209.556,131.645,1,289.575,924.304,0,0,888.267,0.000,192.999,394.356,88.782,0.000,-1.000,334.115,222.490,0.519,-0.855,334.115,222.490,0.519,-0.855,427.000,279.000,0.000,0.000,427.000,279.000,0.000,0.000,424.800,-106.500,0.000,0.000,0.000,-1.000,0,0
133.304,394.356,74.393,0.013,-1.000,0,345.706,203.413,137.887,1,292.360,923.515,0,0,890.713,0.000,183.437,394.356,74.393,0.000,-1.000,337.848,216.346,0.519,-0.855,337.848,216.346,0.519,-0.855,424.800,-106.500,0.000,0.000,424.800,-106.500,0.000,0.000,427.000,279.000,0.000,0.000,0.000,-1.000,0,0
133.406,394.356,60.004,0.004,-1.000,0,349.438,197.269,144.427,1,295.819,922.949,0,0,893.210,0.000,169.265,394.356,60.004,0.000,-1.000,341.581,210.202,0.519,-0.855,341.581,210.202,0.519,-0.855,424.800,-106.500,0.000,0.000,424.800,-106.500,0.000,0.000,427.000,279.000,0.000,0.000,0.000,-1.000,0,0
133.502,394.356,45.616,0.001,-1.000,0,353.171,191.125,151.226,1,299.929,922.608,0,0,895.758,0.000,155.132,394.356,45.616,0.000,-1.000,345.313,204.058,0.519,-0.855,345.313,204.058,0.519,-0.855,424.800,-106.500,0.000,0.000,424.800,-106.500,0.000,0.000,602.954,-34.809,0.028,1.000,0.000,-1.000,0,0
133.600,396.391,32.070,0.056,-0.998,0,356.903,184.981,157.928,1,302.466,924.526,0,0,898.356,0.000,141.452,396.391,32.070,0.707,-0.707,349.046,197.915,0.519,-0.855,349.046,197.915,0.519,-0.855,424.800,-106.500,0.000,0.000,424.800,-106.500,0.000,0.000,603.158,-27.623,0.028,1.000,1.000,-1.000,0,0
133.702,406.565,21.896,0.549,-0.836,0,360.636,178.838,163.525,1,296.798,934.741,0,0,901.004,0.000,129.684,406.565,21.896,0.707,-0.707,352.778,191.771,0.519,-0.855,352.778,191.771,0.519,-0.855,424.800,-106.500,0.000,0.000,424.800,-106.500,0.000,0.000,603.361,-20.437,0.028,1.000,1.000,-1.000,0,0
133.801,416.391,17.826,0.871,-0.492,0,364.369,172.694,163.372,1,289.460,944.612,0,0,903.701,0.000,124.610,416.391,17.826,0.000,0.000,356.511,185.627,0.519,-0.855,356.511,185.627,0.519,-0.855,424.800,-106.500,0.000,0.000,424.800,-106.500,0.000,0.000,603.565,-13.251,0.028,1.000,0.000,0.000,0,0
133.905,416.391,17.826,0.871,-0.492,0,368.101,166.550,156.367,1,289.460,944.612,0,0,906.447,0.000,124.610,416.391,17.826,0.000,0.000,360.244,179.484,0.519,-0.855,360.244,179.484,0.519,-0.855,424.800,-106.500,0.000,0.000,424.800,-106.500,0.000,0.000,603.768,-6.065,0.028,1.000,0.000,0.000,0,0
134.003,416.391,17.826,0.871,-0.492,0,371.834,160.407,149.380,1,289.460,944.612,0,0,909.242,0.000,124.610,416.391,17.826,0.000,0.000,363.976,173.340,0.519,-0.855,363.976,173.340,0.519,-0.855,424.800,-106.500,0.000,0.000,424.800,-106.500,0.000,0.000,603.972,1.120,0.028,1.000,0.000,0.000,0,0
134.104,416.391,17.826,0.871,-0.492,0,375.566,154.263,142.414,1,289.460,944.612,0,0,912.085,0.000,124.610,416.391,17.826,0.000,0.000,367.709,167.196,0.519,-0.855,367.709,167.196,0.519,-0.855,424.800,-106.500,0.000,0.000,424.800,-106.500,0.000,0.000,604.176,8.306,0.028,1.000,0.000,0.000,0,0
134.202,416.391,17.826,0.871,-0.492,0,379.299,148.119,135.470,1,289.460,944.612,0,0,914.975,0.000,124.610,416.391,17.826,0.000,0.000,371.441,161.052,0.519,-0.855,371.441,161.052,0.519,-0.855,424.800,-106.500,0.000,0.000,424.800,-106.500,0.000,0.000,604.379,15.492,0.028,1.000,0.000,0.000,0,0
134.304,416.391,17.826,0.871,-0.492,0,383.032,141.975,128.553,1,289.460,944.612,0,0,917.913,0.000,124.610,416.391,17.826,0.000,0.000,375.174,154.909,0.519,-0.855,375.174,154.909,0.519,-0.855,424.800,-106.500,0.000,0.000,424.800,-106.500,0.000,0.000,604.583,22.678,0.028,1.000,0.000,0.000,0,0
134.406,416.391,17.826,0.871,-0.492,0,386.764,135.832,121.668,1,289.460,944.612,0,0,920.898,0.000,124.610,416.391,17.826,0.000,0.000,378.907,148.765,0.519,-0.855,378.907,148.765,0.519,-0.855,424.800,-106.500,0.000,0.000,424.800,-106.500,0.000,0.000,604.787,29.864,0.028,1.000,0.000,0.000,0,0
134.502,416.391,17.826,0.871,-0.492,0,390.497,129.688,114.820,1,289.460,944.612,0,0,923.928,0.000,124.610,416.391,17.826,0.000,0.000,382.639,142.621,0.519,-0.855,382.639,142.621,0.519,-0.855,424.800,-106.500,0.000,0.000,424.800,-106.500,0.000,0.000,604.991,37.049,0.028,1.000,0.000,0.000,0,0
134.604,416.391,17.826,0.871,-0.492,0,394.230,123.544,108.016,1,289.460,944.612,0,0,927.005,0.000,124.610,416.391,17.826,0.000,0.000,386.372,136.478,0.519,-0.855,386.372,136.478,0.519,-0.855,424.800,-106.500,0.000,0.000,424.800,-106.500,0.000,0.000,605.194,44.235,0.028,1.000,0.000,0.000,0,0
134.702,430.779,17.826,0.987,-0.162,0,397.962,117.400,104.843,1,276.457,958.998,0,0,930.127,0.000,124.470,430.779,17.826,1.000,0.000,390.104,130.334,0.519,-0.855,390.104,130.334,0.519,-0.855,424.800,-106.500,0.000,0.000,424.800,-106.500,0.000,0.000,605.398,51.421,0.028,1.000,1.000,0.000,0,0
134.803,445.168,17.826,0.999,-0.046,0,401.695,111.257,103.050,1,263.597,973.383,0,0,933.294,0.000,125.983,445.168,17.826,1.000,0.000,393.837,124.190,0.519,-0.855,393.837,124.190,0.519,-0.855,424.800,-106.500,0.000,0.000,424.800,-106.500,0.000,0.000,605.602,58.607,0.028,1.000,1.000,0.000,0,0
134.900,458.714,15.791,0.991,-0.132,0,405.427,105.113,104.009,1,252.620,986.955,0,0,936.505,0.000,126.906,458.714,15.791,0.707,-0.707,397.570,118.046,0.519,-0.855,397.570,118.046,0.519,-0.855,424.800,-106.500,0.000,0.000,424.800,-106.500,0.000,0.000,605.805,65.793,0.028,1.000,1.000,-1.000,0,0
135.002,468.888,5.617,0.825,-0.564,0,409.160,98.969,110.825,1,249.038,997.333,0,0,939.761,0.000,120.474,468.888,5.617,0.707,-0.707,401.302,111.903,0.519,-0.855,401.302,111.903,0.519,-0.855,424.800,-106.500,0.000,0.000,424.800,-106.500,0.000,0.000,606.009,72.978,0.028,1.000,1.000,-1.000,0,0
135.104,479.063,-4.558,0.743,-0.669,0,412.893,92.826,117.737,1,246.246,1007.810,0,0,943.060,0.000,115.485,479.063,-4.558,0.707,-0.707,405.035,105.759,0.519,-0.855,405.035,105.759,0.519,-0.855,424.800,-106.500,0.000,0.000,424.800,-106.500,0.000,0.000,606.213,80.164,0.028,1.000,1.000,-1.000,0,0
135.201,489.237,-14.732,0.718,-0.696,0,416.625,86.682,124.729,1,244.271,1018.382,0,0,946.402,0.000,112.132,489.237,-14.732,0.707,-0.707,408.767,99.615,0.519,-0.855,408.767,99.615,0.519,-0.855,424.800,-106.500,0.000,0.000,424.800,-106.500,0.000,0.000,606.416,87.350,0.028,1.000,1.000,-1.000,0,0
135.304,499.412,-24.906,0.710,-0.704,0,420.358,80.538,131.788,1,243.133,1029.046,0,0,949.786,0.000,110.564,499.412,-24.906,0.707,-0.707,412.500,93.472,0.519,-0.855,412.500,93.472,0.519,-0.855,424.800,-106.500,0.000,0.000,424.800,-106.500,0.000,0.000,606.620,94.536,0.028,1.000,1.000,-1.000,0,0
135.404,510.429,-33.046,0.834,-0.552,0,424.090,74.395,137.832,1,240.807,1040.515,0,0,953.213,0.000,112.818,510.429,-33.046,1.000,0.000,416.233,87.328,0.519,-0.855,416.233,87.328,0.519,-0.855,424.800,-106.500,0.000,0.000,424.800,-106.500,0.000,0.000,606.824,101.722,0.028,1.000,1.000,0.000,0,0
135.503,513.307,-33.046,0.903,-0.429,0,427.823,68.251,132.546,1,238.797,1043.387,0,0,956.682,0.000,115.017,513.307,-33.046,0.000,0.000,419.965,81.184,0.519,-0.855,419.965,81.184,0.519,-0.855,424.800,-106.500,0.000,0.000,424.800,-106.500,0.000,0.000,608.567,108.696,0.242,0.970,0.000,0.000,0,0
135.602,513.307,-33.046,0.903,-0.429,0,431.556,62.107,125.449,1,238.797,1043.387,0,0,960.192,0.000,115.017,513.307,-33.046,0.000,0.000,423.698,75.041,0.519,-0.855,423.698,75.041,0.519,-0.855,424.800,-106.500,0.000,0.000,424.800,-106.500,0.000,0.000,610.310,115.670,0.242,0.970,0.000,0.000,0,0
135.704,513.307,-33.046,0.903,-0.429,0,435.288,55.964,118.362,1,238.797,1043.387,0,0,963.743,0.000,115.017,513.307,-33.046,0.000,0.000,427.431,68.897,0.519,-0.855,427.431,68.897,0.519,-0.855,424.800,-106.500,0.000,0.000,424.800,-106.500,0.000,0.000,612.053,122.644,0.242,0.970,0.000,0.000,0,0
135.802,513.307,-33.046,0.903,-0.429,0,439.021,49.820,111.288,1,238.797,1043.387,0,0,967.334,0.000,115.017,513.307,-33.046,0.000,0.000,431.163,62.753,0.519,-0.855,431.163,62.753,0.519,-0.855,424.800,-106.500,0.000,0.000,424.800,-106.500,0.000,0.000,613.797,129.618,0.242,0.970,0.000,0.000,0,0
135.901,513.307,-33.046,0.903,-0.429,0,442.753,43.676,104.231,1,238.797,1043.387,0,0,970.965,0.000,115.017,513.307,-33.046,0.000,0.000,434.896,56.609,0.519,-0.855,434.896,56.609,0.519,-0.855,424.800,-106.500,0.000,0.000,424.800,-106.500,0.000,0.000,615.540,136.593,0.242,0.970,0.000,0.000,0,0
136.003,513.307,-33.046,0.903,-0.429,0,446.486,37.532,97.192,1,238.797,1043.387,0,0,974.636,0.000,115.017,513.307,-33.046,0.000,0.000,438.628,50.466,0.519,-0.855,438.628,50.466,0.519,-0.855,424.800,-106.500,0.000,0.000,424.800,-106.500,0.000,0.000,615.749,132.238,-0.024,-1.000,0.000,0.000,0,0
136.102,513.307,-33.046,0.903,-0.429,0,450.219,31.389,90.177,1,238.797,1043.387,0,0,978.345,0.000,115.017,513.307,-33.046,0.000,0.000,442.361,44.322,0.519,-0.855,442.361,44.322,0.519,-0.855,424.800,-106.500,0.000,0.000,424.800,-106.500,0.000,0.000,615.576,125.052,-0.024,-1.000,0.000,0.000,0,0
136.200,513.307,-33.046,0.903,-0.429,0,453.951,25.245,83.192,1,238.797,1043.387,0,0,982.094,0.000,115.017,513.307,-33.046,0.000,0.000,446.094,38.178,0.519,-0.855,446.094,38.178,0.519,-0.855,424.800,-106.500,0.000,0.000,424.800,-106.500,0.000,0.000,615.402,117.865,-0.024,-1.000,0.000,0.000,0,0
136.303,513.307,-33.046,0.903,-0.429,0,457.684,19.101,76.244,1,238.797,1043.387,0,0,985.880,0.000,115.017,513.307,-33.046,0.000,0.000,449.826,32.035,0.519,-0.855,449.826,32.035,0.519,-0.855,424.800,-106.500,0.000,0.000,424.800,-106.500,0.000,0.000,615.229,110.678,-0.024,-1.000,0.000,0.000,0,0
136.400,513.307,-33.046,0.903,-0.429,0,461.416,12.958,69.346,1,238.797,1043.387,0,0,989.704,0.000,115.017,513.307,-33.046,0.000,0.000,453.559,25.891,0.519,-0.855,453.559,25.891,0.519,-0.855,424.800,-106.500,0.000,0.000,424.800,-106.500,0.000,0.000,629.000,109.653,0.000,0.000,0.000,0.000,0,0
136.504,513.307,-33.046,0.903,-0.429,0,465.149,6.814,62.514,1,238.797,1043.387,0,0,993.566,0.000,115.017,513.307,-33.046,0.000,0.000,457.291,19.747,0.519,-0.855,457.291,19.747,0.519,-0.855,424.800,-106.500,0.000,0.000,424.800,-106.500,0.000,0.000,629.000,117.459,0.000,0.000,0.000,0.000,0,0
136.605,513.307,-33.046,0.903,-0.429,0,468.882,0.670,55.771,1,238.797,1043.387,0,0,997.464,0.000,115.017,513.307,-33.046,0.000,0.000,461.024,13.604,0.519,-0.855,461.024,13.604,0.519,-0.855,424.800,-106.500,0.000,0.000,424.800,-106.500,0.000,0.000,629.000,124.987,0.000,0.000,0.000,0.000,0,0
136.704,513.307,-33.046,0.903,-0.429,0,472.614,-5.473,49.154,1,238.797,1043.387,0,0,1001.399,0.000,115.017,513.307,-33.046,0.000,0.000,464.757,7.460,0.519,-0.855,464.757,7.460,0.519,-0.855,424.800,-106.500,0.000,0.000,424.800,-106.500,0.000,0.000,629.000,132.443,0.000,0.000,0.000,0.000,0,0
136.803,513.307,-33.046,0.903,-0.429,0,476.347,-11.617,42.722,1,238.797,1043.387,0,0,1005.370,0.000,115.017,513.307,-33.046,0.000,0.000,468.489,1.316,0.519,-0.855,468.489,1.316,0.519,-0.855,424.800,-106.500,0.000,0.000,424.800,-106.500,0.000,0.000,629.000,138.222,0.000,0.000,0.000,0.000,0,0
136.903,513.307,-33.046,0.903,-0.429,0,480.079,-17.761,36.574,1,238.797,1043.387,0,0,1009.376,0.000,115.017,513.307,-33.046,0.000,0.000,472.222,-4.827,0.519,-0.855,472.222,-4.827,0.519,-0.855,424.800,-106.500,0.000,0.000,424.800,-106.500,0.000,0.000,629.000,130.716,0.000,0.000,0.000,0.000,0,0
137.003,513.307,-33.046,0.903,-0.429,0,483.812,-23.905,30.879,1,238.797,1043.387,0,0,1013.417,0.000,115.017,513.307,-33.046,0.000,0.000,475.954,-10.971,0.519,-0.855,475.954,-10.971,0.519,-0.855,424.800,-106.500,0.000,0.000,424.800,-106.500,0.000,0.000,629.000,123.248,0.000,0.000,0.000,0.000,0,0
137.101,513.307,-33.046,0.903,-0.429,0,487.545,-30.048,25.936,1,238.797,1043.387,0,0,1017.494,0.000,115.017,513.307,-33.046,0.000,0.000,479.687,-17.115,0.519,-0.855,479.687,-17.115,0.519,-0.855,424.800,-106.500,0.000,0.000,424.800,-106.500,0.000,0.000,629.000,115.848,0.000,0.000,0.000,0.000,0,0
137.201,513.307,-33.046,0.903,-0.429,0,491.277,-36.192,22.253,1,238.797,1043.387,0,0,1021.604,0.000,115.017,513.307,-33.046,0.000,0.000,483.420,-23.259,0.519,-0.855,483.420,-23.259,0.519,-0.855,424.800,-106.500,0.000,0.000,424.800,-106.500,0.000,0.000,629.000,108.381,0.000,0.000,0.000,0.000,0,0
137.301,513.307,-33.046,0.903,-0.429,0,499.864,-34.167,13.489,1,238.797,1043.387,0,0,1030.042,0.000,115.017,513.307,-33.046,0.000,0.000,487.802,-25.028,0.745,0.667,487.802,-25.028,0.745,0.667,424.800,-106.500,0.000,0.000,424.800,-106.500,0.000,0.000,629.000,100.859,0.000,0.000,0.000,0.000,0,0
137.402,513.307,-33.046,0.903,-0.429,0,507.654,-15.882,18.070,1,238.797,1043.387,0,0,1036.830,0.000,115.017,513.307,-33.046,0.000,0.000,493.161,-20.236,0.745,0.667,493.161,-20.236,0.745,0.667,424.800,-106.500,0.000,0.000,424.800,-106.500,0.000,0.000,629.000,93.268,0.000,0.000,0.000,0.000,0,0
137.502,513.307,-33.046,0.903,-0.429,0,510.432,-6.111,27.088,1,238.797,1043.387,0,0,1039.210,0.000,115.017,513.307,-33.046,0.000,0.000,498.519,-15.443,0.745,0.667,498.519,-15.443,0.745,0.667,424.800,-106.500,0.000,0.000,424.800,-106.500,0.000,0.000,629.000,85.781,0.000,0.000,0.000,0.000,0,0
137.600,513.307,-44.557,0.400,-0.917,0,515.322,-0.750,43.853,1,247.168,1044.156,0,0,1043.921,0.000,108.029,513.307,-44.557,0.000,-1.000,503.877,-10.651,0.745,0.667,503.877,-10.651,0.745,0.667,424.800,-106.500,0.000,0.000,424.800,-106.500,0.000,0.000,629.000,78.468,0.000,0.000,0.000,-1.000,0,0
137.700,513.307,-58.945,0.120,-0.993,0,520.558,4.182,63.543,1,257.973,1045.294,0,0,1049.016,0.000,100.473,513.307,-58.945,0.000,-1.000,509.236,-5.859,0.745,0.667,509.236,-5.859,0.745,0.667,424.800,-106.500,0.000,0.000,424.800,-106.500,0.000,0.000,629.000,70.976,0.000,0.000,0.000,-1.000,0,0
137.800,513.307,-73.334,0.034,-0.999,0,525.885,9.010,83.299,1,269.113,1046.629,0,0,1054.229,0.000,94.517,513.307,-73.334,0.000,-1.000,514.594,-1.066,0.745,0.667,514.594,-1.066,0.745,0.667,424.800,-106.500,0.000,0.000,424.800,-106.500,0.000,0.000,629.000,63.435,0.000,0.000,0.000,0.000,0,0
137.900,513.307,-73.334,0.034,-0.999,0,531.235,13.811,88.971,1,269.113,1046.629,0,0,1059.490,0.000,94.517,513.307,-73.334,0.000,0.000,519.952,3.726,0.745,0.667,519.952,3.726,0.745,0.667,424.800,-106.500,0.000,0.000,424.800,-106.500,0.000,0.000,629.000,55.928,0.000,0.000,0.000,0.000,0,0
138.002,513.307,-73.334,0.034,-0.999,0,536.591,18.606,94.843,1,269.113,1046.629,0,0,1064.778,0.000,94.517,513.307,-73.334,0.000,0.000,525.310,8.518,0.745,0.667,525.310,8.518,0.745,0.667,424.800,-106.500,0.000,0.000,424.800,-106.500,0.000,0.000,629.000,48.319,0.000,0.000,0.000,0.000,0,0
138.105,513.307,-73.334,0.034,-0.999,0,541.949,23.399,100.884,1,269.113,1046.629,0,0,1070.091,0.000,94.517,513.307,-73.334,0.000,0.000,530.669,13.310,0.745,0.667,530.669,13.310,0.745,0.667,424.800,-106.500,0.000,0.000,424.800,-106.500,0.000,0.000,629.000,40.603,0.000,0.000,0.000,0.000,0,0
138.201,513.307,-73.334,0.034,-0.999,0,547.307,28.191,107.067,1,269.113,1046.629,0,0,1075.426,0.000,94.517,513.307,-73.334,0.000,0.000,536.027,18.103,0.745,0.667,536.027,18.103,0.745,0.667,424.800,-106.500,0.000,0.000,424.800,-106.500,0.000,0.000,629.000,33.359,0.000,0.000,0.000,0.000,0,0
138.302,513.307,-73.334,0.034,-0.999,0,552.001,33.665,113.781,1,269.113,1046.629,0,0,1080.119,0.000,94.517,513.307,-73.334,0.000,0.000,541.187,23.078,0.608,0.794,541.187,23.078,0.608,0.794,424.800,-106.500,0.000,0.000,424.800,-106.500,0.000,0.000,629.000,31.934,0.000,0.000,0.000,0.000,0,0
138.404,513.307,-73.334,0.034,-0.999,0,555.181,40.465,121.259,1,269.113,1046.629,0,0,1083.338,0.000,94.517,513.307,-73.334,0.000,0.000,545.556,28.788,0.608,0.794,545.556,28.788,0.608,0.794,424.800,-106.500,0.000,0.000,424.800,-106.500,0.000,0.000,629.000,39.551,0.000,0.000,0.000,0.000,0,0
138.501,513.307,-73.334,0.034,-0.999,0,559.231,46.430,128.267,1,269.113,1046.629,0,0,1087.456,0.000,94.517,513.307,-73.334,0.000,0.000,549.924,34.497,0.608,0.794,549.924,34.497,0.608,0.794,424.800,-106.500,0.000,0.000,424.800,-106.500,0.000,0.000,629.000,46.805,0.000,0.000,0.000,0.000,0,0
138.599,513.307,-73.334,0.034,-0.999,0,563.517,52.203,135.206,1,269.113,1046.629,0,0,1091.839,0.000,94.517,513.307,-73.334,0.000,0.000,554.293,40.206,0.608,0.794,554.293,40.206,0.608,0.794,424.800,-106.500,0.000,0.000,424.800,-106.500,0.000,0.000,629.000,54.201,0.000,0.000,0.000,0.000,0,0
138.704,513.307,-73.334,0.034,-0.999,0,567.865,57.928,142.149,1,269.113,1046.629,0,0,1096.311,0.000,94.517,513.307,-73.334,0.000,0.000,558.662,45.915,0.608,0.794,558.662,45.915,0.608,0.794,424.800,-106.500,0.000,0.000,424.800,-106.500,0.000,0.000,629.000,62.085,0.000,0.000,0.000,0.000,0,0
138.804,513.307,-73.334,0.034,-0.999,0,572.228,63.641,149.111,1,269.113,1046.629,0,0,1100.828,0.000,94.517,513.307,-73.334,0.000,0.000,563.030,51.624,0.608,0.794,563.030,51.624,0.608,0.794,424.800,-106.500,0.000,0.000,424.800,-106.500,0.000,0.000,629.000,69.582,0.000,0.000,0.000,0.000,0,0
138.904,513.307,-73.334,0.034,-0.999,0,576.595,69.351,156.092,1,269.113,1046.629,0,0,1105.376,0.000,94.517,513.307,-73.334,0.000,0.000,567.399,57.333,0.608,0.794,567.399,57.333,0.608,0.794,424.800,-106.500,0.000,0.000,424.800,-106.500,0.000,0.000,629.000,77.074,0.000,0.000,0.000,0.000,0,0
138.999,513.307,-73.334,0.034,-0.999,0,580.963,75.061,163.090,1,269.113,1046.629,0,0,1109.954,0.000,94.517,513.307,-73.334,0.000,0.000,571.767,63.042,0.608,0.794,571.767,63.042,0.608,0.794,424.800,-106.500,0.000,0.000,424.800,-106.500,0.000,0.000,629.000,84.201,0.000,0.000,0.000,0.000,0,0
139.104,513.307,-73.334,0.034,-0.999,0,582.741,82.248,170.373,1,269.113,1046.629,0,0,1112.038,0.000,94.517,513.307,-73.334,0.000,0.000,575.346,69.045,0.059,0.998,575.346,69.045,0.059,0.998,424.800,-106.500,0.000,0.000,424.800,-106.500,0.000,0.000,629.000,92.046,0.000,0.000,0.000,0.000,0,0
139.203,513.307,-73.334,0.034,-0.999,0,578.380,91.127,176.867,1,269.113,1046.629,0,0,1108.129,0.000,94.517,513.307,-73.334,0.000,0.000,575.769,76.221,0.059,0.998,575.769,76.221,0.059,0.998,424.800,-106.500,0.000,0.000,424.800,-106.500,0.000,0.000,629.000,99.483,0.000,0.000,0.000,0.000,0,0
139.303,513.307,-73.334,0.034,-0.999,0,577.520,98.472,183.414,1,269.113,1046.629,0,0,1107.695,0.000,94.517,513.307,-73.334,0.000,0.000,576.192,83.397,0.059,0.998,576.192,83.397,0.059,0.998,424.800,-106.500,0.000,0.000,424.800,-106.500,0.000,0.000,629.000,106.967,0.000,0.000,0.000,0.000,0,0
139.402,513.307,-73.334,0.034,-0.999,0,577.616,105.674,190.209,1,269.113,1046.629,0,0,1108.253,0.000,94.517,513.307,-73.334,0.000,0.000,576.614,90.573,0.059,0.998,576.614,90.573,0.059,0.998,424.800,-106.500,0.000,0.000,424.800,-106.500,0.000,0.000,629.000,114.433,0.000,0.000,0.000,0.000,0,0
139.501,513.307,-73.334,0.034,-0.999,0,577.955,112.855,197.094,1,269.113,1046.629,0,0,1109.099,0.000,94.517,513.307,-73.334,0.000,0.000,577.037,97.750,0.059,0.998,577.037,97.750,0.059,0.998,424.800,-106.500,0.000,0.000,424.800,-106.500,0.000,0.000,629.000,121.865,0.000,0.000,0.000,0.000,0,0
139.603,513.307,-73.334,0.034,-0.999,0,578.357,120.033,204.015,1,269.113,1046.629,0,0,1110.053,0.000,94.517,513.307,-73.334,0.000,0.000,577.460,104.926,0.059,0.998,577.460,104.926,0.059,0.998,424.800,-106.500,0.000,0.000,424.800,-106.500,0.000,0.000,629.000,129.516,0.000,0.000,0.000,0.000,0,0
139.704,513.307,-79.090,0.019,-1.000,0,578.774,127.209,216.438,1,273.653,1047.218,0,0,1111.068,0.000,92.654,513.307,-79.090,0.000,-1.000,577.882,112.102,0.059,0.998,577.882,112.102,0.059,0.998,424.800,-106.500,0.000,0.000,424.800,-106.500,0.000,0.000,331.666,68.069,0.974,0.227,0.000,-1.000,0,0
139.806,513.307,-93.478,0.006,-1.000,0,579.196,134.386,237.199,1,285.198,1048.827,0,0,1112.133,0.000,89.459,513.307,-93.478,0.000,-1.000,578.305,119.279,0.059,0.998,578.305,119.279,0.059,0.998,424.800,-106.500,0.000,0.000,424.800,-106.500,0.000,0.000,338.638,69.818,0.967,0.254,0.000,-1.000,0,0
139.901,513.307,-107.867,0.002,-1.000,0,579.618,141.562,258.093,1,296.990,1050.630,0,0,1113.244,0.000,88.517,513.307,-107.867,0.000,-1.000,578.728,126.455,0.059,0.998,578.728,126.455,0.059,0.998,424.800,-106.500,0.000,0.000,424.800,-106.500,0.000,0.000,345.560,71.758,0.960,0.280,0.000,-1.000,0,0
140.004,519.062,-107.867,0.423,-0.906,0,580.041,148.738,263.751,1,293.812,1056.335,0,0,1114.400,0.000,94.272,519.062,-107.867,1.000,0.000,448.297,127.844,-0.297,-0.955,448.297,127.844,-0.297,-0.955,424.800,-106.500,0.000,0.000,424.800,-106.500,0.000,0.000,352.425,73.889,0.952,0.307,1.000,0.000,0,0
140.100,532.608,-105.832,0.966,-0.258,0,580.463,155.914,266.085,1,284.907,1069.501,0,0,1115.602,0.000,107.810,532.608,-105.832,0.707,0.707,446.162,120.979,-0.297,-0.955,446.162,120.979,-0.297,-0.955,424.800,-106.500,0.000,0.000,424.800,-106.500,0.000,0.000,629.000,111.493,0.000,0.000,1.000,1.000,0,0
140.200,542.782,-95.658,0.883,0.470,0,580.886,163.091,261.539,1,270.988,1078.350,0,0,1116.848,0.000,118.479,542.782,-95.658,0.707,0.707,444.027,114.115,-0.297,-0.955,444.027,114.115,-0.297,-0.955,424.800,-106.500,0.000,0.000,424.800,-106.500,0.000,0.000,629.000,103.971,0.000,0.000,1.000,1.000,0,0
140.302,550.922,-84.641,0.651,0.759,0,581.309,170.267,256.712,1,257.397,1085.205,0,0,1118.140,0.000,128.002,550.922,-84.641,0.000,1.000,441.892,107.250,-0.297,-0.955,441.892,107.250,-0.297,-0.955,424.800,-106.500,0.000,0.000,424.800,-106.500,0.000,0.000,629.000,96.334,0.000,0.000,0.000,1.000,0,0
140.402,550.922,-70.252,0.202,0.979,0,581.732,177.443,249.604,1,245.064,1083.767,0,0,1119.476,0.000,131.227,550.922,-70.252,0.000,1.000,436.748,104.944,-0.995,0.102,436.748,104.944,-0.995,0.102,424.800,-106.500,0.000,0.000,424.800,-106.500,0.000,0.000,629.000,88.798,0.000,0.000,0.000,1.000,0,0
140.503,550.922,-55.863,0.058,0.998,0,582.155,184.619,242.502,1,232.966,1082.519,0,0,1120.857,0.000,135.907,550.922,-55.863,0.000,1.000,429.596,105.677,-0.995,0.102,429.596,105.677,-0.995,0.102,424.800,-106.500,0.000,0.000,424.800,-106.500,0.000,0.000,629.000,81.266,0.000,0.000,0.000,1.000,0,0
140.604,550.922,-41.475,0.017,1.000,0,582.577,191.796,235.408,1,221.143,1081.461,0,0,1122.282,0.000,139.105,550.922,-41.475,0.000,1.000,422.445,106.410,-0.995,0.102,422.445,106.410,-0.995,0.102,629.000,73.651,0.000,0.000,424.800,-106.500,0.000,0.000,424.800,-106.500,0.000,0.000,0.000,1.000,0,0
140.702,550.922,-27.086,0.005,1.000,0,583.000,198.972,228.323,1,209.641,1080.593,0,0,1123.752,0.000,121.764,550.922,-27.086,0.000,1.000,415.294,107.143,-0.995,0.102,415.294,107.143,-0.995,0.102,629.000,66.350,0.000,0.000,424.800,-106.500,0.000,0.000,424.800,-106.500,0.000,0.000,0.000,1.000,0,0
140.801,550.922,-12.697,0.001,1.000,0,579.682,203.435,218.037,1,198.515,1079.917,0,0,1121.149,0.000,105.955,550.922,-12.697,0.000,1.000,408.143,107.875,-0.995,0.102,408.143,107.875,-0.995,0.102,629.000,58.929,0.000,0.000,424.800,-106.500,0.000,0.000,424.800,-106.500,0.000,0.000,0.000,1.000,0,0
140.901,550.922,1.692,0.000,1.000,0,564.230,189.779,188.558,1,187.834,1079.432,0,0,1103.837,0.000,92.561,550.922,1.692,0.000,1.000,577.514,182.530,-0.572,-0.820,577.514,182.530,-0.572,-0.820,629.000,51.403,0.000,0.000,424.800,-106.500,0.000,0.000,424.800,-106.500,0.000,0.000,0.000,1.000,0,0
141.004,550.922,16.080,0.000,1.000,0,559.725,170.156,154.327,1,177.677,1079.138,0,0,1096.716,0.000,82.810,550.922,16.080,0.000,1.000,573.401,176.634,-0.572,-0.820,573.401,176.634,-0.572,-0.820,629.000,43.672,0.000,0.000,417.131,104.805,0.899,0.437,417.131,104.805,0.899,0.437,0.000,1.000,0,0
141.102,550.922,30.469,0.000,1.000,0,560.239,158.609,128.478,1,168.138,1079.036,0,0,1095.820,0.000,78.300,550.922,30.469,0.000,1.000,569.289,170.738,-0.572,-0.820,569.289,170.738,-0.572,-0.820,629.000,36.355,0.000,0.000,423.775,107.546,0.934,0.356,423.775,107.546,0.934,0.356,0.000,1.000,0,0
141.203,548.887,44.015,-0.121,0.993,0,556.419,152.499,108.746,1,161.462,1077.082,0,0,1091.329,0.000,81.508,548.887,44.015,-0.707,0.707,565.177,164.841,-0.572,-0.820,565.177,164.841,-0.572,-0.820,629.000,29.000,0.000,0.000,430.539,109.978,0.945,0.326,430.539,109.978,0.945,0.326,-1.000,1.000,0,0
141.302,538.712,54.189,-0.559,0.829,0,552.382,146.550,93.367,1,164.378,1067.083,0,0,1086.669,0.000,92.014,538.712,54.189,-0.707,0.707,561.065,158.945,-0.572,-0.820,561.065,158.945,-0.572,-0.820,629.000,36.450,0.000,0.000,437.380,112.185,0.956,0.293,437.380,112.185,0.956,0.293,-1.000,1.000,0,0
141.405,530.573,65.206,-0.498,0.867,0,548.289,140.640,77.486,1,166.289,1059.246,0,0,1081.984,0.000,99.182,530.573,65.206,0.000,1.000,556.953,153.048,-0.572,-0.820,556.953,153.048,-0.572,-0.820,444.299,114.134,0.967,0.255,444.299,114.134,0.967,0.255,629.000,44.183,0.000,0.000,0.000,1.000,0,0
141.500,530.573,68.084,-0.402,0.916,0,544.182,134.740,68.031,1,165.051,1059.343,0,0,1077.314,0.000,92.518,530.573,68.084,0.000,0.000,552.840,147.152,-0.572,-0.820,552.840,147.152,-0.572,-0.820,451.297,115.779,0.978,0.210,451.297,115.779,0.978,0.210,629.000,51.326,0.000,0.000,0.000,0.000,0,0
141.601,530.573,68.084,-0.402,0.916,0,544.906,126.597,60.243,1,165.051,1059.343,0,0,1077.281,0.000,87.227,530.573,68.084,0.000,0.000,550.291,140.740,-0.028,-1.000,550.291,140.740,-0.028,-1.000,458.374,117.031,0.991,0.136,458.374,117.031,0.991,0.136,629.000,58.889,0.000,0.000,0.000,0.000,0,0
141.700,530.573,68.084,-0.402,0.916,0,548.373,118.518,53.483,1,165.051,1059.343,0,0,1080.048,0.000,81.691,530.573,68.084,0.000,0.000,550.087,133.554,-0.028,-1.000,550.087,133.554,-0.028,-1.000,465.542,117.525,1.000,0.030,465.542,117.525,1.000,0.030,629.000,66.330,0.000,0.000,0.000,0.000,0,0
141.800,530.573,68.084,-0.402,0.916,0,549.126,111.254,46.988,1,165.051,1059.343,0,0,1080.234,0.000,75.983,530.573,68.084,0.000,0.000,549.882,126.368,-0.028,-1.000,549.882,126.368,-0.028,-1.000,472.727,117.350,0.998,-0.061,472.727,117.350,0.998,-0.061,629.000,73.773,0.000,0.000,0.000,0.000,0,0
141.905,530.573,68.084,-0.402,0.916,0,549.165,104.058,40.494,1,165.051,1059.343,0,0,1079.761,0.000,70.114,530.573,68.084,0.000,0.000,549.678,119.183,-0.028,-1.000,549.678,119.183,-0.028,-1.000,479.862,116.503,0.988,-0.157,479.862,116.503,0.988,-0.157,629.000,81.650,0.000,0.000,0.000,0.000,0,0
142.000,530.573,62.329,-0.792,0.610,0,549.022,96.870,39.160,1,167.567,1059.156,0,0,1079.156,0.000,68.391,530.573,62.329,0.000,-1.000,549.473,111.997,-0.028,-1.000,549.473,111.997,-0.028,-1.000,486.876,114.940,0.966,-0.258,486.876,114.940,0.966,-0.258,629.000,88.813,0.000,0.000,0.000,-1.000,0,0
142.104,530.573,47.940,-0.794,-0.608,0,548.833,89.684,45.563,1,174.529,1058.827,0,0,1078.552,0.000,74.472,530.573,47.940,0.000,-1.000,549.269,104.811,-0.028,-1.000,549.269,104.811,-0.028,-1.000,493.680,112.631,0.932,-0.363,493.680,112.631,0.932,-0.363,629.000,96.633,0.000,0.000,0.000,-1.000,0,0
142.204,530.573,33.551,-0.129,-0.992,0,548.633,82.498,52.172,1,182.363,1058.693,0,0,1077.984,0.000,81.869,530.573,33.551,0.000,-1.000,549.064,97.625,-0.028,-1.000,549.064,97.625,-0.028,-1.000,500.180,109.570,0.884,-0.467,500.180,109.570,0.884,-0.467,629.000,104.093,0.000,0.000,0.000,-1.000,0,0
142.302,530.573,19.163,-0.038,-0.999,0,548.430,75.312,58.921,1,190.961,1058.755,0,0,1077.460,0.000,89.956,530.573,19.163,0.000,-1.000,548.860,90.439,-0.028,-1.000,548.860,90.439,-0.028,-1.000,506.282,105.777,0.824,-0.567,506.282,105.777,0.824,-0.567,629.000,111.473,0.000,0.000,0.000,-1.000,0,0
142.403,538.712,8.145,0.474,-0.880,0,548.226,68.126,60.731,1,191.961,1067.071,0,0,1076.984,0.000,96.940,538.712,8.145,0.707,-0.707,548.656,83.254,-0.028,-1.000,548.656,83.254,-0.028,-1.000,511.906,101.305,0.753,-0.658,511.906,101.305,0.753,-0.658,629.000,119.012,0.000,0.000,1.000,-1.000,0,0
142.501,552.258,6.110,0.925,-0.380,0,548.021,60.941,54.994,1,183.728,1080.657,0,0,1076.556,0.000,96.773,552.258,6.110,1.000,0.000,548.451,76.068,-0.028,-1.000,548.451,76.068,-0.028,-1.000,516.991,96.229,0.676,-0.737,516.991,96.229,0.676,-0.737,629.000,126.410,0.000,0.000,1.000,0.000,0,0
142.603,555.136,6.110,0.957,-0.291,0,547.817,53.755,48.203,1,181.750,1083.534,0,0,1076.175,0.000,90.974,555.136,6.110,0.000,0.000,548.247,68.882,-0.028,-1.000,548.247,68.882,-0.028,-1.000,521.509,90.641,0.597,-0.803,521.509,90.641,0.597,-0.803,629.000,134.014,0.000,0.000,0.000,0.000,0,0
142.702,555.136,6.110,0.957,-0.291,0,547.613,46.569,41.152,1,181.750,1083.534,0,0,1075.842,0.000,83.948,555.136,6.110,0.000,0.000,548.043,61.696,-0.028,-1.000,548.043,61.696,-0.028,-1.000,525.458,84.637,0.518,-0.855,525.458,84.637,0.518,-0.855,629.000,136.988,0.000,0.000,0.000,0.000,0,0
142.801,555.136,6.110,0.957,-0.291,0,547.408,39.383,34.158,1,181.750,1083.534,0,0,1075.557,0.000,76.829,555.136,6.110,0.000,0.000,547.839,54.510,-0.028,-1.000,547.839,54.510,-0.028,-1.000,528.861,78.307,0.444,-0.896,528.861,78.307,0.444,-0.896,629.000,129.587,0.000,0.000,0.000,0.000,0,0
142.900,555.136,6.110,0.957,-0.291,0,547.204,32.198,27.266,1,181.750,1083.534,0,0,1075.320,0.000,69.659,555.136,6.110,0.000,0.000,547.634,47.325,-0.028,-1.000,547.634,47.325,-0.028,-1.000,531.759,71.730,0.377,-0.926,531.759,71.730,0.377,-0.926,629.000,122.097,0.000,0.000,0.000,0.000,0,0
143.002,555.136,6.110,0.957,-0.291,0,547.000,25.012,20.578,1,181.750,1083.534,0,0,1075.131,0.000,62.472,555.136,6.110,0.000,0.000,547.430,40.139,-0.028,-1.000,547.430,40.139,-0.028,-1.000,534.201,64.970,0.316,-0.949,534.201,64.970,0.316,-0.949,629.000,114.495,0.000,0.000,0.000,0.000,0,0
143.101,555.136,6.110,0.957,-0.291,0,546.795,17.826,14.381,1,181.750,1083.534,0,0,1074.990,0.000,55.296,555.136,6.110,0.000,0.000,547.226,32.953,-0.028,-1.000,547.226,32.953,-0.028,-1.000,536.242,58.078,0.263,-0.965,536.242,58.078,0.263,-0.965,629.000,107.054,0.000,0.000,0.000,0.000,0,0
143.200,555.136,6.110,0.957,-0.291,0,546.591,10.640,9.671,1,181.750,1083.534,0,0,1074.897,0.000,48.159,555.136,6.110,0.000,0.000,547.021,25.767,-0.028,-1.000,547.021,25.767,-0.028,-1.000,537.934,51.092,0.218,-0.976,537.934,51.092,0.218,-0.976,629.000,99.609,0.000,0.000,0.000,0.000,0,0
143.302,555.136,0.355,0.822,-0.570,0,546.387,3.454,9.282,1,185.966,1083.681,0,0,1074.853,0.000,46.458,555.136,0.355,0.000,-1.000,546.817,18.582,-0.028,-1.000,546.817,18.582,-0.028,-1.000,539.326,44.040,0.179,-0.984,539.326,44.040,0.179,-0.984,629.000,91.966,0.000,0.000,0.000,-1.000,0,0
143.404,555.136,-14.034,0.264,-0.965,0,546.182,-3.731,13.649,1,196.846,1084.182,0,0,1074.856,0.000,53.046,555.136,-14.034,0.000,-1.000,546.613,11.396,-0.028,-1.000,546.613,11.396,-0.028,-1.000,540.462,36.942,0.145,-0.989,540.462,36.942,0.145,-0.989,629.000,84.325,0.000,0.000,0.000,-1.000,0,0
143.500,555.136,-28.422,0.080,-0.997,0,545.978,-10.917,19.756,1,208.153,1084.874,0,0,1074.907,0.000,59.837,555.136,-28.422,0.000,-1.000,546.408,4.210,-0.028,-1.000,546.408,4.210,-0.028,-1.000,541.383,29.813,0.117,-0.993,541.383,29.813,0.117,-0.993,629.000,77.115,0.000,0.000,0.000,-1.000,0,0
143.603,555.136,-42.811,0.022,-1.000,0,545.774,-18.103,26.422,1,219.821,1085.755,0,0,1075.007,0.000,66.754,555.136,-42.811,0.000,-1.000,546.204,-2.976,-0.028,-1.000,546.204,-2.976,-0.028,-1.000,542.121,22.662,0.094,-0.996,542.121,22.662,0.094,-0.996,629.000,69.435,0.000,0.000,0.000,-1.000,0,0
143.704,555.136,-57.200,0.006,-1.000,0,545.570,-25.289,33.314,1,231.794,1086.827,0,0,1075.154,0.000,73.752,555.136,-57.200,0.000,-1.000,546.000,-10.162,-0.028,-1.000,546.000,-10.162,-0.028,-1.000,542.705,15.497,0.074,-0.997,542.705,15.497,0.074,-0.997,424.800,-106.500,0.000,0.000,0.000,-1.000,0,0
143.801,544.468,-62.112,-0.746,-0.666,0,545.293,-35.016,27.109,0,241.728,1076.609,0,0,1075.430,0.000,70.448,544.468,-62.112,-1.000,0.000,545.795,-17.347,-0.028,-1.000,545.795,-17.347,-0.028,-1.000,543.161,8.323,0.057,-0.998,543.161,8.323,0.057,-0.998,424.800,-106.500,0.000,0.000,-1.000,0.000,0,0
143.900,530.079,-62.112,-0.978,-0.208,0,544.736,-54.611,16.465,0,250.039,1062.276,0,0,1076.253,0.000,64.646,530.079,-62.112,-1.000,0.000,545.591,-24.533,-0.028,-1.000,545.591,-24.533,-0.028,-1.000,543.430,1.140,0.027,-1.000,543.430,1.140,0.027,-1.000,424.800,-106.500,0.000,0.000,-1.000,0.000,0,0
144.005,515.690,-62.112,-0.998,-0.057,0,544.192,-73.722,30.777,0,258.884,1047.945,0,0,1077.396,0.000,62.607,515.690,-62.112,-1.000,0.000,545.387,-31.719,-0.028,-1.000,545.387,-31.719,-0.028,-1.000,543.554,-6.048,0.012,-1.000,543.554,-6.048,0.012,-1.000,424.800,-106.500,0.000,0.000,-1.000,0.000,0,0
144.100,501.302,-62.112,-1.000,-0.017,0,543.663,-92.359,52.054,0,268.209,1033.616,0,0,1078.835,0.000,64.634,501.302,-62.112,-1.000,0.000,545.182,-38.905,-0.028,-1.000,545.182,-38.905,-0.028,-1.000,543.595,-13.237,0.002,-1.000,543.595,-13.237,0.002,-1.000,424.800,-106.500,0.000,0.000,-1.000,0.000,0,0
144.201,486.913,-62.112,-1.000,-0.005,0,543.146,-110.536,74.214,0,277.967,1019.288,0,0,1080.545,0.000,70.352,486.913,-62.112,-1.000,0.000,544.978,-46.091,-0.028,-1.000,544.978,-46.091,-0.028,-1.000,543.583,-20.425,-0.004,-1.000,543.583,-20.425,-0.004,-1.000,424.800,-106.500,0.000,0.000,-1.000,0.000,0,0
144.302,472.524,-62.112,-1.000,-0.001,0,542.642,-128.262,96.405,0,288.113,1004.962,0,0,1082.504,0.000,65.176,472.524,-62.112,-1.000,0.000,544.774,-53.276,-0.028,-1.000,544.774,-53.276,-0.028,-1.000,424.800,-106.500,0.000,0.000,424.800,-106.500,0.000,0.000,543.536,-27.614,-0.008,-1.000,-1.000,0.000,0,0
144.402,463.542,-71.095,-0.834,-0.551,0,542.150,-145.550,108.287,0,300.796,996.898,0,0,1084.688,0.000,52.483,463.542,-71.095,0.000,-1.000,544.570,-60.462,-0.028,-1.000,544.570,-60.462,-0.028,-1.000,424.800,-106.500,0.000,0.000,424.800,-106.500,0.000,0.000,543.463,-34.802,-0.011,-1.000,0.000,-1.000,0,0
144.504,463.542,-85.483,-0.271,-0.963,0,541.671,-162.409,109.671,0,310.966,998.473,0,0,1087.079,0.000,44.075,463.542,-85.483,0.000,-1.000,544.365,-67.648,-0.028,-1.000,544.365,-67.648,-0.028,-1.000,424.800,-106.500,0.000,0.000,424.800,-106.500,0.000,0.000,543.371,-41.990,-0.014,-1.000,0.000,-1.000,0,0
144.603,463.542,-99.872,-0.079,-0.997,0,541.203,-178.852,110.810,0,321.458,1000.252,0,0,1089.656,0.000,39.305,463.542,-99.872,0.000,-1.000,544.161,-74.834,-0.028,-1.000,544.161,-74.834,-0.028,-1.000,424.800,-106.500,0.000,0.000,424.800,-106.500,0.000,0.000,543.264,-49.178,-0.016,-1.000,0.000,-1.000,0,0
144.700,463.542,-114.261,-0.024,-1.000,0,540.747,-194.887,111.699,0,332.242,1002.235,0,0,1092.401,0.000,39.512,463.542,-114.261,0.000,-1.000,543.957,-82.020,-0.028,-1.000,543.957,-82.020,-0.028,-1.000,424.800,-106.500,0.000,0.000,424.800,-106.500,0.000,0.000,543.146,-56.366,-0.017,-1.000,0.000,-1.000,0,0
144.805,471.681,-125.278,0.445,-0.895,0,540.303,-210.526,109.539,0,335.583,1011.930,0,0,1095.298,0.000,50.502,471.681,-125.278,0.707,-0.707,543.752,-89.205,-0.028,-1.000,543.752,-89.205,-0.028,-1.000,424.800,-106.500,0.000,0.000,424.800,-106.500,0.000,0.000,543.018,-63.553,-0.018,-1.000,1.000,-1.000,0,0
144.901,481.856,-135.452,0.639,-0.769,0,539.869,-225.777,107.501,0,337.570,1023.587,0,0,1098.330,0.000,63.981,481.856,-135.452,0.707,-0.707,543.548,-96.391,-0.028,-1.000,543.548,-96.391,-0.028,-1.000,424.800,-106.500,0.000,0.000,424.800,-106.500,0.000,0.000,542.882,-70.741,-0.019,-1.000,1.000,-1.000,0,0
145.004,492.030,-145.627,0.689,-0.725,0,539.446,-240.651,106.408,0,340.155,1035.312,0,0,1101.482,0.000,77.787,492.030,-145.627,0.707,-0.707,543.344,-103.577,-0.028,-1.000,543.344,-103.577,-0.028,-1.000,424.800,-106.500,0.000,0.000,424.800,-106.500,0.000,0.000,542.740,-77.928,-0.020,-1.000,1.000,-1.000,0,0
145.103,502.205,-155.801,0.702,-0.712,0,539.053,-254.477,105.540,0,343.323,1047.104,0,0,1104.592,0.000,81.411,502.205,-155.801,0.707,-0.707,543.139,-110.763,-0.028,-1.000,543.139,-110.763,-0.028,-1.000,542.593,-85.115,-0.021,-1.000,542.593,-85.115,-0.021,-1.000,424.800,-106.500,0.000,0.000,1.000,-1.000,0,0
145.204,512.379,-165.975,0.706,-0.709,0,538.670,-267.939,105.507,0,347.060,1058.960,0,0,1107.778,0.000,79.570,512.379,-165.975,0.707,-0.707,542.935,-117.948,-0.028,-1.000,542.935,-117.948,-0.028,-1.000,542.441,-92.302,-0.021,-1.000,542.441,-92.302,-0.021,-1.000,424.800,-106.500,0.000,0.000,1.000,-1.000,0,0
145.305,522.553,-176.150,0.707,-0.708,0,538.298,-281.010,106.243,0,351.347,1070.878,0,0,1111.019,0.000,79.159,522.553,-176.150,0.707,-0.707,542.731,-125.134,-0.028,-1.000,542.731,-125.134,-0.028,-1.000,542.285,-99.489,-0.022,-1.000,542.285,-99.489,-0.022,-1.000,424.800,-106.500,0.000,0.000,1.000,-1.000,0,0
145.399,532.728,-186.324,0.707,-0.707,0,537.938,-293.699,107.706,0,356.164,1082.856,0,0,1114.303,0.000,80.200,532.728,-186.324,0.707,-0.707,542.526,-132.320,-0.028,-1.000,542.526,-132.320,-0.028,-1.000,542.126,-106.676,-0.022,-1.000,542.126,-106.676,-0.022,-1.000,424.800,-106.500,0.000,0.000,1.000,-1.000,0,0
145.502,542.902,-196.499,0.707,-0.707,0,537.587,-306.017,109.848,0,361.490,1094.892,0,0,1117.619,0.000,82.641,542.902,-196.499,0.707,-0.707,542.322,-139.506,-0.028,-1.000,542.322,-139.506,-0.028,-1.000,541.964,-113.863,-0.023,-1.000,541.964,-113.863,-0.023,-1.000,424.800,-106.500,0.000,0.000,0.000,-1.000,0,0
145.604,540.867,-210.044,0.157,-0.988,0,537.248,-317.971,108.191,0,374.802,1095.800,0,0,1120.958,0.000,88.999,540.867,-210.044,-0.707,-0.707,542.118,-146.692,-0.028,-1.000,542.118,-146.692,-0.028,-1.000,541.799,-121.050,-0.023,-1.000,541.799,-121.050,-0.023,-1.000,424.800,-106.500,0.000,0.000,-1.000,-1.000,0,0
145.700,530.693,-220.219,-0.483,-0.876,0,536.918,-329.572,109.731,0,388.048,1088.181,0,0,1124.310,0.000,92.630,530.693,-220.219,-0.707,-0.707,541.913,-153.878,-0.028,-1.000,541.913,-153.878,-0.028,-1.000,541.632,-128.237,-0.023,-1.000,541.632,-128.237,-0.023,-1.000,424.800,-106.500,0.000,0.000,-1.000,-1.000,0,0
145.802,520.518,-230.393,-0.648,-0.762,0,536.598,-340.830,111.799,0,401.372,1080.700,0,0,1127.668,0.000,97.252,520.518,-230.393,-0.707,-0.707,541.709,-161.063,-0.028,-1.000,541.709,-161.063,-0.028,-1.000,541.463,-135.423,-0.024,-1.000,541.463,-135.423,-0.024,-1.000,424.800,-106.500,0.000,0.000,-1.000,-1.000,0,0
145.902,510.344,-240.567,-0.691,-0.723,0,536.286,-351.796,114.411,0,414.767,1073.360,0,0,1131.036,0.000,102.730,510.344,-240.567,-0.707,-0.707,541.505,-168.249,-0.028,-1.000,541.505,-168.249,-0.028,-1.000,541.292,-142.610,-0.024,-1.000,541.292,-142.610,-0.024,-1.000,424.800,-106.500,0.000,0.000,-1.000,-1.000,0,0
146.002,500.170,-250.742,-0.702,-0.712,0,535.982,-362.490,117.548,0,428.226,1066.163,0,0,1134.412,0.000,108.935,500.170,-250.742,-0.707,-0.707,541.300,-175.435,-0.028,-1.000,541.300,-175.435,-0.028,-1.000,541.120,-149.797,-0.024,-1.000,541.120,-149.797,-0.024,-1.000,424.800,-106.500,0.000,0.000,-1.000,-1.000,0,0
146.100,497.292,-250.742,-0.851,-0.526,0,535.685,-372.919,128.267,0,429.438,1063.388,0,0,1137.792,0.000,103.423,497.292,-250.742,0.000,0.000,541.096,-182.621,-0.028,-1.000,541.096,-182.621,-0.028,-1.000,540.945,-156.983,-0.024,-1.000,540.945,-156.983,-0.024,-1.000,424.800,-106.500,0.000,0.000,0.000,0.000,0,0
146.201,497.292,-250.742,-0.851,-0.526,0,535.398,-383.006,137.841,0,429.438,1063.388,0,0,1141.142,0.000,96.876,497.292,-250.742,0.000,0.000,540.892,-189.807,-0.028,-1.000,540.892,-189.807,-0.028,-1.000,540.770,-164.170,-0.025,-1.000,540.770,-164.170,-0.025,-1.000,424.800,-106.500,0.000,0.000,0.000,0.000,0,0
146.302,497.292,-250.742,-0.851,-0.526,0,535.124,-392.661,147.059,0,429.438,1063.388,0,0,1144.424,0.000,90.427,497.292,-250.742,0.000,0.000,540.687,-196.992,-0.028,-1.000,540.687,-196.992,-0.028,-1.000,540.593,-171.356,-0.025,-1.000,540.593,-171.356,-0.025,-1.000,424.800,-106.500,0.000,0.000,0.000,0.000,0,0
146.402,497.292,-250.742,-0.851,-0.526,0,534.858,-402.018,156.045,0,429.438,1063.388,0,0,1147.674,0.000,84.097,497.292,-250.742,0.000,0.000,540.483,-204.178,-0.028,-1.000,540.483,-204.178,-0.028,-1.000,540.415,-178.543,-0.025,-1.000,540.415,-178.543,-0.025,-1.000,424.800,-106.500,0.000,0.000,0.000,0.000,0,0
146.503,497.292,-250.742,-0.851,-0.526,0,534.600,-411.086,164.792,0,429.438,1063.388,0,0,1150.887,0.000,77.915,497.292,-250.742,0.000,0.000,540.279,-211.364,-0.028,-1.000,540.279,-211.364,-0.028,-1.000,540.236,-185.729,-0.025,-1.000,540.236,-185.729,-0.025,-1.000,424.800,-106.500,0.000,0.000,0.000,0.000,0,0
146.604,497.292,-250.742,-0.851,-0.526,0,534.350,-419.871,173.298,0,429.438,1063.388,0,0,1154.059,0.000,71.921,497.292,-250.742,0.000,0.000,540.075,-218.550,-0.028,-1.000,540.075,-218.550,-0.028,-1.000,540.056,-192.916,-0.025,-1.000,540.056,-192.916,-0.025,-1.000,424.800,-106.500,0.000,0.000,0.000,0.000,0,0
146.699,497.292,-250.742,-0.851,-0.526,0,534.108,-428.381,181.564,0,429.438,1063.388,0,0,1157.188,0.000,66.164,497.292,-250.742,0.000,0.000,539.870,-225.736,-0.028,-1.000,539.870,-225.736,-0.028,-1.000,539.875,-200.102,-0.025,-1.000,539.875,-200.102,-0.025,-1.000,424.800,-106.500,0.000,0.000,0.000,0.000,0,0
146.805,497.292,-250.742,-0.851,-0.526,0,533.874,-436.622,189.589,0,429.438,1063.388,0,0,1160.269,0.000,60.712,497.292,-250.742,0.000,0.000,539.666,-232.922,-0.028,-1.000,539.666,-232.922,-0.028,-1.000,539.693,-207.289,-0.025,-1.000,539.693,-207.289,-0.025,-1.000,424.800,-106.500,0.000,0.000,0.000,0.000,0,0
146.903,497.292,-250.742,-0.851,-0.526,0,533.647,-444.602,197.377,0,429.438,1063.388,0,0,1163.300,0.000,55.657,497.292,-250.742,0.000,0.000,535.741,-233.839,-0.891,0.454,535.741,-233.839,-0.891,0.454,539.510,-214.475,-0.025,-1.000,539.510,-214.475,-0.025,-1.000,424.800,-106.500,0.000,0.000,0.000,0.000,0,0
147.002,497.292,-250.742,-0.851,-0.526,0,533.427,-452.325,204.929,0,429.438,1063.388,0,0,1166.278,0.000,51.114,497.292,-250.742,0.000,0.000,529.335,-230.577,-0.891,0.454,529.335,-230.577,-0.891,0.454,539.327,-221.661,-0.026,-1.000,539.327,-221.661,-0.026,-1.000,424.800,-106.500,0.000,0.000,0.000,0.000,0,0
147.102,497.292,-250.742,-0.851,-0.526,0,533.215,-459.800,212.250,0,429.438,1063.388,0,0,1169.202,0.000,47.232,497.292,-250.742,0.000,0.000,522.929,-227.315,-0.891,0.454,522.929,-227.315,-0.891,0.454,539.143,-228.848,-0.026,-1.000,539.143,-228.848,-0.026,-1.000,424.800,-106.500,0.000,0.000,0.000,0.000,0,0
147.202,497.292,-250.742,-0.851,-0.526,0,533.009,-467.032,219.343,0,429.438,1063.388,0,0,1172.070,0.000,44.186,497.292,-250.742,0.000,0.000,516.523,-224.053,-0.891,0.454,516.523,-224.053,-0.891,0.454,538.958,-236.034,-0.026,-1.000,538.958,-236.034,-0.026,-1.000,424.800,-106.500,0.000,0.000,0.000,0.000,0,0
147.303,497.292,-250.742,-0.851,-0.526,0,532.810,-474.027,226.213,0,429.438,1063.388,0,0,1174.879,0.000,42.157,497.292,-250.742,0.000,0.000,510.117,-220.791,-0.891,0.454,510.117,-220.791,-0.891,0.454,538.773,-243.220,-0.026,-1.000,538.773,-243.220,-0.026,-1.000,424.800,-106.500,0.000,0.000,0.000,0.000,0,0
147.403,497.292,-250.742,-0.851,-0.526,0,532.618,-480.791,232.862,0,429.438,1063.388,0,0,1177.628,0.000,41.296,497.292,-250.742,0.000,0.000,503.711,-217.529,-0.891,0.454,503.711,-217.529,-0.891,0.454,538.587,-250.406,-0.026,-1.000,538.587,-250.406,-0.026,-1.000,424.800,-106.500,0.000,0.000,0.000,0.000,0,0
147.501,497.292,-250.742,-0.851,-0.526,0,532.432,-487.329,239.296,0,429.438,1063.388,0,0,1180.317,0.000,41.675,497.292,-250.742,0.000,0.000,497.305,-214.267,-0.891,0.454,497.305,-214.267,-0.891,0.454,538.400,-257.593,-0.026,-1.000,538.400,-257.593,-0.026,-1.000,424.800,-106.500,0.000,0.000,0.000,0.000,0,0
147.603,497.292,-250.742,-0.851,-0.526,0,532.253,-493.648,245.520,0,429.438,1063.388,0,0,1182.944,0.000,43.262,497.292,-250.742,0.000,0.000,490.899,-211.005,-0.891,0.454,490.899,-211.005,-0.891,0.454,538.214,-264.779,-0.026,-1.000,538.214,-264.779,-0.026,-1.000,424.800,-106.500,0.000,0.000,0.000,0.000,0,0
147.703,497.292,-250.742,-0.851,-0.526,0,532.079,-499.752,251.536,0,429.438,1063.388,0,0,1185.508,0.000,45.932,497.292,-250.742,0.000,0.000,484.493,-207.742,-0.891,0.454,484.493,-207.742,-0.891,0.454,538.026,-271.965,-0.026,-1.000,538.026,-271.965,-0.026,-1.000,424.800,-106.500,0.000,0.000,0.000,0.000,0,0
147.801,497.292,-250.742,-0.851,-0.526,0,531.911,-505.650,257.353,0,429.438,1063.388,0,0,1188.010,0.000,49.509,497.292,-250.742,0.000,0.000,478.087,-204.480,-0.891,0.454,478.087,-204.480,-0.891,0.454,537.838,-279.152,-0.026,-1.000,537.838,-279.152,-0.026,-1.000,424.800,-106.500,0.000,0.000,0.000,0.000,0,0
147.901,497.292,-250.742,-0.851,-0.526,0,531.748,-511.404,263.033,0,429.438,1063.388,0,0,1190.474,0.000,53.813,497.292,-250.742,0.000,0.000,471.681,-201.218,-0.891,0.454,471.681,-201.218,-0.891,0.454,537.650,-286.338,-0.026,-1.000,537.650,-286.338,-0.026,-1.000,424.800,-106.500,0.000,0.000,0.000,0.000,0,0
148.002,497.292,-250.742,-0.851,-0.526,0,531.587,-517.046,268.605,0,429.438,1063.388,0,0,1192.912,0.000,58.685,497.292,-250.742,0.000,0.000,465.275,-197.956,-0.891,0.454,465.275,-197.956,-0.891,0.454,537.462,-293.524,-0.026,-1.000,537.462,-293.524,-0.026,-1.000,424.800,-106.500,0.000,0.000,0.000,0.000,0,0
148.103,497.292,-250.742,-0.851,-0.526,0,531.430,-522.577,274.070,0,429.438,1063.388,0,0,1195.324,0.000,63.995,497.292,-250.742,0.000,0.000,458.869,-194.694,-0.891,0.454,458.869,-194.694,-0.891,0.454,537.273,-300.710,-0.026,-1.000,537.273,-300.710,-0.026,-1.000,424.800,-106.500,0.000,0.000,0.000,0.000,0,0
148.203,497.292,-250.742,-0.851,-0.526,0,531.276,-528.000,279.430,0,429.438,1063.388,0,0,1197.708,0.000,69.642,497.292,-250.742,0.000,0.000,452.463,-191.432,-0.891,0.454,452.463,-191.432,-0.891,0.454,537.083,-307.897,-0.026,-1.000,537.083,-307.897,-0.026,-1.000,424.800,-106.500,0.000,0.000,0.000,0.000,0,0
148.302,497.292,-250.742,-0.851,-0.526,0,531.125,-533.315,284.687,0,429.438,1063.388,0,0,1200.064,0.000,75.551,497.292,-250.742,0.000,0.000,446.057,-188.170,-0.891,0.454,446.057,-188.170,-0.891,0.454,536.893,-315.083,-0.026,-1.000,536.893,-315.083,-0.026,-1.000,424.800,-106.500,0.000,0.000,0.000,0.000,0,0
148.402,497.292,-250.742,-0.851,-0.526,0,530.977,-538.527,289.843,0,429.438,1063.388,0,0,1202.393,0.000,81.666,497.292,-250.742,0.000,0.000,439.651,-184.908,-0.891,0.454,439.651,-184.908,-0.891,0.454,536.703,-322.269,-0.026,-1.000,536.703,-322.269,-0.026,-1.000,424.800,-106.500,0.000,0.000,0.000,0.000,0,0
148.503,497.292,-250.742,-0.851,-0.526,0,530.831,-543.636,294.900,0,429.438,1063.388,0,0,1204.693,0.000,87.943,497.292,-250.742,0.000,0.000,433.245,-181.646,-0.891,0.454,433.245,-181.646,-0.891,0.454,536.513,-329.455,-0.027,-1.000,536.513,-329.455,-0.027,-1.000,424.800,-106.500,0.000,0.000,0.000,0.000,0,0
148.604,497.292,-250.742,-0.851,-0.526,0,530.689,-548.644,299.859,0,429.438,1063.388,0,0,1206.965,0.000,94.351,497.292,-250.742,0.000,0.000,426.839,-178.384,-0.891,0.454,426.839,-178.384,-0.891,0.454,536.322,-336.641,-0.027,-1.000,536.322,-336.641,-0.027,-1.000,424.800,-106.500,0.000,0.000,0.000,0.000,0,0
148.700,497.292,-250.742,-0.851,-0.526,0,530.633,-288.000,50.454,0,429.438,1063.388,0,0,1105.659,0.000,92.853,497.292,-250.742,0.000,0.000,420.434,-175.122,-0.891,0.454,420.434,-175.122,-0.891,0.454,535.780,-335.242,-0.108,0.994,535.780,-335.242,-0.108,0.994,424.800,-106.500,0.000,0.000,0.000,0.000,0,0
148.802,497.292,-250.742,-0.851,-0.526,0,530.633,-288.000,50.436,0,429.438,1063.388,0,0,1105.660,0.000,86.058,497.292,-250.742,0.000,0.000,414.028,-171.860,-0.891,0.454,414.028,-171.860,-0.891,0.454,535.002,-328.098,-0.108,0.994,535.002,-328.098,-0.108,0.994,424.800,-106.500,0.000,0.000,0.000,0.000,0,0
148.905,497.292,-253.619,-0.810,-0.586,0,530.633,-288.000,48.349,0,432.044,1064.154,0,0,1105.660,0.000,76.796,497.292,-253.619,0.000,-1.000,407.622,-168.598,-0.891,0.454,407.622,-168.598,-0.891,0.454,534.223,-320.952,-0.108,0.994,534.223,-320.952,-0.108,0.994,424.800,-106.500,0.000,0.000,0.000,-1.000,0,0
149.002,497.292,-268.008,-0.276,-0.961,0,527.851,-299.737,44.051,2,445.125,1068.091,0,0,1106.521,0.000,57.758,497.292,-268.008,0.000,-1.000,401.216,-165.336,-0.891,0.454,401.216,-165.336,-0.891,0.454,531.757,-314.357,-0.500,0.866,531.757,-314.357,-0.500,0.866,424.800,-106.500,0.000,0.000,0.000,-1.000,0,0
149.100,497.292,-282.397,-0.083,-0.997,0,519.700,-284.547,22.511,0,458.284,1072.206,0,0,1094.271,0.000,40.192,497.292,-282.397,0.000,-1.000,394.810,-162.074,-0.891,0.454,394.810,-162.074,-0.891,0.454,528.166,-308.130,-0.500,0.866,528.166,-308.130,-0.500,0.866,424.800,-106.500,0.000,0.000,0.000,-1.000,0,0
149.204,509.985,-286.468,0.811,-0.585,0,511.577,-267.161,19.373,0,457.169,1085.534,0,0,1081.575,0.000,21.239,509.985,-286.468,1.000,0.000,388.404,-158.812,-0.891,0.454,388.404,-158.812,-0.891,0.454,524.575,-301.902,-0.500,0.866,524.575,-301.902,-0.500,0.866,424.800,-106.500,0.000,0.000,1.000,0.000,0,0
149.300,523.531,-284.433,1.000,-0.023,0,504.547,-249.886,39.421,0,450.419,1097.907,0,0,1070.155,0.000,11.527,523.531,-284.433,0.707,0.707,381.998,-155.550,-0.891,0.454,381.998,-155.550,-0.891,0.454,520.984,-295.675,-0.500,0.866,520.984,-295.675,-0.500,0.866,424.800,-106.500,0.000,0.000,1.000,1.000,0,0
149.402,523.531,-273.416,0.531,0.847,0,497.692,-233.038,47.943,0,440.105,1094.794,0,0,1059.213,0.000,17.166,523.531,-273.416,-0.707,0.707,375.592,-152.287,-0.891,0.454,375.592,-152.287,-0.891,0.454,517.393,-289.447,-0.500,0.866,517.393,-289.447,-0.500,0.866,424.800,-106.500,0.000,0.000,-1.000,1.000,0,0
149.504,513.357,-263.241,-0.436,0.900,0,491.005,-216.607,51.725,0,434.395,1082.216,0,0,1048.736,0.000,19.984,513.357,-263.241,-0.707,0.707,369.186,-149.025,-0.891,0.454,369.186,-149.025,-0.891,0.454,513.802,-283.220,-0.500,0.866,513.802,-283.220,-0.500,0.866,424.800,-106.500,0.000,0.000,-1.000,1.000,0,0
149.600,503.182,-253.067,-0.632,0.775,0,484.485,-200.583,55.737,0,429.092,1069.683,0,0,1038.706,0.000,24.937,503.182,-253.067,-0.707,0.707,362.780,-145.763,-0.891,0.454,362.780,-145.763,-0.891,0.454,510.211,-276.992,-0.500,0.866,510.211,-276.992,-0.500,0.866,424.800,-106.500,0.000,0.000,-1.000,1.000,0,0
149.702,493.008,-242.893,-0.687,0.727,0,478.125,-184.956,59.856,0,424.212,1057.198,0,0,1029.110,0.000,31.019,493.008,-242.893,-0.707,0.707,356.374,-142.501,-0.891,0.454,356.374,-142.501,-0.891,0.454,506.620,-270.765,-0.500,0.866,506.620,-270.765,-0.500,0.866,424.800,-106.500,0.000,0.000,-1.000,1.000,0,0
149.804,482.834,-232.718,-0.701,0.713,0,471.923,-169.715,64.002,0,419.767,1044.762,0,0,1019.932,0.000,37.687,482.834,-232.718,-0.707,0.707,349.968,-139.239,-0.891,0.454,349.968,-139.239,-0.891,0.454,503.029,-264.538,-0.500,0.866,503.029,-264.538,-0.500,0.866,424.800,-106.500,0.000,0.000,-1.000,1.000,0,0
149.901,472.659,-222.544,-0.705,0.709,0,465.875,-154.852,68.123,0,415.774,1032.376,0,0,1011.158,0.000,44.680,472.659,-222.544,-0.707,0.707,343.562,-135.977,-0.891,0.454,343.562,-135.977,-0.891,0.454,499.438,-258.310,-0.500,0.866,499.438,-258.310,-0.500,0.866,424.800,-106.500,0.000,0.000,-1.000,1.000,0,0
150.004,464.520,-211.527,-0.558,0.830,0,459.976,-140.356,71.448,0,410.460,1021.819,0,0,1002.774,0.000,51.246,464.520,-211.527,0.000,1.000,337.156,-132.715,-0.891,0.454,337.156,-132.715,-0.891,0.454,495.847,-252.083,-0.500,0.866,495.847,-252.083,-0.500,0.866,424.800,-106.500,0.000,0.000,0.000,1.000,0,0
150.100,464.520,-197.138,-0.179,0.984,0,454.224,-126.219,71.853,0,398.282,1018.501,0,0,994.766,0.000,56.060,464.520,-197.138,0.000,1.000,330.750,-129.453,-0.891,0.454,330.750,-129.453,-0.891,0.454,492.256,-245.855,-0.500,0.866,492.256,-245.855,-0.500,0.866,424.800,-106.500,0.000,0.000,0.000,1.000,0,0
150.204,464.520,-182.749,-0.050,0.999,0,435.490,-95.788,91.679,2,386.257,1015.376,0,0,971.911,0.000,61.791,464.520,-182.749,0.000,1.000,324.344,-126.191,-0.891,0.454,324.344,-126.191,-0.891,0.454,488.665,-239.628,-0.500,0.866,488.665,-239.628,-0.500,0.866,424.800,-106.500,0.000,0.000,0.000,1.000,0,0
150.302,464.520,-168.361,-0.015,1.000,0,435.490,-95.788,78.163,2,374.398,1012.447,0,0,971.911,0.000,68.210,464.520,-168.361,0.000,1.000,317.938,-122.929,-0.891,0.454,317.938,-122.929,-0.891,0.454,485.074,-233.400,-0.500,0.866,485.074,-233.400,-0.500,0.866,424.800,-106.500,0.000,0.000,0.000,1.000,0,0
150.402,454.345,-158.186,-0.493,0.870,0,435.490,-95.788,65.185,2,372.182,1000.502,0,0,971.911,0.000,59.535,454.345,-158.186,-0.707,0.707,311.532,-119.666,-0.891,0.454,311.532,-119.666,-0.891,0.454,424.800,-106.500,0.000,0.000,424.800,-106.500,0.000,0.000,481.483,-227.173,-0.500,0.866,-1.000,1.000,0,0
150.500,444.171,-148.012,-0.648,0.762,0,435.490,-95.788,52.940,2,370.512,988.622,0,0,971.911,0.000,45.809,444.171,-148.012,-0.707,0.707,305.127,-116.404,-0.891,0.454,305.127,-116.404,-0.891,0.454,424.800,-106.500,0.000,0.000,424.800,-106.500,0.000,0.000,477.892,-220.945,-0.500,0.866,-1.000,1.000,0,0
150.600,440.101,-135.309,-0.380,0.925,0,435.490,-95.788,39.789,2,363.465,982.392,0,0,971.911,0.000,32.620,440.101,-135.309,0.000,1.000,298.721,-113.142,-0.891,0.454,298.721,-113.142,-0.891,0.454,424.800,-106.500,0.000,0.000,424.800,-106.500,0.000,0.000,474.301,-214.718,-0.500,0.866,0.000,1.000,0,0
150.704,440.101,-120.920,-0.109,0.994,1,438.459,-105.877,15.133,1,352.777,980.060,0,0,976.216,0.000,21.025,440.101,-120.920,0.000,1.000,292.315,-109.880,-0.891,0.454,292.315,-109.880,-0.891,0.454,424.800,-106.500,0.000,0.000,424.800,-106.500,0.000,0.000,470.710,-208.490,-0.500,0.866,0.000,1.000,0,0
150.803,440.101,-106.532,-0.031,1.000,1,439.628,-91.406,15.133,1,342.361,977.934,0,0,975.454,0.000,15.301,440.101,-106.532,0.000,1.000,285.909,-106.618,-0.891,0.454,285.909,-106.618,-0.891,0.454,424.800,-106.500,0.000,0.000,424.800,-106.500,0.000,0.000,467.119,-202.263,-0.500,0.866,0.000,1.000,0,0
150.903,440.101,-92.143,-0.009,1.000,1,439.965,-77.010,15.133,1,332.240,976.016,0,0,974.088,0.000,20.982,440.101,-92.143,0.000,1.000,279.503,-103.356,-0.891,0.454,279.503,-103.356,-0.891,0.454,424.800,-106.500,0.000,0.000,424.800,-106.500,0.000,0.000,463.528,-196.035,-0.500,0.866,0.000,1.000,0,0
151.001,440.101,-77.754,-0.003,1.000,1,440.060,-62.621,15.133,1,322.445,974.307,0,0,972.695,0.000,32.565,440.101,-77.754,0.000,1.000,273.097,-100.094,-0.891,0.454,273.097,-100.094,-0.891,0.454,424.800,-106.500,0.000,0.000,424.800,-106.500,0.000,0.000,461.778,-189.132,-0.173,0.985,0.000,1.000,0,0
151.100,440.101,-63.365,-0.001,1.000,1,440.089,-48.232,15.133,1,313.004,972.807,0,0,971.446,0.000,45.768,440.101,-63.365,0.000,1.000,266.691,-96.831,-0.891,0.454,266.691,-96.831,-0.891,0.454,424.800,-106.500,0.000,0.000,424.800,-106.500,0.000,0.000,460.614,-182.038,-0.155,0.988,0.000,1.000,0,0
151.200,440.101,-48.977,0.000,1.000,1,440.098,-33.844,15.133,1,303.952,971.518,0,0,970.388,0.000,59.523,440.101,-48.977,0.000,1.000,260.285,-93.569,-0.891,0.454,260.285,-93.569,-0.891,0.454,424.800,-106.500,0.000,0.000,424.800,-106.500,0.000,0.000,459.568,-174.926,-0.140,0.990,0.000,1.000,0,0
151.305,440.101,-34.588,0.000,1.000,1,440.100,-19.455,15.133,1,295.324,970.441,0,0,969.537,0.000,73.522,440.101,-34.588,0.000,1.000,253.879,-90.307,-0.891,0.454,253.879,-90.307,-0.891,0.454,424.800,-106.500,0.000,0.000,424.800,-106.500,0.000,0.000,458.623,-167.800,-0.126,0.992,0.000,1.000,0,0
151.400,440.101,-20.199,0.000,1.000,1,440.101,-5.066,15.133,1,287.157,969.577,0,0,968.897,0.000,87.647,440.101,-20.199,0.000,1.000,247.473,-87.045,-0.891,0.454,247.473,-87.045,-0.891,0.454,424.800,-106.500,0.000,0.000,424.800,-106.500,0.000,0.000,457.765,-160.663,-0.115,0.993,0.000,1.000,0,0
151.501,440.101,-5.811,0.000,1.000,1,440.101,9.323,15.133,1,279.494,968.925,0,0,968.470,0.000,101.845,440.101,-5.811,0.000,1.000,241.067,-83.783,-0.891,0.454,241.067,-83.783,-0.891,0.454,424.800,-106.500,0.000,0.000,424.800,-106.500,0.000,0.000,456.983,-153.517,-0.105,0.994,0.000,1.000,0,0
151.604,442.136,7.735,0.208,0.978,1,445.287,22.537,15.133,1,270.994,970.540,0,0,973.450,0.000,115.543,442.136,7.735,0.707,0.707,234.661,-80.521,-0.891,0.454,234.661,-80.521,-0.891,0.454,424.800,-106.500,0.000,0.000,424.800,-106.500,0.000,0.000,456.267,-146.364,-0.096,0.995,1.000,1.000,0,0
151.700,452.311,17.909,0.574,0.819,1,460.991,30.306,15.133,1,257.235,980.523,0,0,989.116,0.000,127.415,452.311,17.909,0.707,0.707,246.690,-90.139,0.872,0.489,246.690,-90.139,0.872,0.489,424.800,-106.500,0.000,0.000,424.800,-106.500,0.000,0.000,456.097,-139.180,0.014,1.000,1.000,1.000,0,0
151.802,462.485,28.084,0.671,0.741,1,472.643,39.301,15.133,1,243.549,990.614,0,0,1000.802,0.000,139.760,462.485,28.084,0.707,0.707,252.948,-86.601,0.869,0.495,252.948,-86.601,0.869,0.495,424.800,-106.500,0.000,0.000,424.800,-106.500,0.000,0.000,456.502,-132.004,0.082,0.997,1.000,1.000,0,0
151.903,472.659,38.258,0.697,0.717,1,483.208,49.108,15.133,1,229.949,1000.810,0,0,1011.495,0.000,152.465,472.659,38.258,0.707,0.707,259.167,-82.996,0.863,0.506,259.167,-82.996,0.863,0.506,424.800,-106.500,0.000,0.000,424.800,-106.500,0.000,0.000,457.334,-124.864,0.137,0.991,1.000,1.000,0,0
152.003,484.519,44.363,0.875,0.484,1,497.766,51.680,15.133,1,216.648,1012.731,0,0,1026.097,0.000,162.137,484.519,44.363,1.000,0.000,265.352,-79.332,0.864,0.504,265.352,-79.332,0.864,0.504,629.000,117.942,0.000,0.000,424.800,-106.500,0.000,0.000,424.800,-106.500,0.000,0.000,1.000,0.000,0,0
152.102,498.908,44.363,0.989,0.150,1,513.871,46.627,15.133,1,203.809,1027.117,0,0,1042.109,0.000,145.974,498.908,44.363,1.000,0.000,271.683,-75.928,0.889,0.458,271.683,-75.928,0.889,0.458,629.000,110.579,0.000,0.000,460.462,-110.854,0.304,0.953,460.462,-110.854,0.304,0.953,1.000,0.000,0,0
152.204,513.297,44.363,0.999,0.041,0,532.501,48.040,19.553,0,191.191,1041.503,0,0,1060.755,0.000,129.665,513.297,44.363,1.000,0.000,270.021,-75.469,-0.981,-0.193,270.021,-75.469,-0.981,-0.193,629.000,102.893,0.000,0.000,463.037,-104.146,0.397,0.918,463.037,-104.146,0.397,0.918,1.000,0.000,0,0
152.303,513.297,44.363,0.999,0.038,0,551.675,50.335,38.840,0,191.191,1041.503,0,0,1079.962,0.000,126.479,513.297,44.363,0.000,0.000,262.966,-76.853,-0.981,-0.193,262.966,-76.853,-0.981,-0.193,629.000,95.449,0.000,0.000,466.273,-97.729,0.484,0.875,466.273,-97.729,0.484,0.875,0.000,0.000,0,0
152.403,513.297,44.363,0.999,0.038,0,570.374,52.573,57.666,0,191.191,1041.503,0,0,1098.695,0.000,123.642,513.297,44.363,0.000,0.000,255.912,-78.237,-0.981,-0.193,255.912,-78.237,-0.981,-0.193,629.000,87.954,0.000,0.000,470.077,-91.632,0.558,0.830,470.077,-91.632,0.558,0.830,0.000,0.000,0,0
152.504,513.297,44.363,0.999,0.038,0,588.611,54.756,76.031,0,191.191,1041.503,0,0,1116.967,0.000,121.188,513.297,44.363,0.000,0.000,248.858,-79.621,-0.981,-0.193,248.858,-79.621,-0.981,-0.193,629.000,80.409,0.000,0.000,474.359,-85.860,0.620,0.785,474.359,-85.860,0.620,0.785,0.000,0.000,0,0
152.605,513.297,44.363,0.999,0.038,0,606.396,56.885,93.944,0,191.191,1041.503,0,0,1134.788,0.000,119.155,513.297,44.363,0.000,0.000,241.804,-81.005,-0.981,-0.193,241.804,-81.005,-0.981,-0.193,629.000,72.837,0.000,0.000,479.040,-80.406,0.671,0.742,479.040,-80.406,0.671,0.742,0.000,0.000,0,0
152.700,513.297,44.363,0.999,0.038,0,614.273,69.690,104.104,2,191.191,1041.503,0,0,1143.040,0.000,117.747,513.297,44.363,0.000,0.000,234.749,-82.389,-0.981,-0.193,234.749,-82.389,-0.981,-0.193,629.000,66.206,0.070,0.998,482.152,-75.118,-0.608,0.794,482.152,-75.118,-0.608,0.794,0.000,0.000,0,0
152.801,513.297,44.363,0.999,0.038,0,614.774,76.861,106.554,2,191.191,1041.503,0,0,1143.806,0.000,117.129,513.297,44.363,0.000,0.000,227.695,-83.773,-0.981,-0.193,227.695,-83.773,-0.981,-0.193,486.949,-69.764,0.661,0.751,486.949,-69.764,0.661,0.751,629.501,73.377,0.070,0.998,0.000,0.000,0,0
152.901,513.297,44.363,0.999,0.038,0,615.274,84.032,109.421,2,191.191,1041.503,0,0,1144.616,0.000,110.807,513.297,44.363,0.000,0.000,220.641,-85.156,-0.981,-0.193,220.641,-85.156,-0.981,-0.193,491.624,-64.304,0.644,0.765,491.624,-64.304,0.644,0.765,630.001,80.549,0.070,0.998,0.000,0.000,0,0
153.004,513.297,44.363,0.999,0.038,0,615.775,91.203,112.675,2,191.191,1041.503,0,0,1145.471,0.000,104.516,513.297,44.363,0.000,0.000,213.587,-86.540,-0.981,-0.193,213.587,-86.540,-0.981,-0.193,496.179,-58.742,0.627,0.779,496.179,-58.742,0.627,0.779,630.502,87.720,0.070,0.998,0.000,0.000,0,0
153.102,513.297,44.363,0.999,0.038,0,616.275,98.375,116.283,2,191.191,1041.503,0,0,1146.371,0.000,98.269,513.297,44.363,0.000,0.000,206.533,-87.924,-0.981,-0.193,206.533,-87.924,-0.981,-0.193,500.614,-53.085,0.610,0.792,500.614,-53.085,0.610,0.792,444.007,-54.790,0.750,0.661,0.000,0.000,0,0
153.201,507.541,44.363,0.946,0.323,0,616.776,105.546,125.202,2,196.209,1035.749,0,0,1147.315,0.000,91.735,507.541,44.363,-1.000,0.000,199.478,-89.308,-0.981,-0.193,199.478,-89.308,-0.981,-0.193,504.929,-47.335,0.594,0.805,504.929,-47.335,0.594,0.805,449.337,-49.967,0.736,0.677,-1.000,0.000,0,0
153.304,493.153,44.363,-0.049,0.999,0,617.276,112.717,141.700,2,208.921,1021.363,0,0,1148.303,0.000,87.336,493.153,44.363,-1.000,0.000,192.424,-90.692,-0.981,-0.193,192.424,-90.692,-0.981,-0.193,509.127,-41.500,0.577,0.816,509.127,-41.500,0.577,0.816,454.562,-45.030,0.721,0.693,-1.000,0.000,0,0
153.401,478.764,44.363,-0.955,0.296,0,617.777,119.888,158.204,2,221.837,1006.977,0,0,1149.335,0.000,86.477,478.764,44.363,-1.000,0.000,185.370,-92.076,-0.981,-0.193,185.370,-92.076,-0.981,-0.193,459.681,-39.983,0.706,0.708,459.681,-39.983,0.706,0.708,513.208,-35.582,0.561,0.828,-1.000,0.000,0,0
153.505,464.375,44.363,-0.999,0.054,0,618.277,127.060,174.713,2,234.925,992.591,0,0,1150.411,0.000,79.193,464.375,44.363,-1.000,0.000,178.316,-93.460,-0.981,-0.193,178.316,-93.460,-0.981,-0.193,464.693,-34.829,0.691,0.723,464.693,-34.829,0.691,0.723,517.174,-29.587,0.545,0.838,-1.000,0.000,0,0
153.604,451.672,48.432,-0.956,0.295,0,618.778,134.231,187.845,2,245.085,979.956,0,0,1151.531,0.000,80.039,451.672,48.432,-0.707,0.707,171.262,-94.844,-0.981,-0.193,171.262,-94.844,-0.981,-0.193,469.597,-29.574,0.676,0.737,469.597,-29.574,0.676,0.737,521.028,-23.518,0.530,0.848,-1.000,1.000,0,0
153.702,441.498,58.607,-0.801,0.598,0,619.278,141.402,196.115,2,251.168,970.021,0,0,1152.695,0.000,89.121,441.498,58.607,-0.707,0.707,164.207,-96.228,-0.981,-0.193,164.207,-96.228,-0.981,-0.193,474.395,-24.220,0.661,0.750,474.395,-24.220,0.661,0.750,524.770,-17.381,0.514,0.857,-1.000,1.000,0,0
153.804,431.323,68.781,-0.735,0.678,0,619.779,148.573,204.651,2,257.910,960.200,0,0,1153.902,0.000,99.734,431.323,68.781,-0.707,0.707,157.153,-97.612,-0.981,-0.193,157.153,-97.612,-0.981,-0.193,479.085,-18.773,0.646,0.763,479.085,-18.773,0.646,0.763,528.404,-11.178,0.499,0.866,-1.000,1.000,0,0
153.902,429.289,82.327,-0.352,0.936,0,620.279,155.745,204.616,2,256.597,958.798,0,0,1155.153,0.000,109.951,429.289,82.327,0.000,1.000,150.099,-98.996,-0.981,-0.193,150.099,-98.996,-0.981,-0.193,483.668,-13.235,0.632,0.775,483.668,-13.235,0.632,0.775,531.931,-4.914,0.485,0.875,0.000,1.000,0,0
154.001,429.289,88.082,-0.209,0.978,0,620.780,162.916,205.594,2,255.412,959.124,0,0,1156.448,0.000,112.345,429.289,88.082,0.000,0.000,143.045,-100.380,-0.981,-0.193,143.045,-100.380,-0.981,-0.193,488.145,-7.611,0.617,0.787,488.145,-7.611,0.617,0.787,535.354,1.408,0.470,0.882,0.000,0.000,0,0
154.102,429.289,88.082,-0.209,0.978,0,621.280,170.087,208.772,2,255.412,959.124,0,0,1157.785,0.000,109.979,429.289,88.082,0.000,0.000,135.990,-101.764,-0.981,-0.193,135.990,-101.764,-0.981,-0.193,492.517,-1.904,0.602,0.798,492.517,-1.904,0.602,0.798,538.674,7.783,0.456,0.890,0.000,0.000,0,0
154.204,429.289,88.082,-0.209,0.978,0,621.781,177.258,212.146,2,255.412,959.124,0,0,1159.166,0.000,107.914,429.289,88.082,0.000,0.000,128.936,-103.148,-0.981,-0.193,128.936,-103.148,-0.981,-0.193,496.783,3.882,0.588,0.809,496.783,3.882,0.588,0.809,541.896,14.210,0.443,0.897,0.000,0.000,0,0
154.300,429.289,88.082,-0.209,0.978,0,622.282,184.430,215.706,2,255.412,959.124,0,0,1160.589,0.000,106.170,429.289,88.082,0.000,0.000,121.882,-104.532,-0.981,-0.193,121.882,-104.532,-0.981,-0.193,500.946,9.742,0.573,0.819,500.946,9.742,0.573,0.819,545.020,20.684,0.429,0.903,0.000,0.000,0,0
154.402,429.289,88.082,-0.209,0.978,0,622.782,191.601,219.445,2,255.412,959.124,0,0,1162.055,0.000,104.767,429.289,88.082,0.000,0.000,114.828,-105.916,-0.981,-0.193,114.828,-105.916,-0.981,-0.193,505.006,15.675,0.559,0.829,505.006,15.675,0.559,0.829,548.051,27.203,0.416,0.909,0.000,0.000,0,0
154.502,429.289,88.082,-0.209,0.978,0,623.283,198.772,223.352,2,255.412,959.124,0,0,1163.564,0.000,103.722,429.289,88.082,0.000,0.000,107.774,-107.300,-0.981,-0.193,107.774,-107.300,-0.981,-0.193,508.965,21.675,0.545,0.838,508.965,21.675,0.545,0.838,550.989,33.763,0.404,0.915,0.000,0.000,0,0
154.603,429.289,88.082,-0.209,0.978,0,623.784,205.943,227.419,2,255.412,959.124,0,0,1165.115,0.000,103.051,429.289,88.082,0.000,0.000,100.719,-108.684,-0.981,-0.193,100.719,-108.684,-0.981,-0.193,512.824,27.740,0.531,0.847,512.824,27.740,0.531,0.847,553.839,40.363,0.392,0.920,0.000,0.000,0,0
154.700,429.289,88.082,-0.209,0.978,0,624.284,213.115,231.638,2,255.412,959.124,0,0,1166.708,0.000,102.762,429.289,88.082,0.000,0.000,93.665,-110.068,-0.981,-0.193,93.665,-110.068,-0.981,-0.193,516.585,33.866,0.518,0.856,516.585,33.866,0.518,0.856,556.602,46.999,0.380,0.925,0.000,0.000,0,0
154.801,429.289,88.082,-0.209,0.978,0,624.785,220.286,236.001,2,255.412,959.124,0,0,1168.344,0.000,102.863,429.289,88.082,0.000,0.000,86.611,-111.453,-0.981,-0.193,86.611,-111.453,-0.981,-0.193,520.249,40.051,0.504,0.863,520.249,40.051,0.504,0.863,559.281,53.670,0.368,0.930,0.000,0.000,0,0
154.900,429.289,88.082,-0.209,0.978,0,625.286,227.457,240.500,2,255.412,959.124,0,0,1170.021,0.000,103.355,429.289,88.082,0.000,0.000,79.557,-112.837,-0.981,-0.193,79.557,-112.837,-0.981,-0.193,523.818,46.291,0.491,0.871,523.818,46.291,0.491,0.871,561.879,60.373,0.357,0.934,0.000,0.000,0,0
155.000,429.289,88.082,-0.209,0.978,0,625.786,234.628,245.127,2,255.412,959.124,0,0,1171.740,0.000,104.236,429.289,88.082,0.000,0.000,72.502,-114.221,-0.981,-0.193,72.502,-114.221,-0.981,-0.193,527.294,52.584,0.478,0.878,527.294,52.584,0.478,0.878,564.399,67.105,0.346,0.938,0.000,0.000,0,0
155.100,429.289,88.082,-0.209,0.978,0,626.287,241.800,249.875,2,255.412,959.124,0,0,1173.501,0.000,105.499,429.289,88.082,0.000,0.000,65.448,-115.605,-0.981,-0.193,65.448,-115.605,-0.981,-0.193,530.678,58.926,0.466,0.885,530.678,58.926,0.466,0.885,566.842,73.866,0.336,0.942,0.000,0.000,0,0
155.202,429.289,88.082,-0.209,0.978,0,626.788,248.971,254.737,2,255.412,959.124,0,0,1175.303,0.000,107.132,429.289,88.082,0.000,0.000,58.394,-116.989,-0.981,-0.193,58.394,-116.989,-0.981,-0.193,533.973,65.315,0.453,0.891,533.973,65.315,0.453,0.891,569.212,80.653,0.326,0.945,0.000,0.000,0,0
155.303,429.289,88.082,-0.209,0.978,0,627.288,256.142,259.707,2,255.412,959.124,0,0,1177.146,0.000,109.122,429.289,88.082,0.000,0.000,44.000,-93.000,0.000,0.000,44.000,-93.000,0.000,0.000,537.181,71.748,0.441,0.897,537.181,71.748,0.441,0.897,571.511,87.464,0.316,0.949,0.000,0.000,0,0
155.405,429.289,88.082,-0.209,0.978,0,627.613,260.443,262.756,2,255.412,959.124,0,0,1178.295,0.000,111.452,429.289,88.082,0.000,0.000,44.000,-93.000,0.000,0.000,44.000,-93.000,0.000,0.000,540.303,78.223,0.430,0.903,540.303,78.223,0.430,0.903,573.740,94.298,0.306,0.952,0.000,0.000,0,0
155.501,429.289,88.082,-0.209,0.978,0,627.233,253.265,257.812,2,255.412,959.124,0,0,1176.545,0.000,114.208,429.289,88.082,0.000,0.000,44.000,-93.000,0.000,0.000,44.000,-93.000,0.000,0.000,543.446,84.688,0.442,0.897,543.446,84.688,0.442,0.897,575.988,101.126,0.317,0.948,0.000,0.000,0,0
155.604,429.289,76.572,-0.887,0.462,0,626.854,246.086,260.321,2,257.905,958.507,0,0,1174.836,0.000,118.294,429.289,76.572,0.000,-1.000,55.368,-106.967,0.612,0.791,55.368,-106.967,0.612,0.791,546.686,91.105,0.456,0.890,546.686,91.105,0.456,0.890,578.317,107.927,0.329,0.944,0.000,-1.000,0,0
155.701,429.289,62.183,-0.743,-0.669,0,626.474,238.907,264.790,2,261.700,957.929,0,0,1173.169,0.000,125.795,429.289,62.183,0.000,-1.000,59.765,-101.279,0.612,0.791,59.765,-101.279,0.612,0.791,550.034,97.467,0.472,0.882,550.034,97.467,0.472,0.882,580.739,114.696,0.343,0.940,0.000,-1.000,0,0
155.802,429.289,47.794,-0.106,-0.994,0,626.094,231.729,269.378,2,266.219,957.567,0,0,1171.543,0.000,136.241,429.289,47.794,0.000,-1.000,64.161,-95.592,0.612,0.791,64.161,-95.592,0.612,0.791,553.502,103.763,0.490,0.872,553.502,103.763,0.490,0.872,424.800,-106.500,0.000,0.000,0.000,-1.000,0,0
155.904,429.289,33.405,-0.030,-1.000,0,626.094,231.729,279.401,0,271.427,957.421,0,0,1171.542,0.000,139.977,429.289,33.405,0.000,-1.000,68.557,-89.904,0.612,0.791,68.557,-89.904,0.612,0.791,424.800,-106.500,0.000,0.000,424.800,-106.500,0.000,0.000,557.049,110.016,0.493,0.870,0.000,-1.000,0,0
156.002,429.289,30.528,-0.022,-1.000,0,626.094,231.729,281.451,0,272.548,957.418,0,0,1171.540,0.000,137.101,429.289,30.528,0.000,0.000,72.954,-84.216,0.612,0.791,72.954,-84.216,0.612,0.791,424.800,-106.500,0.000,0.000,424.800,-106.500,0.000,0.000,560.596,116.269,0.493,0.870,0.000,0.000,0,0
156.103,429.289,30.528,-0.022,-1.000,0,626.094,231.729,281.451,0,272.548,957.418,0,0,1171.537,0.000,137.101,429.289,30.528,0.000,0.000,77.350,-78.529,0.612,0.791,77.350,-78.529,0.612,0.791,424.800,-106.500,0.000,0.000,424.800,-106.500,0.000,0.000,564.143,122.521,0.493,0.870,0.000,0.000,0,0
156.201,429.289,36.283,-0.495,-0.869,0,626.094,231.729,277.366,0,270.332,957.433,0,0,1171.533,0.000,142.854,429.289,36.283,0.000,1.000,81.747,-72.841,0.612,0.791,81.747,-72.841,0.612,0.791,424.800,-106.500,0.000,0.000,424.800,-106.500,0.000,0.000,567.690,128.774,0.493,0.870,0.000,1.000,0,0
156.302,429.289,50.672,-0.975,0.223,0,626.094,231.729,267.424,0,265.259,957.622,0,0,1171.527,0.000,157.236,429.289,50.672,0.000,1.000,86.143,-67.153,0.612,0.791,86.143,-67.153,0.612,0.791,424.800,-106.500,0.000,0.000,424.800,-106.500,0.000,0.000,571.237,135.027,0.493,0.870,0.000,1.000,0,0
156.402,429.289,65.061,-0.156,0.988,0,626.094,231.729,257.903,0,260.882,958.027,0,0,1171.521,0.000,164.251,429.289,65.061,0.000,1.000,90.539,-61.466,0.612,0.791,90.539,-61.466,0.612,0.791,574.784,141.279,0.493,0.870,574.784,141.279,0.493,0.870,424.800,-106.500,0.000,0.000,0.000,1.000,0,0
156.500,429.289,79.449,-0.047,0.999,0,626.094,231.729,248.851,0,257.236,958.648,0,0,1171.514,0.000,163.857,429.289,79.449,0.000,1.000,72.105,37.986,0.997,-0.076,72.105,37.986,0.997,-0.076,578.332,147.532,0.493,0.870,578.332,147.532,0.493,0.870,424.800,-106.500,0.000,0.000,0.000,1.000,0,0
156.600,429.289,93.838,-0.013,1.000,0,626.094,231.729,240.324,0,254.352,959.484,0,0,1171.507,0.000,163.943,429.289,93.838,0.000,1.000,78.421,35.606,0.701,-0.713,78.421,35.606,0.701,-0.713,581.879,153.785,0.493,0.870,581.879,153.785,0.493,0.870,427.000,279.000,0.000,0.000,0.000,1.000,0,0
156.704,429.289,108.227,-0.004,1.000,0,626.094,231.729,232.378,0,252.258,960.536,0,0,1171.499,0.000,164.509,429.289,108.227,0.000,1.000,83.458,30.477,0.701,-0.713,83.458,30.477,0.701,-0.713,585.426,160.037,0.493,0.870,585.426,160.037,0.493,0.870,427.000,279.000,0.000,0.000,0.000,1.000,0,0
156.800,429.289,122.615,-0.001,1.000,0,626.094,231.729,225.076,0,250.973,961.801,0,0,1171.490,0.000,156.401,429.289,122.615,0.000,1.000,88.495,25.349,0.701,-0.713,88.495,25.349,0.701,-0.713,427.000,279.000,0.000,0.000,427.000,279.000,0.000,0.000,588.973,166.290,0.493,0.870,0.000,1.000,0,0
156.900,429.289,137.004,0.000,1.000,0,626.094,231.729,218.485,0,250.508,963.279,0,0,1171.482,0.000,142.015,429.289,137.004,0.000,1.000,93.533,20.220,0.701,-0.713,93.533,20.220,0.701,-0.713,427.000,279.000,0.000,0.000,427.000,279.000,0.000,0.000,592.520,172.543,0.493,0.870,0.000,1.000,0,0
157.005,429.289,151.393,0.000,1.000,0,626.094,231.729,212.670,0,250.870,964.970,0,0,1171.474,0.000,127.628,429.289,151.393,0.000,1.000,98.570,15.092,0.701,-0.713,98.570,15.092,0.701,-0.713,427.000,279.000,0.000,0.000,427.000,279.000,0.000,0.000,596.067,178.795,0.493,0.870,0.000,1.000,0,0
157.100,429.289,165.781,0.000,1.000,0,616.983,220.179,195.419,2,252.054,966.872,0,0,1160.630,0.000,113.242,429.289,165.781,0.000,1.000,121.314,-21.652,0.612,0.791,121.314,-21.652,0.612,0.791,427.000,279.000,0.000,0.000,427.000,279.000,0.000,0.000,597.547,183.947,0.503,0.864,0.000,1.000,0,0
157.202,435.393,177.641,0.367,0.930,0,612.933,222.132,183.031,0,247.624,974.632,0,0,1156.946,0.000,101.706,435.393,177.641,0.707,0.707,125.710,-15.964,0.612,0.791,125.710,-15.964,0.612,0.791,427.000,279.000,0.000,0.000,427.000,279.000,0.000,0.000,598.860,186.505,0.000,0.000,1.000,1.000,0,0
157.300,445.568,187.816,0.617,0.787,0,610.392,222.935,168.535,0,239.521,986.258,0,0,1154.560,0.000,93.056,445.568,187.816,0.707,0.707,130.106,-10.277,0.612,0.791,130.106,-10.277,0.612,0.791,427.000,279.000,0.000,0.000,427.000,279.000,0.000,0.000,598.860,186.505,0.000,0.000,1.000,1.000,0,0
157.405,455.742,197.990,0.683,0.730,0,607.866,223.638,154.300,0,232.028,997.956,0,0,1152.173,0.000,85.958,455.742,197.990,0.707,0.707,134.503,-4.589,0.612,0.791,134.503,-4.589,0.612,0.791,427.000,279.000,0.000,0.000,427.000,279.000,0.000,0.000,591.360,213.760,-0.933,0.360,1.000,1.000,0,0
157.503,467.602,204.095,0.854,0.521,0,605.403,224.324,139.340,0,222.364,1010.677,0,0,1149.847,0.000,85.202,467.602,204.095,1.000,0.000,138.899,1.099,0.612,0.791,138.899,1.099,0.612,0.791,427.000,279.000,0.000,0.000,427.000,279.000,0.000,0.000,584.652,216.345,-0.933,0.360,1.000,0.000,0,0
157.604,481.991,204.095,0.988,0.156,0,603.000,224.992,122.922,0,208.712,1024.854,0,0,1147.579,0.000,92.924,481.991,204.095,1.000,0.000,143.296,6.786,0.612,0.791,143.296,6.786,0.612,0.791,427.000,279.000,0.000,0.000,427.000,279.000,0.000,0.000,577.945,218.930,-0.933,0.360,1.000,0.000,0,0
157.702,493.008,212.234,0.877,0.480,0,600.657,225.644,108.695,0,201.192,1037.105,0,0,1145.369,0.000,78.777,493.008,212.234,0.707,0.707,147.692,12.474,0.612,0.791,147.692,12.474,0.612,0.791,571.237,221.515,-0.933,0.360,571.237,221.515,-0.933,0.360,427.000,279.000,0.000,0.000,1.000,1.000,0,0
157.800,506.554,214.269,0.969,0.245,0,598.632,226.546,93.130,0,189.529,1050.797,0,0,1143.530,0.000,58.803,506.554,214.269,1.000,0.000,152.088,18.162,0.612,0.791,152.088,18.162,0.612,0.791,564.529,224.100,-0.933,0.360,564.529,224.100,-0.933,0.360,598.860,186.505,0.000,0.000,1.000,0.000,0,0
157.903,518.414,220.374,0.914,0.405,0,596.648,227.430,78.831,0,181.477,1063.546,0,0,1141.727,0.000,39.909,518.414,220.374,0.707,0.707,156.485,23.849,0.612,0.791,156.485,23.849,0.612,0.791,557.821,226.685,-0.933,0.360,557.821,226.685,-0.933,0.360,598.860,186.505,0.000,0.000,1.000,1.000,0,0
158.001,529.431,228.513,0.874,0.486,0,594.703,228.297,65.609,0,175.839,1075.853,0,0,1139.961,0.000,21.696,529.431,228.513,1.000,0.000,160.881,29.537,0.612,0.791,160.881,29.537,0.612,0.791,551.113,229.270,-0.933,0.360,551.113,229.270,-0.933,0.360,598.860,186.505,0.000,0.000,1.000,0.000,0,0
158.103,543.820,228.513,0.990,0.141,0,592.796,229.146,49.427,0,163.748,1089.998,0,0,1138.230,0.000,3.393,543.820,228.513,1.000,0.000,165.277,35.224,0.612,0.791,165.277,35.224,0.612,0.791,544.406,231.855,-0.933,0.360,544.406,231.855,-0.933,0.360,598.860,186.505,0.000,0.000,1.000,0.000,0,0
158.204,558.209,228.513,0.999,0.041,0,590.927,229.979,33.416,0,152.058,1104.150,0,0,1136.535,0.000,21.350,558.209,228.513,1.000,0.000,170.062,40.452,0.882,0.471,170.062,40.452,0.882,0.471,537.698,234.440,-0.933,0.360,537.698,234.440,-0.933,0.360,598.860,186.505,0.000,0.000,1.000,0.000,0,0
158.303,572.597,228.513,1.000,0.012,1,587.729,228.693,15.133,1,140.869,1118.308,0,0,1133.235,0.000,42.469,572.597,228.513,1.000,0.000,176.402,43.841,0.882,0.471,176.402,43.841,0.882,0.471,530.990,237.025,-0.933,0.360,530.990,237.025,-0.933,0.360,598.860,186.505,0.000,0.000,1.000,0.000,0,0
158.401,579.545,218.688,0.784,-0.621,0,595.616,201.286,23.688,2,129.328,1123.462,0,0,1136.570,0.000,37.535,579.545,218.688,0.000,-1.000,182.742,47.230,0.882,0.471,182.742,47.230,0.882,0.471,598.860,186.505,0.000,0.000,598.860,186.505,0.000,0.000,524.282,239.610,-0.933,0.360,0.000,-1.000,0,0
158.504,573.440,206.828,-0.100,-0.995,0,595.616,201.286,22.858,2,127.300,1115.513,0,0,1136.570,0.000,32.545,573.440,206.828,-0.707,-0.707,189.082,50.618,0.882,0.471,189.082,50.618,0.882,0.471,598.860,186.505,0.000,0.000,598.860,186.505,0.000,0.000,517.575,242.195,-0.933,0.360,-1.000,-1.000,0,0
158.601,563.266,196.653,-0.550,-0.835,0,583.905,203.284,21.678,0,131.010,1103.895,0,0,1125.298,0.000,32.757,563.266,196.653,-0.707,-0.707,195.422,54.007,0.882,0.471,195.422,54.007,0.882,0.471,594.580,187.038,-0.992,0.124,594.580,187.038,-0.992,0.124,510.867,244.780,-0.933,0.360,-1.000,-1.000,0,0
158.703,553.092,186.479,-0.667,-0.745,0,564.773,206.547,23.220,0,136.148,1092.342,0,0,1106.909,0.000,34.385,553.092,186.479,-0.707,-0.707,201.762,57.396,0.882,0.471,201.762,57.396,0.882,0.471,587.447,187.928,-0.992,0.124,587.447,187.928,-0.992,0.124,504.159,247.365,-0.933,0.360,-1.000,-1.000,0,0
158.803,542.917,176.305,-0.696,-0.718,0,546.115,209.729,33.579,0,142.559,1080.858,0,0,1089.009,0.000,39.434,542.917,176.305,-0.707,-0.707,208.102,60.785,0.882,0.471,208.102,60.785,0.882,0.471,580.313,188.818,-0.992,0.124,580.313,188.818,-0.992,0.124,497.451,249.950,-0.933,0.360,-1.000,-1.000,0,0
158.901,532.743,166.130,-0.704,-0.710,0,527.919,212.833,46.956,0,150.079,1069.444,0,0,1071.584,0.000,46.808,532.743,166.130,-0.707,-0.707,214.442,64.173,0.882,0.471,214.442,64.173,0.882,0.471,573.180,189.708,-0.992,0.124,573.180,189.708,-0.992,0.124,490.744,252.535,-0.933,0.360,-1.000,-1.000,0,0
159.002,519.197,164.096,-0.942,-0.334,0,510.173,215.860,52.555,0,162.994,1055.751,0,0,1054.623,0.000,53.825,519.197,164.096,-1.000,0.000,220.781,67.562,0.882,0.471,220.781,67.562,0.882,0.471,566.046,190.598,-0.992,0.124,566.046,190.598,-0.992,0.124,484.036,255.120,-0.933,0.360,-1.000,0.000,0,0
159.102,504.809,164.096,-0.995,-0.097,0,492.866,218.812,56.025,0,177.148,1041.481,0,0,1038.114,0.000,60.643,504.809,164.096,-1.000,0.000,227.121,70.951,0.882,0.471,227.121,70.951,0.882,0.471,558.913,191.487,-0.992,0.124,558.913,191.487,-0.992,0.124,477.328,257.705,-0.933,0.360,-1.000,0.000,0,0
159.203,492.949,170.200,-0.934,0.357,0,475.988,221.691,54.252,0,189.784,1030.528,0,0,1022.047,0.000,62.872,492.949,170.200,-0.707,0.707,233.461,74.339,0.882,0.471,233.461,74.339,0.882,0.471,551.779,192.377,-0.992,0.124,551.779,192.377,-0.992,0.124,470.620,260.290,-0.933,0.360,-1.000,1.000,0,0
159.301,482.774,180.375,-0.790,0.613,0,459.527,224.499,49.947,0,201.679,1021.888,0,0,1006.409,0.000,63.201,482.774,180.375,-0.707,0.707,239.801,77.728,0.882,0.471,239.801,77.728,0.882,0.471,544.646,193.267,-0.992,0.124,544.646,193.267,-0.992,0.124,463.913,262.875,-0.933,0.360,-1.000,1.000,0,0
159.404,472.600,190.549,-0.731,0.682,0,443.474,227.237,46.970,0,213.880,1013.378,0,0,991.192,0.000,65.013,472.600,190.549,-0.707,0.707,246.141,81.117,0.882,0.471,246.141,81.117,0.882,0.471,537.512,194.157,-0.992,0.124,537.512,194.157,-0.992,0.124,457.205,265.460,-0.933,0.360,-1.000,1.000,0,0
159.501,462.425,200.723,-0.715,0.700,0,427.818,229.907,45.469,0,226.339,1005.002,0,0,976.383,0.000,68.190,462.425,200.723,-0.707,0.707,252.481,84.505,0.882,0.471,252.481,84.505,0.882,0.471,530.379,195.047,-0.992,0.124,530.379,195.047,-0.992,0.124,450.497,268.045,-0.933,0.360,-1.000,1.000,0,0
159.600,448.879,202.758,-0.950,0.311,0,412.550,232.511,47.238,0,239.892,992.006,0,0,961.974,0.000,68.063,448.879,202.758,-1.000,0.000,258.821,87.894,0.882,0.471,258.821,87.894,0.882,0.471,443.789,270.630,-0.933,0.360,443.789,270.630,-0.933,0.360,523.245,195.937,-0.992,0.124,-1.000,0.000,0,0
159.702,434.491,202.758,-0.996,0.089,0,397.660,235.051,49.360,0,253.744,977.840,0,0,947.954,0.000,70.505,434.491,202.758,-1.000,0.000,265.161,91.283,0.882,0.471,265.161,91.283,0.882,0.471,437.081,273.215,-0.933,0.360,437.081,273.215,-0.933,0.360,427.000,279.000,0.000,0.000,-1.000,0.000,0,0
159.804,420.102,202.758,-1.000,0.025,0,383.422,237.480,50.941,0,267.653,963.681,0,0,934.585,0.000,73.761,420.102,202.758,-1.000,0.000,271.500,94.671,0.882,0.471,271.500,94.671,0.882,0.471,430.374,275.800,-0.933,0.360,430.374,275.800,-0.933,0.360,427.000,279.000,0.000,0.000,-1.000,0.000,0,0
159.905,409.085,210.898,-0.908,0.418,0,369.912,239.784,49.122,0,280.344,954.345,0,0,921.933,0.000,69.045,409.085,210.898,-0.707,0.707,277.840,98.060,0.882,0.471,277.840,98.060,0.882,0.471,423.666,278.385,-0.933,0.360,423.666,278.385,-0.933,0.360,427.000,279.000,0.000,0.000,-1.000,1.000,0,0
160.002,398.910,221.072,-0.775,0.632,0,356.791,242.022,47.507,0,292.889,946.349,0,0,909.676,0.000,62.558,398.910,221.072,-0.707,0.707,284.180,101.449,0.882,0.471,284.180,101.449,0.882,0.471,416.958,280.970,-0.933,0.360,416.958,280.970,-0.933,0.360,427.000,279.000,0.000,0.000,-1.000,1.000,0,0
160.100,387.050,227.176,-0.884,0.468,0,344.053,244.195,46.716,0,305.987,935.996,0,0,897.805,0.000,60.965,387.050,227.176,-1.000,0.000,290.520,104.837,0.882,0.471,290.520,104.837,0.882,0.471,410.250,283.555,-0.933,0.360,410.250,283.555,-0.933,0.360,427.000,279.000,0.000,0.000,-1.000,0.000,0,0
160.203,372.661,227.176,-0.991,0.136,0,331.687,246.304,45.703,0,319.758,921.935,0,0,886.309,0.000,66.561,372.661,227.176,-1.000,0.000,296.860,108.226,0.882,0.471,296.860,108.226,0.882,0.471,403.543,286.140,-0.933,0.360,403.543,286.140,-0.933,0.360,427.000,279.000,0.000,0.000,-1.000,0.000,0,0
160.301,360.801,233.281,-0.933,0.360,0,319.684,248.352,44.292,0,332.847,911.687,0,0,875.178,0.000,66.124,360.801,233.281,-0.707,0.707,303.200,111.615,0.882,0.471,303.200,111.615,0.882,0.471,396.835,288.725,-0.933,0.360,396.835,288.725,-0.933,0.360,427.000,279.000,0.000,0.000,-1.000,1.000,0,0
160.402,350.627,243.455,-0.786,0.618,0,308.035,250.338,43.651,0,345.566,904.109,0,0,864.402,0.000,62.051,350.627,243.455,-0.707,0.707,309.540,115.004,0.882,0.471,309.540,115.004,0.882,0.471,390.127,291.310,-0.933,0.360,390.127,291.310,-0.933,0.360,427.000,279.000,0.000,0.000,-1.000,1.000,0,0
160.504,340.452,253.630,-0.731,0.683,0,296.732,252.266,44.241,0,358.412,896.697,0,0,853.973,0.000,58.885,340.452,253.630,-0.707,0.707,315.880,118.392,0.882,0.471,315.880,118.392,0.882,0.471,383.419,293.895,-0.933,0.360,383.419,293.895,-0.933,0.360,427.000,279.000,0.000,0.000,-1.000,1.000,0,0
160.601,326.064,253.630,-0.971,0.239,0,285.766,254.137,40.843,0,372.045,882.769,0,0,843.880,0.000,66.343,326.064,253.630,-1.000,0.000,322.219,121.781,0.882,0.471,322.219,121.781,0.882,0.471,376.712,296.480,-0.933,0.360,376.712,296.480,-0.933,0.360,427.000,279.000,0.000,0.000,-1.000,0.000,0,0
160.701,311.675,253.630,-0.998,0.070,0,275.129,255.951,37.216,0,385.732,868.856,0,0,834.114,0.000,73.937,311.675,253.630,-1.000,0.000,328.559,125.170,0.882,0.471,328.559,125.170,0.882,0.471,370.004,299.065,-0.933,0.360,370.004,299.065,-0.933,0.360,427.000,279.000,0.000,0.000,-1.000,0.000,0,0
160.803,297.286,253.630,-1.000,0.020,1,282.156,253.934,15.133,1,399.469,854.958,0,0,840.443,0.000,81.629,297.286,253.630,-1.000,0.000,334.899,128.558,0.882,0.471,334.899,128.558,0.882,0.471,363.296,301.650,-0.933,0.360,363.296,301.650,-0.933,0.360,427.000,279.000,0.000,0.000,-1.000,0.000,0,0
160.902,282.898,253.630,-1.000,0.006,1,267.765,253.717,15.133,1,413.251,841.077,0,0,826.521,0.000,89.394,282.898,253.630,-1.000,0.000,341.239,131.947,0.882,0.471,341.239,131.947,0.882,0.471,356.588,304.235,-0.933,0.360,356.588,304.235,-0.933,0.360,140.000,279.000,0.000,0.000,-1.000,0.000,0,0
161.002,268.509,253.630,-1.000,0.002,1,253.376,253.655,15.133,1,427.072,827.214,0,0,812.659,0.000,97.214,268.509,253.630,-1.000,0.000,347.579,135.336,0.882,0.471,347.579,135.336,0.882,0.471,349.881,306.820,-0.933,0.360,349.881,306.820,-0.933,0.360,140.000,279.000,0.000,0.000,-1.000,0.000,0,0
161.104,255.806,249.560,-0.963,-0.269,1,241.231,245.488,15.133,1,438.250,813.887,0,0,798.756,0.000,105.898,255.806,249.560,-0.707,-0.707,353.919,138.724,0.882,0.471,353.919,138.724,0.882,0.471,343.173,309.405,-0.933,0.360,343.173,309.405,-0.933,0.360,140.000,279.000,0.000,0.000,-1.000,-1.000,0,0
161.201,249.701,237.700,-0.595,-0.804,1,240.699,225.536,15.133,1,441.320,804.881,0,0,793.113,0.000,114.223,249.701,237.700,0.000,-1.000,360.259,142.113,0.882,0.471,360.259,142.113,0.882,0.471,336.465,311.990,-0.933,0.360,336.465,311.990,-0.933,0.360,140.000,279.000,0.000,0.000,0.000,-1.000,0,0
161.303,249.701,223.311,-0.180,-0.984,1,246.972,208.426,15.133,1,438.290,801.305,0,0,795.201,0.000,121.400,249.701,223.311,0.000,-1.000,366.598,145.502,0.882,0.471,366.598,145.502,0.882,0.471,329.757,314.575,-0.933,0.360,329.757,314.575,-0.933,0.360,140.000,279.000,0.000,0.000,0.000,-1.000,0,0
161.404,249.701,208.923,-0.051,-0.999,1,248.923,193.809,15.133,1,435.715,797.972,0,0,793.976,0.000,130.174,249.701,208.923,0.000,-1.000,372.938,148.890,0.882,0.471,372.938,148.890,0.882,0.471,140.000,279.000,0.000,0.000,140.000,279.000,0.000,0.000,323.049,317.160,-0.933,0.360,0.000,-1.000,0,0
161.504,249.701,194.534,-0.015,-1.000,1,249.474,179.402,15.133,1,433.602,794.886,0,0,791.686,0.000,138.452,249.701,194.534,0.000,-1.000,379.278,152.279,0.882,0.471,379.278,152.279,0.882,0.471,140.000,279.000,0.000,0.000,140.000,279.000,0.000,0.000,387.709,212.843,-0.992,0.124,0.000,-1.000,0,0
161.603,259.876,184.360,0.493,-0.870,1,267.341,171.196,15.133,1,422.283,802.836,0,0,807.774,0.000,124.223,259.876,184.360,0.707,-0.707,385.618,155.668,0.882,0.471,385.618,155.668,0.882,0.471,380.575,213.733,-0.992,0.124,380.575,213.733,-0.992,0.124,309.634,322.330,-0.933,0.360,1.000,-1.000,0,0
161.705,270.050,174.185,0.651,-0.759,1,279.901,162.698,15.133,1,411.157,810.964,0,0,818.733,0.000,111.018,270.050,174.185,0.707,-0.707,391.958,159.057,0.882,0.471,391.958,159.057,0.882,0.471,373.442,214.623,-0.992,0.124,373.442,214.623,-0.992,0.124,302.926,324.915,-0.933,0.360,1.000,-1.000,0,0
161.801,280.224,164.011,0.691,-0.723,1,290.677,153.068,15.133,1,400.239,819.264,0,0,827.892,0.000,100.314,280.224,164.011,0.707,-0.707,398.298,162.445,0.882,0.471,398.298,162.445,0.882,0.471,366.308,215.513,-0.992,0.124,366.308,215.513,-0.992,0.124,296.218,327.500,-0.933,0.360,1.000,-1.000,0,0
161.902,290.399,153.837,0.702,-0.712,1,301.029,143.066,15.133,1,389.546,827.731,0,0,836.731,0.000,92.977,290.399,153.837,0.707,-0.707,404.638,165.834,0.882,0.471,404.638,165.834,0.882,0.471,359.175,216.402,-0.992,0.124,359.175,216.402,-0.992,0.124,289.511,330.085,-0.933,0.360,1.000,-1.000,0,0
162.004,300.573,143.662,0.706,-0.708,1,311.254,132.942,15.133,1,379.098,836.359,0,0,845.581,0.000,89.835,300.573,143.662,0.707,-0.707,410.978,169.223,0.882,0.471,410.978,169.223,0.882,0.471,352.042,217.292,-0.992,0.124,352.042,217.292,-0.992,0.124,427.000,279.000,0.000,0.000,1.000,-1.000,0,0
162.104,310.748,133.488,0.707,-0.707,1,321.443,122.781,15.133,1,368.915,845.145,0,0,854.543,0.000,91.324,310.748,133.488,0.707,-0.707,417.317,172.611,0.882,0.471,417.317,172.611,0.882,0.471,344.908,218.182,-0.992,0.124,344.908,218.182,-0.992,0.124,427.000,279.000,0.000,0.000,1.000,-1.000,0,0
162.201,320.922,123.314,0.707,-0.707,1,331.621,112.611,15.133,1,359.020,854.082,0,0,863.639,0.000,97.230,320.922,123.314,0.707,-0.707,423.657,176.000,0.882,0.471,423.657,176.000,0.882,0.471,337.775,219.072,-0.992,0.124,337.775,219.072,-0.992,0.124,427.000,279.000,0.000,0.000,1.000,-1.000,0,0
162.304,331.096,113.139,0.707,-0.707,1,341.797,102.438,15.133,1,349.438,863.167,0,0,872.876,0.000,106.823,331.096,113.139,0.707,-0.707,429.997,179.389,0.882,0.471,429.997,179.389,0.882,0.471,330.641,219.962,-0.992,0.124,330.641,219.962,-0.992,0.124,427.000,279.000,0.000,0.000,1.000,-1.000,0,0
162.401,342.114,105.000,0.746,-0.666,1,353.408,94.927,15.133,1,339.153,873.405,0,0,883.870,0.000,117.336,342.114,105.000,1.000,0.000,436.337,182.777,0.882,0.471,436.337,182.777,0.882,0.471,323.508,220.851,-0.992,0.124,323.508,220.851,-0.992,0.124,427.000,279.000,0.000,0.000,1.000,0.000,0,0
162.503,356.502,105.000,0.979,-0.204,1,371.317,101.909,15.133,1,324.852,887.741,0,0,902.253,0.000,123.446,356.502,105.000,1.000,0.000,442.677,186.166,0.882,0.471,442.677,186.166,0.882,0.471,316.374,221.741,-0.992,0.124,316.374,221.741,-0.992,0.124,427.000,279.000,0.000,0.000,1.000,0.000,0,0
162.603,370.891,105.000,0.998,-0.059,0,389.058,101.607,18.481,0,310.558,902.078,0,0,919.914,0.000,132.808,370.891,105.000,1.000,0.000,449.017,189.555,0.882,0.471,449.017,189.555,0.882,0.471,309.241,222.631,-0.992,0.124,309.241,222.631,-0.992,0.124,427.000,279.000,0.000,0.000,0.000,0.000,0,0
162.703,370.891,105.000,0.998,-0.059,0,408.312,99.170,37.872,0,310.558,902.078,0,0,938.927,0.000,137.035,370.891,105.000,0.000,0.000,455.357,192.944,0.882,0.471,455.357,192.944,0.882,0.471,302.107,223.521,-0.992,0.124,302.107,223.521,-0.992,0.124,427.000,279.000,0.000,0.000,0.000,0.000,0,0
162.800,370.891,105.000,0.998,-0.059,0,427.090,96.793,56.796,0,310.558,902.078,0,0,957.484,0.000,141.501,370.891,105.000,0.000,0.000,461.697,196.332,0.882,0.471,461.697,196.332,0.882,0.471,294.974,224.411,-0.992,0.124,294.974,224.411,-0.992,0.124,427.000,279.000,0.000,0.000,0.000,0.000,0,0
162.901,370.891,105.000,0.998,-0.059,0,445.403,94.475,75.254,0,310.558,902.078,0,0,975.593,0.000,146.184,370.891,105.000,0.000,0.000,468.036,199.721,0.882,0.471,468.036,199.721,0.882,0.471,287.840,225.300,-0.992,0.124,287.840,225.300,-0.992,0.124,427.000,279.000,0.000,0.000,0.000,0.000,0,0
163.002,370.891,105.000,0.998,-0.059,0,463.262,92.214,93.258,0,310.558,902.078,0,0,993.266,0.000,151.064,370.891,105.000,0.000,0.000,474.376,203.110,0.882,0.471,474.376,203.110,0.882,0.471,280.707,226.190,-0.992,0.124,280.707,226.190,-0.992,0.124,427.000,279.000,0.000,0.000,0.000,0.000,0,0
163.103,370.891,105.000,0.998,-0.059,0,480.680,90.009,110.818,0,310.558,902.078,0,0,1010.510,0.000,156.123,370.891,105.000,0.000,0.000,480.716,206.498,0.882,0.471,480.716,206.498,0.882,0.471,273.573,227.080,-0.992,0.124,273.573,227.080,-0.992,0.124,427.000,279.000,0.000,0.000,0.000,0.000,0,0
163.203,370.891,105.000,0.998,-0.059,0,497.666,87.859,127.946,0,310.558,902.078,0,0,1027.338,0.000,161.344,370.891,105.000,0.000,0.000,487.056,209.887,0.882,0.471,487.056,209.887,0.882,0.471,266.440,227.970,-0.992,0.124,266.440,227.970,-0.992,0.124,427.000,279.000,0.000,0.000,0.000,0.000,0,0
163.304,370.891,105.000,0.998,-0.059,0,514.233,85.762,144.652,0,310.558,902.078,0,0,1043.757,0.000,166.711,370.891,105.000,0.000,0.000,493.396,213.276,0.882,0.471,493.396,213.276,0.882,0.471,259.306,228.860,-0.992,0.124,259.306,228.860,-0.992,0.124,427.000,279.000,0.000,0.000,0.000,0.000,0,0
163.404,370.891,105.000,0.998,-0.059,0,530.389,83.716,160.948,0,310.558,902.078,0,0,1059.777,0.000,172.211,370.891,105.000,0.000,0.000,499.736,216.665,0.882,0.471,499.736,216.665,0.882,0.471,252.173,229.750,-0.992,0.124,252.173,229.750,-0.992,0.124,427.000,279.000,0.000,0.000,0.000,0.000,0,0
163.500,370.891,105.000,0.998,-0.059,0,546.145,81.722,176.844,0,310.558,902.078,0,0,1075.408,0.000,177.831,370.891,105.000,0.000,0.000,500.002,211.679,-0.174,-0.985,500.002,211.679,-0.174,-0.985,245.039,230.639,-0.992,0.124,245.039,230.639,-0.992,0.124,427.000,279.000,0.000,0.000,0.000,0.000,0,0
163.604,370.891,105.000,0.998,-0.059,0,561.511,79.777,192.350,0,310.558,902.078,0,0,1090.658,0.000,182.823,370.891,105.000,0.000,0.000,498.750,204.600,-0.174,-0.985,498.750,204.600,-0.174,-0.985,427.000,279.000,0.000,0.000,427.000,279.000,0.000,0.000,237.906,231.529,-0.992,0.124,0.000,0.000,0,0
163.700,370.891,105.000,0.998,-0.059,0,576.497,77.880,207.476,0,310.558,902.078,0,0,1105.538,0.000,182.823,370.891,105.000,0.000,0.000,497.159,197.590,-0.221,-0.975,497.159,197.590,-0.221,-0.975,427.000,279.000,0.000,0.000,427.000,279.000,0.000,0.000,230.773,232.419,-0.992,0.124,0.000,0.000,0,0
163.803,370.891,105.000,0.998,-0.059,0,590.826,76.066,221.929,0,310.558,902.078,0,0,1119.774,0.000,182.823,370.891,105.000,0.000,0.000,495.568,190.580,-0.221,-0.975,495.568,190.580,-0.221,-0.975,427.000,279.000,0.000,0.000,427.000,279.000,0.000,0.000,223.639,233.309,-0.992,0.124,0.000,0.000,0,0
163.904,370.891,105.000,0.998,-0.059,0,604.423,74.345,235.629,0,310.558,902.078,0,0,1133.292,0.000,182.823,370.891,105.000,0.000,0.000,493.977,183.569,-0.221,-0.975,493.977,183.569,-0.221,-0.975,427.000,279.000,0.000,0.000,427.000,279.000,0.000,0.000,216.506,234.199,-0.992,0.124,0.000,0.000,0,0
164.000,370.891,105.000,0.998,-0.059,0,617.627,72.673,248.933,0,310.558,902.078,0,0,1146.425,0.000,182.823,370.891,105.000,0.000,0.000,492.386,176.559,-0.221,-0.975,492.386,176.559,-0.221,-0.975,427.000,279.000,0.000,0.000,427.000,279.000,0.000,0.000,209.372,235.088,-0.992,0.124,0.000,0.000,0,0
164.102,370.891,105.000,0.998,-0.059,0,630.448,71.050,261.851,0,310.558,902.078,0,0,1159.179,0.000,182.823,370.891,105.000,0.000,0.000,490.795,169.548,-0.221,-0.975,490.795,169.548,-0.221,-0.975,427.000,279.000,0.000,0.000,427.000,279.000,0.000,0.000,202.239,235.978,-0.992,0.124,0.000,0.000,0,0
164.202,370.891,105.000,0.998,-0.059,0,642.893,69.475,274.392,0,310.558,902.078,0,0,1171.563,0.000,182.823,370.891,105.000,0.000,0.000,489.204,162.538,-0.221,-0.975,489.204,162.538,-0.221,-0.975,427.000,279.000,0.000,0.000,427.000,279.000,0.000,0.000,424.800,-106.500,0.000,0.000,0.000,0.000,0,0
164.301,39.000,287.000,0.897,0.443,0,654.973,67.946,653.794,0,657.611,622.345,0,0,1183.588,0.000,101.316,39.000,287.000,0.000,0.000,-85.000,286.000,0.000,0.000,-85.000,286.000,0.000,0.000,140.000,279.000,0.000,0.000,140.000,279.000,0.000,0.000,290.700,275.300,0.000,0.000,0.000,0.000,0,0
164.404,39.000,287.000,0.897,0.443,0,666.696,66.462,665.345,0,657.619,622.354,0,0,1195.260,0.000,101.316,39.000,287.000,0.000,0.000,-85.000,286.000,0.000,0.000,-85.000,286.000,0.000,0.000,140.000,279.000,0.000,0.000,140.000,279.000,0.000,0.000,290.700,275.300,0.000,0.000,0.000,0.000,0,0
164.500,39.000,287.000,0.897,0.443,0,670.687,65.242,669.510,0,657.619,622.354,0,0,1199.217,0.000,101.316,39.000,287.000,0.000,0.000,-85.000,286.000,0.000,0.000,-85.000,286.000,0.000,0.000,140.000,279.000,0.000,0.000,140.000,279.000,0.000,0.000,290.700,275.300,0.000,0.000,0.000,0.000,0,0
164.601,39.000,287.000,0.897,0.443,0,669.822,64.196,669.036,0,657.619,622.354,0,0,1198.328,0.000,101.316,39.000,287.000,0.000,0.000,-85.000,286.000,0.000,0.000,-85.000,286.000,0.000,0.000,140.000,279.000,0.000,0.000,140.000,279.000,0.000,0.000,290.700,275.300,0.000,0.000,0.000,0.000,0,0
164.704,39.000,287.000,0.897,0.443,0,669.806,63.179,669.357,0,657.619,622.354,0,0,1198.288,0.000,101.316,39.000,287.000,0.000,0.000,-85.000,286.000,0.000,0.000,-85.000,286.000,0.000,0.000,140.000,279.000,0.000,0.000,140.000,279.000,0.000,0.000,290.700,275.300,0.000,0.000,0.000,0.000,0,0
164.800,39.000,287.000,0.897,0.443,0,669.806,62.189,669.686,0,657.619,622.354,0,0,1198.265,0.000,101.316,39.000,287.000,0.000,0.000,-85.000,286.000,0.000,0.000,-85.000,286.000,0.000,0.000,140.000,279.000,0.000,0.000,140.000,279.000,0.000,0.000,290.700,275.300,0.000,0.000,0.000,0.000,0,0
164.900,39.000,287.000,0.897,0.443,0,669.806,61.223,670.009,0,657.619,622.354,0,0,1198.243,0.000,101.316,39.000,287.000,0.000,0.000,-85.000,286.000,0.000,0.000,-85.000,286.000,0.000,0.000,140.000,279.000,0.000,0.000,140.000,279.000,0.000,0.000,290.700,275.300,0.000,0.000,0.000,0.000,0,0
165.001,39.000,287.000,0.897,0.443,0,669.806,60.281,670.326,0,657.619,622.354,0,0,1198.221,0.000,101.316,39.000,287.000,0.000,0.000,-85.000,286.000,0.000,0.000,-85.000,286.000,0.000,0.000,140.000,279.000,0.000,0.000,140.000,279.000,0.000,0.000,290.700,275.300,0.000,0.000,0.000,0.000,0,0
165.102,39.000,287.000,0.897,0.443,0,669.806,59.363,670.636,0,657.619,622.354,0,0,1198.200,0.000,101.316,39.000,287.000,0.000,0.000,-85.000,286.000,0.000,0.000,-85.000,286.000,0.000,0.000,140.000,279.000,0.000,0.000,140.000,279.000,0.000,0.000,290.700,275.300,0.000,0.000,0.000,0.000,0,0
165.205,39.000,287.000,0.897,0.443,0,669.806,58.467,670.941,0,657.619,622.354,0,0,1198.178,0.000,101.316,39.000,287.000,0.000,0.000,-85.000,286.000,0.000,0.000,-85.000,286.000,0.000,0.000,140.000,279.000,0.000,0.000,140.000,279.000,0.000,0.000,290.700,275.300,0.000,0.000,0.000,0.000,0,0
165.301,39.000,287.000,0.897,0.443,0,59.000,80.600,207.464,0,657.619,622.354,0,0,589.175,0.000,101.316,39.000,287.000,0.000,0.000,-85.000,286.000,0.000,0.000,-85.000,286.000,0.000,0.000,140.000,279.000,0.000,0.000,140.000,279.000,0.000,0.000,290.700,275.300,0.000,0.000,0.000,0.000,0,0
165.402,39.000,287.000,0.897,0.443,0,59.000,80.600,207.467,0,657.619,622.354,0,0,589.173,0.000,101.316,39.000,287.000,0.000,0.000,-85.000,286.000,0.000,0.000,-85.000,286.000,0.000,0.000,140.000,279.000,0.000,0.000,140.000,279.000,0.000,0.000,290.700,275.300,0.000,0.000,0.000,0.000,0,0
165.501,39.000,287.000,0.897,0.443,0,59.000,80.600,207.473,0,657.619,622.354,0,0,589.170,0.000,101.316,39.000,287.000,0.000,0.000,-85.000,286.000,0.000,0.000,-85.000,286.000,0.000,0.000,140.000,279.000,0.000,0.000,140.000,279.000,0.000,0.000,290.700,275.300,0.000,0.000,0.000,0.000,0,0
165.602,39.000,287.000,0.897,0.443,0,59.000,80.600,207.473,0,657.619,622.354,0,0,589.171,0.000,101.316,39.000,287.000,0.000,0.000,-85.000,286.000,0.000,0.000,-85.000,286.000,0.000,0.000,140.000,279.000,0.000,0.000,140.000,279.000,0.000,0.000,290.700,275.300,0.000,0.000,0.000,0.000,0,0
165.702,39.000,287.000,0.897,0.443,0,59.000,80.600,207.473,0,657.619,622.354,0,0,589.171,0.000,101.316,39.000,287.000,0.000,0.000,-85.000,286.000,0.000,0.000,-85.000,286.000,0.000,0.000,140.000,279.000,0.000,0.000,140.000,279.000,0.000,0.000,290.700,275.300,0.000,0.000,0.000,0.000,0,0
165.805,39.000,287.000,0.897,0.443,0,59.000,80.600,207.473,0,657.619,622.354,0,0,589.171,0.000,101.316,39.000,287.000,0.000,0.000,-85.000,286.000,0.000,0.000,-85.000,286.000,0.000,0.000,140.000,279.000,0.000,0.000,140.000,279.000,0.000,0.000,290.700,275.300,0.000,0.000,0.000,0.000,0,0
165.904,39.000,287.000,0.897,0.443,0,59.000,80.600,207.473,0,657.619,622.354,0,0,589.171,0.000,101.316,39.000,287.000,0.000,0.000,-85.000,286.000,0.000,0.000,-85.000,286.000,0.000,0.000,140.000,279.000,0.000,0.000,140.000,279.000,0.000,0.000,290.700,275.300,0.000,0.000,0.000,0.000,0,0
166.004,39.000,287.000,0.897,0.443,0,59.000,80.600,207.473,0,657.619,622.354,0,0,589.171,0.000,101.316,39.000,287.000,0.000,0.000,-85.000,286.000,0.000,0.000,-85.000,286.000,0.000,0.000,140.000,279.000,0.000,0.000,140.000,279.000,0.000,0.000,290.700,275.300,0.000,0.000,0.000,0.000,0,0
166.100,39.000,287.000,0.897,0.443,0,59.000,80.600,207.473,0,657.619,622.354,0,0,589.171,0.000,101.316,39.000,287.000,0.000,0.000,-85.000,286.000,0.000,0.000,-85.000,286.000,0.000,0.000,140.000,279.000,0.000,0.000,140.000,279.000,0.000,0.000,290.700,275.300,0.000,0.000,0.000,0.000,0,0
166.207,39.000,287.000,0.897,0.443,0,59.000,80.600,207.473,0,657.619,622.354,0,0,589.171,0.000,101.316,39.000,287.000,0.000,0.000,-85.000,286.000,0.000,0.000,-85.000,286.000,0.000,0.000,140.000,279.000,0.000,0.000,140.000,279.000,0.000,0.000,290.700,275.300,0.000,0.000,0.000,0.000,0,0
166.302,39.000,287.000,0.897,0.443,0,59.000,80.600,207.473,0,657.619,622.354,0,0,589.171,0.000,101.316,39.000,287.000,0.000,0.000,-85.000,286.000,0.000,0.000,-85.000,286.000,0.000,0.000,140.000,279.000,0.000,0.000,140.000,279.000,0.000,0.000,290.700,275.300,0.000,0.000,0.000,0.000,0,0
166.403,39.000,287.000,0.897,0.443,0,59.000,80.600,207.473,0,657.619,622.354,0,0,589.171,0.000,101.316,39.000,287.000,0.000,0.000,-85.000,286.000,0.000,0.000,-85.000,286.000,0.000,0.000,140.000,279.000,0.000,0.000,140.000,279.000,0.000,0.000,290.700,275.300,0.000,0.000,0.000,0.000,0,0
166.505,39.000,287.000,0.897,0.443,0,59.000,80.600,207.473,0,657.619,622.354,0,0,589.171,0.000,101.316,39.000,287.000,0.000,0.000,-85.000,286.000,0.000,0.000,-85.000,286.000,0.000,0.000,140.000,279.000,0.000,0.000,140.000,279.000,0.000,0.000,290.700,275.300,0.000,0.000,0.000,0.000,0,0
166.601,39.000,287.000,0.897,0.443,0,59.000,80.600,207.473,0,657.619,622.354,0,0,589.171,0.000,101.316,39.000,287.000,0.000,0.000,-85.000,286.000,0.000,0.000,-85.000,286.000,0.000,0.000,140.000,279.000,0.000,0.000,140.000,279.000,0.000,0.000,290.700,275.300,0.000,0.000,0.000,0.000,0,0
